{
"type": "FeatureCollection",
"name": "Dagahaley",
"crs": { "type": "name", "properties": { "name": "urn:ogc:def:crs:OGC:1.3:CRS84" } },
"features": [
{ "type": "Feature", "properties": { "Name": "A", "SHAPE_Le_1": 893.31873534399995, "Per_pr_sqm": 0.0, "Shape_Leng": 81468.346697500005, "Shape_Area": 4192091.4481199998 }, "geometry": { "type": "MultiPolygon", "coordinates": [ [ [ [ 40.28571796914332, 0.1773530295962 ], [ 40.284587739048099, 0.175720545139658 ], [ 40.283703470515192, 0.176341523016475 ], [ 40.284833701358643, 0.177974007818428 ], [ 40.28571796914332, 0.1773530295962 ] ] ], [ [ [ 40.284760034602954, 0.178025748708266 ], [ 40.283629803697188, 0.176393263877523 ], [ 40.282745534031065, 0.177014242176532 ], [ 40.283875765684336, 0.178646727352687 ], [ 40.284760034602954, 0.178025748708266 ] ] ], [ [ [ 40.286687986762047, 0.177320038772612 ], [ 40.286381961914564, 0.176957098111937 ], [ 40.286062051089253, 0.177175005895605 ], [ 40.285669014804917, 0.177477034815561 ], [ 40.28529098033431, 0.177758983726608 ], [ 40.285036023454943, 0.17795798484239 ], [ 40.284993980349562, 0.177995975075891 ], [ 40.2848890468115, 0.178025016055366 ], [ 40.285039007043721, 0.178227967689375 ], [ 40.285378997877594, 0.178664077524939 ], [ 40.285467949243397, 0.178783008757271 ], [ 40.285772947057559, 0.178570980138765 ], [ 40.286438999725803, 0.178095998366104 ], [ 40.286971012465948, 0.177673936842802 ], [ 40.286687986762047, 0.177320038772612 ] ] ], [ [ [ 40.283802098909021, 0.178698468277656 ], [ 40.282671867199717, 0.17706607352305 ], [ 40.281787598197198, 0.177687052243649 ], [ 40.282917830659542, 0.17931953779393 ], [ 40.283802098909021, 0.178698468277656 ] ] ], [ [ [ 40.287419986794291, 0.178186918622223 ], [ 40.286991050413548, 0.177722957610589 ], [ 40.28681901251133, 0.177842088014441 ], [ 40.2864089994304, 0.178184999825836 ], [ 40.286093940202228, 0.178414032793497 ], [ 40.285486011520341, 0.178831939236054 ], [ 40.285753937670862, 0.179100999724855 ], [ 40.285894013665811, 0.179284958282194 ], [ 40.285944064398421, 0.179410946428947 ], [ 40.28604496632439, 0.179559000814563 ], [ 40.286695026191069, 0.179069005227222 ], [ 40.287190027505538, 0.178692078958783 ], [ 40.287569047927867, 0.178395025744019 ], [ 40.287518014452402, 0.178334973164777 ], [ 40.287419986794291, 0.178186918622223 ] ] ], [ [ [ 40.282844163864603, 0.179371278754006 ], [ 40.281713931340065, 0.177738793174972 ], [ 40.280829661204173, 0.17835977322123 ], [ 40.281959894474674, 0.17999225824116 ], [ 40.282844163864603, 0.179371278754006 ] ] ], [ [ [ 40.287634995401433, 0.178451007918286 ], [ 40.28760795320553, 0.178441964811205 ], [ 40.287514073436611, 0.178509987213371 ], [ 40.287101003321389, 0.178816992370441 ], [ 40.286847034168254, 0.179003963534976 ], [ 40.286200030048008, 0.179507977738672 ], [ 40.286121962087499, 0.179575999090711 ], [ 40.286238947483994, 0.179741056046994 ], [ 40.286641023713052, 0.180247980800466 ], [ 40.286731949114632, 0.180317075541644 ], [ 40.286807950260595, 0.180257013941496 ], [ 40.286909018053912, 0.18019505110848 ], [ 40.287026977288789, 0.180153979254387 ], [ 40.287306993169281, 0.179861998044552 ], [ 40.28753104681315, 0.179705057483732 ], [ 40.287755009610613, 0.179534006734979 ], [ 40.288059018986665, 0.179324963103048 ], [ 40.288126037272285, 0.179275936203785 ], [ 40.288173019474243, 0.17920493225368 ], [ 40.288141032738473, 0.179152023012924 ], [ 40.287964115839131, 0.178890012400651 ], [ 40.287800950480175, 0.178703070763446 ], [ 40.287634995401433, 0.178451007918286 ] ] ], [ [ [ 40.281886227660088, 0.180043999236297 ], [ 40.2807559943274, 0.178411513283096 ], [ 40.279871724854864, 0.179032493749878 ], [ 40.281001958932784, 0.180664979143923 ], [ 40.281886227660088, 0.180043999236297 ] ] ], [ [ [ 40.286133918842808, 0.179694031208723 ], [ 40.286075966608607, 0.179625024539705 ], [ 40.286026016185922, 0.179648906023497 ], [ 40.28594597141489, 0.179701009195202 ], [ 40.285913001947094, 0.179740988706935 ], [ 40.285813011338981, 0.179790017991118 ], [ 40.28557296718629, 0.179963963512666 ], [ 40.285362030498952, 0.180130038733036 ], [ 40.285115968239808, 0.180326054592626 ], [ 40.284744941506737, 0.180603028715895 ], [ 40.284611982015761, 0.18070099216564 ], [ 40.284594015142545, 0.180718992137488 ], [ 40.284581978966465, 0.180750016521395 ], [ 40.284583959564998, 0.180806997316263 ], [ 40.284861059255057, 0.181204038694863 ], [ 40.285112010625674, 0.181539940220026 ], [ 40.285251976313688, 0.181431031765069 ], [ 40.285586976377786, 0.181161024804849 ], [ 40.285855947018156, 0.180948998479961 ], [ 40.2859390465714, 0.180885046979271 ], [ 40.286075059599561, 0.180784008037327 ], [ 40.286209993781746, 0.180673020566897 ], [ 40.286307018066793, 0.180604002880458 ], [ 40.286522985688421, 0.18043394750599 ], [ 40.286660975511055, 0.180336074222118 ], [ 40.286567982257019, 0.180234057574851 ], [ 40.286412990166255, 0.180024955940608 ], [ 40.286308046737744, 0.179898970822373 ], [ 40.286133918842808, 0.179694031208723 ] ] ], [ [ [ 40.284092362244607, 0.179762915292699 ], [ 40.283578775108722, 0.1790207456509 ], [ 40.281840332332351, 0.180241629230902 ], [ 40.282354099819415, 0.180983708718907 ], [ 40.282970566551462, 0.181874112699395 ], [ 40.284401136194241, 0.180869509648947 ], [ 40.284535617872272, 0.180710493973142 ], [ 40.284571805759178, 0.180455160325292 ], [ 40.284092362244607, 0.179762915292699 ] ] ], [ [ [ 40.279970355382943, 0.181389441566954 ], [ 40.278840030590963, 0.179756954871842 ], [ 40.277955850499573, 0.180378026622321 ], [ 40.279086086183632, 0.18201042231411 ], [ 40.279970355382943, 0.181389441566954 ] ] ], [ [ [ 40.286697007140958, 0.180414941485365 ], [ 40.286663944621175, 0.180408974128692 ], [ 40.28657599420734, 0.180470936945167 ], [ 40.286298938124631, 0.180691012907517 ], [ 40.285749047345426, 0.181112985981773 ], [ 40.285409015340534, 0.181374039615212 ], [ 40.285248027920893, 0.181498957444251 ], [ 40.285157023587992, 0.181572949519031 ], [ 40.285128994065801, 0.181590950213989 ], [ 40.285128996608407, 0.181626948495923 ], [ 40.285229000366719, 0.181763967983423 ], [ 40.285399986137776, 0.182012955204063 ], [ 40.285452010779181, 0.182098966903185 ], [ 40.285590022087838, 0.182304089909566 ], [ 40.285669987455819, 0.182386932924667 ], [ 40.285861068372313, 0.182223029765111 ], [ 40.286334059247871, 0.181859038734857 ], [ 40.286447970727771, 0.181751037579973 ], [ 40.286749015032349, 0.181539008953717 ], [ 40.286902994918805, 0.181421055441821 ], [ 40.287055987535837, 0.181305001466724 ], [ 40.287196042257605, 0.181198897041162 ], [ 40.287235930255655, 0.181165972144698 ], [ 40.287252999011343, 0.181153036553499 ], [ 40.28725299668185, 0.181120024060862 ], [ 40.287143919563839, 0.180982914866715 ], [ 40.286884882308485, 0.180646019208618 ], [ 40.286763045586149, 0.180485937444859 ], [ 40.286697007140958, 0.180414941485365 ] ] ], [ [ [ 40.279012419316444, 0.182062253864614 ], [ 40.277882093718588, 0.180429766795465 ], [ 40.276997912487062, 0.181050748514524 ], [ 40.278128148982567, 0.182683235935344 ], [ 40.279012419316444, 0.182062253864614 ] ] ], [ [ [ 40.282454272165914, 0.182236751379907 ], [ 40.281318467375336, 0.18060815656537 ], [ 40.280434197641554, 0.181229136779451 ], [ 40.281570003178658, 0.182857731937689 ], [ 40.282454272165914, 0.182236751379907 ] ] ], [ [ [ 40.288785986450236, 0.180168054736707 ], [ 40.288755977348231, 0.180143003103974 ], [ 40.288700994544953, 0.180150965722568 ], [ 40.288261958299557, 0.180426950304145 ], [ 40.287869009098273, 0.180679957350595 ], [ 40.287757972560712, 0.18078605874795 ], [ 40.287674966422401, 0.180887003398599 ], [ 40.287426028870037, 0.181087993242753 ], [ 40.287339966234562, 0.181163974799815 ], [ 40.287294688661376, 0.181200156285784 ], [ 40.287018980381113, 0.181420052184018 ], [ 40.286659004641592, 0.18169196029687 ], [ 40.28644698972299, 0.18185405587216 ], [ 40.286322027014414, 0.181958078921889 ], [ 40.286117019415322, 0.182111943066936 ], [ 40.285933931716585, 0.182245997971829 ], [ 40.285787049517687, 0.182375980935858 ], [ 40.2857350363468, 0.182439025749929 ], [ 40.285738003792346, 0.182475022905369 ], [ 40.285928036096053, 0.18272699441112 ], [ 40.286185997738727, 0.18309400817535 ], [ 40.286303072432972, 0.183247939586012 ], [ 40.28647996160408, 0.183125914040504 ], [ 40.286644992263689, 0.183006061075132 ], [ 40.286750998711042, 0.182905024208506 ], [ 40.287113039334308, 0.182612946304568 ], [ 40.287445973843539, 0.182348003803689 ], [ 40.287584052254296, 0.182234031219313 ], [ 40.287736058086104, 0.182152979680765 ], [ 40.287883031924956, 0.182049950942586 ], [ 40.287898394013766, 0.182042623378229 ], [ 40.288145000495518, 0.181925025022231 ], [ 40.288290985385245, 0.181813041821229 ], [ 40.288573969997415, 0.181579940639683 ], [ 40.288721031198691, 0.181455023034032 ], [ 40.288907984021897, 0.181348916199279 ], [ 40.289068971611776, 0.181229967328022 ], [ 40.289154049256922, 0.181188989157015 ], [ 40.289226008817181, 0.181137971970134 ], [ 40.289350971625943, 0.181049958721754 ], [ 40.289317994508551, 0.180967925584592 ], [ 40.289194000111969, 0.180787041548785 ], [ 40.289077013483265, 0.18060398619209 ], [ 40.288964970594471, 0.180452947984629 ], [ 40.288785986450236, 0.180168054736707 ] ] ], [ [ [ 40.27805448208926, 0.182734976165784 ], [ 40.276924155686494, 0.181102489627094 ], [ 40.276039975117833, 0.181723470860033 ], [ 40.277170212417559, 0.183355958654917 ], [ 40.27805448208926, 0.182734976165784 ] ] ], [ [ [ 40.289394107313207, 0.181218005523172 ], [ 40.289337955672323, 0.181201004934734 ], [ 40.289275066098547, 0.18120299934277 ], [ 40.289176065830787, 0.181265956973922 ], [ 40.288999086974066, 0.181401007104337 ], [ 40.28885202557727, 0.181522938938104 ], [ 40.288798036958184, 0.181614022431488 ], [ 40.288705055749759, 0.181681955315159 ], [ 40.288634981722687, 0.181715967773073 ], [ 40.288507953098538, 0.181813026232372 ], [ 40.288354063494019, 0.181948073865446 ], [ 40.288153908916698, 0.182118942180987 ], [ 40.287879995444214, 0.182307000450831 ], [ 40.287628990132788, 0.182475158077825 ], [ 40.288259021934472, 0.183363026979701 ], [ 40.288477054656283, 0.183178952467791 ], [ 40.288586025225143, 0.183081081194947 ], [ 40.288728955882014, 0.182977057772033 ], [ 40.288801003342776, 0.182898996849796 ], [ 40.288892994652194, 0.18280899598382 ], [ 40.289160979414937, 0.182637941856923 ], [ 40.289400937378943, 0.182510033561255 ], [ 40.289592022637962, 0.182399042068757 ], [ 40.289805027908749, 0.182282983807409 ], [ 40.289879950328285, 0.182204018226041 ], [ 40.289935019457559, 0.182146942990764 ], [ 40.289955049306059, 0.18208100527329 ], [ 40.289917038500249, 0.181966050524886 ], [ 40.289784956427418, 0.181763007808767 ], [ 40.289595009633125, 0.181445011724636 ], [ 40.289495994117026, 0.181305007562152 ], [ 40.289431033987768, 0.181236001534891 ], [ 40.289394107313207, 0.181218005523172 ] ] ], [ [ [ 40.285429421921457, 0.182820642686005 ], [ 40.284298289503084, 0.181188703236676 ], [ 40.283416896360087, 0.181813843577978 ], [ 40.2845480295274, 0.183445783370072 ], [ 40.285429421921457, 0.182820642686005 ] ] ], [ [ [ 40.290075990974202, 0.18228902351362 ], [ 40.290018041037087, 0.182264968886561 ], [ 40.289921014311439, 0.182296994295586 ], [ 40.289570018482962, 0.18249699745215 ], [ 40.289487099145376, 0.182566014121201 ], [ 40.289374980895147, 0.182619927742388 ], [ 40.289195032921164, 0.182681987678371 ], [ 40.289027038339803, 0.182812966099439 ], [ 40.288782953952278, 0.18301902089781 ], [ 40.288700035527604, 0.183101062414664 ], [ 40.288665991257979, 0.1831739640341 ], [ 40.288644981854347, 0.183362004060416 ], [ 40.288644001639405, 0.183474971773848 ], [ 40.2886900085294, 0.183587032481344 ], [ 40.288899008764353, 0.183987966249998 ], [ 40.288919941761208, 0.183987964727395 ], [ 40.289003939770495, 0.183939026933601 ], [ 40.28913105933696, 0.183846038630011 ], [ 40.289196998589894, 0.183785977702119 ], [ 40.289277042470708, 0.183723925850824 ], [ 40.289468039436478, 0.183635003179784 ], [ 40.289775013711555, 0.183433013152848 ], [ 40.289907970988871, 0.183322025819215 ], [ 40.290203893359525, 0.183107012757958 ], [ 40.290413037123521, 0.183005064941969 ], [ 40.290462896500998, 0.182965987823289 ], [ 40.290450045922292, 0.182914977651962 ], [ 40.290353094784813, 0.182747025294993 ], [ 40.29026395553511, 0.18251404149907 ], [ 40.290188028666854, 0.182365985699783 ], [ 40.290157030338797, 0.182328000729877 ], [ 40.290075990974202, 0.18228902351362 ] ] ], [ [ [ 40.277096545504556, 0.183407698920198 ], [ 40.27596621829759, 0.181775212007465 ], [ 40.275081946749324, 0.182396193664798 ], [ 40.27621227469799, 0.18402868182732 ], [ 40.277096545504556, 0.183407698920198 ] ] ], [ [ [ 40.284474542566763, 0.183497885306552 ], [ 40.28334349918233, 0.181865946383942 ], [ 40.282462105806772, 0.182491087147773 ], [ 40.283593240683139, 0.18412302731106 ], [ 40.284474542566763, 0.183497885306552 ] ] ], [ [ [ 40.280219748339015, 0.1838059833174 ], [ 40.279089511802738, 0.18217349786765 ], [ 40.278205241519551, 0.182794479961924 ], [ 40.279335478799254, 0.184426965757804 ], [ 40.280219748339015, 0.1838059833174 ] ] ], [ [ [ 40.288239977037094, 0.183382021977407 ], [ 40.28760096006652, 0.182485019161952 ], [ 40.287431979837528, 0.182654980812374 ], [ 40.287202001260873, 0.18287803840767 ], [ 40.287055031933356, 0.183031988840362 ], [ 40.286863054173189, 0.183228995913667 ], [ 40.286715995169956, 0.183397961117655 ], [ 40.286624007510873, 0.183540059556386 ], [ 40.28652500967717, 0.183638019735734 ], [ 40.28646302412443, 0.183718974415898 ], [ 40.286290991551347, 0.183910010421888 ], [ 40.286158932853773, 0.184038001582042 ], [ 40.286128031861374, 0.184092995727003 ], [ 40.286115906856921, 0.184150067959002 ], [ 40.286047006061587, 0.184257976416353 ], [ 40.286332996276258, 0.184590979602495 ], [ 40.286446921528615, 0.184675991751652 ], [ 40.286493998803138, 0.184679063626827 ], [ 40.286595965647791, 0.184638897227096 ], [ 40.286743030631399, 0.184554047878971 ], [ 40.286893957499018, 0.184449028778329 ], [ 40.287011998535917, 0.1843090087784 ], [ 40.287080007655284, 0.184295979008879 ], [ 40.287193026117734, 0.184252918326397 ], [ 40.287422021187972, 0.184098057366112 ], [ 40.287522994404533, 0.183983996931499 ], [ 40.287583006406159, 0.183946004421045 ], [ 40.287658019164567, 0.183886033250728 ], [ 40.287956994699101, 0.183633032508387 ], [ 40.287995982370148, 0.183586992380455 ], [ 40.288239977037094, 0.183382021977407 ] ] ], [ [ [ 40.290609070110108, 0.182982981840862 ], [ 40.290581936906925, 0.182970139903015 ], [ 40.290497936251278, 0.182994023889138 ], [ 40.290164010485576, 0.183198004767752 ], [ 40.28957701581345, 0.183619076054298 ], [ 40.28925997890935, 0.183808946538271 ], [ 40.289231951245895, 0.183852001000231 ], [ 40.289188022117898, 0.18389795102172 ], [ 40.289083002643878, 0.183965974401962 ], [ 40.289030000399336, 0.184029110602696 ], [ 40.28898795937986, 0.184094054105232 ], [ 40.288977002019976, 0.184146061889757 ], [ 40.288990124282861, 0.184214076680726 ], [ 40.289116994754792, 0.184418024218789 ], [ 40.289295982822971, 0.184738010845881 ], [ 40.289415037750764, 0.184954983711585 ], [ 40.28944594491373, 0.184973975059524 ], [ 40.289555995671911, 0.184905951277127 ], [ 40.289633972976091, 0.184829970240052 ], [ 40.289784988957088, 0.184730015510071 ], [ 40.290020002991632, 0.184569998539718 ], [ 40.290531983812237, 0.184208085066889 ], [ 40.290734028318795, 0.18408605778289 ], [ 40.291023934396648, 0.183906952875075 ], [ 40.291064989599036, 0.183877011837945 ], [ 40.291107032160056, 0.183834046833778 ], [ 40.291129938492638, 0.183789002873678 ], [ 40.291132989123518, 0.183731930508807 ], [ 40.290962000219466, 0.18345002202968 ], [ 40.29092704465706, 0.183343025824614 ], [ 40.290860015407844, 0.183236937348099 ], [ 40.290708982098266, 0.183106976151327 ], [ 40.290641953934866, 0.183015991907379 ], [ 40.290609070110108, 0.182982981840862 ] ] ], [ [ [ 40.27926181197207, 0.184478706019036 ], [ 40.278131484785099, 0.182846221105285 ], [ 40.277247304117338, 0.18346729315756 ], [ 40.27837754219523, 0.185099688877874 ], [ 40.27926181197207, 0.184478706019036 ] ] ], [ [ [ 40.282705102564819, 0.18465220514324 ], [ 40.281573878071335, 0.18302044549669 ], [ 40.28068960889815, 0.183641426497567 ], [ 40.281820834136646, 0.18527318649059 ], [ 40.282705102564819, 0.18465220514324 ] ] ], [ [ [ 40.288604025211448, 0.183526981667581 ], [ 40.288472031553326, 0.183294000833781 ], [ 40.288232976384933, 0.183471022676153 ], [ 40.287926003481218, 0.183694990373634 ], [ 40.287621999745049, 0.183979014980703 ], [ 40.287327966138683, 0.184225955272817 ], [ 40.287040038360395, 0.184434998369144 ], [ 40.286816974997045, 0.184616993088719 ], [ 40.286673053818554, 0.184690989094505 ], [ 40.286495983443046, 0.184790945818246 ], [ 40.286613964983616, 0.185060015599897 ], [ 40.286656016979045, 0.185147022871924 ], [ 40.286752970123445, 0.185338942885245 ], [ 40.286842998065076, 0.185432005892277 ], [ 40.286894030532629, 0.185462935205398 ], [ 40.287109998176966, 0.185310064073305 ], [ 40.287226067721399, 0.18522901587191 ], [ 40.287395946414343, 0.185061043875698 ], [ 40.287503925277022, 0.184915959399122 ], [ 40.287687010009783, 0.184744007574946 ], [ 40.288007009652915, 0.184522027781923 ], [ 40.28824993117464, 0.18437494453118 ], [ 40.288469045971667, 0.184258976063371 ], [ 40.288612967056139, 0.184185070570073 ], [ 40.288861008727181, 0.184036991150571 ], [ 40.288799098930276, 0.183908019258421 ], [ 40.288760999681358, 0.183813957554893 ], [ 40.288671956654859, 0.183671962808708 ], [ 40.288604025211448, 0.183526981667581 ] ] ], [ [ [ 40.29121700414828, 0.183920957659345 ], [ 40.291141896130959, 0.183903959434118 ], [ 40.291105959907775, 0.183915990997322 ], [ 40.290927003679037, 0.184023997724492 ], [ 40.290683992933985, 0.184176055580184 ], [ 40.290223936795634, 0.184482974329232 ], [ 40.289886957296673, 0.184700070901231 ], [ 40.289784993066426, 0.184786997232929 ], [ 40.289627957542415, 0.184887947357172 ], [ 40.289597146075515, 0.184949995636621 ], [ 40.289594999000208, 0.185065043744749 ], [ 40.289622046841679, 0.18515205110147 ], [ 40.289668054229224, 0.185270080531464 ], [ 40.289853057982441, 0.185547014166801 ], [ 40.28998900313217, 0.185742007245094 ], [ 40.290011014845959, 0.185750055681217 ], [ 40.290038955064631, 0.185753037574573 ], [ 40.290145951947011, 0.185685013994955 ], [ 40.290294991494733, 0.185588045130571 ], [ 40.290806970974423, 0.185210031380778 ], [ 40.291300989583092, 0.184932957662416 ], [ 40.291445987283801, 0.184852991962222 ], [ 40.29154803904175, 0.184735042227651 ], [ 40.291672997824499, 0.184581907591993 ], [ 40.291550975285809, 0.184337981942628 ], [ 40.291472893062895, 0.184203946185225 ], [ 40.29135501363664, 0.184102021259913 ], [ 40.291306943845932, 0.18403898383096 ], [ 40.291254022182393, 0.183960028457743 ], [ 40.29121700414828, 0.183920957659345 ] ] ], [ [ [ 40.278303876246753, 0.18515142917388 ], [ 40.277173548261629, 0.18351903433572 ], [ 40.27628936735104, 0.184140016355436 ], [ 40.277419606239206, 0.185772502901115 ], [ 40.278303876246753, 0.18515142917388 ] ] ], [ [ [ 40.288873952882042, 0.184127074874202 ], [ 40.288847000260013, 0.18412698638598 ], [ 40.288652949109085, 0.184224049839876 ], [ 40.288367984173874, 0.184389859292605 ], [ 40.288100984654022, 0.184530975492194 ], [ 40.287871000164849, 0.184669013713294 ], [ 40.287648026741905, 0.184851008397645 ], [ 40.287365046800154, 0.185147061500962 ], [ 40.287098954258049, 0.185394994855778 ], [ 40.287248016115818, 0.185604006082177 ], [ 40.287265901838722, 0.185706932509453 ], [ 40.287404993039964, 0.185932949059774 ], [ 40.287602935864811, 0.186225981184922 ], [ 40.287684058846104, 0.186177043509205 ], [ 40.287794019115935, 0.186086950719584 ], [ 40.288003969116708, 0.185962932701713 ], [ 40.288313006768149, 0.185717981064177 ], [ 40.288717006953014, 0.185471937118149 ], [ 40.288813938480587, 0.185377955990508 ], [ 40.288963070030178, 0.185297085402978 ], [ 40.289104024287823, 0.185197040911077 ], [ 40.289256028509321, 0.185096001574139 ], [ 40.289306068301094, 0.18506696434403 ], [ 40.289360958502733, 0.18502101350213 ], [ 40.289364997918703, 0.184970996129017 ], [ 40.289346037078978, 0.184921975388861 ], [ 40.289286014992904, 0.184806931813086 ], [ 40.289199039516681, 0.184681037095982 ], [ 40.289145037669854, 0.184586976580586 ], [ 40.289066057511789, 0.184461080360556 ], [ 40.288994984822416, 0.184337987508454 ], [ 40.288941970923965, 0.184238953055564 ], [ 40.288917977743083, 0.18416306989777 ], [ 40.288900997063884, 0.184151041273065 ], [ 40.288873952882042, 0.184127074874202 ] ] ], [ [ [ 40.291781003644303, 0.184812990346233 ], [ 40.291745154964907, 0.184793004429971 ], [ 40.291681997092617, 0.184798977848417 ], [ 40.291596020727674, 0.184821957534942 ], [ 40.291236939222813, 0.185033990480201 ], [ 40.290825930914572, 0.185259052088928 ], [ 40.290605023301723, 0.185427931245184 ], [ 40.290488058091043, 0.185544977641279 ], [ 40.290410978491671, 0.185610015063564 ], [ 40.290363007989455, 0.185678034296866 ], [ 40.290305064646169, 0.185733029461066 ], [ 40.290213968081417, 0.185769938867042 ], [ 40.290055942588737, 0.185847010300859 ], [ 40.290061966603162, 0.185920000327491 ], [ 40.290112016825141, 0.186034954122765 ], [ 40.290289023309811, 0.186284031437106 ], [ 40.290419040449116, 0.186514931728312 ], [ 40.290542047177702, 0.186698981209614 ], [ 40.290727021652785, 0.186572975187216 ], [ 40.29096500189096, 0.186445971222527 ], [ 40.291136053165495, 0.186346014958796 ], [ 40.291246012008827, 0.186251037963351 ], [ 40.291545082582033, 0.1860910162027 ], [ 40.291625038697113, 0.186046962974529 ], [ 40.291718916611437, 0.185957956890927 ], [ 40.291889962300814, 0.185794055263879 ], [ 40.292211940770827, 0.185611962110469 ], [ 40.292287942176038, 0.185547016160363 ], [ 40.292258022172341, 0.18551201603436 ], [ 40.292059991505553, 0.185229023493825 ], [ 40.291925034155959, 0.18501295655177 ], [ 40.291781003644303, 0.184812990346233 ] ] ], [ [ [ 40.289489971151333, 0.18502896366708 ], [ 40.289469037374296, 0.185018111191559 ], [ 40.289425015890032, 0.185028968420484 ], [ 40.289333023297324, 0.18509997574131 ], [ 40.289238963619695, 0.185162028661189 ], [ 40.289140051366033, 0.18521105803441 ], [ 40.288987061728641, 0.185351985034659 ], [ 40.288696978958676, 0.185574956716331 ], [ 40.288503021760953, 0.185715977216411 ], [ 40.288392970969433, 0.185784001055718 ], [ 40.28823000380406, 0.185860078845723 ], [ 40.288069015961383, 0.185973962836561 ], [ 40.287919975829325, 0.186077082398103 ], [ 40.287836965668298, 0.186119960952342 ], [ 40.287682986073776, 0.186251029077694 ], [ 40.28762701665034, 0.18627002681721 ], [ 40.287537990425143, 0.186362017531729 ], [ 40.28751894667851, 0.186409051192872 ], [ 40.287538992889033, 0.186557020704783 ], [ 40.287663979572038, 0.186798051134196 ], [ 40.287785014200026, 0.187041977139245 ], [ 40.287808014082117, 0.187047945148024 ], [ 40.288174928890562, 0.187072971810741 ], [ 40.288200982704062, 0.187067995129051 ], [ 40.288269978407769, 0.187031991791885 ], [ 40.288427012864048, 0.186916027680805 ], [ 40.288701012286353, 0.186679038153855 ], [ 40.288808995756156, 0.186586955616207 ], [ 40.288918957252235, 0.186526980909977 ], [ 40.289075005347001, 0.186437970145023 ], [ 40.289238058519679, 0.18631006624766 ], [ 40.289287017104542, 0.186238972504611 ], [ 40.289403984539149, 0.186152044091218 ], [ 40.289521942873101, 0.1861010233816 ], [ 40.289636038371377, 0.18605696761457 ], [ 40.289959003484057, 0.185848012379736 ], [ 40.289967984692296, 0.185814999262113 ], [ 40.28992099203564, 0.185739027391708 ], [ 40.289810025607018, 0.185568995783298 ], [ 40.28973994107136, 0.185456937835634 ], [ 40.289676865616052, 0.185360978572842 ], [ 40.289616934883227, 0.185267008975835 ], [ 40.289553047034445, 0.185130982195397 ], [ 40.289511984668778, 0.18506197451928 ], [ 40.289489971151333, 0.18502896366708 ] ] ], [ [ [ 40.277132999746193, 0.185754999880011 ], [ 40.274815999605117, 0.1825509998134 ], [ 40.272321999974174, 0.184729999571907 ], [ 40.272373000161643, 0.187266999697168 ], [ 40.277132999746193, 0.185754999880011 ] ] ], [ [ [ 40.279511206937784, 0.186895248141017 ], [ 40.278380878158991, 0.185262764478677 ], [ 40.27749669893938, 0.185883746867956 ], [ 40.278626938615119, 0.187516231788187 ], [ 40.279511206937784, 0.186895248141017 ] ] ], [ [ [ 40.292371953828791, 0.185688016039475 ], [ 40.292339968722217, 0.185658984861275 ], [ 40.292262974383128, 0.185659985476931 ], [ 40.292136032005899, 0.185703048097721 ], [ 40.292017984529373, 0.185762027453075 ], [ 40.291873976167203, 0.185867950453303 ], [ 40.291724039709443, 0.185996938646513 ], [ 40.291636001284523, 0.186079974601921 ], [ 40.291528106197525, 0.186137959189208 ], [ 40.29130297272048, 0.186261978211116 ], [ 40.291207026400606, 0.186324031275577 ], [ 40.291152048315283, 0.1863960308205 ], [ 40.290869956409402, 0.186540947133769 ], [ 40.290660006303639, 0.186672019290454 ], [ 40.290529026216312, 0.186788976327999 ], [ 40.290483033140198, 0.186868029433155 ], [ 40.290507027281599, 0.186956032819213 ], [ 40.290585017637611, 0.187059949600616 ], [ 40.290740991545881, 0.187186925351236 ], [ 40.290858962097346, 0.187304044851932 ], [ 40.290945041280018, 0.18745806850237 ], [ 40.291012965205219, 0.187510070405453 ], [ 40.291048096108682, 0.187542989789968 ], [ 40.29114207146894, 0.187557997510956 ], [ 40.29127197745273, 0.187497026372113 ], [ 40.29176599168224, 0.187163966421152 ], [ 40.292153997306841, 0.186898024693127 ], [ 40.292407967738662, 0.18674298098416 ], [ 40.292883027005075, 0.186443930067875 ], [ 40.292861999608455, 0.186381070722768 ], [ 40.292823990293201, 0.186288999108964 ], [ 40.292776998901054, 0.186230031930362 ], [ 40.292736029662308, 0.186205976174734 ], [ 40.292682030222224, 0.186145019610697 ], [ 40.292560011985863, 0.18596196424546 ], [ 40.292418945292134, 0.185748069542747 ], [ 40.292371953828791, 0.185688016039475 ] ] ], [ [ [ 40.282956937652294, 0.184773476168844 ], [ 40.282918754772581, 0.184767328324934 ], [ 40.280938472278706, 0.186172020757106 ], [ 40.281938243359015, 0.187562929871428 ], [ 40.28399830766859, 0.186217743599667 ], [ 40.284004684042628, 0.186181293487358 ], [ 40.282956937652294, 0.184773476168844 ] ] ], [ [ [ 40.289993956399584, 0.185916930029158 ], [ 40.289960984071321, 0.185903094502276 ], [ 40.289889023296872, 0.185936022707834 ], [ 40.289715008267706, 0.186052982904643 ], [ 40.289586001498698, 0.186125981977818 ], [ 40.289415040310587, 0.186230913019715 ], [ 40.289366889170154, 0.186285997942721 ], [ 40.289138074238267, 0.186442940249863 ], [ 40.288922017223449, 0.186598976235898 ], [ 40.288755997269028, 0.186701012563288 ], [ 40.288514965778823, 0.186891057861706 ], [ 40.288180954350153, 0.187153016093117 ], [ 40.288122021927791, 0.18721000221133 ], [ 40.288100012390132, 0.18723207276186 ], [ 40.288098937385065, 0.187275034835157 ], [ 40.288128948761624, 0.187330024472491 ], [ 40.288269025091466, 0.187511087978622 ], [ 40.288386008912106, 0.187648015336192 ], [ 40.288472978644997, 0.187692960776384 ], [ 40.288779967069608, 0.187685973345652 ], [ 40.288891010124885, 0.187672941199436 ], [ 40.289072039343161, 0.18765393415591 ], [ 40.289133039194233, 0.187610966749199 ], [ 40.28926905379781, 0.187536972120171 ], [ 40.289421061819986, 0.187489024121654 ], [ 40.289652035950077, 0.187373054544559 ], [ 40.289816076307432, 0.187231041234431 ], [ 40.289884979632305, 0.187161030507474 ], [ 40.290001047160615, 0.18705492763004 ], [ 40.290139038758319, 0.186986992151279 ], [ 40.290279994284006, 0.186906032559317 ], [ 40.290390043940462, 0.186823988955713 ], [ 40.290470987074464, 0.186762027415823 ], [ 40.290468019122159, 0.186719970181932 ], [ 40.290442049638401, 0.18664897154325 ], [ 40.290414016127109, 0.186610986411344 ], [ 40.290371068802223, 0.186566941323328 ], [ 40.290327937348216, 0.18646193654409 ], [ 40.290246978784324, 0.186312072238383 ], [ 40.290198010248915, 0.186246050036007 ], [ 40.290153983407194, 0.186183012318099 ], [ 40.290131968714789, 0.186133991828166 ], [ 40.290081024845648, 0.186072854066606 ], [ 40.290053977468069, 0.186005021240549 ], [ 40.289993956399584, 0.185916930029158 ] ] ], [ [ [ 40.285177600144607, 0.186632627285132 ], [ 40.284148791617376, 0.186210587897433 ], [ 40.284101356367749, 0.186215204339388 ], [ 40.282279181324867, 0.187405074345321 ], [ 40.28285898804468, 0.188194360596906 ], [ 40.282884593381311, 0.188198881215646 ], [ 40.285180117648352, 0.186657952255727 ], [ 40.285177600144607, 0.186632627285132 ] ] ], [ [ [ 40.293305013753809, 0.187689978632847 ], [ 40.29339503321323, 0.187668988453063 ], [ 40.293491972268114, 0.18766898123563 ], [ 40.293540038163272, 0.1876781130983 ], [ 40.293584956529195, 0.187646995887388 ], [ 40.293614961386091, 0.187626010177975 ], [ 40.293628974984138, 0.18759598066808 ], [ 40.293597970734766, 0.1874780408103 ], [ 40.293461042303619, 0.187339034896753 ], [ 40.293431927002672, 0.187251032906392 ], [ 40.293292932794316, 0.187120891216012 ], [ 40.293216021533937, 0.187016883125657 ], [ 40.293189963610153, 0.186964968608492 ], [ 40.293171000802076, 0.186877056301251 ], [ 40.292992013594088, 0.186570003793367 ], [ 40.292931995946319, 0.186516012334492 ], [ 40.29287198157845, 0.186506971779419 ], [ 40.292829936006306, 0.18651999877616 ], [ 40.292771992306967, 0.186569025122303 ], [ 40.292650980502501, 0.1866349693729 ], [ 40.292245006639135, 0.18689801795151 ], [ 40.291369993263345, 0.187477030548991 ], [ 40.291096978635686, 0.187661018892086 ], [ 40.291063022892054, 0.187725962710078 ], [ 40.291098963349292, 0.187784026227166 ], [ 40.291163030865206, 0.18791806293784 ], [ 40.291262046407041, 0.188065935888266 ], [ 40.291450911903326, 0.188317995995225 ], [ 40.291592965776708, 0.188512988331777 ], [ 40.291618033471487, 0.188538040201033 ], [ 40.291668974359162, 0.188545995090091 ], [ 40.291738959493927, 0.18852699627071 ], [ 40.291896981139239, 0.188399998128557 ], [ 40.292216981270393, 0.188196016804396 ], [ 40.292405008956919, 0.188052012778224 ], [ 40.292677936793396, 0.187911981339451 ], [ 40.293088948431532, 0.187739016772702 ], [ 40.293207985212142, 0.187694960602743 ], [ 40.293305013753809, 0.187689978632847 ] ] ], [ [ [ 40.290340014618074, 0.186995931832352 ], [ 40.290295991779224, 0.186987975487493 ], [ 40.290241010278848, 0.187001004361144 ], [ 40.290173989663955, 0.187027962527352 ], [ 40.290129967984498, 0.18703592448428 ], [ 40.289990000827416, 0.187117970318923 ], [ 40.289870971210505, 0.187250030773738 ], [ 40.28970701931393, 0.18737305046922 ], [ 40.289393034499348, 0.187535967974506 ], [ 40.289290978751694, 0.187586987573039 ], [ 40.289176974263789, 0.187646961714299 ], [ 40.288956061625839, 0.187759945732326 ], [ 40.288842955800575, 0.187822995123259 ], [ 40.288825978400212, 0.187856009760361 ], [ 40.288806934344834, 0.187886039698539 ], [ 40.288740006275411, 0.187938050756474 ], [ 40.288717997631139, 0.187972151170471 ], [ 40.288714945312513, 0.188005074325169 ], [ 40.288744956233302, 0.188065942290586 ], [ 40.288804976961593, 0.188147972438373 ], [ 40.288923043578116, 0.188348032001084 ], [ 40.289112992292957, 0.188678962016595 ], [ 40.289184064771703, 0.188783964725493 ], [ 40.289227999200222, 0.188811005112388 ], [ 40.289273998145539, 0.1888119966287 ], [ 40.289482062212727, 0.18868996848184 ], [ 40.289778975906678, 0.188508058504561 ], [ 40.290015067802564, 0.188358984653604 ], [ 40.290164017302985, 0.188247995878841 ], [ 40.290187013200217, 0.188199967005496 ], [ 40.290256009571905, 0.188174003611561 ], [ 40.290308025833369, 0.188143972136238 ], [ 40.290408016708376, 0.18811493113592 ], [ 40.29052102983789, 0.188014165011994 ], [ 40.290573045278038, 0.187973008189595 ], [ 40.290668003669907, 0.187916019420569 ], [ 40.290731965769204, 0.187849988863431 ], [ 40.290862949561799, 0.187772014829336 ], [ 40.290934008020074, 0.187686989250749 ], [ 40.290974970406324, 0.187616980613725 ], [ 40.290976134572972, 0.187564883131549 ], [ 40.290895988295169, 0.187466031744281 ], [ 40.290768134011138, 0.187326030036799 ], [ 40.290545938300113, 0.18709197089815 ], [ 40.29047495883772, 0.187028935199895 ], [ 40.290400029946674, 0.187004972393503 ], [ 40.290340014618074, 0.186995931832352 ] ] ], [ [ [ 40.284964479463625, 0.187647816467618 ], [ 40.284033528225606, 0.187496748341816 ], [ 40.28400082687746, 0.187503896326889 ], [ 40.282956197828341, 0.188205116983227 ], [ 40.282949821510485, 0.188242019366672 ], [ 40.283538434117077, 0.189043424877175 ], [ 40.283588205982774, 0.189035099747872 ], [ 40.285248033070566, 0.187825070675717 ], [ 40.285412346902504, 0.187732893365779 ], [ 40.285410279611185, 0.187721226346592 ], [ 40.284964479463625, 0.187647816467618 ] ] ], [ [ [ 40.293700948554815, 0.187738971191987 ], [ 40.293654050067609, 0.187721971006697 ], [ 40.293444989222337, 0.187723976475877 ], [ 40.2932850730501, 0.187743976913927 ], [ 40.293161993837764, 0.187795992980306 ], [ 40.293077995229254, 0.187833986399711 ], [ 40.29299902505381, 0.18784502627028 ], [ 40.292858966767461, 0.187906993104042 ], [ 40.292734001397548, 0.187955029527108 ], [ 40.292683962801441, 0.187998990121396 ], [ 40.292626017418328, 0.1880370720601 ], [ 40.292444992569585, 0.188111975404566 ], [ 40.292359018601474, 0.188166973581328 ], [ 40.292413018108405, 0.188228020560719 ], [ 40.292825959331161, 0.188635993150242 ], [ 40.291992983478778, 0.189098056707097 ], [ 40.292069984259555, 0.189196003730502 ], [ 40.292115004331592, 0.189324977485539 ], [ 40.292155975398643, 0.189360971688658 ], [ 40.292206017602503, 0.189377971621635 ], [ 40.292299001538645, 0.189351012362828 ], [ 40.292367995317655, 0.189290950221241 ], [ 40.292479034968622, 0.189221931287612 ], [ 40.292558990856598, 0.18918791791699 ], [ 40.292675957012612, 0.189087061070623 ], [ 40.292904952331334, 0.188946037873309 ], [ 40.292980054297772, 0.188868971613721 ], [ 40.293090015037613, 0.188801942690733 ], [ 40.293290984058707, 0.188708948735594 ], [ 40.293514952672254, 0.188630967758044 ], [ 40.293625991683776, 0.188566018219066 ], [ 40.293716007069868, 0.188490037177664 ], [ 40.293758946774773, 0.188430971984838 ], [ 40.293824974991693, 0.18836204693272 ], [ 40.293921013003477, 0.188327037450311 ], [ 40.294031959716179, 0.188228985085617 ], [ 40.294009044570117, 0.188153011595632 ], [ 40.293957020961024, 0.188069986089257 ], [ 40.293868968602197, 0.187974028930893 ], [ 40.29374793960595, 0.187792964477814 ], [ 40.293700948554815, 0.187738971191987 ] ] ], [ [ [ 40.291069051531373, 0.187848968841439 ], [ 40.291006961861157, 0.187732026123468 ], [ 40.29088002126236, 0.187799960804698 ], [ 40.290775899424183, 0.187866989294446 ], [ 40.290653993376033, 0.187979062317506 ], [ 40.290451950743247, 0.188136996766822 ], [ 40.290298956551112, 0.188212893022672 ], [ 40.290083885219772, 0.188342970772002 ], [ 40.290030973385626, 0.188399956432647 ], [ 40.289815004618042, 0.188544053128463 ], [ 40.289556003242701, 0.188706966670095 ], [ 40.289430949630095, 0.188778971540569 ], [ 40.289370042519963, 0.1888609211337 ], [ 40.289313988982066, 0.188956979673937 ], [ 40.289259015490479, 0.18909102535766 ], [ 40.289268993524466, 0.18916193475222 ], [ 40.289324972199076, 0.189268928471598 ], [ 40.289360027207167, 0.189489977668056 ], [ 40.28947700541687, 0.189550025028925 ], [ 40.289687958905724, 0.189622999692801 ], [ 40.28974303226007, 0.189637014415241 ], [ 40.289873032805644, 0.189627056061557 ], [ 40.290081994710143, 0.189510002554265 ], [ 40.290267961107986, 0.189434013293485 ], [ 40.290370015685895, 0.189355949980163 ], [ 40.290565053749553, 0.189243962756539 ], [ 40.290860977119706, 0.189049028950485 ], [ 40.291071018000423, 0.18893206589398 ], [ 40.291278004350289, 0.188817997482715 ], [ 40.291406023261082, 0.188752956172804 ], [ 40.291548954230784, 0.188658067067041 ], [ 40.291568985147066, 0.188609044390648 ], [ 40.291570149371537, 0.188558032320134 ], [ 40.291520012368196, 0.188486040587765 ], [ 40.29131901802522, 0.188225026855758 ], [ 40.291174897217466, 0.188023070887878 ], [ 40.29110697100537, 0.18794004555609 ], [ 40.291069051531373, 0.187848968841439 ] ] ], [ [ [ 40.287571986144002, 0.188087917476029 ], [ 40.287471982919669, 0.187949993877582 ], [ 40.287410980326356, 0.187956058564199 ], [ 40.287342971876377, 0.187978042090646 ], [ 40.287272984195667, 0.187964027513484 ], [ 40.287190961317428, 0.187993067192137 ], [ 40.286969957115268, 0.18808497732969 ], [ 40.286889013177543, 0.188125050948488 ], [ 40.286735119994397, 0.18820899741 ], [ 40.286733683423606, 0.188209721117988 ], [ 40.286566944030383, 0.188303978957324 ], [ 40.286394995718453, 0.188426998540296 ], [ 40.286319982624526, 0.188494025887394 ], [ 40.286036006945018, 0.188673945185167 ], [ 40.285928024281574, 0.188777966415483 ], [ 40.285760028484063, 0.188880003124626 ], [ 40.285569032236346, 0.188981046607386 ], [ 40.285581972869181, 0.189033051795016 ], [ 40.285630936918686, 0.18903603300181 ], [ 40.285664004491238, 0.18911001608518 ], [ 40.28570695273288, 0.189164914342489 ], [ 40.285690065905797, 0.189207968086928 ], [ 40.2857310381548, 0.189271006102503 ], [ 40.285875069399822, 0.189471967533596 ], [ 40.285935000302842, 0.189565032680532 ], [ 40.285966992991334, 0.189682972809776 ], [ 40.285994042136231, 0.189772965103094 ], [ 40.28605397001499, 0.189824967663861 ], [ 40.286227985910195, 0.189729985564429 ], [ 40.286319079338128, 0.189649029457661 ], [ 40.286477013697436, 0.189540029708725 ], [ 40.286648063051111, 0.189422978926986 ], [ 40.286874992292198, 0.189278970742448 ], [ 40.287042988455852, 0.189170964331085 ], [ 40.287162021923791, 0.189078066761249 ], [ 40.287246018884382, 0.189015019455804 ], [ 40.287451926695852, 0.188891001476834 ], [ 40.287628995496938, 0.18876002191024 ], [ 40.287736980046262, 0.188694982934146 ], [ 40.287778932530109, 0.188648942504095 ], [ 40.287789979661916, 0.188597025119888 ], [ 40.287788984314076, 0.188501061232542 ], [ 40.287716018165597, 0.188301994081291 ], [ 40.287616012854194, 0.188147970377321 ], [ 40.287571986144002, 0.188087917476029 ] ] ], [ [ [ 40.281916597733691, 0.188878208630388 ], [ 40.281314147350713, 0.188045961776493 ], [ 40.279407077877984, 0.189324750457007 ], [ 40.279399713306297, 0.189362286119734 ], [ 40.279954368442894, 0.190192818364957 ], [ 40.279997943473703, 0.190217416715406 ], [ 40.281916597733691, 0.188878208630388 ] ] ], [ [ [ 40.294081018753467, 0.18830396167127 ], [ 40.294022981581008, 0.188302971060091 ], [ 40.293947967412308, 0.188351998703982 ], [ 40.293818962547668, 0.188446977130505 ], [ 40.293766050354748, 0.188510021959781 ], [ 40.293674957206356, 0.18859106827635 ], [ 40.293421075801291, 0.188732002822027 ], [ 40.293279939268309, 0.18879197988043 ], [ 40.293176983764269, 0.188834949497734 ], [ 40.293072951463557, 0.188883979344096 ], [ 40.293012940338357, 0.188918986155499 ], [ 40.292893008509083, 0.18900898921249 ], [ 40.292779993109917, 0.18907701332686 ], [ 40.292621970729101, 0.189205007328966 ], [ 40.292387048300306, 0.189369999340886 ], [ 40.292292989712443, 0.189443991755717 ], [ 40.292288048983906, 0.18945403116788 ], [ 40.29234187164618, 0.189552975763182 ], [ 40.292439002524965, 0.189727981892737 ], [ 40.292643055638109, 0.190029967162819 ], [ 40.292744862209709, 0.190255081263436 ], [ 40.29276894324272, 0.190301930708579 ], [ 40.292866062026143, 0.19030192337987 ], [ 40.29293496593764, 0.19024204213021 ], [ 40.293117963346653, 0.190114047097581 ], [ 40.293366990641793, 0.189940008999243 ], [ 40.293675944380915, 0.189788940696778 ], [ 40.293998997872407, 0.189571030697768 ], [ 40.294266981103441, 0.189392017436363 ], [ 40.294344958121613, 0.189315945931901 ], [ 40.294434074790416, 0.18923698010305 ], [ 40.294529931451756, 0.18917999128507 ], [ 40.294565955450125, 0.189153035419541 ], [ 40.294587963729661, 0.189115046626599 ], [ 40.294589036829564, 0.189047030950944 ], [ 40.294554082088034, 0.188954054716521 ], [ 40.29449693743377, 0.188884958007685 ], [ 40.294435030502584, 0.188796957626794 ], [ 40.294336999005878, 0.188603048556454 ], [ 40.294244990072727, 0.188449024708361 ], [ 40.294197997538937, 0.188375043829673 ], [ 40.294152984469264, 0.188340043991028 ], [ 40.294111027226066, 0.188319968155379 ], [ 40.294081018753467, 0.18830396167127 ] ] ], [ [ [ 40.291854973552717, 0.188915997577243 ], [ 40.291667994026177, 0.188653988825329 ], [ 40.29159297749797, 0.188671993074687 ], [ 40.291446004915414, 0.188785966525806 ], [ 40.291225991360562, 0.188891985853582 ], [ 40.290982980869295, 0.189044045067518 ], [ 40.290919014881823, 0.189056983302596 ], [ 40.290881014315097, 0.189085024746214 ], [ 40.29067789303889, 0.189222970803434 ], [ 40.290601978854042, 0.189252100492331 ], [ 40.290551130580688, 0.189281951904768 ], [ 40.290463001023475, 0.189346989363109 ], [ 40.290325011716703, 0.189445043920188 ], [ 40.290158990242148, 0.189524015631594 ], [ 40.290028997726338, 0.189630119661413 ], [ 40.289929997047267, 0.189697057409488 ], [ 40.289885978392846, 0.189745901929543 ], [ 40.289884994988753, 0.18981192782416 ], [ 40.289954988918524, 0.189910961748434 ], [ 40.290125887628186, 0.190177042065134 ], [ 40.290230023476752, 0.19031098530233 ], [ 40.290334969949967, 0.190459943171849 ], [ 40.290401008636785, 0.190531029202656 ], [ 40.290467039873377, 0.190501990669192 ], [ 40.290638987574852, 0.1903880152003 ], [ 40.290939046110537, 0.190225007997743 ], [ 40.291147020503047, 0.190107954551825 ], [ 40.291402969944421, 0.189986013212736 ], [ 40.291491995230324, 0.189884978397336 ], [ 40.291593960494446, 0.189814965151832 ], [ 40.291684967486518, 0.189782939918835 ], [ 40.291801036996389, 0.189706051423106 ], [ 40.292040002940773, 0.189534999802437 ], [ 40.292086988281795, 0.189511027936147 ], [ 40.292094980542124, 0.189469964859479 ], [ 40.292074041274311, 0.189385036624755 ], [ 40.292006016674819, 0.189186964434022 ], [ 40.291957948019167, 0.189141021260571 ], [ 40.291871059780348, 0.188982023046535 ], [ 40.291854973552717, 0.188915997577243 ] ] ], [ [ [ 40.283887548453919, 0.19011591648043 ], [ 40.283940999187827, 0.190055041263248 ], [ 40.284444984673556, 0.189682996164502 ], [ 40.285092981697645, 0.189256944386312 ], [ 40.285237350387085, 0.189171822679052 ], [ 40.285381089914331, 0.189071235850617 ], [ 40.286649948535668, 0.188183678595276 ], [ 40.286654528789121, 0.188158443564264 ], [ 40.286537093229065, 0.187988502752192 ], [ 40.285681776505754, 0.187660063726213 ], [ 40.285649163776363, 0.187662417844777 ], [ 40.285278313279989, 0.187869929929682 ], [ 40.284762738911589, 0.188245774340663 ], [ 40.282658398081495, 0.189779907788958 ], [ 40.282654446747593, 0.18980514281456 ], [ 40.283207659055257, 0.190569376557907 ], [ 40.283232994846891, 0.190573716271218 ], [ 40.283887548453919, 0.19011591648043 ] ] ], [ [ [ 40.285237350387085, 0.189171822679052 ], [ 40.283887548453919, 0.19011591648043 ], [ 40.283883954944443, 0.190119987011211 ], [ 40.283821968850937, 0.190180047913276 ], [ 40.283821973951049, 0.190249058750353 ], [ 40.283801043926779, 0.190289942028701 ], [ 40.28377499162638, 0.190315992752609 ], [ 40.283736004859385, 0.190386001466914 ], [ 40.283699985371207, 0.190476089015681 ], [ 40.283698914699265, 0.190577027976781 ], [ 40.283760008777399, 0.19060397666697 ], [ 40.283874021622665, 0.190653985295372 ], [ 40.283990007508201, 0.190656056942947 ], [ 40.2842129930306, 0.190625016667504 ], [ 40.28447397970902, 0.190585019871897 ], [ 40.284563015268525, 0.19060699168945 ], [ 40.284743965497263, 0.190730075435921 ], [ 40.284950948861599, 0.190568974362222 ], [ 40.285364019857667, 0.19028394648442 ], [ 40.28558996022776, 0.19013098367128 ], [ 40.285940057472345, 0.189914970512035 ], [ 40.285952005173947, 0.189904026048884 ], [ 40.285950023180014, 0.189830945159283 ], [ 40.285922969549318, 0.189668052726814 ], [ 40.285882981887916, 0.189567026473992 ], [ 40.285782975715911, 0.189391025110138 ], [ 40.285703998230829, 0.189306011442287 ], [ 40.285657006059978, 0.189238993162557 ], [ 40.285551072258926, 0.189092025820897 ], [ 40.285493028840925, 0.18902102945193 ], [ 40.285237350387085, 0.189171822679052 ] ] ], [ [ [ 40.294684008815743, 0.189175999916223 ], [ 40.294623994912662, 0.189172929128732 ], [ 40.294534967504575, 0.18924393625868 ], [ 40.294503975926254, 0.189297935357644 ], [ 40.294441000196201, 0.189336108132776 ], [ 40.294349007447316, 0.189400964903359 ], [ 40.293909975937211, 0.189715932712769 ], [ 40.293631030642246, 0.189882013421283 ], [ 40.293441023875232, 0.189990020417198 ], [ 40.293340047435166, 0.190066003249858 ], [ 40.29316396400867, 0.190139006904904 ], [ 40.293023010228318, 0.190240045588986 ], [ 40.292994983966508, 0.190299923751816 ], [ 40.292994002004605, 0.190384943147329 ], [ 40.293013058748649, 0.190514009242982 ], [ 40.293194914483855, 0.190739025878211 ], [ 40.293424026408495, 0.190957978754292 ], [ 40.293549988081416, 0.191018026146273 ], [ 40.293689964054288, 0.19105799258862 ], [ 40.293915010511483, 0.190977116931088 ], [ 40.294167007333549, 0.190854994995963 ], [ 40.29431901068147, 0.190749070278789 ], [ 40.294609004677106, 0.190566979948602 ], [ 40.294794066953997, 0.190419991234994 ], [ 40.294905016471851, 0.190348982412183 ], [ 40.294913009600634, 0.190319948305196 ], [ 40.294984968538181, 0.190264951157248 ], [ 40.295249991887708, 0.190143010149594 ], [ 40.29528996806917, 0.190103029199152 ], [ 40.295285021831411, 0.190038993790068 ], [ 40.295174053860343, 0.189849969202095 ], [ 40.295102978500104, 0.189705079313856 ], [ 40.295078985538041, 0.189633990244834 ], [ 40.294992012034598, 0.189536044116064 ], [ 40.294902968677121, 0.189391969608071 ], [ 40.294837017977926, 0.189294020978221 ], [ 40.294744025828535, 0.189208918256672 ], [ 40.294684008815743, 0.189175999916223 ] ] ], [ [ [ 40.28256819687082, 0.189778195967541 ], [ 40.281943014035988, 0.188914746793048 ], [ 40.280022922360033, 0.190254950860838 ], [ 40.280029574639045, 0.190305419877165 ], [ 40.280525108611471, 0.191069387362175 ], [ 40.280550174988292, 0.191074992500082 ], [ 40.282563526700947, 0.189802436094304 ], [ 40.28256819687082, 0.189778195967541 ] ] ], [ [ [ 40.288486046640294, 0.18946498936811 ], [ 40.288445077958215, 0.189462007582447 ], [ 40.288363953346845, 0.189487881480885 ], [ 40.288329998869138, 0.189570009098532 ], [ 40.288227945177049, 0.189649067422452 ], [ 40.288211058079632, 0.18968805087493 ], [ 40.288197044384823, 0.189716995055095 ], [ 40.287933010389942, 0.189851960992402 ], [ 40.287880004830434, 0.189868968685449 ], [ 40.287830954683933, 0.189916095067984 ], [ 40.287752888778201, 0.190007994631292 ], [ 40.287613998806918, 0.19007810119017 ], [ 40.287529012981459, 0.190133008990398 ], [ 40.287411957054779, 0.190238025863881 ], [ 40.287337931653518, 0.190295917703844 ], [ 40.287226983782986, 0.190381940506984 ], [ 40.287261044807209, 0.19052502464231 ], [ 40.287302019664416, 0.190622975442733 ], [ 40.287316128543303, 0.190678056706296 ], [ 40.287378036730644, 0.190768046313031 ], [ 40.287428984852923, 0.190884085475435 ], [ 40.28744399240076, 0.190929940753224 ], [ 40.287497004288532, 0.191009981505313 ], [ 40.287595028059293, 0.19109499451857 ], [ 40.287706976777457, 0.191178015665978 ], [ 40.288002001722873, 0.190967976361773 ], [ 40.288101991640431, 0.190925006824368 ], [ 40.288207012358455, 0.190862952842292 ], [ 40.288247076800936, 0.190800088806549 ], [ 40.28840096869596, 0.190713067825593 ], [ 40.28852799958517, 0.190637987385627 ], [ 40.288578036152522, 0.190565988054562 ], [ 40.28885698173184, 0.190396018571402 ], [ 40.288907017244512, 0.190321938901711 ], [ 40.288932976088198, 0.190248041945855 ], [ 40.288922999136751, 0.190180026948573 ], [ 40.288807985026835, 0.189952019975106 ], [ 40.288648947310094, 0.189706016713307 ], [ 40.288619027949203, 0.189681055635739 ], [ 40.288573022628498, 0.189594049712381 ], [ 40.288522975391032, 0.189522057899844 ], [ 40.288486046640294, 0.18946498936811 ] ] ], [ [ [ 40.279354884445965, 0.189392318086573 ], [ 40.279317420162904, 0.189384903936073 ], [ 40.277785869831554, 0.190411771709349 ], [ 40.277799013163104, 0.190775276724984 ], [ 40.278369183587714, 0.191217610084054 ], [ 40.279915922316277, 0.190272957578513 ], [ 40.27991007873981, 0.190223754805052 ], [ 40.279354884445965, 0.189392318086573 ] ] ], [ [ [ 40.292316988759005, 0.189597024954247 ], [ 40.292240074983411, 0.189473028358046 ], [ 40.292066957756063, 0.189565025358455 ], [ 40.291709048826242, 0.189833950088804 ], [ 40.291619032580456, 0.189898987684426 ], [ 40.291469004945021, 0.190007986686369 ], [ 40.291385995634876, 0.190059999871043 ], [ 40.291181971767038, 0.190141055716108 ], [ 40.29113597537912, 0.190174071621448 ], [ 40.291025024127848, 0.190212158525193 ], [ 40.290903114288746, 0.190283981397472 ], [ 40.290814984240988, 0.190341964686907 ], [ 40.290727032542264, 0.190381948413162 ], [ 40.290634950883167, 0.190461096407264 ], [ 40.290548977172676, 0.190532012993847 ], [ 40.290526970059958, 0.190586011508885 ], [ 40.290528862690607, 0.190665061068961 ], [ 40.290553035020167, 0.190731085047895 ], [ 40.290702009881848, 0.190961983649827 ], [ 40.290770029264209, 0.191087970856123 ], [ 40.290881981890031, 0.191224988726109 ], [ 40.291030955454048, 0.191450098465561 ], [ 40.291076956763192, 0.19148301787508 ], [ 40.29111100689147, 0.191479939993016 ], [ 40.291216027018407, 0.19142394528873 ], [ 40.291279001262438, 0.191353031334816 ], [ 40.291394891356866, 0.191280032120699 ], [ 40.291649042332878, 0.191138011815537 ], [ 40.291848030789673, 0.191002960358108 ], [ 40.291918011805251, 0.190928969696347 ], [ 40.292076035351577, 0.19082892369294 ], [ 40.292379055369331, 0.190623044810892 ], [ 40.292581007993405, 0.190478948205686 ], [ 40.292735975145682, 0.190344895111035 ], [ 40.292725011167093, 0.190306004271096 ], [ 40.292609996051965, 0.19006298298062 ], [ 40.292482047750404, 0.189867989756919 ], [ 40.292420047401293, 0.189744987910143 ], [ 40.29235400738164, 0.189654998786604 ], [ 40.292316988759005, 0.189597024954247 ] ] ], [ [ [ 40.287894021680266, 0.188676972560104 ], [ 40.287842003467922, 0.188668926376344 ], [ 40.287801036394455, 0.188687923050432 ], [ 40.287549044497531, 0.188874985463834 ], [ 40.287126000832792, 0.189146085246155 ], [ 40.28692395771818, 0.18930094556679 ], [ 40.286785966942958, 0.189381995600567 ], [ 40.286554006368874, 0.189526004174508 ], [ 40.286312974972681, 0.189706010810945 ], [ 40.286125034705172, 0.18982297243852 ], [ 40.286087033764687, 0.189846943677964 ], [ 40.286065023915889, 0.189876973882657 ], [ 40.285800992283257, 0.190047033687539 ], [ 40.285361059264645, 0.190342013026899 ], [ 40.285034949734303, 0.190558024480816 ], [ 40.284741003569735, 0.190770053755958 ], [ 40.284732923424187, 0.190849918299239 ], [ 40.284728977732776, 0.190950947885994 ], [ 40.284703021158172, 0.191055958035827 ], [ 40.284666016384499, 0.191186023734553 ], [ 40.284629009900883, 0.191293024627306 ], [ 40.284615989103614, 0.191383924476882 ], [ 40.284626959384099, 0.191507021896395 ], [ 40.284659937853839, 0.191601898084703 ], [ 40.284673958932785, 0.191671993243139 ], [ 40.284753024887237, 0.191749047249463 ], [ 40.284854015756657, 0.19186200833308 ], [ 40.284918975709274, 0.191922964158814 ], [ 40.284945930018957, 0.191944940619725 ], [ 40.285008011339116, 0.191957870304804 ], [ 40.285013941204802, 0.191958954354319 ], [ 40.285051944234084, 0.191962931288664 ], [ 40.285089947864151, 0.19196292841317 ], [ 40.285133969333579, 0.191950986558162 ], [ 40.285215002844431, 0.191907023431963 ], [ 40.285284984724356, 0.191842076695122 ], [ 40.28533897505455, 0.19177713207514 ], [ 40.285408952967757, 0.191659003336813 ], [ 40.285506872598347, 0.191551002917235 ], [ 40.285600030803394, 0.191447976721361 ], [ 40.285700018654424, 0.191375974434533 ], [ 40.28588193778711, 0.191239023639329 ], [ 40.285991990158614, 0.191180044530443 ], [ 40.286051010762755, 0.191113019206921 ], [ 40.286219005958486, 0.190991988726122 ], [ 40.286438029538679, 0.190857930496669 ], [ 40.286509989192126, 0.190809083795916 ], [ 40.286669991336922, 0.19073101597199 ], [ 40.286745005861341, 0.190684068501761 ], [ 40.286882997944339, 0.190621017072294 ], [ 40.286943995727647, 0.19056204169705 ], [ 40.286966002956994, 0.190509038062004 ], [ 40.287012987869403, 0.190478011031808 ], [ 40.28716804562012, 0.190348932443473 ], [ 40.287432974728596, 0.190168018594324 ], [ 40.287484000889897, 0.190113023795252 ], [ 40.287680027091341, 0.189995971137136 ], [ 40.287773993192744, 0.18989602031832 ], [ 40.287849005464807, 0.189818954807702 ], [ 40.287925009437529, 0.189787925623073 ], [ 40.288094982181015, 0.189681004465747 ], [ 40.288216980083448, 0.189595071339443 ], [ 40.288321908094929, 0.18949403433166 ], [ 40.288366012996363, 0.189395987641707 ], [ 40.288361963690328, 0.189310967562858 ], [ 40.288296997100261, 0.18915802762879 ], [ 40.288220984284848, 0.18906903402337 ], [ 40.28809600085458, 0.188875035107738 ], [ 40.288014060545066, 0.188816974962406 ], [ 40.287971020502212, 0.188734942631604 ], [ 40.287894021680266, 0.188676972560104 ] ] ], [ [ [ 40.27911900017849, 0.18918900033378 ], [ 40.277260000260938, 0.18598499992062 ], [ 40.272219999894652, 0.187548999902717 ], [ 40.271431000147359, 0.189932999865783 ], [ 40.271991000393228, 0.191623999921662 ], [ 40.27364600006257, 0.192008000013669 ], [ 40.276242000262549, 0.191136999828592 ], [ 40.27911900017849, 0.18918900033378 ] ] ], [ [ [ 40.282621209190538, 0.189851363593925 ], [ 40.282595334276785, 0.189846390759571 ], [ 40.280579556890359, 0.191120395480559 ], [ 40.28057416800344, 0.19114517747989 ], [ 40.281135474922117, 0.192013244406602 ], [ 40.281160181874782, 0.192018307762452 ], [ 40.281888851972404, 0.191524141595594 ], [ 40.281889391017501, 0.191523779753682 ], [ 40.283199582140711, 0.190680988293538 ], [ 40.283204161550067, 0.190656657727604 ], [ 40.282621209190538, 0.189851363593925 ] ] ], [ [ [ 40.280447662288388, 0.191026159699716 ], [ 40.279901372649412, 0.190344683121236 ], [ 40.278179180015165, 0.191384951355384 ], [ 40.278879999480345, 0.192084505767587 ], [ 40.279859758652172, 0.191325130623497 ], [ 40.280447662288388, 0.191026159699716 ] ] ], [ [ [ 40.289000011477718, 0.190432005127615 ], [ 40.28890100669674, 0.190432012581381 ], [ 40.288832009930452, 0.190453001290724 ], [ 40.288673988150038, 0.190592029548861 ], [ 40.288590978298252, 0.190637982640465 ], [ 40.288420019269822, 0.190771043094462 ], [ 40.288277989306849, 0.190889990261709 ], [ 40.288162007640736, 0.190942006013031 ], [ 40.288018985866877, 0.19102595179424 ], [ 40.287957001321473, 0.191105006255118 ], [ 40.287750016456023, 0.191253987806019 ], [ 40.28739102773612, 0.191495959085012 ], [ 40.287351951001668, 0.191550953914293 ], [ 40.287363003296299, 0.191580981619322 ], [ 40.287438028083315, 0.191671965160769 ], [ 40.287537045490915, 0.191828068260177 ], [ 40.28763705253705, 0.19201401890918 ], [ 40.287668953015967, 0.192098945540272 ], [ 40.287744965441952, 0.192180975321314 ], [ 40.287905972114118, 0.19232106490397 ], [ 40.287956014944896, 0.192332999612813 ], [ 40.287977038184344, 0.192338063221901 ], [ 40.28806094625628, 0.192289034694423 ], [ 40.288260023547615, 0.19213697927488 ], [ 40.288512015101155, 0.191948921628444 ], [ 40.288651983138074, 0.191878995803029 ], [ 40.288820965740598, 0.191749010736897 ], [ 40.289077987761438, 0.191550009226733 ], [ 40.289381993953462, 0.191311026173443 ], [ 40.289467968878171, 0.191268057698048 ], [ 40.289503992635993, 0.191225002553107 ], [ 40.289518004212702, 0.191180049622566 ], [ 40.289441986803602, 0.191030094593557 ], [ 40.289328952042354, 0.19083998523338 ], [ 40.289224005367096, 0.190677008457817 ], [ 40.289085002442476, 0.190434983580943 ], [ 40.289000011477718, 0.190432005127615 ] ] ], [ [ [ 40.292879008189381, 0.190428004191776 ], [ 40.292831929150637, 0.190399969169563 ], [ 40.292782966725262, 0.190404947613083 ], [ 40.292716035463314, 0.190424036700269 ], [ 40.292460990372774, 0.190623038619443 ], [ 40.29212994135743, 0.190839954512013 ], [ 40.291949998552887, 0.190966954455909 ], [ 40.291822970397902, 0.191076042218516 ], [ 40.291643027281111, 0.191199063296638 ], [ 40.29146101562359, 0.191294045954644 ], [ 40.291280983155779, 0.191423940364142 ], [ 40.29118602949108, 0.191542975240682 ], [ 40.291203015066849, 0.191620034638363 ], [ 40.291400958362978, 0.19192491478172 ], [ 40.29165397789339, 0.192270039114121 ], [ 40.291724957470556, 0.192332984180404 ], [ 40.291754067857426, 0.192353060953127 ], [ 40.291866999938335, 0.19237204684089 ], [ 40.292011011233619, 0.192307999092686 ], [ 40.292238028160561, 0.192143911889988 ], [ 40.292308998109363, 0.192078966127212 ], [ 40.292690986479641, 0.191851012220321 ], [ 40.292865001151128, 0.191735046681843 ], [ 40.293000922750359, 0.191622973399699 ], [ 40.293078004609541, 0.191590949170054 ], [ 40.29331301999661, 0.191457975348889 ], [ 40.293413002497019, 0.191319042104296 ], [ 40.293488103416557, 0.191229042353869 ], [ 40.293493041366801, 0.19118200983111 ], [ 40.293392946874619, 0.19103703162636 ], [ 40.293118007754281, 0.190709998173168 ], [ 40.292995991644041, 0.190560047740656 ], [ 40.292951965694762, 0.190510034061645 ], [ 40.292879008189381, 0.190428004191776 ] ] ], [ [ [ 40.280515960290735, 0.191271988761383 ], [ 40.28040509506733, 0.191265032410018 ], [ 40.280367001744587, 0.191268020134091 ], [ 40.280243026207778, 0.191345000014776 ], [ 40.280047987720721, 0.191461962509646 ], [ 40.279938115517787, 0.191518951807866 ], [ 40.279756016314082, 0.191656987393746 ], [ 40.279745059041929, 0.191709085844193 ], [ 40.279703022618847, 0.191836076860103 ], [ 40.279683980739286, 0.191895953752055 ], [ 40.279604028749034, 0.191999974131031 ], [ 40.279467028656718, 0.192118017727324 ], [ 40.279305949168453, 0.192212999197982 ], [ 40.279313952332309, 0.192305978011673 ], [ 40.279340019037257, 0.19247284983822 ], [ 40.279353053114654, 0.192571978898352 ], [ 40.279395013832655, 0.192635016957128 ], [ 40.2794411107215, 0.192742012700005 ], [ 40.279503016897166, 0.192801973930203 ], [ 40.279512001216212, 0.192811018292041 ], [ 40.279533024294977, 0.192813006610381 ], [ 40.279621967369714, 0.192796990156722 ], [ 40.279779997302001, 0.192772014790055 ], [ 40.279882953705361, 0.192745959091941 ], [ 40.279962012733236, 0.192716014931694 ], [ 40.280054997491781, 0.192694029354367 ], [ 40.280259023080326, 0.19262400802927 ], [ 40.280277977096397, 0.19259099310802 ], [ 40.280296030344402, 0.192526955581096 ], [ 40.280323968232658, 0.19248498629802 ], [ 40.280377064764799, 0.192481002467453 ], [ 40.280458010145658, 0.192457932405421 ], [ 40.280538056936614, 0.192421024408773 ], [ 40.280614955623832, 0.192336992909882 ], [ 40.280742973115693, 0.192245993780982 ], [ 40.280854011992901, 0.192171999706815 ], [ 40.2809380114373, 0.192127945845732 ], [ 40.281021020422379, 0.192066978748528 ], [ 40.281023981891877, 0.192020941099399 ], [ 40.280961979234732, 0.191871074949537 ], [ 40.280832955145002, 0.191715968623313 ], [ 40.280782997345177, 0.191640991741571 ], [ 40.280731060867183, 0.191537977198943 ], [ 40.280641027302664, 0.191374998726133 ], [ 40.280603021245952, 0.191331043603978 ], [ 40.280559983399399, 0.191281030492067 ], [ 40.280515960290735, 0.191271988761383 ] ] ], [ [ [ 40.286729024184645, 0.190816846016412 ], [ 40.286693985404661, 0.190815944153506 ], [ 40.2866310079811, 0.190833947573979 ], [ 40.286556984138329, 0.190913002975463 ], [ 40.28644594327433, 0.190956969218594 ], [ 40.286334006260702, 0.191031957228464 ], [ 40.286190984383673, 0.19111599351018 ], [ 40.286098001265621, 0.191156972643952 ], [ 40.285970073893417, 0.191248062010026 ], [ 40.285843046663111, 0.191373973735503 ], [ 40.285639120907682, 0.191571976469967 ], [ 40.285330989414192, 0.19191895318032 ], [ 40.285268017186375, 0.192006962382743 ], [ 40.285142964156542, 0.192100946004445 ], [ 40.284999047220673, 0.192218989917785 ], [ 40.284926997188563, 0.192261052921228 ], [ 40.28488800861895, 0.192306008732883 ], [ 40.284790984522871, 0.192362997016418 ], [ 40.284825042074338, 0.19246999253121 ], [ 40.284956938162559, 0.192585935189522 ], [ 40.28514588725551, 0.192743027444895 ], [ 40.285236991435731, 0.192805971157495 ], [ 40.285436990136446, 0.192945062944413 ], [ 40.285458012630833, 0.19293990568349 ], [ 40.28556994672568, 0.192826024887786 ], [ 40.285753033787699, 0.192688984348703 ], [ 40.285807026331604, 0.19265397783025 ], [ 40.285934054475987, 0.192552938936401 ], [ 40.286083992028452, 0.192437065387075 ], [ 40.286167000293005, 0.192369043264146 ], [ 40.286439022153509, 0.192121017297843 ], [ 40.286509095174949, 0.192073980612158 ], [ 40.286614027674396, 0.192032999639139 ], [ 40.286654990783262, 0.191972940340607 ], [ 40.287038953177763, 0.191698044099626 ], [ 40.287052068401934, 0.191669009514092 ], [ 40.286992935671599, 0.191448956913347 ], [ 40.286968943444172, 0.191388992989879 ], [ 40.286931024183843, 0.191303071827801 ], [ 40.286871981932286, 0.191079039393871 ], [ 40.286829028140943, 0.190962004653954 ], [ 40.286792008300665, 0.190888926430483 ], [ 40.286756968113977, 0.190857001973409 ], [ 40.286729024184645, 0.190816846016412 ] ] ], [ [ [ 40.282968006234086, 0.191170051415123 ], [ 40.282911046115629, 0.191170055700012 ], [ 40.28270405212082, 0.191190060786759 ], [ 40.282647992080619, 0.191212043523147 ], [ 40.28255204586943, 0.191267041814531 ], [ 40.282476942265774, 0.191326019259151 ], [ 40.282277949137764, 0.191421003450425 ], [ 40.282068984887424, 0.191514993451575 ], [ 40.281906017028078, 0.1915860065207 ], [ 40.281762902593869, 0.191637028577077 ], [ 40.281629942309586, 0.191710029305751 ], [ 40.281334018355636, 0.191922963591993 ], [ 40.281256939623816, 0.191989990404855 ], [ 40.281220016908762, 0.19202798053106 ], [ 40.281194956313762, 0.192099978192576 ], [ 40.281322012316238, 0.192357018552003 ], [ 40.281740003419934, 0.192982064806757 ], [ 40.281832994692678, 0.193047994235829 ], [ 40.281840990849155, 0.193058937214796 ], [ 40.281868930659478, 0.193043016739983 ], [ 40.281940890863268, 0.193000049180295 ], [ 40.28200512219324, 0.192928048558426 ], [ 40.28212101256814, 0.192853059161477 ], [ 40.282198990901293, 0.192790012087272 ], [ 40.282441014143004, 0.192653961892709 ], [ 40.282689957028118, 0.192526955322304 ], [ 40.282777997799684, 0.192472951633097 ], [ 40.283032948344996, 0.192197974292525 ], [ 40.283134009435393, 0.192058949983176 ], [ 40.283203975727389, 0.191783986681394 ], [ 40.283136029267602, 0.19143296781114 ], [ 40.283096039736137, 0.191296034513229 ], [ 40.283014008858494, 0.19121897975339 ], [ 40.282968006234086, 0.191170051415123 ] ] ], [ [ [ 40.297991999986273, 0.191635000359306 ], [ 40.297732000447368, 0.191580999976024 ], [ 40.297699000364887, 0.191710999610163 ], [ 40.297742000195051, 0.191820000053935 ], [ 40.297796999960944, 0.192003999615854 ], [ 40.297828999759503, 0.192155999803462 ], [ 40.297894000099987, 0.192231999764044 ], [ 40.298328000050823, 0.192308000409665 ], [ 40.298795000261521, 0.192459999776227 ], [ 40.299423999573051, 0.192709000276892 ], [ 40.299955999817499, 0.192959000325404 ], [ 40.300520000281907, 0.193283999551051 ], [ 40.300736999958573, 0.19335000021427 ], [ 40.300801999611835, 0.193252000235602 ], [ 40.300900000117906, 0.192894000197129 ], [ 40.300921999622901, 0.192741999675975 ], [ 40.300855999849752, 0.192471000407628 ], [ 40.300845999902677, 0.19237299988124 ], [ 40.300693999909143, 0.192231999625725 ], [ 40.299630000308071, 0.19191699967325 ], [ 40.299109999924831, 0.191776000300961 ], [ 40.298730000344875, 0.19171099959749 ], [ 40.297991999986273, 0.191635000359306 ] ] ], [ [ [ 40.279455999769112, 0.193089000182259 ], [ 40.279258999831825, 0.192963999957855 ], [ 40.27906200035941, 0.192748999722599 ], [ 40.278793999633244, 0.192534000291249 ], [ 40.278488999903765, 0.192104999638561 ], [ 40.278274000146084, 0.19167499987268 ], [ 40.277898999861364, 0.191048000039807 ], [ 40.277575999890253, 0.190851999932223 ], [ 40.277111000272519, 0.191013000414636 ], [ 40.276716999695779, 0.191120000288139 ], [ 40.276287999696564, 0.191263000307825 ], [ 40.275715000332013, 0.191585000127668 ], [ 40.275177999911257, 0.191782000109657 ], [ 40.274605000049341, 0.191979000145787 ], [ 40.274210999902834, 0.192194000045372 ], [ 40.273441999823874, 0.192803000385457 ], [ 40.273549000304975, 0.193052999670802 ], [ 40.27422900002874, 0.19307099960471 ], [ 40.2751240000647, 0.193053000220086 ], [ 40.275463999846721, 0.193196000397491 ], [ 40.276234000361406, 0.193518999827661 ], [ 40.27661000024537, 0.193661999842131 ], [ 40.276860000360237, 0.193644000225666 ], [ 40.277719999739915, 0.193536000425093 ], [ 40.278023999652163, 0.193411000142632 ], [ 40.27834600006576, 0.193321999611469 ], [ 40.278667999916294, 0.19321399998041 ], [ 40.278989999793211, 0.193179000202947 ], [ 40.279455999769112, 0.193089000182259 ] ] ], [ [ [ 40.287331022391015, 0.191610016723902 ], [ 40.287313052465223, 0.191597989119514 ], [ 40.287229054139992, 0.191642042883939 ], [ 40.287006167992679, 0.191785056006611 ], [ 40.286962867412576, 0.191825036442575 ], [ 40.286886954236493, 0.19186899915641 ], [ 40.286837004221262, 0.191897041582997 ], [ 40.286568033757469, 0.192100023983585 ], [ 40.286418994162048, 0.192209024118592 ], [ 40.286333022955546, 0.192303004750874 ], [ 40.286036023378763, 0.192528962797515 ], [ 40.285850960640232, 0.192678033338345 ], [ 40.285667876659694, 0.192856046002578 ], [ 40.285750002092108, 0.192996051230576 ], [ 40.286040943598174, 0.193442021755934 ], [ 40.286160987349199, 0.193653929226122 ], [ 40.286163953147238, 0.193665957968932 ], [ 40.28626304435253, 0.193606979596822 ], [ 40.286410016122808, 0.193480071303 ], [ 40.286647993984005, 0.193318967726256 ], [ 40.286947961771283, 0.193138956272829 ], [ 40.287118023570137, 0.193021995791019 ], [ 40.287310902349617, 0.192868040383077 ], [ 40.287538009410881, 0.192701962978409 ], [ 40.287713009959951, 0.192560944247445 ], [ 40.287767988502878, 0.192495908236932 ], [ 40.287788020143786, 0.192456924520416 ], [ 40.287775975877473, 0.192389995059122 ], [ 40.287697982206772, 0.192233980851827 ], [ 40.287578025702118, 0.191996929215444 ], [ 40.287455015090593, 0.191768018299008 ], [ 40.287379991570056, 0.191682008613995 ], [ 40.287331022391015, 0.191610016723902 ] ] ], [ [ [ 40.290269966052755, 0.192226006674994 ], [ 40.290236993294954, 0.192207015580647 ], [ 40.290170960259083, 0.192211995355305 ], [ 40.290056960550096, 0.192334015703773 ], [ 40.289897048812669, 0.192416063351463 ], [ 40.289467985333431, 0.19268698308999 ], [ 40.288918989946204, 0.193036962716252 ], [ 40.288773002557484, 0.193109964362888 ], [ 40.288742013975948, 0.193192001339755 ], [ 40.288670053609749, 0.193229994968257 ], [ 40.28865298349055, 0.193235965977975 ], [ 40.28851400747822, 0.193355003490988 ], [ 40.2885200304218, 0.193399050418208 ], [ 40.288667027387753, 0.193607971654252 ], [ 40.288820941847426, 0.193820960779473 ], [ 40.288956980173339, 0.194062081223441 ], [ 40.288991038201736, 0.194162926829957 ], [ 40.289019069054547, 0.194164010079086 ], [ 40.289112950407876, 0.194133974351762 ], [ 40.289177004001026, 0.194079068050259 ], [ 40.28927097101883, 0.193982011533222 ], [ 40.289458999833869, 0.193865049701175 ], [ 40.289773970445857, 0.193673008231215 ], [ 40.289859047629854, 0.193639988349777 ], [ 40.289949965190957, 0.193612937725673 ], [ 40.290196031763763, 0.193480053199113 ], [ 40.290344981986024, 0.193393032482942 ], [ 40.290585027536153, 0.193241967999067 ], [ 40.290704958084731, 0.193134960976622 ], [ 40.290788950162643, 0.193009957157172 ], [ 40.290818054987888, 0.192956049438686 ], [ 40.290824970874446, 0.192939044307905 ], [ 40.290771146302212, 0.192805006924271 ], [ 40.290617949810631, 0.192590931559558 ], [ 40.29050402298413, 0.192486927239114 ], [ 40.290421990633973, 0.19238807522699 ], [ 40.290390002114286, 0.192327026606948 ], [ 40.290269966052755, 0.192226006674994 ] ] ], [ [ [ 40.289476067030876, 0.192629006698292 ], [ 40.28964495939595, 0.192506981228022 ], [ 40.28992102925983, 0.192331041196665 ], [ 40.290029013032516, 0.192246013558223 ], [ 40.290115971488127, 0.19214000402068 ], [ 40.290157022722596, 0.192057965429388 ], [ 40.290137971969564, 0.191997910765721 ], [ 40.290017030809949, 0.191808072551657 ], [ 40.289927001278819, 0.191696016300474 ], [ 40.289869049052534, 0.191630989825152 ], [ 40.289765991100744, 0.191506995140666 ], [ 40.289641008351502, 0.191324031382502 ], [ 40.28959797078025, 0.191288036421321 ], [ 40.289534003942784, 0.191290031162442 ], [ 40.289428983218336, 0.191339061233254 ], [ 40.288822948245894, 0.191828061247219 ], [ 40.288653964218085, 0.191938961349493 ], [ 40.288369002143121, 0.192137965951951 ], [ 40.288103983795835, 0.19233606367328 ], [ 40.287978931904199, 0.192431042178105 ], [ 40.287948927151106, 0.192465957299286 ], [ 40.287950998542897, 0.192531983012869 ], [ 40.287894037778457, 0.192521947382019 ], [ 40.287673937760445, 0.192675995256522 ], [ 40.287416014644542, 0.192840989596787 ], [ 40.287330042300773, 0.192919050994329 ], [ 40.287170943506581, 0.193061064411385 ], [ 40.286891997545169, 0.193226874470672 ], [ 40.286708010797419, 0.19334600684076 ], [ 40.286446044648642, 0.193511996557834 ], [ 40.286319017471627, 0.193637002970144 ], [ 40.286215977901001, 0.193747988687325 ], [ 40.286350041531783, 0.19401298749667 ], [ 40.286500993509208, 0.194243976623689 ], [ 40.286667034593201, 0.194433992449524 ], [ 40.286785994203719, 0.194554006157189 ], [ 40.286907992863412, 0.194466987359698 ], [ 40.287128001587789, 0.194293945674311 ], [ 40.28725503293353, 0.19422501563629 ], [ 40.287388980760838, 0.194146949610229 ], [ 40.287487981089306, 0.194075127328818 ], [ 40.287608992104737, 0.193997063211688 ], [ 40.287784978010244, 0.193817964817971 ], [ 40.287971030574418, 0.193691958990248 ], [ 40.288473935718628, 0.193320004174519 ], [ 40.288591980073612, 0.193218875569628 ], [ 40.288670947535671, 0.193169937849172 ], [ 40.288788002622063, 0.193055966325565 ], [ 40.288898950650285, 0.192974013702018 ], [ 40.289154988875147, 0.192835972783144 ], [ 40.289354964876111, 0.19268898160424 ], [ 40.289476067030876, 0.192629006698292 ] ] ], [ [ [ 40.281731030264439, 0.193134016627545 ], [ 40.281690062353171, 0.193130944426556 ], [ 40.281663020330605, 0.193138001606173 ], [ 40.281421987197469, 0.193299015193653 ], [ 40.281335026631282, 0.193392996097422 ], [ 40.281201977192005, 0.193475041064556 ], [ 40.281119954815352, 0.193513035546872 ], [ 40.280936058876847, 0.193650980910045 ], [ 40.280887007949758, 0.193688971987254 ], [ 40.280803008970821, 0.193738995624819 ], [ 40.280753956841401, 0.193749038444909 ], [ 40.280727095620811, 0.193771019929992 ], [ 40.280718024538672, 0.193814977692968 ], [ 40.280762954983189, 0.19394205161756 ], [ 40.280773022548701, 0.19400699150375 ], [ 40.280760994098948, 0.194150983985505 ], [ 40.280961915799885, 0.194610347972517 ], [ 40.281008004307388, 0.19460537058297 ], [ 40.282157021437222, 0.193807993849191 ], [ 40.282103019721205, 0.193721983324679 ], [ 40.282044974887242, 0.19362294825719 ], [ 40.281946947911706, 0.193499043291203 ], [ 40.281861050203474, 0.193377036849876 ], [ 40.281754031420945, 0.193155993408426 ], [ 40.281731030264439, 0.193134016627545 ] ] ], [ [ [ 40.284376029245443, 0.192679953456879 ], [ 40.284301998783675, 0.19267100540617 ], [ 40.284131032173576, 0.192706020819778 ], [ 40.283761969834678, 0.192807982658903 ], [ 40.283206057720335, 0.193193960843965 ], [ 40.282714023140464, 0.193571975592466 ], [ 40.282613950026416, 0.193717964580478 ], [ 40.282545950571517, 0.193860966273207 ], [ 40.282497984606486, 0.19398904214325 ], [ 40.282514071367572, 0.194060041695181 ], [ 40.282763864956202, 0.194504025964937 ], [ 40.282918946926735, 0.194693952479883 ], [ 40.282952007978643, 0.194690965087292 ], [ 40.283189987719616, 0.19453890535057 ], [ 40.283520949429708, 0.194329948014961 ], [ 40.283586978494434, 0.194269977146936 ], [ 40.283921984942964, 0.194096022907914 ], [ 40.284004994606313, 0.194034059946093 ], [ 40.284087013783044, 0.19395500377465 ], [ 40.284309005201614, 0.19384699283987 ], [ 40.284494965265417, 0.193693943165787 ], [ 40.284560992802206, 0.193601953854242 ], [ 40.284793039117794, 0.193403043335918 ], [ 40.284826996039214, 0.193366048413914 ], [ 40.28484900549654, 0.193343073283712 ], [ 40.28485196715306, 0.193300020559294 ], [ 40.284851963917504, 0.193256968060784 ], [ 40.284774964814261, 0.193198002184523 ], [ 40.284625994324429, 0.193019924249786 ], [ 40.284376029245443, 0.192679953456879 ] ] ], [ [ [ 40.28454195567938, 0.194925009821491 ], [ 40.28482602095788, 0.194731974454276 ], [ 40.285187885722451, 0.194501036328683 ], [ 40.285575979719923, 0.194196924753175 ], [ 40.285533028036802, 0.194098069589316 ], [ 40.28542214677595, 0.193887970387025 ], [ 40.285392046502501, 0.193835966532397 ], [ 40.285255029639949, 0.193725993163056 ], [ 40.285113965594206, 0.193560939525435 ], [ 40.285030046446863, 0.193475925434612 ], [ 40.285006954195076, 0.193437035409604 ], [ 40.284979996782717, 0.19337399637375 ], [ 40.284958884051626, 0.193373997982831 ], [ 40.284941999012055, 0.193440025219084 ], [ 40.284902920765241, 0.193475030626188 ], [ 40.284633951004771, 0.193700987677229 ], [ 40.284385019741094, 0.193967009985062 ], [ 40.284008963935186, 0.194247966358489 ], [ 40.283937006685633, 0.194329011677088 ], [ 40.283911044335156, 0.194355966936839 ], [ 40.283920933665698, 0.194451930287194 ], [ 40.284070005254918, 0.194764955442192 ], [ 40.284111068272189, 0.194837942932627 ], [ 40.28413002647212, 0.194861005387528 ], [ 40.284182044633717, 0.194855031678562 ], [ 40.284250959163401, 0.194932991789156 ], [ 40.284360031372429, 0.194993039661995 ], [ 40.28454195567938, 0.194925009821491 ] ] ], [ [ [ 40.290975015183875, 0.193052000382535 ], [ 40.290930991032504, 0.193026949999751 ], [ 40.290860017144311, 0.193039980225832 ], [ 40.290782038957623, 0.193100946781916 ], [ 40.290682054315646, 0.193212023429749 ], [ 40.290580000522482, 0.193299040538326 ], [ 40.290283986319274, 0.193478056563864 ], [ 40.290074035132804, 0.193591944716235 ], [ 40.289861925769095, 0.193680960191763 ], [ 40.289759869680886, 0.193737949734737 ], [ 40.289651974790708, 0.193798014126633 ], [ 40.289501947146228, 0.193894984473602 ], [ 40.289452987928975, 0.193955135710405 ], [ 40.289348058065166, 0.194029037844951 ], [ 40.289264958444058, 0.194075081497171 ], [ 40.289104958806604, 0.194182997096549 ], [ 40.289149975690719, 0.194266023188996 ], [ 40.289206039360288, 0.1943059960047 ], [ 40.289408012569794, 0.194420034397317 ], [ 40.289446106301192, 0.194436040224725 ], [ 40.289554016449863, 0.19457703814012 ], [ 40.289609006667504, 0.194666937645908 ], [ 40.289655011555439, 0.194745984737773 ], [ 40.28972608490124, 0.194858946855166 ], [ 40.289803989601594, 0.195012970952389 ], [ 40.290089943808681, 0.194869048303604 ], [ 40.290367095734915, 0.194747014363415 ], [ 40.290525029579598, 0.194648958886479 ], [ 40.290616033470073, 0.194576051871659 ], [ 40.290690960318656, 0.194560037351654 ], [ 40.290850959139441, 0.194442987234392 ], [ 40.290927052070323, 0.194402008426459 ], [ 40.29098796308606, 0.194385994991022 ], [ 40.291104929600721, 0.194291017102512 ], [ 40.291312001068405, 0.194116982613715 ], [ 40.291417021364097, 0.194052033253925 ], [ 40.291519975152681, 0.193998029410736 ], [ 40.291561029415178, 0.193957053316277 ], [ 40.291586001025401, 0.193898985220246 ], [ 40.291575934732926, 0.193838929916248 ], [ 40.291458946725292, 0.193649996105758 ], [ 40.291371970672017, 0.193522020559207 ], [ 40.291281941403945, 0.193414034686477 ], [ 40.291169989046999, 0.193294020633799 ], [ 40.291111046530006, 0.193202855160994 ], [ 40.29102398404514, 0.193119921880071 ], [ 40.2910070025114, 0.193108979632405 ], [ 40.290975015183875, 0.193052000382535 ] ] ], [ [ [ 40.288499009679946, 0.193427090650219 ], [ 40.288470977465494, 0.193408008727093 ], [ 40.288234975327462, 0.193566941268331 ], [ 40.287628038827563, 0.194003031460785 ], [ 40.287557968049384, 0.194078920870312 ], [ 40.287485020953675, 0.194137988588678 ], [ 40.287370028875863, 0.194207008144729 ], [ 40.287271027799051, 0.194268971368735 ], [ 40.287050031776793, 0.194455037036634 ], [ 40.28696495480073, 0.19449203586998 ], [ 40.286864966703405, 0.194571003817444 ], [ 40.286798040201504, 0.194643004568527 ], [ 40.287255030663502, 0.195379023753962 ], [ 40.287323945066078, 0.195455988791602 ], [ 40.287372011882425, 0.195475069156192 ], [ 40.287587978139655, 0.19529895332096 ], [ 40.287780048027173, 0.195155037789014 ], [ 40.287851017517866, 0.195083036736893 ], [ 40.287942920479907, 0.195017003783498 ], [ 40.288053057536004, 0.194904027630917 ], [ 40.288221950818965, 0.194782001954662 ], [ 40.288428037715626, 0.194653914179689 ], [ 40.288532877920126, 0.194582091452734 ], [ 40.288693955259141, 0.194468025120315 ], [ 40.288845956418953, 0.194329992035028 ], [ 40.288935969278739, 0.194220002344474 ], [ 40.288940008519241, 0.1941699849489 ], [ 40.288918979234204, 0.194085057555033 ], [ 40.288858955874844, 0.193971009127985 ], [ 40.288796957510066, 0.193866004950694 ], [ 40.28872795153179, 0.193764982013093 ], [ 40.288686981091978, 0.193726997017967 ], [ 40.288646009668575, 0.193675989017498 ], [ 40.288499009679946, 0.193427090650219 ] ] ], [ [ [ 40.298209000128686, 0.192383999973684 ], [ 40.297894000381341, 0.192318999769449 ], [ 40.297839999871435, 0.192340000006742 ], [ 40.297872999595995, 0.192502999706018 ], [ 40.297992000427293, 0.193198000177261 ], [ 40.298034999791703, 0.19337100011444 ], [ 40.298197999782325, 0.193772999610852 ], [ 40.29839300031648, 0.194086999834657 ], [ 40.29857799961426, 0.194368999665683 ], [ 40.298750999689801, 0.194585999590832 ], [ 40.298849000022791, 0.194814000373384 ], [ 40.298902999919989, 0.195019999948091 ], [ 40.299206999917992, 0.195096000212799 ], [ 40.299435000230737, 0.195172000034174 ], [ 40.299673999555637, 0.195215999689507 ], [ 40.299857999735821, 0.195215999841441 ], [ 40.300031999789169, 0.195280999720188 ], [ 40.300227000080753, 0.195357000250533 ], [ 40.300390000376609, 0.195432999643204 ], [ 40.300725999762669, 0.195585000327388 ], [ 40.300824000032293, 0.195520000081691 ], [ 40.300921999894882, 0.195367999940385 ], [ 40.300910999862019, 0.195117999773786 ], [ 40.300922000195733, 0.194869000076379 ], [ 40.300932000003407, 0.194413000104396 ], [ 40.300889000031738, 0.194174000186585 ], [ 40.30076999988853, 0.193892000043423 ], [ 40.30073700039766, 0.193685999885243 ], [ 40.300585000374419, 0.193534000119019 ], [ 40.30035699983781, 0.193381999863605 ], [ 40.300130000101419, 0.193240999990204 ], [ 40.299967000001516, 0.193143000367675 ], [ 40.299564999591936, 0.19291599986368 ], [ 40.299283000403591, 0.192774000126474 ], [ 40.298978999833032, 0.192676999872493 ], [ 40.298676000159411, 0.192556999955147 ], [ 40.298209000128686, 0.192383999973684 ] ] ], [ [ [ 40.282292151311132, 0.193912810944824 ], [ 40.282252439940798, 0.19389246355619 ], [ 40.282056781276175, 0.194122122807578 ], [ 40.281932714720703, 0.194193404424475 ], [ 40.28180047508814, 0.194290645013263 ], [ 40.281666441824299, 0.194431390552542 ], [ 40.281345713212851, 0.194520866843082 ], [ 40.281209338157666, 0.194584822956466 ], [ 40.280930476404457, 0.194684426512492 ], [ 40.280810720836328, 0.194735266971015 ], [ 40.280750980179455, 0.194786012390963 ], [ 40.280448693463974, 0.19520100559434 ], [ 40.280309310724824, 0.195886513537748 ], [ 40.280314253361951, 0.195901527017378 ], [ 40.280363396537936, 0.195907221611011 ], [ 40.280674420806726, 0.195790792569509 ], [ 40.281348479273795, 0.195455906179341 ], [ 40.281690135375953, 0.195292985202247 ], [ 40.282281453607354, 0.195022413747835 ], [ 40.282561388496894, 0.194858773998477 ], [ 40.282818147422297, 0.194738188589025 ], [ 40.282813382065314, 0.194691156607768 ], [ 40.282292151311132, 0.193912810944824 ] ] ], [ [ [ 40.291567954901318, 0.194054916051316 ], [ 40.291535970443817, 0.194036015367217 ], [ 40.291411005837453, 0.194105940102498 ], [ 40.291078971057196, 0.194366994389452 ], [ 40.290987966431622, 0.194430042335185 ], [ 40.290869019977563, 0.194480973039704 ], [ 40.290689976354216, 0.194617018225094 ], [ 40.290418938251911, 0.194795942023256 ], [ 40.290293972011135, 0.194844973765937 ], [ 40.290131996113352, 0.19495596483359 ], [ 40.289923934234935, 0.195103046325219 ], [ 40.289880005294194, 0.195148996530806 ], [ 40.29008701906622, 0.195395990558584 ], [ 40.290158992949266, 0.195535996223244 ], [ 40.290237972390344, 0.195645068330059 ], [ 40.290285055132209, 0.195720045047703 ], [ 40.290459004713192, 0.195939002040586 ], [ 40.290499974785639, 0.195972012217503 ], [ 40.290529982590471, 0.195977979591299 ], [ 40.290924996462508, 0.195723069862872 ], [ 40.291088049499372, 0.195600050648387 ], [ 40.291317943153103, 0.195459026724252 ], [ 40.291698941550926, 0.195209907924962 ], [ 40.291826059577836, 0.195102989838372 ], [ 40.29193799348716, 0.194992003590595 ], [ 40.292014979180813, 0.194876949802286 ], [ 40.292054951017633, 0.194779987966792 ], [ 40.29205601698343, 0.194620078671293 ], [ 40.29204792476876, 0.194539038836657 ], [ 40.291806049589546, 0.194245016363326 ], [ 40.291567954901318, 0.194054916051316 ] ] ], [ [ [ 40.299468000373928, 0.195303000293338 ], [ 40.298979000247577, 0.195216000394932 ], [ 40.299001000074291, 0.195291999964736 ], [ 40.299055000169595, 0.195464999841284 ], [ 40.299131000297059, 0.195692999561952 ], [ 40.299153000213352, 0.195910000276645 ], [ 40.29932699965476, 0.196106000252876 ], [ 40.299674000345668, 0.195997000241892 ], [ 40.299869000136859, 0.19585600017233 ], [ 40.300226999908624, 0.195529999725628 ], [ 40.299837000381501, 0.195356999877924 ], [ 40.299468000373928, 0.195303000293338 ] ] ], [ [ [ 40.281133000415657, 0.193357999926482 ], [ 40.281293999703784, 0.193177999630991 ], [ 40.280416999662371, 0.193268000101438 ], [ 40.280023000180954, 0.193285999782829 ], [ 40.279199999870819, 0.19339299994808 ], [ 40.278914000266973, 0.193465000296202 ], [ 40.278502000385252, 0.193572000071643 ], [ 40.278144000336304, 0.193643999582187 ], [ 40.277928999584582, 0.193733000172837 ], [ 40.277732000330467, 0.193786999595316 ], [ 40.277518000051167, 0.193895000160387 ], [ 40.277269975518237, 0.194030375455841 ], [ 40.27810799964255, 0.196365000165778 ], [ 40.278717000001294, 0.196220999583214 ], [ 40.279324999840419, 0.196059999871632 ], [ 40.27991599991671, 0.195934999877341 ], [ 40.280288754539349, 0.195809491186178 ], [ 40.28036400034533, 0.195504999552809 ], [ 40.280381999859365, 0.195183000226436 ], [ 40.280434999587243, 0.194861000035012 ], [ 40.280471000182118, 0.194593000033658 ], [ 40.280489000219859, 0.19418099988362 ], [ 40.28054299959085, 0.193841000024211 ], [ 40.280613999946354, 0.193661999653615 ], [ 40.280883000216491, 0.193501000147262 ], [ 40.281133000415657, 0.193357999926482 ] ] ], [ [ [ 40.289132010827835, 0.194308986544848 ], [ 40.289025003160219, 0.194233020319022 ], [ 40.289000028102748, 0.194245955693636 ], [ 40.288910013580512, 0.194333966917501 ], [ 40.288827005994293, 0.194409044151046 ], [ 40.288505031082252, 0.194638079490038 ], [ 40.288378002627859, 0.194744093160629 ], [ 40.288306044616171, 0.194813018963139 ], [ 40.288105978163173, 0.194951960305214 ], [ 40.287929988471454, 0.195080045797375 ], [ 40.287662006947897, 0.195298947610999 ], [ 40.287488984791295, 0.195462036212599 ], [ 40.287394028297371, 0.195543987746531 ], [ 40.287392953587428, 0.195589030187993 ], [ 40.287550017826931, 0.195866960451894 ], [ 40.287667991856232, 0.196021977414333 ], [ 40.287746971762175, 0.196136024381879 ], [ 40.287882023205512, 0.19639197780323 ], [ 40.287974015057415, 0.196313824480811 ], [ 40.288336956532824, 0.196072032252655 ], [ 40.288541962091898, 0.1959028819271 ], [ 40.288726040070678, 0.195805004296787 ], [ 40.288842019206093, 0.195721061260216 ], [ 40.289079999440297, 0.195584015504235 ], [ 40.289229937901155, 0.195495999608652 ], [ 40.289293005219569, 0.19546795611662 ], [ 40.289399097714288, 0.195335986699413 ], [ 40.289667973833168, 0.195080997172593 ], [ 40.289716932657477, 0.195016052970304 ], [ 40.289685036025517, 0.194971013113252 ], [ 40.28962195699615, 0.194845025572781 ], [ 40.289594997816806, 0.194746983406916 ], [ 40.289485018805948, 0.194585997101658 ], [ 40.289318982109812, 0.194451968307273 ], [ 40.289132010827835, 0.194308986544848 ] ] ], [ [ [ 40.285711032864647, 0.194477027812941 ], [ 40.285670058436615, 0.194387036627228 ], [ 40.285629001283382, 0.19440304855505 ], [ 40.285232009502892, 0.194642039400198 ], [ 40.285037958931397, 0.194746972925175 ], [ 40.284636922309595, 0.194975019698175 ], [ 40.284241998213879, 0.195243947766601 ], [ 40.283744037809612, 0.195668000620204 ], [ 40.283705048807285, 0.195695047349377 ], [ 40.283685020891284, 0.195782962934771 ], [ 40.28379204109649, 0.196032044761877 ], [ 40.284150002729213, 0.196456936125373 ], [ 40.284303985959475, 0.19637597395322 ], [ 40.284737991221213, 0.196112017456726 ], [ 40.284977947620341, 0.195964027775853 ], [ 40.285183045243876, 0.19581993016945 ], [ 40.285318966946953, 0.195705052433477 ], [ 40.285467913461133, 0.195565933954038 ], [ 40.285581018560222, 0.195493025084572 ], [ 40.285707959426816, 0.195414960397941 ], [ 40.285948990860774, 0.195226993569021 ], [ 40.286035050544129, 0.195116009088696 ], [ 40.286030014357564, 0.195052063005091 ], [ 40.285971961720762, 0.194850009895842 ], [ 40.285915980781098, 0.194728996368767 ], [ 40.285846975539691, 0.19463900734673 ], [ 40.285773029347837, 0.194556073813675 ], [ 40.285711032864647, 0.194477027812941 ] ] ], [ [ [ 40.297677000142947, 0.193257000364555 ], [ 40.297547000423499, 0.193095000350812 ], [ 40.297363000132535, 0.192704000098463 ], [ 40.297021007979417, 0.192196006025666 ], [ 40.296724950601195, 0.191792096127824 ], [ 40.29635098938666, 0.191240039783895 ], [ 40.295436052183668, 0.190126986470466 ], [ 40.292576994618983, 0.192075960872561 ], [ 40.29188309430387, 0.192544978730586 ], [ 40.292208999642739, 0.193245999871425 ], [ 40.292642999564428, 0.193854000117782 ], [ 40.293271999714712, 0.194623999912922 ], [ 40.294303000025863, 0.196187000177508 ], [ 40.294704000392805, 0.19648000030088 ], [ 40.295474999621554, 0.196209000326153 ], [ 40.296092999793949, 0.195969999980006 ], [ 40.296722000363758, 0.195296999922765 ], [ 40.297600999578052, 0.194473000250434 ], [ 40.297948999617837, 0.194093000213458 ], [ 40.29794900023419, 0.193994999710591 ], [ 40.29806800011594, 0.193789000252605 ], [ 40.297828999789694, 0.193355000033425 ], [ 40.297677000142947, 0.193257000364555 ] ], [ [ 40.296100999611774, 0.192943162944858 ], [ 40.296240968902246, 0.192896029661692 ], [ 40.29608765754103, 0.192953543990041 ], [ 40.295590002712117, 0.193217977898291 ], [ 40.296100999611774, 0.192943162944858 ] ] ], [ [ [ 40.292303996459331, 0.194845994497965 ], [ 40.292241017595913, 0.194843014513108 ], [ 40.292155041822092, 0.194872959186542 ], [ 40.291975010401366, 0.195013979168916 ], [ 40.291793004845061, 0.195199046652433 ], [ 40.291540922922941, 0.195372995140754 ], [ 40.29116800889053, 0.195611982950238 ], [ 40.290835972723471, 0.195842014005446 ], [ 40.290620992493004, 0.195984031777848 ], [ 40.290620006717901, 0.196016954757113 ], [ 40.290704019869537, 0.196157049887264 ], [ 40.290798997909675, 0.196369953702921 ], [ 40.290876991689473, 0.196513034129142 ], [ 40.290992000591714, 0.19666596980999 ], [ 40.291097034915204, 0.196783994361412 ], [ 40.29112192481066, 0.19684404850961 ], [ 40.291199016145043, 0.196934941131138 ], [ 40.291284003024863, 0.196896947313093 ], [ 40.291388035209948, 0.196835074118606 ], [ 40.291506976293867, 0.196715042233032 ], [ 40.291665985836005, 0.196586957188675 ], [ 40.291900008038489, 0.196390942006967 ], [ 40.29206997639664, 0.196245128857549 ], [ 40.292325022474515, 0.196063040488572 ], [ 40.292692006741007, 0.195826946650367 ], [ 40.292888032320974, 0.195710074630477 ], [ 40.292914980929332, 0.195658065633715 ], [ 40.2929330334266, 0.195586973295859 ], [ 40.292835002323017, 0.195405997803845 ], [ 40.292573990633535, 0.195107002250069 ], [ 40.29242699622165, 0.194931005242524 ], [ 40.292370031497953, 0.19486796783295 ], [ 40.292303996459331, 0.194845994497965 ] ] ], [ [ [ 40.282883915908251, 0.194796521277146 ], [ 40.282838453862809, 0.194768577428679 ], [ 40.282576574840171, 0.194891604486883 ], [ 40.282299604733687, 0.19505370635629 ], [ 40.281704961455716, 0.195325907082586 ], [ 40.281363844408759, 0.195488556671006 ], [ 40.280690325007583, 0.195823261221679 ], [ 40.280346959125524, 0.195951994007886 ], [ 40.280326569147547, 0.196005087240673 ], [ 40.280326569312415, 0.196007258049936 ], [ 40.280788330685972, 0.196845483974016 ], [ 40.280841250554381, 0.196881206872834 ], [ 40.281212847494203, 0.197022365704839 ], [ 40.281273400835815, 0.19702561632464 ], [ 40.281777387099588, 0.196678352023151 ], [ 40.282109064305523, 0.196425618118461 ], [ 40.282433376830646, 0.196207888207604 ], [ 40.282810692665407, 0.195954608195708 ], [ 40.283051726004508, 0.195788076957209 ], [ 40.283378913907427, 0.195575863531031 ], [ 40.283372620958232, 0.195526118171131 ], [ 40.282883915908251, 0.194796521277146 ] ] ], [ [ [ 40.297297999924275, 0.196289999691914 ], [ 40.297656000348788, 0.196236000350011 ], [ 40.297937999788907, 0.196236000029807 ], [ 40.298501999573141, 0.19621400018994 ], [ 40.298773000173014, 0.196203000221737 ], [ 40.298968000122706, 0.196203000355903 ], [ 40.299142000124533, 0.196138000442707 ], [ 40.29896900041107, 0.195833999790427 ], [ 40.298936000418252, 0.195681999799456 ], [ 40.298837999741927, 0.195356999869954 ], [ 40.298741000117928, 0.195151000021833 ], [ 40.29866499956912, 0.194998999729609 ], [ 40.298643000218213, 0.194846999759228 ], [ 40.298544999762676, 0.194640999951755 ], [ 40.298372000213043, 0.194337000021774 ], [ 40.298296000235439, 0.194238999987203 ], [ 40.298209000296644, 0.194055000272076 ], [ 40.296884999587263, 0.195368000299597 ], [ 40.29669000036197, 0.195520000064338 ], [ 40.296299000037529, 0.195975000276931 ], [ 40.296093000239317, 0.19611599956284 ], [ 40.295810999762324, 0.196257000275229 ], [ 40.296006000432314, 0.196485000031735 ], [ 40.296202000388561, 0.196831999977662 ], [ 40.296343000020023, 0.197038999624757 ], [ 40.296613999792278, 0.197049000229207 ], [ 40.296733000396721, 0.197016999713189 ], [ 40.296777000408269, 0.196799999961543 ], [ 40.296884999878408, 0.196539999902736 ], [ 40.297036999877129, 0.196442000143523 ], [ 40.297297999924275, 0.196289999691914 ] ] ], [ [ [ 40.289374949991526, 0.196768029263128 ], [ 40.289852972264207, 0.196447991548418 ], [ 40.290367019601653, 0.19610398369579 ], [ 40.290442930844769, 0.196036957047766 ], [ 40.290392972824847, 0.195958995713279 ], [ 40.290251904504366, 0.195737051317183 ], [ 40.290138963592923, 0.195604013487606 ], [ 40.290039943651415, 0.195416977703258 ], [ 40.289857012098942, 0.195230943335524 ], [ 40.28954500485473, 0.195389972303059 ], [ 40.289283043255459, 0.195610048516389 ], [ 40.288852007439161, 0.195923027382963 ], [ 40.288620046126198, 0.196051026799781 ], [ 40.288421952776865, 0.196155056144026 ], [ 40.288222063790165, 0.196264059492739 ], [ 40.288103928118694, 0.196344928338439 ], [ 40.288064942256419, 0.196411952181715 ], [ 40.288064946314968, 0.196464954137673 ], [ 40.288091992710335, 0.196515963187115 ], [ 40.288107896091972, 0.196538030874662 ], [ 40.288114993857832, 0.196538030323518 ], [ 40.288139969214519, 0.196528984277779 ], [ 40.288168986170035, 0.196512973260079 ], [ 40.288190997329629, 0.196512971551033 ], [ 40.288237987219496, 0.196547970284151 ], [ 40.288592099760479, 0.197152035430188 ], [ 40.288634960472322, 0.197235061655828 ], [ 40.288995031760628, 0.197046996009885 ], [ 40.289374949991526, 0.196768029263128 ] ] ], [ [ [ 40.274435389717581, 0.197260001678058 ], [ 40.275007388996116, 0.197152002087118 ], [ 40.275365389561813, 0.197152001616507 ], [ 40.276064389630882, 0.197242002058354 ], [ 40.276457389386074, 0.19724200156303 ], [ 40.276780389425802, 0.197170001525752 ], [ 40.277424389069509, 0.197045001671229 ], [ 40.2779253898007, 0.196758001624902 ], [ 40.278068389463556, 0.196436001404645 ], [ 40.277227389319123, 0.194038001860857 ], [ 40.275795389578576, 0.193590001452227 ], [ 40.275294389784143, 0.193358002038599 ], [ 40.274856389415589, 0.193412001595231 ], [ 40.273683389114403, 0.194897001858167 ], [ 40.273611389495279, 0.195756001549939 ], [ 40.273987389320922, 0.196651001494923 ], [ 40.274435389717581, 0.197260001678058 ] ] ], [ [ [ 40.285997966961759, 0.195400104216327 ], [ 40.285974966187403, 0.19538301180839 ], [ 40.28593399917478, 0.195390974582014 ], [ 40.285699971037538, 0.195517979264192 ], [ 40.285597020375278, 0.195616122050189 ], [ 40.285506015315228, 0.195676005294891 ], [ 40.285270016413477, 0.195879980587118 ], [ 40.285041022305236, 0.196042983232148 ], [ 40.284676014730195, 0.196296081232917 ], [ 40.284280014208264, 0.196585993139286 ], [ 40.284266001096263, 0.19662199251821 ], [ 40.284370957275911, 0.19688997760537 ], [ 40.284560997427462, 0.197211049444698 ], [ 40.284663966347622, 0.197351052072237 ], [ 40.284727936012757, 0.197384060527233 ], [ 40.284761986697418, 0.197387042736312 ], [ 40.284801965430354, 0.19737908000657 ], [ 40.284978944697656, 0.197253979010536 ], [ 40.28524405160185, 0.197050000405981 ], [ 40.285443041597361, 0.196930957904726 ], [ 40.285631071983971, 0.196820054979133 ], [ 40.28578801688051, 0.196710059885845 ], [ 40.285905071135659, 0.196584962716414 ], [ 40.286147990529102, 0.196414000275819 ], [ 40.286261993862645, 0.196338920509723 ], [ 40.28643304008223, 0.196172033027993 ], [ 40.286487029154642, 0.196104013036236 ], [ 40.286487026254619, 0.196066025774999 ], [ 40.286465009047802, 0.195986976744535 ], [ 40.286330141930151, 0.195791984740406 ], [ 40.286123038244774, 0.195547975194771 ], [ 40.285997966961759, 0.195400104216327 ] ] ], [ [ [ 40.283442885263383, 0.195631121011339 ], [ 40.283398950791963, 0.195605890576225 ], [ 40.28307212226121, 0.195817922172195 ], [ 40.282830640618236, 0.195984724797954 ], [ 40.282453323890557, 0.196238004812847 ], [ 40.282130718335374, 0.196454469194318 ], [ 40.281797603684986, 0.196708198165904 ], [ 40.281300714847582, 0.197050668052818 ], [ 40.281298562747054, 0.197105479324068 ], [ 40.28158961749763, 0.197852999909 ], [ 40.28159231302547, 0.197855170507567 ], [ 40.28164621996639, 0.197874883584496 ], [ 40.28208499071426, 0.197653977896687 ], [ 40.282751147038866, 0.197381952905365 ], [ 40.283225221241864, 0.197111661488055 ], [ 40.283463281844007, 0.196843920151373 ], [ 40.283465168429409, 0.196841749198569 ], [ 40.283872470294746, 0.196310976304175 ], [ 40.283861236324775, 0.196255805226681 ], [ 40.283442885263383, 0.195631121011339 ] ] ], [ [ [ 40.290520016740174, 0.19605703006703 ], [ 40.290483989545059, 0.196054048012064 ], [ 40.290343935073004, 0.196166031494506 ], [ 40.29001495548885, 0.19643296515594 ], [ 40.289690014082765, 0.196637037588038 ], [ 40.289322940390619, 0.196884076222953 ], [ 40.289112992536104, 0.197041017114877 ], [ 40.289015970537015, 0.197121973874743 ], [ 40.288895947811326, 0.197198049033505 ], [ 40.288751937249486, 0.197273040668144 ], [ 40.288710972288627, 0.197307051286687 ], [ 40.288707021490794, 0.197338075070614 ], [ 40.288814036234442, 0.197515974803087 ], [ 40.288868943913933, 0.197699034246886 ], [ 40.289057984271977, 0.197873039085627 ], [ 40.289152059313032, 0.198012952560337 ], [ 40.289395976260117, 0.197978925141323 ], [ 40.289806091356901, 0.197829023625516 ], [ 40.289882991031277, 0.197763986737176 ], [ 40.290408990262947, 0.197465924491589 ], [ 40.290728005584384, 0.197300020557614 ], [ 40.290893931101458, 0.197156016607278 ], [ 40.291053929437872, 0.197034082033173 ], [ 40.29113397242309, 0.196952945754318 ], [ 40.291100004056851, 0.196851014868593 ], [ 40.291037019770606, 0.196778029337814 ], [ 40.290961006801297, 0.19669003102116 ], [ 40.290873043341207, 0.196575984930453 ], [ 40.29076099678727, 0.196389945206121 ], [ 40.290716965544327, 0.196273001280665 ], [ 40.290573025539388, 0.196095103603344 ], [ 40.290520016740174, 0.19605703006703 ] ] ], [ [ [ 40.286635997175779, 0.196236053318444 ], [ 40.286551004483599, 0.196212001060724 ], [ 40.286482994444412, 0.196213001278276 ], [ 40.286341056015331, 0.196352933257663 ], [ 40.286125002599334, 0.19656495707699 ], [ 40.285698996179399, 0.196870971358519 ], [ 40.28543999381499, 0.197010008002561 ], [ 40.285266066774156, 0.197102005758304 ], [ 40.285074986242385, 0.197273055635143 ], [ 40.28499296971497, 0.197385034863325 ], [ 40.284900990426479, 0.197627982275884 ], [ 40.284894975563077, 0.197690028884792 ], [ 40.285218979448011, 0.19813798635696 ], [ 40.285439004987651, 0.19817197663811 ], [ 40.285554003252031, 0.198183002577003 ], [ 40.285606020794901, 0.198181008607659 ], [ 40.28566899965616, 0.198169968761916 ], [ 40.285795940569344, 0.198105018316917 ], [ 40.286047041839048, 0.198023958950595 ], [ 40.286119001851795, 0.197980990398162 ], [ 40.286250971072924, 0.197877057361197 ], [ 40.286408995315526, 0.197772035994248 ], [ 40.286957000583449, 0.197397001368412 ], [ 40.28699292825312, 0.197285025806195 ], [ 40.287052028684087, 0.197077988956385 ], [ 40.287038994303074, 0.196988990642838 ], [ 40.286957037548433, 0.19670797925098 ], [ 40.286867002184259, 0.19652401786423 ], [ 40.286729976078014, 0.196294022783229 ], [ 40.286635997175779, 0.196236053318444 ] ] ], [ [ [ 40.283932578906082, 0.196362255145094 ], [ 40.283893496492723, 0.196342450464772 ], [ 40.283489966847171, 0.196868067402321 ], [ 40.283242833332807, 0.197143135011253 ], [ 40.282764625511589, 0.197415508015554 ], [ 40.28210107461809, 0.197686356957997 ], [ 40.281639305246628, 0.197918841178732 ], [ 40.281635625593047, 0.197971029502428 ], [ 40.281715690927165, 0.198176699198361 ], [ 40.28239826336641, 0.198750349730058 ], [ 40.282451181723061, 0.198766445748456 ], [ 40.283448282863709, 0.198071284524343 ], [ 40.283511078567834, 0.198026145845814 ], [ 40.284088201338619, 0.19775349463506 ], [ 40.284089009918397, 0.197753132771062 ], [ 40.284637022100583, 0.197460947583311 ], [ 40.284632616845975, 0.197412287509297 ], [ 40.284568461405811, 0.197311715455 ], [ 40.283932578906082, 0.196362255145094 ] ] ], [ [ [ 40.291316005360812, 0.197135995109219 ], [ 40.291217979941486, 0.197030993932508 ], [ 40.291021056957057, 0.197151031932697 ], [ 40.290793949467435, 0.197304084752734 ], [ 40.290520034547988, 0.197457956210372 ], [ 40.290354014805331, 0.197557008349791 ], [ 40.290035991578577, 0.197760989914028 ], [ 40.28965292273385, 0.197970946320726 ], [ 40.289265002569884, 0.19817402895709 ], [ 40.289311013689399, 0.198332035286228 ], [ 40.289863953596566, 0.19903801783925 ], [ 40.28994597709162, 0.199019017775395 ], [ 40.290006975294069, 0.198957056502579 ], [ 40.290222945801972, 0.198853026483025 ], [ 40.290736004504772, 0.198508927808596 ], [ 40.290835991870281, 0.198423990102572 ], [ 40.291023924641159, 0.198219023765657 ], [ 40.29122605480552, 0.198049963183926 ], [ 40.291701023082879, 0.197746025743944 ], [ 40.291771007563867, 0.197718977526219 ], [ 40.29179301699493, 0.197696997361893 ], [ 40.291791035533109, 0.197633955691497 ], [ 40.291765967329326, 0.197591990673293 ], [ 40.291646018683835, 0.197461938414675 ], [ 40.291536046787243, 0.197383077342115 ], [ 40.291423013848849, 0.197234030021521 ], [ 40.291316005360812, 0.197135995109219 ] ] ], [ [ [ 40.28734000529461, 0.197526943844975 ], [ 40.287112965374249, 0.197395000216237 ], [ 40.287074962820682, 0.197397082626549 ], [ 40.286787034158714, 0.197583967849629 ], [ 40.286546989460057, 0.197737022820318 ], [ 40.286388965225754, 0.197842043276193 ], [ 40.286317008278075, 0.197913049565884 ], [ 40.286248014235888, 0.197969946304881 ], [ 40.286097984051338, 0.198046928412904 ], [ 40.285936003264553, 0.198096957306744 ], [ 40.285618962519315, 0.198233014651435 ], [ 40.285497049494204, 0.19826504174355 ], [ 40.285417991815535, 0.198297970893941 ], [ 40.285392929442878, 0.19834401019949 ], [ 40.28537900721286, 0.198393033491411 ], [ 40.285404977922276, 0.198475066179014 ], [ 40.285509025073743, 0.198603945052844 ], [ 40.285569041549564, 0.19863695286707 ], [ 40.285687914214854, 0.198790974812784 ], [ 40.285766986500292, 0.198946988865654 ], [ 40.285974002047396, 0.199208001908758 ], [ 40.286136963597023, 0.199060922537732 ], [ 40.286302979893001, 0.198914023844564 ], [ 40.286605099770284, 0.198682999459817 ], [ 40.286822954069713, 0.198524972287107 ], [ 40.286972979825521, 0.198403038250923 ], [ 40.28703397742467, 0.198332032820918 ], [ 40.287204019994348, 0.197980001121793 ], [ 40.287274983196504, 0.197827050720494 ], [ 40.287326994054055, 0.197727102873831 ], [ 40.287356005741309, 0.197630955731602 ], [ 40.28734000529461, 0.197526943844975 ] ] ], [ [ [ 40.288189001674546, 0.198587001700984 ], [ 40.287801027960278, 0.19811200709958 ], [ 40.287620988303097, 0.198149013480247 ], [ 40.287146009100447, 0.198321984987702 ], [ 40.286026020251064, 0.199203023061265 ], [ 40.286002934018981, 0.199242911597716 ], [ 40.286013988011973, 0.199281983399612 ], [ 40.286074011463889, 0.199404895956373 ], [ 40.286469976646217, 0.199824085053383 ], [ 40.287055998570651, 0.199619991444921 ], [ 40.287712073017381, 0.19911995044166 ], [ 40.287983019657297, 0.198919047567749 ], [ 40.288169066586924, 0.198723034799759 ], [ 40.288189001674546, 0.198587001700984 ] ] ], [ [ [ 40.285192847107268, 0.198290119326018 ], [ 40.284676374955787, 0.197480842668018 ], [ 40.284104195389716, 0.197785873675255 ], [ 40.283532013894401, 0.19805563009818 ], [ 40.283469038507526, 0.198100858336929 ], [ 40.282475081794864, 0.198793758064553 ], [ 40.282480656149858, 0.198844860244933 ], [ 40.283200827639639, 0.199993659092627 ], [ 40.28323613651137, 0.200012378617413 ], [ 40.283398997968938, 0.199731166736917 ], [ 40.283626185100196, 0.199438463559918 ], [ 40.284284153195401, 0.199002819778124 ], [ 40.285198870687708, 0.198341311867027 ], [ 40.285192847107268, 0.198290119326018 ] ] ], [ [ [ 40.285260865485263, 0.198396659835614 ], [ 40.285218278714865, 0.198371791166797 ], [ 40.284304549478662, 0.199032575405452 ], [ 40.283650893750803, 0.199465414895245 ], [ 40.283428917148214, 0.199751605242519 ], [ 40.283184489746304, 0.200173287408803 ], [ 40.283197072593111, 0.200231172790614 ], [ 40.283527910925272, 0.200761707211479 ], [ 40.283577233744481, 0.200755733595204 ], [ 40.283736514889533, 0.200649084664915 ], [ 40.284509024105823, 0.200124251233241 ], [ 40.28491311019404, 0.199843924979027 ], [ 40.285240753990806, 0.199724238062648 ], [ 40.285741054220182, 0.19934956843306 ], [ 40.285739163275409, 0.199295482079143 ], [ 40.285422061033842, 0.198648722905307 ], [ 40.285260865485263, 0.198396659835614 ] ] ], [ [ [ 40.288382083129925, 0.198746172393985 ], [ 40.288338418520588, 0.19872464960369 ], [ 40.28782527740443, 0.199171134496939 ], [ 40.286998779799156, 0.199759102856215 ], [ 40.286612655115476, 0.199948257354011 ], [ 40.286585615556504, 0.199986156297232 ], [ 40.287277649703093, 0.20092584243312 ], [ 40.287322662165998, 0.200949083642917 ], [ 40.288902710321686, 0.199830224561744 ], [ 40.288929568608388, 0.199783913807889 ], [ 40.288508054830352, 0.19891783044919 ], [ 40.288382083129925, 0.198746172393985 ] ] ], [ [ [ 40.281151000012621, 0.199317999665027 ], [ 40.281401999701231, 0.199300000283775 ], [ 40.281563000115945, 0.199371999712085 ], [ 40.281617000363767, 0.199622000222314 ], [ 40.281777999570807, 0.199748000281194 ], [ 40.282081999788154, 0.199694000174072 ], [ 40.282333000191343, 0.199639999713399 ], [ 40.282475999858214, 0.199640000242708 ], [ 40.281330000108042, 0.198190000118104 ], [ 40.28097200019382, 0.197742999687548 ], [ 40.280686000102662, 0.197242000097013 ], [ 40.280489000369961, 0.197062999582645 ], [ 40.280255999658323, 0.196991000109858 ], [ 40.279791000264275, 0.19706300022516 ], [ 40.279629999736223, 0.197331000062935 ], [ 40.279414999847518, 0.197546000174518 ], [ 40.279110999982976, 0.197831999958597 ], [ 40.278895999661898, 0.198064999786471 ], [ 40.278645000333391, 0.198207999733544 ], [ 40.278483999920383, 0.198207999584963 ], [ 40.278019000306756, 0.198047000419148 ], [ 40.277804000104979, 0.197743000394493 ], [ 40.277391999574483, 0.197349000131945 ], [ 40.277016000159428, 0.197403000112039 ], [ 40.276765999556012, 0.197403000445585 ], [ 40.276444000319543, 0.197474000052255 ], [ 40.276138999774886, 0.197403000060524 ], [ 40.275852999760623, 0.197403000448249 ], [ 40.27495800011426, 0.197331000351359 ], [ 40.274545999619448, 0.197366999816987 ], [ 40.27436700040397, 0.197653000328223 ], [ 40.27433099993366, 0.197815000133035 ], [ 40.274438999887501, 0.198334000013146 ], [ 40.274688999900114, 0.19908499999083 ], [ 40.275334000029325, 0.200231000023331 ], [ 40.275619999811909, 0.200517000360492 ], [ 40.275978000256771, 0.200874999932339 ], [ 40.276318000426194, 0.201144000207074 ], [ 40.276639999878107, 0.201180000385481 ], [ 40.276980999725893, 0.201179999749886 ], [ 40.277642999857704, 0.20108999999547 ], [ 40.278198000368818, 0.200911000011001 ], [ 40.278823999659174, 0.200678000105295 ], [ 40.279522000336883, 0.200355999557858 ], [ 40.279629999967476, 0.200159000018883 ], [ 40.280256000027009, 0.199800999744453 ], [ 40.281151000012621, 0.199317999665027 ] ] ], [ [ [ 40.285837905122513, 0.199378323074841 ], [ 40.285795498067408, 0.199353815311842 ], [ 40.28525288574253, 0.199758245482466 ], [ 40.284933507382597, 0.199873680591335 ], [ 40.284529150887288, 0.20015427822056 ], [ 40.283749365117465, 0.200679201778889 ], [ 40.283443110685369, 0.200891866433439 ], [ 40.283451290456853, 0.200941159377712 ], [ 40.284143056821073, 0.20188961933805 ], [ 40.284191930132756, 0.201880209530241 ], [ 40.285702976286508, 0.200703739290175 ], [ 40.286316198645046, 0.200218625457878 ], [ 40.286311522548999, 0.200165442934184 ], [ 40.286064334495329, 0.1997321328148 ], [ 40.285837905122513, 0.199378323074841 ] ] ], [ [ [ 40.286374240410886, 0.200275693121955 ], [ 40.286334259110582, 0.200250371137348 ], [ 40.285725079543447, 0.200732228447485 ], [ 40.284195436579388, 0.201923261760881 ], [ 40.284204245359113, 0.201973459139214 ], [ 40.284456368553755, 0.202319126327509 ], [ 40.285450405308744, 0.202664372376455 ], [ 40.285503769694813, 0.202640218812793 ], [ 40.286883991485773, 0.201285488994857 ], [ 40.286879225308745, 0.201229593892328 ], [ 40.286486737583061, 0.200473761957986 ], [ 40.286374240410886, 0.200275693121955 ] ] ], [ [ [ 40.284442311787664, 0.202450211553824 ], [ 40.282761999584984, 0.200015999577246 ], [ 40.282494000087311, 0.200088000117487 ], [ 40.282367999884727, 0.200212999705297 ], [ 40.282333000058834, 0.200355999887561 ], [ 40.282332999607583, 0.200535000157159 ], [ 40.282206999597662, 0.200892999797514 ], [ 40.282135999908533, 0.200946999726722 ], [ 40.281921000393503, 0.201286999606509 ], [ 40.28174200025758, 0.201501999749601 ], [ 40.281491000369179, 0.201769999582414 ], [ 40.281330000124775, 0.201931000407125 ], [ 40.281330000236508, 0.202092999698994 ], [ 40.281401999744517, 0.202288999885012 ], [ 40.281562999887868, 0.202378999646611 ], [ 40.281687999677253, 0.202557999966316 ], [ 40.281599000179725, 0.202700999997474 ], [ 40.281437999855555, 0.202825999828108 ], [ 40.281508999701686, 0.202934000019631 ], [ 40.281688000075825, 0.203077000387916 ], [ 40.281866999927885, 0.203202000213598 ], [ 40.281885000217898, 0.203256000336587 ], [ 40.281759999627106, 0.203489000440159 ], [ 40.281670000342906, 0.203793000373794 ], [ 40.281687999599136, 0.203936000011555 ], [ 40.281724000443646, 0.204115000150463 ], [ 40.281938999591347, 0.204115000082235 ], [ 40.282207000298463, 0.2039899997466 ], [ 40.282493999682735, 0.203864999718221 ], [ 40.282959000365352, 0.203667999672935 ], [ 40.283280999743539, 0.203542000138231 ], [ 40.283495999803108, 0.2034529997417 ], [ 40.283711000299498, 0.203255999930693 ], [ 40.284105000250008, 0.20286199965847 ], [ 40.284337000014787, 0.202557999558937 ], [ 40.284442311787664, 0.202450211553824 ] ] ] ] } }
]
}
