{
"type": "FeatureCollection",
"name": "Hagadera",
"crs": { "type": "name", "properties": { "name": "urn:ogc:def:crs:OGC:1.3:CRS84" } },
"features": [
{ "type": "Feature", "properties": { "OBJECTID_1": 1, "name": "Hagdera", "type": "residential", "Sections": "M", "Block": "M5", "Shape_Leng": 0.0065265468313799998, "Shape_Le_1": 0.0065265476889900002, "Shape_Area": 2.5105952686200001e-06 }, "geometry": { "type": "Polygon", "coordinates": [ [ [ 40.376978688715553, -0.008523547623554 ], [ 40.377417631618471, -0.00802796631757 ], [ 40.377734573391876, -0.007610937194954 ], [ 40.377797035804633, -0.007658112931495 ], [ 40.379286857202771, -0.008904145210067 ], [ 40.379249699913771, -0.008956500142347 ], [ 40.378951421770751, -0.009318318985208 ], [ 40.378957592918653, -0.009355344073811 ], [ 40.378896411140488, -0.009431820621955 ], [ 40.378584164727499, -0.009830954135168 ], [ 40.378457661591881, -0.009772115090982 ], [ 40.37761827846083, -0.009134806026452 ], [ 40.37693763106688, -0.008584495577963 ], [ 40.376980930725438, -0.008525319288026 ], [ 40.376978688715553, -0.008523547623554 ] ] ] } },
{ "type": "Feature", "properties": { "OBJECTID_1": 2, "name": "Hagdera", "type": "residential", "Sections": "K", "Block": "K7", "Shape_Leng": 0.0066871900144199999, "Shape_Le_1": 0.00668719082638, "Shape_Area": 2.5997921254399999e-06 }, "geometry": { "type": "Polygon", "coordinates": [ [ [ 40.358277824561981, 0.00239877078667 ], [ 40.35790754579665, 0.00186649534254 ], [ 40.357553575337306, 0.001362440624177 ], [ 40.356845673988744, 0.001780217982741 ], [ 40.355909898822802, 0.002291244245555 ], [ 40.355648432629096, 0.002465555341132 ], [ 40.355670977733496, 0.002510255244147 ], [ 40.355710797915037, 0.002762450326884 ], [ 40.355810348368948, 0.002921731053107 ], [ 40.355962992098455, 0.003034555500392 ], [ 40.356327370411861, 0.003179049573532 ], [ 40.356347920819928, 0.003187199229899 ], [ 40.356418088623968, 0.003184010233952 ], [ 40.356477477153874, 0.003181310469131 ], [ 40.356480655357984, 0.003180562233183 ], [ 40.356646573080923, 0.003147379048357 ], [ 40.356938587445882, 0.003041191597788 ], [ 40.356993554908684, 0.003048521072458 ], [ 40.357132400340049, 0.002967400425234 ], [ 40.35763395404382, 0.002674349141955 ], [ 40.357681898700719, 0.002682809963744 ], [ 40.358159740879387, 0.002490345153376 ], [ 40.358277824561981, 0.00239877078667 ] ] ] } },
{ "type": "Feature", "properties": { "OBJECTID_1": 3, "name": "Hagdera", "type": "residential", "Sections": "C", "Block": "C1", "Shape_Leng": 0.0068609638333500004, "Shape_Le_1": 0.00686096307828, "Shape_Area": 2.65312028646e-06 }, "geometry": { "type": "Polygon", "coordinates": [ [ [ 40.370305139970299, 0.000847872831116 ], [ 40.368436563696491, 0.002087849974316 ], [ 40.369098899994299, 0.003087700037383 ], [ 40.370213900151441, 0.002316900104915 ], [ 40.37096003168017, 0.001801084052829 ], [ 40.370305139970299, 0.000847872831116 ] ] ] } },
{ "type": "Feature", "properties": { "OBJECTID_1": 4, "name": "Hagdera", "type": "residential", "Sections": "K", "Block": "K5", "Shape_Leng": 0.0070257641318300004, "Shape_Le_1": 0.0070257639461600001, "Shape_Area": 3.00148321724e-06 }, "geometry": { "type": "Polygon", "coordinates": [ [ [ 40.359378238614852, 0.004051394656187 ], [ 40.359285768523478, 0.003919780673414 ], [ 40.358721836943289, 0.003077452262687 ], [ 40.358687470250629, 0.003034903538037 ], [ 40.358574245604984, 0.003038677093343 ], [ 40.358434149216691, 0.003119786049353 ], [ 40.358316173452693, 0.003215641188945 ], [ 40.35819819768875, 0.003282002162734 ], [ 40.357932752894271, 0.003348363136524 ], [ 40.357438730113358, 0.003576941122958 ], [ 40.357151163795209, 0.003739158135659 ], [ 40.357033188930586, 0.003849759458888 ], [ 40.356988947681828, 0.004004602930138 ], [ 40.356944706433126, 0.00411520515263 ], [ 40.35694505806805, 0.004117429176063 ], [ 40.356910284881792, 0.004140611000423 ], [ 40.356893092542236, 0.004152072859938 ], [ 40.356855745496318, 0.004250533335494 ], [ 40.35685260416443, 0.004258815192202 ], [ 40.356811984485546, 0.004365902864151 ], [ 40.356811984485546, 0.004447011820162 ], [ 40.357106923445826, 0.005117997797413 ], [ 40.357123273120635, 0.00513744024073 ], [ 40.35732271307279, 0.005069061188294 ], [ 40.357679632409145, 0.004954846389126 ], [ 40.358100797513828, 0.004769248801836 ], [ 40.359378238614852, 0.004051394656187 ] ] ] } },
{ "type": "Feature", "properties": { "OBJECTID_1": 5, "name": "Hagdera", "type": "residential", "Sections": "G", "Block": "G4", "Shape_Leng": 0.0065911803609500002, "Shape_Le_1": 0.0065911801289600001, "Shape_Area": 2.39640430526e-06 }, "geometry": { "type": "Polygon", "coordinates": [ [ [ 40.380942027952301, 0.007731033760251 ], [ 40.380045652085244, 0.009725785816386 ], [ 40.38105462397175, 0.010147027363473 ], [ 40.381932504381609, 0.008171796890963 ], [ 40.381868297284143, 0.008143224530215 ], [ 40.381878488401583, 0.00807189120485 ], [ 40.381783322142667, 0.008006006871767 ], [ 40.381571029979114, 0.007954764400893 ], [ 40.381388088089864, 0.007929530323622 ], [ 40.380942027952301, 0.007731033760251 ] ] ] } },
{ "type": "Feature", "properties": { "OBJECTID_1": 6, "name": "Hagdera", "type": "residential", "Sections": "Blocks", "Block": "E8", "Shape_Leng": 0.0066021863029899997, "Shape_Le_1": 0.0066021864165499997, "Shape_Area": 2.44723407374e-06 }, "geometry": { "type": "Polygon", "coordinates": [ [ [ 40.362182702469795, -0.001509710704511 ], [ 40.361552660826703, -0.002410097547909 ], [ 40.35972484272736, -0.001225485367797 ], [ 40.360387262662073, -0.000283977923175 ], [ 40.362182702469795, -0.001509710704511 ] ] ] } },
{ "type": "Feature", "properties": { "OBJECTID_1": 7, "name": "Hagdera", "type": "residential", "Sections": "A", "Block": "A7", "Shape_Leng": 0.0075127113087299999, "Shape_Le_1": 0.0075127103242599996, "Shape_Area": 3.0564844076600002e-06 }, "geometry": { "type": "Polygon", "coordinates": [ [ [ 40.371120124494212, -0.007617131725226 ], [ 40.369308001363208, -0.006326547032472 ], [ 40.369828573929624, -0.005535373858379 ], [ 40.370208674191019, -0.00513677364313 ], [ 40.370610618085607, -0.005375252266049 ], [ 40.370694609368798, -0.00534025604793 ], [ 40.370921567676248, -0.005396996074467 ], [ 40.371074763589547, -0.005510474328901 ], [ 40.371142851261652, -0.005550191987709 ], [ 40.371006676816762, -0.005669344964247 ], [ 40.370921567676248, -0.005816867054705 ], [ 40.371006676816762, -0.00605517300778 ], [ 40.371193916566028, -0.006248086579888 ], [ 40.371511656937457, -0.006418304860858 ], [ 40.371512289160876, -0.006417865991693 ], [ 40.371579744609562, -0.006492066355747 ], [ 40.371659179927292, -0.006616893155069 ], [ 40.371757691664186, -0.006700628131455 ], [ 40.371120124494212, -0.007617131725226 ] ] ] } },
{ "type": "Feature", "properties": { "OBJECTID_1": 8, "name": "Hagdera", "type": "residential", "Sections": "Blocks", "Block": "Gex", "Shape_Leng": 0.012450720515199999, "Shape_Le_1": 0.0124507212141, "Shape_Area": 6.8029436330999998e-06 }, "geometry": { "type": "Polygon", "coordinates": [ [ [ 40.387990628165028, 0.010941292406756 ], [ 40.387104104370962, 0.012888048544653 ], [ 40.387106390447627, 0.01289511541728 ], [ 40.388671596616916, 0.013369419663036 ], [ 40.388969730868439, 0.013606571785886 ], [ 40.389220434875199, 0.013891155052818 ], [ 40.389430484129605, 0.013952137181434 ], [ 40.389640533383954, 0.013857275792702 ], [ 40.389830255262098, 0.01293577016969 ], [ 40.389999649764093, 0.012420810272204 ], [ 40.391273496274891, 0.012800254028548 ], [ 40.391598734294178, 0.01267151427902 ], [ 40.391639389046645, 0.012488567893115 ], [ 40.391524200281651, 0.012156555280853 ], [ 40.390731433508904, 0.011702577511983 ], [ 40.388651269240711, 0.011146963761405 ], [ 40.387990628165028, 0.010941292406756 ] ] ] } },
{ "type": "Feature", "properties": { "OBJECTID_1": 9, "name": "Hagdera", "type": "residential", "Sections": "C", "Block": "C8", "Shape_Leng": 0.00662166380684, "Shape_Le_1": 0.0066216628910499998, "Shape_Area": 2.43290743047e-06 }, "geometry": { "type": "Polygon", "coordinates": [ [ [ 40.366632056024628, -0.004529139508122 ], [ 40.366029827714442, -0.005443472138495 ], [ 40.364212503804083, -0.004180815891914 ], [ 40.364828526815131, -0.003259491032622 ], [ 40.366632056024628, -0.004529139508122 ] ] ] } },
{ "type": "Feature", "properties": { "OBJECTID_1": 10, "name": "Hagdera", "type": "residential", "Sections": "D", "Block": "D1", "Shape_Leng": 0.0067240464569700001, "Shape_Le_1": 0.0067240457755800001, "Shape_Area": 2.63596737438e-06 }, "geometry": { "type": "Polygon", "coordinates": [ [ [ 40.36763803316876, 0.002659879050213 ], [ 40.366098698696021, 0.003767684630986 ], [ 40.365859924196172, 0.003909138096276 ], [ 40.366282256620877, 0.004516602259457 ], [ 40.366418440958341, 0.004755754474559 ], [ 40.366427278596063, 0.004749816251092 ], [ 40.366429103320513, 0.004766242368248 ], [ 40.366539238794871, 0.004810296557991 ], [ 40.36673013968425, 0.004707503148779 ], [ 40.366921040573629, 0.004648764828687 ], [ 40.367163337717898, 0.004435836844436 ], [ 40.367260493277172, 0.004343539422848 ], [ 40.368203991820792, 0.003766266400135 ], [ 40.368314227119924, 0.003617124630637 ], [ 40.368307743007961, 0.003552280813153 ], [ 40.368287939936522, 0.003499473521913 ], [ 40.36830521681236, 0.003487863274302 ], [ 40.367814927117252, 0.002774150506696 ], [ 40.36765930123579, 0.002696337565965 ], [ 40.36763803316876, 0.002659879050213 ] ] ] } },
{ "type": "Feature", "properties": { "OBJECTID_1": 11, "name": "Hagdera", "type": "residential", "Sections": "H", "Block": "H2", "Shape_Leng": 0.0066679813133299999, "Shape_Le_1": 0.0066679804771499996, "Shape_Area": 2.4894718825200002e-06 }, "geometry": { "type": "Polygon", "coordinates": [ [ [ 40.380275340734443, 0.003830801750155 ], [ 40.379385126122713, 0.005852161148368 ], [ 40.380430127548379, 0.006308543704392 ], [ 40.38129670887605, 0.00428526425361 ], [ 40.380275340734443, 0.003830801750155 ] ] ] } },
{ "type": "Feature", "properties": { "OBJECTID_1": 12, "name": "Hagdera", "type": "residential", "Sections": "Blocks", "Block": "Iex", "Shape_Leng": 0.0083349296375899995, "Shape_Le_1": 0.0083349335475799997, "Shape_Area": 2.20348405255e-06 }, "geometry": { "type": "Polygon", "coordinates": [ [ [ 40.390065021483622, 0.005846847054386 ], [ 40.390987232175064, 0.006103923657179 ], [ 40.390988629721562, 0.006085056779966 ], [ 40.391198738331184, 0.006089527309882 ], [ 40.391355202380737, 0.006152112929726 ], [ 40.391469196846003, 0.006085056779966 ], [ 40.391643542115844, 0.006107408530113 ], [ 40.391766477640886, 0.006125290649663 ], [ 40.392177753800354, 0.006181170025002 ], [ 40.392237218772664, 0.006264421166179 ], [ 40.392469970512764, 0.006282169286749 ], [ 40.392607399511917, 0.005585861098666 ], [ 40.391845972313831, 0.005490683148537 ], [ 40.391809392389575, 0.005457428017962 ], [ 40.391812000423556, 0.005490600410951 ], [ 40.391017258739566, 0.00540280229751 ], [ 40.390946366082005, 0.005316717392645 ], [ 40.390796856489771, 0.005202805665022 ], [ 40.390504957238022, 0.005152969733786 ], [ 40.390070667427437, 0.005096012970682 ], [ 40.389598481984422, 0.005116106523133 ], [ 40.389401435128207, 0.005124490902574 ], [ 40.389068090619958, 0.005166159190935 ], [ 40.389074948849839, 0.005296466458788 ], [ 40.389244805603369, 0.005373674155805 ], [ 40.389429913060098, 0.005501824849375 ], [ 40.389835724039472, 0.005708290305392 ], [ 40.390092026325988, 0.005708290305392 ], [ 40.390092026325988, 0.00578660506784 ], [ 40.390065021483622, 0.005846847054386 ] ] ] } },
{ "type": "Feature", "properties": { "OBJECTID_1": 13, "name": "Hagdera", "type": "residential", "Sections": "Blocks", "Block": "Blocks", "Shape_Leng": 0.023737665258000001, "Shape_Le_1": 0.023737665206399999, "Shape_Area": 2.2088427609799999e-05 }, "geometry": { "type": "Polygon", "coordinates": [ [ [ 40.374225999730129, -0.007785400275964 ], [ 40.37425610003902, -0.007811838545479 ], [ 40.374275702561704, -0.007768712456084 ], [ 40.375667574299143, -0.008996414752687 ], [ 40.376174358459934, -0.009481785156197 ], [ 40.376260012589569, -0.009638816677978 ], [ 40.376352803738939, -0.009781573260966 ], [ 40.376395630354125, -0.009895778167561 ], [ 40.376595489390354, -0.010302632360549 ], [ 40.376773934669416, -0.010638109161334 ], [ 40.376734215211911, -0.010648701376397 ], [ 40.376748550405352, -0.010677418528019 ], [ 40.376433732830549, -0.010815495938346 ], [ 40.376288563366586, -0.010609558384374 ], [ 40.376252874670456, -0.010652384999503 ], [ 40.376117256006637, -0.010738039129137 ], [ 40.376031602776322, -0.010659522918615 ], [ 40.375895984112447, -0.010531042173795 ], [ 40.375489129020139, -0.011016413476625 ], [ 40.37505372315087, -0.011280511986001 ], [ 40.374846727094848, -0.011273374066889 ], [ 40.374696832592804, -0.011280511986001 ], [ 40.374632593119713, -0.011359028196523 ], [ 40.374654005977618, -0.011501783880192 ], [ 40.374789624641494, -0.011837260680977 ], [ 40.374889553709977, -0.012022843879095 ], [ 40.37489669162909, -0.012258391611454 ], [ 40.374934116915995, -0.012305172545609 ], [ 40.374846727094848, -0.012465387667476 ], [ 40.374789624641494, -0.012822278225485 ], [ 40.37450411237495, -0.013300510709939 ], [ 40.374429688979035, -0.013337722857557 ], [ 40.374354218772226, -0.013593160895596 ], [ 40.374418458245316, -0.013785881113449 ], [ 40.37442616093864, -0.013839797268759 ], [ 40.374448199724668, -0.013890400321657 ], [ 40.3744396453734, -0.013979060884878 ], [ 40.37415435973594, -0.014128495833347 ], [ 40.374054430667513, -0.014192736205757 ], [ 40.374104395201755, -0.014328354869633 ], [ 40.374025878991176, -0.014406870180892 ], [ 40.374056565658009, -0.014535753821917 ], [ 40.37395659971736, -0.014565599622699 ], [ 40.373970576980582, -0.014652454347242 ], [ 40.373818882935154, -0.014663831670475 ], [ 40.373783194239081, -0.01462100505529 ], [ 40.373604748960076, -0.014606729217121 ], [ 40.373254996321066, -0.014649555832307 ], [ 40.373240720482897, -0.014499662229582 ], [ 40.373005173649915, -0.014535350925655 ], [ 40.371756057596031, -0.014478248472358 ], [ 40.371420580795245, -0.01429266527424 ], [ 40.371242135516184, -0.014221287882094 ], [ 40.370571181914556, -0.013850121485859 ], [ 40.370349910020366, -0.013536058442298 ], [ 40.370150050984137, -0.013107789592766 ], [ 40.370173622214963, -0.012824945614682 ], [ 40.370357100100136, -0.012599199593353 ], [ 40.370725099983417, -0.011845299720733 ], [ 40.370749627193618, -0.011863998424758 ], [ 40.370749627193618, -0.011787296146736 ], [ 40.37089238287723, -0.011416130649877 ], [ 40.371292100050425, -0.011665953321028 ], [ 40.371813160049328, -0.012101359190353 ], [ 40.371832324602167, -0.012119154974982 ], [ 40.371950010784417, -0.01192161079365 ], [ 40.37191779976672, -0.011911800089479 ], [ 40.372284799603847, -0.010882699576882 ], [ 40.372540500243929, -0.010941699599698 ], [ 40.372516099838208, -0.010639700062086 ], [ 40.372570200354517, -0.010177700340535 ], [ 40.372593800363632, -0.009493399900464 ], [ 40.372921200353176, -0.00904959975918 ], [ 40.374225999730129, -0.007785400275964 ] ] ] } },
{ "type": "Feature", "properties": { "OBJECTID_1": 14, "name": "Hagdera", "type": "residential", "Sections": "J", "Block": "J4", "Shape_Leng": 0.0064470104605799999, "Shape_Le_1": 0.0064470106698200002, "Shape_Area": 2.3228052315000002e-06 }, "geometry": { "type": "Polygon", "coordinates": [ [ [ 40.374612827819817, -0.006196662445973 ], [ 40.373705651094951, -0.005455219982366 ], [ 40.372931146855024, -0.004935735595666 ], [ 40.372991812422242, -0.004827041734529 ], [ 40.373363008496085, -0.004303560760661 ], [ 40.373547553876563, -0.004046406816201 ], [ 40.373677097620032, -0.004132239011597 ], [ 40.375269268162242, -0.005221619282281 ], [ 40.374940699953413, -0.005720199827294 ], [ 40.374612827819817, -0.006196662445973 ] ] ] } },
{ "type": "Feature", "properties": { "OBJECTID_1": 16, "name": "Hagdera", "type": "residential", "Sections": "H", "Block": "H11", "Shape_Leng": 0.0127405321691, "Shape_Le_1": 0.012740530064, "Shape_Area": 9.6971749272499995e-06 }, "geometry": { "type": "Polygon", "coordinates": [ [ [ 40.392690522949351, 0.009061948550141 ], [ 40.392332099946486, 0.00892169567976 ], [ 40.391244913122307, 0.008372719825218 ], [ 40.390405303362115, 0.008146671631664 ], [ 40.390233485187252, 0.008053603491078 ], [ 40.390221999945368, 0.008085399921299 ], [ 40.389170099820319, 0.007833200341963 ], [ 40.388305600423166, 0.009764099633514 ], [ 40.388316852740616, 0.009769616074948 ], [ 40.388306278512005, 0.009782834310386 ], [ 40.389436522177789, 0.010353338136099 ], [ 40.389634685992007, 0.010402879089668 ], [ 40.390769599837199, 0.010895200353275 ], [ 40.391324299876601, 0.011039299624031 ], [ 40.392196099970079, 0.01083759967554 ], [ 40.392297000306371, 0.010419700009209 ], [ 40.392585199747202, 0.010434099953784 ], [ 40.393096699952821, 0.009908199803647 ], [ 40.393123800123306, 0.00967789961544 ], [ 40.393168699675812, 0.009295800161112 ], [ 40.392678800286433, 0.009101300184909 ], [ 40.392690522949351, 0.009061948550141 ] ] ] } },
{ "type": "Feature", "properties": { "OBJECTID_1": 17, "name": "Hagdera", "type": "residential", "Sections": "N", "Block": "N2", "Shape_Leng": 0.0083729759957799996, "Shape_Le_1": 0.0083729764291599999, "Shape_Area": 3.46567681029e-06 }, "geometry": { "type": "Polygon", "coordinates": [ [ [ 40.383533660050432, -0.008363470997324 ], [ 40.38253417960874, -0.007946545296761 ], [ 40.381898863441847, -0.007489688798046 ], [ 40.381665506458035, -0.007334116875938 ], [ 40.381658160795553, -0.007304732427428 ], [ 40.38157469021985, -0.007132882776261 ], [ 40.381353740282918, -0.006946302230006 ], [ 40.381255540610766, -0.006926662835156 ], [ 40.381118060350275, -0.006990492217369 ], [ 40.381024770976467, -0.007005222213195 ], [ 40.380946210699108, -0.006985582818345 ], [ 40.380929404168739, -0.006935163227126 ], [ 40.38093917080613, -0.006920122965255 ], [ 40.380938099713603, -0.006919300085599 ], [ 40.381509108958255, -0.00610198721688 ], [ 40.381649020086286, -0.006211917645828 ], [ 40.381941694553632, -0.006340409182485 ], [ 40.382327166465586, -0.006476037738878 ], [ 40.383090974169193, -0.00669732761952 ], [ 40.38376912054855, -0.006890064025185 ], [ 40.384127717120521, -0.007097946812735 ], [ 40.384125934664212, -0.0071005521487 ], [ 40.383856391659208, -0.007729484927722 ], [ 40.383664717352872, -0.008088875601061 ], [ 40.383533660050432, -0.008363470997324 ] ] ] } },
{ "type": "Feature", "properties": { "OBJECTID_1": 354, "name": "Hagdera", "type": "residential", "Sections": "F", "Block": "F10", "Shape_Leng": 0.0067837152313099999, "Shape_Le_1": 0.0067837150684900002, "Shape_Area": 2.45618409961e-06 }, "geometry": { "type": "Polygon", "coordinates": [ [ [ 40.355652318599653, -0.001298067851508 ], [ 40.355790438278177, -0.001232844520132 ], [ 40.356168730002935, -0.000622267803351 ], [ 40.356312547785876, -0.000415464202263 ], [ 40.356420925085672, -0.000496170262011 ], [ 40.358241267120832, -0.001602044099002 ], [ 40.357604500347463, -0.002501799618301 ], [ 40.355652318599653, -0.001298067851508 ] ] ] } },
{ "type": "Feature", "properties": { "OBJECTID_1": 355, "name": "Hagdera", "type": "residential", "Sections": "F", "Block": "F9", "Shape_Leng": 0.0067445556842700002, "Shape_Le_1": 0.0067445559376100002, "Shape_Area": 2.50872173482e-06 }, "geometry": { "type": "Polygon", "coordinates": [ [ [ 40.356312547785876, -0.000415464202263 ], [ 40.35693601808282, 0.000481058254309 ], [ 40.357343426258183, 0.000233866999395 ], [ 40.358884003593971, -0.000693852938923 ], [ 40.358241267120832, -0.001602044099002 ], [ 40.356420925085672, -0.000496170262011 ], [ 40.356312547785876, -0.000415464202263 ] ] ] } },
{ "type": "Feature", "properties": { "OBJECTID_1": 356, "name": "Hagdera", "type": "residential", "Sections": "F", "Block": "F8", "Shape_Leng": 0.0067061245149000002, "Shape_Le_1": 0.0067061246853200003, "Shape_Area": 2.4895701823900001e-06 }, "geometry": { "type": "Polygon", "coordinates": [ [ [ 40.35693601808282, 0.000481058254309 ], [ 40.357077958081334, 0.000685162090633 ], [ 40.357553575337306, 0.001362440624177 ], [ 40.357655351613232, 0.001302375804073 ], [ 40.358697314229744, 0.000705072181404 ], [ 40.359489922721821, 0.000227408068497 ], [ 40.359467171672691, 0.00014095264288 ], [ 40.359468921753376, 0.000132640209245 ], [ 40.358884003593971, -0.000693852938923 ], [ 40.357343426258183, 0.000233866999395 ], [ 40.35693601808282, 0.000481058254309 ] ] ] } },
{ "type": "Feature", "properties": { "OBJECTID_1": 357, "name": "Hagdera", "type": "residential", "Sections": "F", "Block": "F7", "Shape_Leng": 0.0067901751178499996, "Shape_Le_1": 0.0067901741421399998, "Shape_Area": 2.5179682437e-06 }, "geometry": { "type": "Polygon", "coordinates": [ [ [ 40.357553575337306, 0.001362440624177 ], [ 40.35790754579665, 0.00186649534254 ], [ 40.358277824561981, 0.00239877078667 ], [ 40.358484939328548, 0.002238150969958 ], [ 40.358697314229744, 0.002092143337791 ], [ 40.358740689431329, 0.00202770061793 ], [ 40.359073396320241, 0.00183330406378 ], [ 40.359108789139384, 0.001740397801143 ], [ 40.359294616953036, 0.001587754071636 ], [ 40.359500354857516, 0.001461656530296 ], [ 40.359865373488276, 0.001289102709961 ], [ 40.360037927308554, 0.001189552256108 ], [ 40.359878646582331, 0.000811259631973 ], [ 40.359500354857516, 0.000267050184277 ], [ 40.359489922721821, 0.000227408068497 ], [ 40.358697314229744, 0.000705072181404 ], [ 40.357655351613232, 0.001302375804073 ], [ 40.357553575337306, 0.001362440624177 ] ] ] } },
{ "type": "Feature", "properties": { "OBJECTID_1": 358, "name": "Hagdera", "type": "residential", "Sections": "K", "Block": "K10", "Shape_Leng": 0.0063738800068700004, "Shape_Le_1": 0.0063738813480800002, "Shape_Area": 2.4478925939000001e-06 }, "geometry": { "type": "Polygon", "coordinates": [ [ [ 40.356312547785876, -0.000415464202263 ], [ 40.356168730002935, -0.000622267803351 ], [ 40.355790438278177, -0.001232844520132 ], [ 40.355652318599653, -0.001298067851508 ], [ 40.354078882734314, -0.000327872932928 ], [ 40.354058258581802, -0.000330253438392 ], [ 40.354050242924416, -0.000310213845239 ], [ 40.354045856031462, -0.000299246612883 ], [ 40.354039267598182, -0.000282774630307 ], [ 40.353991891312774, -0.000164335715453 ], [ 40.354575695212191, 0.000765900525948 ], [ 40.354622378120325, 0.000744893262265 ], [ 40.355173224564737, 0.000432967907216 ], [ 40.356312547785876, -0.000415464202263 ] ] ] } },
{ "type": "Feature", "properties": { "OBJECTID_1": 359, "name": "Hagdera", "type": "residential", "Sections": "K", "Block": "K9", "Shape_Leng": 0.00661689768725, "Shape_Le_1": 0.00661689701079, "Shape_Area": 2.4249027846099999e-06 }, "geometry": { "type": "Polygon", "coordinates": [ [ [ 40.35693601808282, 0.000481058254309 ], [ 40.356312547785876, -0.000415464202263 ], [ 40.355173224564737, 0.000432967907216 ], [ 40.354622378120325, 0.000744893262265 ], [ 40.354575695212191, 0.000765900525948 ], [ 40.354595831932158, 0.000797986537918 ], [ 40.355286049012022, 0.001747034797859 ], [ 40.35533291448246, 0.001839958147571 ], [ 40.355903261826143, 0.00135546907967 ], [ 40.356752759632229, 0.000592248633438 ], [ 40.35693601808282, 0.000481058254309 ] ] ] } },
{ "type": "Feature", "properties": { "OBJECTID_1": 360, "name": "Hagdera", "type": "residential", "Sections": "K", "Block": "K8", "Shape_Leng": 0.0060840078721299999, "Shape_Le_1": 0.0060840089282899997, "Shape_Area": 1.9118445078299998e-06 }, "geometry": { "type": "Polygon", "coordinates": [ [ [ 40.357553575337306, 0.001362440624177 ], [ 40.357077958081334, 0.000685162090633 ], [ 40.35693601808282, 0.000481058254309 ], [ 40.356752759632229, 0.000592248633438 ], [ 40.355903261826143, 0.00135546907967 ], [ 40.35533291448246, 0.001839958147571 ], [ 40.355648432629096, 0.002465555341132 ], [ 40.355909898822802, 0.002291244245555 ], [ 40.356845673988744, 0.001780217982741 ], [ 40.357553575337306, 0.001362440624177 ] ] ] } },
{ "type": "Feature", "properties": { "OBJECTID_1": 361, "name": "Hagdera", "type": "residential", "Sections": "F", "Block": "F5", "Shape_Leng": 0.0068237980735699998, "Shape_Le_1": 0.0068237972240500003, "Shape_Area": 2.6248508472900001e-06 }, "geometry": { "type": "Polygon", "coordinates": [ [ [ 40.361298440470705, 0.002931092096276 ], [ 40.360635900026807, 0.00200650000005 ], [ 40.360086943058036, 0.002332380135272 ], [ 40.359886724292949, 0.002360317574642 ], [ 40.359584411791218, 0.002500413962991 ], [ 40.359341086721827, 0.002647882993472 ], [ 40.359200990333477, 0.002751111674513 ], [ 40.358965039704856, 0.002898581604313 ], [ 40.358795449150705, 0.003031303551893 ], [ 40.358687470250629, 0.003034903538037 ], [ 40.358721836943289, 0.003077452262687 ], [ 40.359285768523478, 0.003919780673414 ], [ 40.359378238614852, 0.004051394656187 ], [ 40.359714071547216, 0.003862673723461 ], [ 40.361298440470705, 0.002931092096276 ] ] ] } },
{ "type": "Feature", "properties": { "OBJECTID_1": 362, "name": "Hagdera", "type": "residential", "Sections": "K", "Block": "K1", "Shape_Leng": 0.0074000349106100004, "Shape_Le_1": 0.0074000353804600004, "Shape_Area": 2.8003207502300001e-06 }, "geometry": { "type": "Polygon", "coordinates": [ [ [ 40.36178846756377, 0.007560996243058 ], [ 40.361384453429821, 0.007010701083061 ], [ 40.361188004622761, 0.006709278910137 ], [ 40.358924026122963, 0.008041873633601 ], [ 40.359455747584718, 0.008876354560186 ], [ 40.359464102286552, 0.008889465776292 ], [ 40.359877457678579, 0.008647016646535 ], [ 40.35991718792792, 0.008628015770341 ], [ 40.359975205891089, 0.008642520036346 ], [ 40.36012267582089, 0.008561411979599 ], [ 40.36026277130992, 0.008480303023589 ], [ 40.360734674365801, 0.008214858229167 ], [ 40.361199202980913, 0.007949413434744 ], [ 40.361737467010528, 0.007676594199495 ], [ 40.361768078134332, 0.007571641518098 ], [ 40.36178846756377, 0.007560996243058 ] ] ] } },
{ "type": "Feature", "properties": { "OBJECTID_1": 363, "name": "Hagdera", "type": "residential", "Sections": "F", "Block": "F1", "Shape_Leng": 0.0070043584514900004, "Shape_Le_1": 0.0070043588955299996, "Shape_Area": 2.93439253906e-06 }, "geometry": { "type": "Polygon", "coordinates": [ [ [ 40.361188004622761, 0.006709278910137 ], [ 40.361384453429821, 0.007010701083061 ], [ 40.36178846756377, 0.007560996243058 ], [ 40.361829809398216, 0.00753941161463 ], [ 40.361829809398216, 0.007572619980465 ], [ 40.362069732332316, 0.007585589103712 ], [ 40.362238327336968, 0.007553166745311 ], [ 40.36240692234162, 0.007618011462114 ], [ 40.362640361163812, 0.007546682633347 ], [ 40.362718174104486, 0.007468869692616 ], [ 40.362789502933254, 0.007332697046365 ], [ 40.363035910878637, 0.007164102041713 ], [ 40.363217474107216, 0.007047382630674 ], [ 40.363600055598113, 0.006768552326889 ], [ 40.363781618826692, 0.006619410557391 ], [ 40.36374989434222, 0.00653692743731 ], [ 40.363793999793302, 0.006513900296284 ], [ 40.363760817507796, 0.006463185727512 ], [ 40.363703805885962, 0.006437847328812 ], [ 40.363541694993273, 0.006126594666682 ], [ 40.363379584999905, 0.005945031438102 ], [ 40.363236927342371, 0.005744014075049 ], [ 40.363133177054522, 0.005575419070396 ], [ 40.363126200114095, 0.00556844212997 ], [ 40.361188004622761, 0.006709278910137 ] ] ] } },
{ "type": "Feature", "properties": { "OBJECTID_1": 364, "name": "Hagdera", "type": "residential", "Sections": "F", "Block": "F2", "Shape_Leng": 0.0066723713718100002, "Shape_Le_1": 0.0066723707747800001, "Shape_Area": 2.3925868067599999e-06 }, "geometry": { "type": "Polygon", "coordinates": [ [ [ 40.362547407237116, 0.004674055563271 ], [ 40.361669989078791, 0.005211828563063 ], [ 40.360891904637754, 0.005668685061835 ], [ 40.360608908674237, 0.005820742433343 ], [ 40.361188004622761, 0.006709278910137 ], [ 40.363162403222361, 0.005547132694062 ], [ 40.363053700368027, 0.005380599834837 ], [ 40.362547407237116, 0.004674055563271 ] ] ] } },
{ "type": "Feature", "properties": { "OBJECTID_1": 365, "name": "Hagdera", "type": "residential", "Sections": "K", "Block": "K3", "Shape_Leng": 0.0076013287559200003, "Shape_Le_1": 0.00760132880639, "Shape_Area": 2.9024476166300001e-06 }, "geometry": { "type": "Polygon", "coordinates": [ [ [ 40.359999193508031, 0.004935207893595 ], [ 40.359792594053033, 0.005069061188294 ], [ 40.359328598735885, 0.00531176572548 ], [ 40.358836050843138, 0.005583024636906 ], [ 40.35842202455683, 0.005768622224195 ], [ 40.358065105220476, 0.005982774185725 ], [ 40.357735503690606, 0.006219091737762 ], [ 40.357915458032039, 0.006459030859617 ], [ 40.358036489692324, 0.006648977568318 ], [ 40.358126875155222, 0.006790828533951 ], [ 40.358146869782274, 0.006822208578114 ], [ 40.358437847228913, 0.007278867225978 ], [ 40.358507684981703, 0.007139191720341 ], [ 40.358993094955395, 0.006732304252466 ], [ 40.359435674716678, 0.006518152290937 ], [ 40.359721210365592, 0.00633969262276 ], [ 40.360413633482437, 0.005925666336452 ], [ 40.360608908674237, 0.005820742433343 ], [ 40.36044932487647, 0.00557588581853 ], [ 40.359999193508031, 0.004935207893595 ] ] ] } },
{ "type": "Feature", "properties": { "OBJECTID_1": 366, "name": "Hagdera", "type": "residential", "Sections": "F", "Block": "F3", "Shape_Leng": 0.0066331565047700004, "Shape_Le_1": 0.0066331558898800004, "Shape_Area": 2.4471355857499999e-06 }, "geometry": { "type": "Polygon", "coordinates": [ [ [ 40.361922808291013, 0.003802412851144 ], [ 40.361141747993315, 0.004241008615679 ], [ 40.360299419582589, 0.004740695326859 ], [ 40.359999193508031, 0.004935207893595 ], [ 40.36044932487647, 0.00557588581853 ], [ 40.360608908674237, 0.005820742433343 ], [ 40.360891904637754, 0.005668685061835 ], [ 40.361669989078791, 0.005211828563063 ], [ 40.362547407237116, 0.004674055563271 ], [ 40.361922808291013, 0.003802412851144 ] ] ] } },
{ "type": "Feature", "properties": { "OBJECTID_1": 367, "name": "Hagdera", "type": "residential", "Sections": "K", "Block": "K4", "Shape_Leng": 0.0074544585631299998, "Shape_Le_1": 0.0074544574907900001, "Shape_Area": 2.7349126087899999e-06 }, "geometry": { "type": "Polygon", "coordinates": [ [ [ 40.359378238614852, 0.004051394656187 ], [ 40.358100797513828, 0.004769248801836 ], [ 40.357679632409145, 0.004954846389126 ], [ 40.35732271307279, 0.005069061188294 ], [ 40.357123273120635, 0.00513744024073 ], [ 40.357379741781699, 0.005442430923495 ], [ 40.357448092955167, 0.005546665945928 ], [ 40.357497717545698, 0.005700502176467 ], [ 40.357571452060938, 0.005877466272125 ], [ 40.357733669073639, 0.006216645581787 ], [ 40.357735503690606, 0.006219091737762 ], [ 40.358065105220476, 0.005982774185725 ], [ 40.35842202455683, 0.005768622224195 ], [ 40.358836050843138, 0.005583024636906 ], [ 40.359328598735885, 0.00531176572548 ], [ 40.359792594053033, 0.005069061188294 ], [ 40.359999193508031, 0.004935207893595 ], [ 40.359378238614852, 0.004051394656187 ] ] ] } },
{ "type": "Feature", "properties": { "OBJECTID_1": 368, "name": "Hagdera", "type": "residential", "Sections": "F", "Block": "F4", "Shape_Leng": 0.006608152966, "Shape_Le_1": 0.0066081527069900003, "Shape_Area": 2.3536774023800001e-06 }, "geometry": { "type": "Polygon", "coordinates": [ [ [ 40.361298440470705, 0.002931092096276 ], [ 40.359714071547216, 0.003862673723461 ], [ 40.359378238614852, 0.004051394656187 ], [ 40.359999193508031, 0.004935207893595 ], [ 40.360299419582589, 0.004740695326859 ], [ 40.361141747993315, 0.004241008615679 ], [ 40.361922808291013, 0.003802412851144 ], [ 40.361298440470705, 0.002931092096276 ] ] ] } },
{ "type": "Feature", "properties": { "OBJECTID_1": 369, "name": "Hagdera", "type": "residential", "Sections": "K", "Block": "Kex", "Shape_Leng": 0.0288944973415, "Shape_Le_1": 0.028894497453, "Shape_Area": 3.18066312889e-05 }, "geometry": { "type": "Polygon", "coordinates": [ [ [ 40.359455747584718, 0.008876354560186 ], [ 40.358924026122963, 0.008041873633601 ], [ 40.358437847228913, 0.007278867225978 ], [ 40.358146869782274, 0.006822208578114 ], [ 40.358126875155222, 0.006790828533951 ], [ 40.358036489692324, 0.006648977568318 ], [ 40.357915458032039, 0.006459030859617 ], [ 40.357735503690606, 0.006219091737762 ], [ 40.357733669073639, 0.006216645581787 ], [ 40.357571452060938, 0.005877466272125 ], [ 40.357497717545698, 0.005700502176467 ], [ 40.357448092955167, 0.005546665945928 ], [ 40.357379741781699, 0.005442430923495 ], [ 40.357123273120635, 0.00513744024073 ], [ 40.357106923445826, 0.005117997797413 ], [ 40.356811984485546, 0.004447011820162 ], [ 40.356811984485546, 0.004365902864151 ], [ 40.35685260416443, 0.004258815192202 ], [ 40.356855745496318, 0.004250533335494 ], [ 40.356893092542236, 0.004152072859938 ], [ 40.356910284881792, 0.004140611000423 ], [ 40.356785176594656, 0.003937308460081 ], [ 40.356374088393522, 0.004065773017032 ], [ 40.356014386554762, 0.004091466647935 ], [ 40.355885921997753, 0.003783150272227 ], [ 40.35609146564866, 0.003372062970357 ], [ 40.356327370411861, 0.003179049573532 ], [ 40.355962992098455, 0.003034555500392 ], [ 40.355810348368948, 0.002921731053107 ], [ 40.355710797915037, 0.002762450326884 ], [ 40.355670977733496, 0.002510255244147 ], [ 40.355648432629096, 0.002465555341132 ], [ 40.35533291448246, 0.001839958147571 ], [ 40.355286049012022, 0.001747034797859 ], [ 40.354595831932158, 0.000797986537918 ], [ 40.354575695212191, 0.000765900525948 ], [ 40.353991891312774, -0.000164335715453 ], [ 40.354039267598182, -0.000282774630307 ], [ 40.354045856031462, -0.000299246612883 ], [ 40.353856176421459, -0.000379111806524 ], [ 40.353496475482018, -0.000327725444151 ], [ 40.350747326228202, 0.000854150998293 ], [ 40.350798712590574, 0.001059694649257 ], [ 40.350901484415999, 0.001316624662536 ], [ 40.35632270293047, 0.008587737833864 ], [ 40.356708097500757, 0.009152983323588 ], [ 40.357684430292295, 0.009615456987774 ], [ 40.358044132131056, 0.00969253518241 ], [ 40.358737843077051, 0.009409912437548 ], [ 40.359431553123727, 0.008973132404208 ], [ 40.359455747584718, 0.008876354560186 ] ] ] } },
{ "type": "Feature", "properties": { "OBJECTID_1": 370, "name": "Hagdera", "type": "residential", "Sections": "Blocks", "Block": "E1", "Shape_Leng": 0.0066576136223699999, "Shape_Le_1": 0.0066576141882800002, "Shape_Area": 2.7041358849900001e-06 }, "geometry": { "type": "Polygon", "coordinates": [ [ [ 40.365859924196172, 0.003909138096276 ], [ 40.364549465385551, 0.004685476053908 ], [ 40.364021324124849, 0.00504197180959 ], [ 40.364123610316426, 0.005177413307024 ], [ 40.364211717796593, 0.005368314196403 ], [ 40.364336537401357, 0.005500475866313 ], [ 40.364446672875715, 0.005691376755692 ], [ 40.3646082037057, 0.005852907585677 ], [ 40.364680760109025, 0.005869397554704 ], [ 40.364666942925112, 0.005904304739943 ], [ 40.365034059674144, 0.005970385125238 ], [ 40.365166221344111, 0.005867592615346 ], [ 40.365423203518105, 0.005706060886041 ], [ 40.365628788537833, 0.005559214186405 ], [ 40.36575360904186, 0.005390340391955 ], [ 40.365995906186185, 0.005265520787191 ], [ 40.366223518300785, 0.005155386212152 ], [ 40.366407076225642, 0.004979169453179 ], [ 40.366458473379907, 0.004810296557991 ], [ 40.366398565941097, 0.004769110306256 ], [ 40.366418440958341, 0.004755754474559 ], [ 40.366282256620877, 0.004516602259457 ], [ 40.365859924196172, 0.003909138096276 ] ] ] } },
{ "type": "Feature", "properties": { "OBJECTID_1": 371, "name": "Hagdera", "type": "residential", "Sections": "D", "Block": "D5", "Shape_Leng": 0.0065066736108199998, "Shape_Le_1": 0.0065066731868300004, "Shape_Area": 2.5535126393299998e-06 }, "geometry": { "type": "Polygon", "coordinates": [ [ [ 40.365810781642324, 0.000022531714535 ], [ 40.365124199622187, -0.00087039974909 ], [ 40.363844100125164, -0.000218900281993 ], [ 40.363475100195785, 0.0000775000766 ], [ 40.363387502631213, 0.000254428199355 ], [ 40.364027801941575, 0.001196045361269 ], [ 40.364454014940861, 0.000918857219517 ], [ 40.365810781642324, 0.000022531714535 ] ] ] } },
{ "type": "Feature", "properties": { "OBJECTID_1": 372, "name": "Hagdera", "type": "residential", "Sections": "Blocks", "Block": "E5", "Shape_Leng": 0.0068259215237399997, "Shape_Le_1": 0.0068259214336599998, "Shape_Area": 2.5843322281599999e-06 }, "geometry": { "type": "Polygon", "coordinates": [ [ [ 40.364027801941575, 0.001196045361269 ], [ 40.363387502631213, 0.000254428199355 ], [ 40.363374000210001, 0.00028170014042 ], [ 40.363366662641397, 0.00030898557128 ], [ 40.363345322628561, 0.00029475919581 ], [ 40.362053070592765, 0.001080388948822 ], [ 40.361840143507891, 0.001080388948822 ], [ 40.361707980938604, 0.00113912816829 ], [ 40.361546450108619, 0.001315344027944 ], [ 40.361517080049282, 0.001491559887654 ], [ 40.361906223893186, 0.002027550431137 ], [ 40.361998754239153, 0.002094377253741 ], [ 40.361979647243004, 0.002100973780955 ], [ 40.362146363563852, 0.002358420005123 ], [ 40.36283135828063, 0.001939442051651 ], [ 40.36340406094871, 0.001601695362012 ], [ 40.364027801941575, 0.001196045361269 ] ] ] } },
{ "type": "Feature", "properties": { "OBJECTID_1": 373, "name": "Hagdera", "type": "residential", "Sections": "D", "Block": "D4", "Shape_Leng": 0.0064523021870200002, "Shape_Le_1": 0.0064523022112699998, "Shape_Area": 2.3555010224600001e-06 }, "geometry": { "type": "Polygon", "coordinates": [ [ [ 40.366423572489907, 0.000864266572705 ], [ 40.366349448568258, 0.0007639813727 ], [ 40.366313202292531, 0.00067595303284 ], [ 40.365810781642324, 0.000022531714535 ], [ 40.364454014940861, 0.000918857219517 ], [ 40.364027801941575, 0.001196045361269 ], [ 40.364233744891465, 0.0014989019528 ], [ 40.364635741846087, 0.002106430867116 ], [ 40.365430545583251, 0.001609037427158 ], [ 40.366423572489907, 0.000864266572705 ] ] ] } },
{ "type": "Feature", "properties": { "OBJECTID_1": 374, "name": "Hagdera", "type": "residential", "Sections": "Blocks", "Block": "E4", "Shape_Leng": 0.0064988757669299999, "Shape_Le_1": 0.0064988759361300002, "Shape_Area": 2.3196869737200001e-06 }, "geometry": { "type": "Polygon", "coordinates": [ [ [ 40.364635741846087, 0.002106430867116 ], [ 40.364233744891465, 0.0014989019528 ], [ 40.364027801941575, 0.001196045361269 ], [ 40.36340406094871, 0.001601695362012 ], [ 40.36283135828063, 0.001939442051651 ], [ 40.362146363563852, 0.002358420005123 ], [ 40.362528863216539, 0.002949082134478 ], [ 40.362669827450645, 0.002974711913453 ], [ 40.362787304990206, 0.003136243642757 ], [ 40.362796571604576, 0.003160072979028 ], [ 40.364292483211557, 0.002321243830409 ], [ 40.364635741846087, 0.002106430867116 ] ] ] } },
{ "type": "Feature", "properties": { "OBJECTID_1": 375, "name": "Hagdera", "type": "residential", "Sections": "D", "Block": "D3", "Shape_Leng": 0.0065622615986599998, "Shape_Le_1": 0.0065622620593200004, "Shape_Area": 2.3440888137e-06 }, "geometry": { "type": "Polygon", "coordinates": [ [ [ 40.36703680850195, 0.00179762885756 ], [ 40.36645968386739, 0.000913122242821 ], [ 40.366423572489907, 0.000864266572705 ], [ 40.365430545583251, 0.001609037427158 ], [ 40.364635741846087, 0.002106430867116 ], [ 40.365210275533855, 0.002974711913453 ], [ 40.365240732873588, 0.003018519688965 ], [ 40.365459915642646, 0.002857234373892 ], [ 40.366832932194143, 0.001932099986448 ], [ 40.36703680850195, 0.00179762885756 ] ] ] } },
{ "type": "Feature", "properties": { "OBJECTID_1": 376, "name": "Hagdera", "type": "residential", "Sections": "Blocks", "Block": "E3", "Shape_Leng": 0.0065876026585899999, "Shape_Le_1": 0.0065876031114299998, "Shape_Area": 2.5082059973399999e-06 }, "geometry": { "type": "Polygon", "coordinates": [ [ [ 40.365240732873588, 0.003018519688965 ], [ 40.365210275533855, 0.002974711913453 ], [ 40.364635741846087, 0.002106430867116 ], [ 40.364292483211557, 0.002321243830409 ], [ 40.362796571604576, 0.003160072979028 ], [ 40.362838701245096, 0.003268405312724 ], [ 40.362838701245096, 0.003341828662485 ], [ 40.362911149729825, 0.003539415111959 ], [ 40.363058971294549, 0.003767684630986 ], [ 40.363326033069995, 0.004121311549341 ], [ 40.36338753500678, 0.0041669980086 ], [ 40.363785862727411, 0.003921873395768 ], [ 40.364446672875715, 0.003540071617067 ], [ 40.365070771798742, 0.00314358570796 ], [ 40.365240732873588, 0.003018519688965 ] ] ] } },
{ "type": "Feature", "properties": { "OBJECTID_1": 377, "name": "Hagdera", "type": "residential", "Sections": "D", "Block": "D2", "Shape_Leng": 0.0064903316672000003, "Shape_Le_1": 0.00649033140318, "Shape_Area": 2.38529419027e-06 }, "geometry": { "type": "Polygon", "coordinates": [ [ [ 40.36763803316876, 0.002659879050213 ], [ 40.367568519171869, 0.00254071168456 ], [ 40.367458283872736, 0.002294303739177 ], [ 40.367056250045948, 0.001827425195586 ], [ 40.36703680850195, 0.00179762885756 ], [ 40.366832932194143, 0.001932099986448 ], [ 40.365459915642646, 0.002857234373892 ], [ 40.365240732873588, 0.003018519688965 ], [ 40.365859924196172, 0.003909138096276 ], [ 40.366098698696021, 0.003767684630986 ], [ 40.36763803316876, 0.002659879050213 ] ] ] } },
{ "type": "Feature", "properties": { "OBJECTID_1": 378, "name": "Hagdera", "type": "residential", "Sections": "Blocks", "Block": "E2", "Shape_Leng": 0.0065147346166799999, "Shape_Le_1": 0.0065147335438499997, "Shape_Area": 2.2902270142000002e-06 }, "geometry": { "type": "Polygon", "coordinates": [ [ [ 40.365859924196172, 0.003909138096276 ], [ 40.365240732873588, 0.003018519688965 ], [ 40.365070771798742, 0.00314358570796 ], [ 40.364446672875715, 0.003540071617067 ], [ 40.363785862727411, 0.003921873395768 ], [ 40.36338753500678, 0.0041669980086 ], [ 40.363462799268802, 0.004222908860186 ], [ 40.363580426995156, 0.004458163413574 ], [ 40.364021324124849, 0.00504197180959 ], [ 40.364549465385551, 0.004685476053908 ], [ 40.365859924196172, 0.003909138096276 ] ] ] } },
{ "type": "Feature", "properties": { "OBJECTID_1": 379, "name": "Hagdera", "type": "residential", "Sections": "D", "Block": "D7", "Shape_Leng": 0.0063080275128900003, "Shape_Le_1": 0.0063080274590799996, "Shape_Area": 2.2739001147700001e-06 }, "geometry": { "type": "Polygon", "coordinates": [ [ [ 40.363923280934728, -0.002697990319973 ], [ 40.362182702469795, -0.001509710704511 ], [ 40.362783574602361, -0.000651009236663 ], [ 40.364493899873651, -0.001765399653436 ], [ 40.364388199855568, -0.002107400136367 ], [ 40.363990400036982, -0.002637799594709 ], [ 40.363923280934728, -0.002697990319973 ] ] ] } },
{ "type": "Feature", "properties": { "OBJECTID_1": 380, "name": "Hagdera", "type": "residential", "Sections": "Blocks", "Block": "E10", "Shape_Leng": 0.0065291532689499996, "Shape_Le_1": 0.0065291527852899996, "Shape_Area": 2.3900531266599998e-06 }, "geometry": { "type": "Polygon", "coordinates": [ [ [ 40.360929499896542, -0.003300650304709 ], [ 40.360287831818027, -0.004217653022238 ], [ 40.358495300417815, -0.003036200160466 ], [ 40.359112375635675, -0.002126223846119 ], [ 40.360929499896542, -0.003300650304709 ] ] ] } },
{ "type": "Feature", "properties": { "OBJECTID_1": 381, "name": "Hagdera", "type": "residential", "Sections": "D", "Block": "D10", "Shape_Leng": 0.0065524708611099996, "Shape_Le_1": 0.0065524711300599999, "Shape_Area": 2.44804157842e-06 }, "geometry": { "type": "Polygon", "coordinates": [ [ [ 40.362740046515967, -0.004470825668022 ], [ 40.362155700325388, -0.005364099773317 ], [ 40.362018300104523, -0.005358200220712 ], [ 40.360287831818027, -0.004217653022238 ], [ 40.360929499896542, -0.003300650304709 ], [ 40.362740046515967, -0.004470825668022 ] ] ] } },
{ "type": "Feature", "properties": { "OBJECTID_1": 382, "name": "Hagdera", "type": "residential", "Sections": "Blocks", "Block": "E9", "Shape_Leng": 0.0065179168814000002, "Shape_Le_1": 0.0065179169094199997, "Shape_Area": 2.3617035011999998e-06 }, "geometry": { "type": "Polygon", "coordinates": [ [ [ 40.361552660826703, -0.002410097547909 ], [ 40.360929499896542, -0.003300650304709 ], [ 40.359112375635675, -0.002126223846119 ], [ 40.359679099610787, -0.001290500056484 ], [ 40.35972484272736, -0.001225485367797 ], [ 40.361552660826703, -0.002410097547909 ] ] ] } },
{ "type": "Feature", "properties": { "OBJECTID_1": 383, "name": "Hagdera", "type": "residential", "Sections": "D", "Block": "D9", "Shape_Leng": 0.00644803652844, "Shape_Le_1": 0.0064480364214099996, "Shape_Area": 2.3203037304799998e-06 }, "geometry": { "type": "Polygon", "coordinates": [ [ [ 40.36333320965997, -0.003564073423206 ], [ 40.362740046515967, -0.004470825668022 ], [ 40.360929499896542, -0.003300650304709 ], [ 40.361552660826703, -0.002410097547909 ], [ 40.36333320965997, -0.003564073423206 ] ] ] } },
{ "type": "Feature", "properties": { "OBJECTID_1": 384, "name": "Hagdera", "type": "residential", "Sections": "Blocks", "Block": "E7", "Shape_Leng": 0.0065359946230299998, "Shape_Le_1": 0.0065359941085299999, "Shape_Area": 2.27724792684e-06 }, "geometry": { "type": "Polygon", "coordinates": [ [ [ 40.362182702469795, -0.001509710704511 ], [ 40.360387262662073, -0.000283977923175 ], [ 40.360521699616811, -0.000092899867411 ], [ 40.360851599721627, 0.000607799710224 ], [ 40.362783574602361, -0.000651009236663 ], [ 40.362182702469795, -0.001509710704511 ] ] ] } },
{ "type": "Feature", "properties": { "OBJECTID_1": 385, "name": "Hagdera", "type": "residential", "Sections": "D", "Block": "D8", "Shape_Leng": 0.0063786238367599998, "Shape_Le_1": 0.0063786244112499996, "Shape_Area": 2.2598631351699999e-06 }, "geometry": { "type": "Polygon", "coordinates": [ [ [ 40.363923280934728, -0.002697990319973 ], [ 40.363866399714652, -0.002748999866412 ], [ 40.36333320965997, -0.003564073423206 ], [ 40.361552660826703, -0.002410097547909 ], [ 40.362182702469795, -0.001509710704511 ], [ 40.363923280934728, -0.002697990319973 ] ] ] } },
{ "type": "Feature", "properties": { "OBJECTID_1": 386, "name": "Hagdera", "type": "residential", "Sections": "B", "Block": "B8", "Shape_Leng": 0.0063886285439400002, "Shape_Le_1": 0.0063886280670200002, "Shape_Area": 2.3363757740500001e-06 }, "geometry": { "type": "Polygon", "coordinates": [ [ [ 40.368354737980837, -0.005741873488603 ], [ 40.368319300195594, -0.005780400445076 ], [ 40.368253600223511, -0.006037100231936 ], [ 40.368124300196371, -0.006264799580777 ], [ 40.367741699819646, -0.006604999621004 ], [ 40.367731971853061, -0.006626104011445 ], [ 40.366029827714442, -0.005443472138495 ], [ 40.366632056024628, -0.004529139508122 ], [ 40.368354737980837, -0.005741873488603 ] ] ] } },
{ "type": "Feature", "properties": { "OBJECTID_1": 387, "name": "Hagdera", "type": "residential", "Sections": "C", "Block": "C10", "Shape_Leng": 0.0068521025605799996, "Shape_Le_1": 0.0068521038871199999, "Shape_Area": 2.5999736772200001e-06 }, "geometry": { "type": "Polygon", "coordinates": [ [ [ 40.36543539562706, -0.006343644943229 ], [ 40.364824142620137, -0.007268567090648 ], [ 40.362867699884475, -0.005965300158437 ], [ 40.363616300052286, -0.005072499995833 ], [ 40.363620833534696, -0.00506572000694 ], [ 40.36543539562706, -0.006343644943229 ] ] ] } },
{ "type": "Feature", "properties": { "OBJECTID_1": 388, "name": "Hagdera", "type": "residential", "Sections": "B", "Block": "B10", "Shape_Leng": 0.0063101965032899996, "Shape_Le_1": 0.0063101973657300001, "Shape_Area": 2.26031396728e-06 }, "geometry": { "type": "Polygon", "coordinates": [ [ [ 40.367124506790617, -0.007533219582342 ], [ 40.366818999896964, -0.008045000376399 ], [ 40.36670430036321, -0.008280100246395 ], [ 40.366546800294657, -0.008416100222803 ], [ 40.364824142620137, -0.007268567090648 ], [ 40.36543539562706, -0.006343644943229 ], [ 40.367124506790617, -0.007533219582342 ] ] ] } },
{ "type": "Feature", "properties": { "OBJECTID_1": 389, "name": "Hagdera", "type": "residential", "Sections": "C", "Block": "C9", "Shape_Leng": 0.0065755239422599998, "Shape_Le_1": 0.0065755237836300001, "Shape_Area": 2.3743067893400001e-06 }, "geometry": { "type": "Polygon", "coordinates": [ [ [ 40.366029827714442, -0.005443472138495 ], [ 40.365891765592551, -0.005653085221638 ], [ 40.36543539562706, -0.006343644943229 ], [ 40.363620833534696, -0.00506572000694 ], [ 40.364212503804083, -0.004180815891914 ], [ 40.366029827714442, -0.005443472138495 ] ] ] } },
{ "type": "Feature", "properties": { "OBJECTID_1": 390, "name": "Hagdera", "type": "residential", "Sections": "B", "Block": "B9", "Shape_Leng": 0.00631234480523, "Shape_Le_1": 0.0063123445107499997, "Shape_Area": 2.2613372560599999e-06 }, "geometry": { "type": "Polygon", "coordinates": [ [ [ 40.367731971853061, -0.006626104011445 ], [ 40.367646100087484, -0.006812400371928 ], [ 40.367139799762015, -0.007507599695941 ], [ 40.367124506790617, -0.007533219582342 ], [ 40.36543539562706, -0.006343644943229 ], [ 40.365891765592551, -0.005653085221638 ], [ 40.366029827714442, -0.005443472138495 ], [ 40.367731971853061, -0.006626104011445 ] ] ] } },
{ "type": "Feature", "properties": { "OBJECTID_1": 391, "name": "Hagdera", "type": "residential", "Sections": "C", "Block": "C7", "Shape_Leng": 0.0065437988064799999, "Shape_Le_1": 0.0065437975894200003, "Shape_Area": 2.3550027753900001e-06 }, "geometry": { "type": "Polygon", "coordinates": [ [ [ 40.366632056024628, -0.004529139508122 ], [ 40.364828526815131, -0.003259491032622 ], [ 40.365424199966924, -0.002368600130751 ], [ 40.367219624486154, -0.003637065098417 ], [ 40.366632056024628, -0.004529139508122 ] ] ] } },
{ "type": "Feature", "properties": { "OBJECTID_1": 392, "name": "Hagdera", "type": "residential", "Sections": "B", "Block": "B7", "Shape_Leng": 0.0063395965875299998, "Shape_Le_1": 0.0063395961353499997, "Shape_Area": 2.2954366939700002e-06 }, "geometry": { "type": "Polygon", "coordinates": [ [ [ 40.368354737980837, -0.005741873488603 ], [ 40.366632056024628, -0.004529139508122 ], [ 40.367219624486154, -0.003637065098417 ], [ 40.3688987999397, -0.004823400379564 ], [ 40.368916299847399, -0.004925299862634 ], [ 40.368754199746547, -0.005307599865773 ], [ 40.368354737980837, -0.005741873488603 ] ] ] } },
{ "type": "Feature", "properties": { "OBJECTID_1": 393, "name": "Hagdera", "type": "residential", "Sections": "B", "Block": "B2", "Shape_Leng": 0.0070940965112500001, "Shape_Le_1": 0.0070940961454200001, "Shape_Area": 2.7612573547899999e-06 }, "geometry": { "type": "Polygon", "coordinates": [ [ [ 40.372340039561209, -0.000502475408894 ], [ 40.372201038547132, -0.000780477437047 ], [ 40.371819267345359, -0.001212482070343 ], [ 40.371637232872047, -0.001416360176847 ], [ 40.369675927502101, -0.000067962566391 ], [ 40.370305139970299, 0.000847872831116 ], [ 40.372340039561209, -0.000502475408894 ] ] ] } },
{ "type": "Feature", "properties": { "OBJECTID_1": 394, "name": "Hagdera", "type": "residential", "Sections": "C", "Block": "C5", "Shape_Leng": 0.0069686300654899997, "Shape_Le_1": 0.0069686305986400004, "Shape_Area": 3.0234088342800001e-06 }, "geometry": { "type": "Polygon", "coordinates": [ [ [ 40.368470022973213, -0.00182318828945 ], [ 40.36777404843366, -0.002836196333362 ], [ 40.367713700327045, -0.002801600313546 ], [ 40.367616899999973, -0.002908599851935 ], [ 40.366521600391593, -0.002231000260394 ], [ 40.366287200194165, -0.002047599716889 ], [ 40.366100603460154, -0.001763895986983 ], [ 40.366076952189644, -0.001784043498787 ], [ 40.365999290335026, -0.001602831905132 ], [ 40.366070509446502, -0.001470103662314 ], [ 40.366072968192952, -0.001480183263823 ], [ 40.36652947665408, -0.000791048068379 ], [ 40.366595856513641, -0.000753372769907 ], [ 40.366732029159891, -0.000649622482058 ], [ 40.366748741261461, -0.000617868319921 ], [ 40.368470022973213, -0.00182318828945 ] ] ] } },
{ "type": "Feature", "properties": { "OBJECTID_1": 395, "name": "Hagdera", "type": "residential", "Sections": "B", "Block": "B5", "Shape_Leng": 0.0067088359194000004, "Shape_Le_1": 0.0067088366259299998, "Shape_Area": 2.50745424839e-06 }, "geometry": { "type": "Polygon", "coordinates": [ [ [ 40.370294449729101, -0.003100735510486 ], [ 40.369703700365505, -0.003942400221547 ], [ 40.36777404843366, -0.002836196333362 ], [ 40.368470022973213, -0.00182318828945 ], [ 40.370294449729101, -0.003100735510486 ] ] ] } },
{ "type": "Feature", "properties": { "OBJECTID_1": 396, "name": "Hagdera", "type": "residential", "Sections": "C", "Block": "C4", "Shape_Leng": 0.0063985386090900003, "Shape_Le_1": 0.0063985402155099999, "Shape_Area": 2.29508444141e-06 }, "geometry": { "type": "Polygon", "coordinates": [ [ [ 40.36907328460444, -0.00094512531723 ], [ 40.368470022973213, -0.00182318828945 ], [ 40.366748741261461, -0.000617868319921 ], [ 40.366796872977375, -0.000526418059678 ], [ 40.366848748570931, -0.00044212100704 ], [ 40.366852297295736, -0.000303724337357 ], [ 40.367141780069176, 0.000133272432606 ], [ 40.367237814173848, 0.000180383418012 ], [ 40.367309154693771, 0.000272436224009 ], [ 40.36907328460444, -0.00094512531723 ] ] ] } },
{ "type": "Feature", "properties": { "OBJECTID_1": 397, "name": "Hagdera", "type": "residential", "Sections": "B", "Block": "B4", "Shape_Leng": 0.0067100959373899999, "Shape_Le_1": 0.0067100957556400003, "Shape_Area": 2.4084213112699998e-06 }, "geometry": { "type": "Polygon", "coordinates": [ [ [ 40.37098623432729, -0.002265397530039 ], [ 40.370741075540252, -0.002464408505602 ], [ 40.370294449729101, -0.003100735510486 ], [ 40.368470022973213, -0.00182318828945 ], [ 40.36907328460444, -0.00094512531723 ], [ 40.37098623432729, -0.002265397530039 ] ] ] } },
{ "type": "Feature", "properties": { "OBJECTID_1": 398, "name": "Hagdera", "type": "residential", "Sections": "C", "Block": "C3", "Shape_Leng": 0.0064892638544099997, "Shape_Le_1": 0.0064892636800299996, "Shape_Area": 2.30159148106e-06 }, "geometry": { "type": "Polygon", "coordinates": [ [ [ 40.369675927502101, -0.000067962566391 ], [ 40.36907328460444, -0.00094512531723 ], [ 40.367309154693771, 0.000272436224009 ], [ 40.367438830637582, 0.000439760486586 ], [ 40.367849396332645, 0.001187776994357 ], [ 40.369675927502101, -0.000067962566391 ] ] ] } },
{ "type": "Feature", "properties": { "OBJECTID_1": 399, "name": "Hagdera", "type": "residential", "Sections": "B", "Block": "B3", "Shape_Leng": 0.0068447852063100003, "Shape_Le_1": 0.0068447850391599998, "Shape_Area": 2.4957128815900001e-06 }, "geometry": { "type": "Polygon", "coordinates": [ [ [ 40.371637232872047, -0.001416360176847 ], [ 40.371316936627352, -0.001775092546438 ], [ 40.371045677715927, -0.0022171435063 ], [ 40.37098623432729, -0.002265397530039 ], [ 40.36907328460444, -0.00094512531723 ], [ 40.369675927502101, -0.000067962566391 ], [ 40.371637232872047, -0.001416360176847 ] ] ] } },
{ "type": "Feature", "properties": { "OBJECTID_1": 400, "name": "Hagdera", "type": "residential", "Sections": "C", "Block": "C2", "Shape_Leng": 0.0066452248206799996, "Shape_Le_1": 0.0066452239149599997, "Shape_Area": 2.4401499792499999e-06 }, "geometry": { "type": "Polygon", "coordinates": [ [ [ 40.370305139970299, 0.000847872831116 ], [ 40.369675927502101, -0.000067962566391 ], [ 40.367849396332645, 0.001187776994357 ], [ 40.367893254470175, 0.001267681758179 ], [ 40.368436563696491, 0.002087849974316 ], [ 40.370305139970299, 0.000847872831116 ] ] ] } },
{ "type": "Feature", "properties": { "OBJECTID_1": 401, "name": "Hagdera", "type": "residential", "Sections": "B", "Block": "B1", "Shape_Leng": 0.0068793609137000004, "Shape_Le_1": 0.0068793621657499996, "Shape_Area": 2.5077961433700001e-06 }, "geometry": { "type": "Polygon", "coordinates": [ [ [ 40.372340039561209, -0.000502475408894 ], [ 40.370305139970299, 0.000847872831116 ], [ 40.37096003168017, 0.001801084052829 ], [ 40.371108847895073, 0.001698204308752 ], [ 40.371256656869264, 0.001480009894578 ], [ 40.371487728675788, 0.001449870015563 ], [ 40.371708754155748, 0.001369497604287 ], [ 40.37198001306723, 0.001037958934717 ], [ 40.37222113120032, 0.000837027007265 ], [ 40.372351737942381, 0.000756653696669 ], [ 40.372520939989442, 0.000694613066003 ], [ 40.372557199755022, 0.000601499959316 ], [ 40.372556764483136, 0.000574151575904 ], [ 40.372622995954544, 0.000525581890145 ], [ 40.372442156680222, -0.000137494549676 ], [ 40.372462250232729, -0.00025805406591 ], [ 40.372340039561209, -0.000502475408894 ] ] ] } },
{ "type": "Feature", "properties": { "OBJECTID_1": 402, "name": "Hagdera", "type": "residential", "Sections": "A", "Block": "A5", "Shape_Leng": 0.0070311685513399997, "Shape_Le_1": 0.0070311706110799998, "Shape_Area": 2.6395173468700002e-06 }, "geometry": { "type": "Polygon", "coordinates": [ [ [ 40.370532584810974, -0.004562888366536 ], [ 40.370541443133163, -0.00454129744287 ], [ 40.370526872317384, -0.004521262346316 ], [ 40.370565946061618, -0.004436601967541 ], [ 40.370578359403794, -0.004409706842466 ], [ 40.370827213505152, -0.004092203892071 ], [ 40.371065340493146, -0.003736085851642 ], [ 40.371123551810513, -0.003661057211957 ], [ 40.372144724799284, -0.00440825713531 ], [ 40.372931146855024, -0.004935735595666 ], [ 40.372763384622544, -0.005236309707868 ], [ 40.372468331448374, -0.00570268373184 ], [ 40.372319854277919, -0.005953558609804 ], [ 40.37224361694939, -0.005964196690286 ], [ 40.37198001306723, -0.005743504858799 ], [ 40.371910270642502, -0.005703921198972 ], [ 40.371854807653278, -0.005699027987703 ], [ 40.371659586420833, -0.005615361359787 ], [ 40.371659586420833, -0.005570309821906 ], [ 40.37153944958601, -0.005520968517828 ], [ 40.37153944958601, -0.005491222541821 ], [ 40.37153944958601, -0.005471626314431 ], [ 40.371565193578874, -0.005370797923945 ], [ 40.371524432706451, -0.005370797923945 ], [ 40.371414706423593, -0.005416376464552 ], [ 40.37138498922593, -0.005428720558939 ], [ 40.371356411469264, -0.005382020563729 ], [ 40.371346671811523, -0.005366105261487 ], [ 40.371311493930364, -0.005308618797699 ], [ 40.371282740805896, -0.005261632818076 ], [ 40.371209074639125, -0.005141251367604 ], [ 40.371182932246597, -0.005074587322326 ], [ 40.371166168883633, -0.005031841646144 ], [ 40.371031016068571, -0.004943885252032 ], [ 40.370576213621405, -0.004611364522816 ], [ 40.370532584810974, -0.004562888366536 ] ] ] } },
{ "type": "Feature", "properties": { "OBJECTID_1": 403, "name": "Hagdera", "type": "residential", "Sections": "J", "Block": "J1", "Shape_Leng": 0.0092346649835399995, "Shape_Le_1": 0.0092346653651500001, "Shape_Area": 4.5477118182099998e-06 }, "geometry": { "type": "Polygon", "coordinates": [ [ [ 40.37613270096341, -0.003380329338654 ], [ 40.375723433889391, -0.002952026314915 ], [ 40.375390308815724, -0.002780705465113 ], [ 40.375161881016027, -0.002666491565265 ], [ 40.374895381316833, -0.002361919966575 ], [ 40.374802032587809, -0.002291605573078 ], [ 40.374876142120343, -0.002110037847899 ], [ 40.375080004938354, -0.001819924649737 ], [ 40.375283867756366, -0.0015415727853 ], [ 40.375487731473697, -0.001416118259215 ], [ 40.375840571485242, -0.00154549293012 ], [ 40.376083638449188, -0.00171407264628 ], [ 40.376086851726882, -0.001713001553753 ], [ 40.376271819788712, -0.001894412796844 ], [ 40.376750114326342, -0.00211787813754 ], [ 40.377024546046016, -0.002341343478179 ], [ 40.377573407686668, -0.002721627201311 ], [ 40.377602679719928, -0.002746716487707 ], [ 40.377606999163731, -0.002770368657536 ], [ 40.377640055544191, -0.002788274159457 ], [ 40.377730226069104, -0.00294509254195 ], [ 40.377812555405171, -0.003246966174515 ], [ 40.377820395694755, -0.003403784556951 ], [ 40.377769430215096, -0.003544920561581 ], [ 40.377745907547649, -0.003803669903391 ], [ 40.377510680873286, -0.004246680439906 ], [ 40.377334260867485, -0.004450543257917 ], [ 40.377311753534627, -0.004438539107241 ], [ 40.377181363529132, -0.004595599407367 ], [ 40.377153920716921, -0.004607360741034 ], [ 40.377111243389209, -0.004559458352276 ], [ 40.377024886889046, -0.004462527623502 ], [ 40.376961818333314, -0.004391736589298 ], [ 40.376773636993789, -0.004250600584726 ], [ 40.376663864845511, -0.004038896577754 ], [ 40.37665919826344, -0.004032076119358 ], [ 40.376561932986874, -0.003889919384221 ], [ 40.3764600020275, -0.003889919384221 ], [ 40.37638159283631, -0.003842874049326 ], [ 40.376375120415503, -0.003841795762241 ], [ 40.376366872733058, -0.003840420698793 ], [ 40.376337040422129, -0.003835449246537 ], [ 40.37613270096341, -0.003380329338654 ] ] ] } },
{ "type": "Feature", "properties": { "OBJECTID_1": 404, "name": "Hagdera", "type": "residential", "Sections": "A", "Block": "A1", "Shape_Leng": 0.0067463617424599999, "Shape_Le_1": 0.0067463621983299997, "Shape_Area": 2.58404965017e-06 }, "geometry": { "type": "Polygon", "coordinates": [ [ [ 40.373511900254073, -0.000046199872202 ], [ 40.374588088369649, -0.000719210223338 ], [ 40.374629153212879, -0.000698676902346 ], [ 40.375013357080832, -0.000894699430773 ], [ 40.375099607460982, -0.00097702876684 ], [ 40.37510968796181, -0.001015671735786 ], [ 40.375120142580556, -0.001007258578056 ], [ 40.375170175463268, -0.00105543795803 ], [ 40.375346595469068, -0.001278903298726 ], [ 40.375299550134173, -0.001435720781842 ], [ 40.375158414129544, -0.001608220642822 ], [ 40.374985914268564, -0.001843447317185 ], [ 40.37480165307386, -0.002125719326443 ], [ 40.374716871286637, -0.002227457830884 ], [ 40.374162507593724, -0.00180988551773 ], [ 40.373448668921014, -0.001333993069295 ], [ 40.372897768517248, -0.00098269449569 ], [ 40.373511900254073, -0.000046199872202 ] ] ] } },
{ "type": "Feature", "properties": { "OBJECTID_1": 405, "name": "Hagdera", "type": "residential", "Sections": "J", "Block": "J2", "Shape_Leng": 0.0064341807857099999, "Shape_Le_1": 0.0064341827156600001, "Shape_Area": 2.1592517058299998e-06 }, "geometry": { "type": "Polygon", "coordinates": [ [ [ 40.375352237815548, -0.003960918161795 ], [ 40.374400453817941, -0.003294668913782 ], [ 40.3741748759698, -0.003140164486979 ], [ 40.374533703667566, -0.002590348665592 ], [ 40.374755181506487, -0.002256315276668 ], [ 40.374895381316833, -0.002361919966575 ], [ 40.375161881016027, -0.002666491565265 ], [ 40.375390308815724, -0.002780705465113 ], [ 40.375723433889391, -0.002952026314915 ], [ 40.37613270096341, -0.003380329338654 ], [ 40.376342093712708, -0.003846704261946 ], [ 40.376350004149401, -0.003858952128894 ], [ 40.376338704167893, -0.00387136547107 ], [ 40.37637375164735, -0.003889919384221 ], [ 40.376307103789884, -0.004011453765543 ], [ 40.376260058454989, -0.004066339390022 ], [ 40.376146366161947, -0.004160430059756 ], [ 40.376040514158433, -0.004258441773629 ], [ 40.376009150302082, -0.004301566064385 ], [ 40.376052275492157, -0.004360372732947 ], [ 40.3758915369649, -0.004462304591641 ], [ 40.375844491630062, -0.004411339111982 ], [ 40.375843099479482, -0.004406118547479 ], [ 40.375352237815548, -0.003960918161795 ] ] ] } },
{ "type": "Feature", "properties": { "OBJECTID_1": 406, "name": "Hagdera", "type": "residential", "Sections": "A", "Block": "A2", "Shape_Leng": 0.00660594563425, "Shape_Le_1": 0.0066059452947, "Shape_Area": 2.4180592039199999e-06 }, "geometry": { "type": "Polygon", "coordinates": [ [ [ 40.3741748759698, -0.003140164486979 ], [ 40.373705651094951, -0.00281877736461 ], [ 40.372877598522393, -0.002247706066726 ], [ 40.372348745897966, -0.001884120056047 ], [ 40.372367500359928, -0.00185759994821 ], [ 40.372345600069423, -0.001824700049838 ], [ 40.372897768517248, -0.00098269449569 ], [ 40.373448668921014, -0.001333993069295 ], [ 40.374162507593724, -0.00180988551773 ], [ 40.374755181506487, -0.002256315276668 ], [ 40.374533703667566, -0.002590348665592 ], [ 40.3741748759698, -0.003140164486979 ] ] ] } },
{ "type": "Feature", "properties": { "OBJECTID_1": 407, "name": "Hagdera", "type": "residential", "Sections": "J", "Block": "J3", "Shape_Leng": 0.0063185820428000002, "Shape_Le_1": 0.0063185813938499997, "Shape_Area": 2.2351058505100001e-06 }, "geometry": { "type": "Polygon", "coordinates": [ [ [ 40.375269268162242, -0.005221619282281 ], [ 40.373677097620032, -0.004132239011597 ], [ 40.373547553876563, -0.004046406816201 ], [ 40.373943597319226, -0.00349454413788 ], [ 40.3741748759698, -0.003140164486979 ], [ 40.374400453817941, -0.003294668913782 ], [ 40.375352237815548, -0.003960918161795 ], [ 40.375864884656778, -0.004425877552137 ], [ 40.375737900383854, -0.004510500159427 ], [ 40.375269268162242, -0.005221619282281 ] ] ] } },
{ "type": "Feature", "properties": { "OBJECTID_1": 408, "name": "Hagdera", "type": "residential", "Sections": "A", "Block": "A3", "Shape_Leng": 0.0066486761228199999, "Shape_Le_1": 0.0066486748240299999, "Shape_Area": 2.4872159777199999e-06 }, "geometry": { "type": "Polygon", "coordinates": [ [ [ 40.373547553876563, -0.004046406816201 ], [ 40.372125688849508, -0.00310431211426 ], [ 40.371712900929708, -0.002783255043141 ], [ 40.372348745897966, -0.001884120056047 ], [ 40.372877598522393, -0.002247706066726 ], [ 40.373705651094951, -0.00281877736461 ], [ 40.3741748759698, -0.003140164486979 ], [ 40.373943597319226, -0.00349454413788 ], [ 40.373547553876563, -0.004046406816201 ] ] ] } },
{ "type": "Feature", "properties": { "OBJECTID_1": 409, "name": "Hagdera", "type": "residential", "Sections": "J", "Block": "J5", "Shape_Leng": 0.0063310469711399999, "Shape_Le_1": 0.0063310452765500003, "Shape_Area": 2.2436215253800002e-06 }, "geometry": { "type": "Polygon", "coordinates": [ [ [ 40.374612827819817, -0.006196662445973 ], [ 40.374050800104385, -0.00701339974853 ], [ 40.372396212115575, -0.005942904341509 ], [ 40.372319854277919, -0.005953558609804 ], [ 40.372468331448374, -0.00570268373184 ], [ 40.372763384622544, -0.005236309707868 ], [ 40.372931146855024, -0.004935735595666 ], [ 40.373705651094951, -0.005455219982366 ], [ 40.374612827819817, -0.006196662445973 ] ] ] } },
{ "type": "Feature", "properties": { "OBJECTID_1": 410, "name": "Hagdera", "type": "residential", "Sections": "A", "Block": "A4", "Shape_Leng": 0.0066058266435900003, "Shape_Le_1": 0.0066058264764899998, "Shape_Area": 2.3712084751700001e-06 }, "geometry": { "type": "Polygon", "coordinates": [ [ [ 40.372931146855024, -0.004935735595666 ], [ 40.372144724799284, -0.00440825713531 ], [ 40.371102852114973, -0.003645910830073 ], [ 40.371712900929708, -0.002783255043141 ], [ 40.372125688849508, -0.00310431211426 ], [ 40.373547553876563, -0.004046406816201 ], [ 40.373363008496085, -0.004303560760661 ], [ 40.372991812422242, -0.004827041734529 ], [ 40.372931146855024, -0.004935735595666 ] ] ] } },
{ "type": "Feature", "properties": { "OBJECTID_1": 411, "name": "Hagdera", "type": "residential", "Sections": "J", "Block": "J7", "Shape_Leng": 0.0067803073529299996, "Shape_Le_1": 0.0067803074921399999, "Shape_Area": 2.6358984185699998e-06 }, "geometry": { "type": "Polygon", "coordinates": [ [ [ 40.372916540066342, -0.008896530650304 ], [ 40.371120124494212, -0.007617131725226 ], [ 40.371757691664186, -0.006700628131455 ], [ 40.371772658181669, -0.006713349941094 ], [ 40.371860872681168, -0.00659153047468 ], [ 40.372016637957529, -0.006690653750638 ], [ 40.37210742092077, -0.006792785258767 ], [ 40.372254943011285, -0.006883568222065 ], [ 40.372413813646631, -0.007036764135307 ], [ 40.372572684282034, -0.007167265656733 ], [ 40.372771271676925, -0.00736017922884 ], [ 40.373077665302048, -0.007547418978163 ], [ 40.373406753319045, -0.007819768767263 ], [ 40.373462755901528, -0.00788697150648 ], [ 40.373458551570934, -0.007893575228252 ], [ 40.373508884827231, -0.007916225553345 ], [ 40.373372709483021, -0.008199922088693 ], [ 40.373281926519724, -0.008313401242447 ], [ 40.373134404429265, -0.008597098677114 ], [ 40.372964186148351, -0.00886377374411 ], [ 40.372916540066342, -0.008896530650304 ] ] ] } },
{ "type": "Feature", "properties": { "OBJECTID_1": 412, "name": "Hagdera", "type": "residential", "Sections": "A", "Block": "A10", "Shape_Leng": 0.00648816028174, "Shape_Le_1": 0.0064881600040999996, "Shape_Area": 2.19065898717e-06 }, "geometry": { "type": "Polygon", "coordinates": [ [ [ 40.369854828737402, -0.009435994375565 ], [ 40.369306072317443, -0.010224832010351 ], [ 40.367517174178317, -0.009067973807873 ], [ 40.367518973721701, -0.008933073702337 ], [ 40.3677190737763, -0.008678374007729 ], [ 40.368125161746889, -0.008092230072293 ], [ 40.368181833424899, -0.008111120331876 ], [ 40.368343636749501, -0.008406173506046 ], [ 40.369854828737402, -0.009435994375565 ] ] ] } },
{ "type": "Feature", "properties": { "OBJECTID_1": 413, "name": "Hagdera", "type": "residential", "Sections": "J", "Block": "J10", "Shape_Leng": 0.0063635736628999996, "Shape_Le_1": 0.00636357268988, "Shape_Area": 2.1187108019599999e-06 }, "geometry": { "type": "Polygon", "coordinates": [ [ [ 40.371683170242193, -0.010681939419896 ], [ 40.371178873606198, -0.011473974144565 ], [ 40.369354073631655, -0.010255873909387 ], [ 40.369306072317443, -0.010224832010351 ], [ 40.369854828737402, -0.009435994375565 ], [ 40.371683170242193, -0.010681939419896 ] ] ] } },
{ "type": "Feature", "properties": { "OBJECTID_1": 414, "name": "Hagdera", "type": "residential", "Sections": "A", "Block": "A9", "Shape_Leng": 0.0065411843925399999, "Shape_Le_1": 0.0065411852130400003, "Shape_Area": 2.43879508224e-06 }, "geometry": { "type": "Polygon", "coordinates": [ [ [ 40.370493027231475, -0.008518584265232 ], [ 40.369854828737402, -0.009435994375565 ], [ 40.368343636749501, -0.008406173506046 ], [ 40.368181833424899, -0.008111120331876 ], [ 40.368125161746889, -0.008092230072293 ], [ 40.368544074049851, -0.007487573592584 ], [ 40.368691095217912, -0.007264128936356 ], [ 40.370493027231475, -0.008518584265232 ] ] ] } },
{ "type": "Feature", "properties": { "OBJECTID_1": 415, "name": "Hagdera", "type": "residential", "Sections": "J", "Block": "J9", "Shape_Leng": 0.0065941480882200001, "Shape_Le_1": 0.0065941475282099999, "Shape_Area": 2.42357021851e-06 }, "geometry": { "type": "Polygon", "coordinates": [ [ [ 40.372272037324706, -0.009757082023668 ], [ 40.371683170242193, -0.010681939419896 ], [ 40.369854828737402, -0.009435994375565 ], [ 40.370493027231475, -0.008518584265232 ], [ 40.372272037324706, -0.009757082023668 ] ] ] } },
{ "type": "Feature", "properties": { "OBJECTID_1": 416, "name": "Hagdera", "type": "residential", "Sections": "A", "Block": "A8", "Shape_Leng": 0.0066407680914399997, "Shape_Le_1": 0.0066407686804699998, "Shape_Area": 2.45310258837e-06 }, "geometry": { "type": "Polygon", "coordinates": [ [ [ 40.371120124494212, -0.007617131725226 ], [ 40.370493027231475, -0.008518584265232 ], [ 40.368691095217912, -0.007264128936356 ], [ 40.369308001363208, -0.006326547032472 ], [ 40.371120124494212, -0.007617131725226 ] ] ] } },
{ "type": "Feature", "properties": { "OBJECTID_1": 417, "name": "Hagdera", "type": "residential", "Sections": "J", "Block": "J8", "Shape_Leng": 0.0065668901612599999, "Shape_Le_1": 0.0065668907949100004, "Shape_Area": 2.35076202426e-06 }, "geometry": { "type": "Polygon", "coordinates": [ [ [ 40.372916540066342, -0.008896530650304 ], [ 40.372782620221813, -0.008988600543432 ], [ 40.372691837258515, -0.009192861761107 ], [ 40.372565742415134, -0.009295796363858 ], [ 40.372272037324706, -0.009757082023668 ], [ 40.370493027231475, -0.008518584265232 ], [ 40.371120124494212, -0.007617131725226 ], [ 40.372916540066342, -0.008896530650304 ] ] ] } },
{ "type": "Feature", "properties": { "OBJECTID_1": 418, "name": "Hagdera", "type": "residential", "Sections": "M", "Block": "M1", "Shape_Leng": 0.0067229518019400001, "Shape_Le_1": 0.0067229526714499997, "Shape_Area": 2.8980138495599999e-06 }, "geometry": { "type": "Polygon", "coordinates": [ [ [ 40.379755991246043, -0.004808199139006 ], [ 40.379920824386602, -0.004601542127432 ], [ 40.380330091460621, -0.003992400728691 ], [ 40.380429575364644, -0.003816840474769 ], [ 40.380912399787462, -0.003945600009388 ], [ 40.381630799821608, -0.004339600192338 ], [ 40.382085100447057, -0.004738200407587 ], [ 40.382145300165519, -0.004909700222413 ], [ 40.382080399690722, -0.005085800069594 ], [ 40.38165399963242, -0.00565130006737 ], [ 40.381372858071018, -0.00604660426734 ], [ 40.380175288458872, -0.005116647715056 ], [ 40.379755991246043, -0.004808199139006 ] ] ] } },
{ "type": "Feature", "properties": { "OBJECTID_1": 419, "name": "Hagdera", "type": "residential", "Sections": "M", "Block": "M2", "Shape_Leng": 0.0063959189234199998, "Shape_Le_1": 0.0063959182792600001, "Shape_Area": 2.3888225892500001e-06 }, "geometry": { "type": "Polygon", "coordinates": [ [ [ 40.379058393430171, -0.005729922397961 ], [ 40.379283128613565, -0.005401041225014 ], [ 40.379755991246043, -0.004808199139006 ], [ 40.380175288458872, -0.005116647715056 ], [ 40.381372858071018, -0.00604660426734 ], [ 40.381037599805438, -0.006518000105586 ], [ 40.380696307988273, -0.006971779124285 ], [ 40.379087198715297, -0.005761728720756 ], [ 40.379058393430171, -0.005729922397961 ] ] ] } },
{ "type": "Feature", "properties": { "OBJECTID_1": 420, "name": "Hagdera", "type": "residential", "Sections": "L", "Block": "L3", "Shape_Leng": 0.0066843649538800001, "Shape_Le_1": 0.0066843658269299996, "Shape_Area": 2.5746422867100001e-06 }, "geometry": { "type": "Polygon", "coordinates": [ [ [ 40.379058393430171, -0.005729922397961 ], [ 40.378892897489266, -0.005972111623578 ], [ 40.378402734598581, -0.00669184445303 ], [ 40.376996513278527, -0.005559655553611 ], [ 40.376724886544309, -0.005357380039015 ], [ 40.376732264582415, -0.00534108702152 ], [ 40.377043349970677, -0.004934554785848 ], [ 40.377244090342572, -0.004870031126984 ], [ 40.377498919539562, -0.004415259256746 ], [ 40.377539489755691, -0.004362205551274 ], [ 40.378714140145519, -0.005349809546033 ], [ 40.379058393430171, -0.005729922397961 ] ] ] } },
{ "type": "Feature", "properties": { "OBJECTID_1": 421, "name": "Hagdera", "type": "residential", "Sections": "L", "Block": "L4", "Shape_Leng": 0.0065846638899299996, "Shape_Le_1": 0.0065846634290600004, "Shape_Area": 2.4578898856900001e-06 }, "geometry": { "type": "Polygon", "coordinates": [ [ [ 40.378402734598581, -0.00669184445303 ], [ 40.37814098781638, -0.007076181420587 ], [ 40.377734573391876, -0.007610937194954 ], [ 40.376053363671872, -0.006341161915032 ], [ 40.376095843148676, -0.006291186588953 ], [ 40.376602627309467, -0.005627370906382 ], [ 40.376724886544309, -0.005357380039015 ], [ 40.376996513278527, -0.005559655553611 ], [ 40.378402734598581, -0.00669184445303 ] ] ] } },
{ "type": "Feature", "properties": { "OBJECTID_1": 422, "name": "Hagdera", "type": "residential", "Sections": "M", "Block": "M6", "Shape_Leng": 0.0064298021798100003, "Shape_Le_1": 0.0064298025463099999, "Shape_Area": 2.25710164615e-06 }, "geometry": { "type": "Polygon", "coordinates": [ [ [ 40.378584164727499, -0.009830954135168 ], [ 40.378544619738477, -0.009881502329449 ], [ 40.378241773039463, -0.01029753410387 ], [ 40.378175864424634, -0.0102590880864 ], [ 40.378058229503722, -0.010190467116331 ], [ 40.378009283901406, -0.010251647995119 ], [ 40.377739143746567, -0.010650986553742 ], [ 40.377718673378126, -0.010640148823768 ], [ 40.377177220352507, -0.010263885070174 ], [ 40.376953908795883, -0.01008034153449 ], [ 40.376840723720477, -0.009982451229121 ], [ 40.37660823548174, -0.009795848199815 ], [ 40.376519522757803, -0.009722431145235 ], [ 40.37632680164063, -0.009563359961021 ], [ 40.376264961558775, -0.009503810452429 ], [ 40.37693763106688, -0.008584495577963 ], [ 40.37761827846083, -0.009134806026452 ], [ 40.378457661591881, -0.009772115090982 ], [ 40.378584164727499, -0.009830954135168 ] ] ] } },
{ "type": "Feature", "properties": { "OBJECTID_1": 423, "name": "Hagdera", "type": "residential", "Sections": "L", "Block": "L5", "Shape_Leng": 0.0064820891259799998, "Shape_Le_1": 0.0064820891150700003, "Shape_Area": 2.4584881798200002e-06 }, "geometry": { "type": "Polygon", "coordinates": [ [ [ 40.377734573391876, -0.007610937194954 ], [ 40.377417631618471, -0.00802796631757 ], [ 40.376978688715553, -0.008523547623554 ], [ 40.375376998849447, -0.00725758277116 ], [ 40.375524818615531, -0.006947864352412 ], [ 40.375974500322968, -0.006433942272565 ], [ 40.376053363671872, -0.006341161915032 ], [ 40.377734573391876, -0.007610937194954 ] ] ] } },
{ "type": "Feature", "properties": { "OBJECTID_1": 424, "name": "Hagdera", "type": "residential", "Sections": "L", "Block": "L1", "Shape_Leng": 0.0069912408188000002, "Shape_Le_1": 0.0069912409105299996, "Shape_Area": 1.8971052176499999e-06 }, "geometry": { "type": "Polygon", "coordinates": [ [ [ 40.380429575364644, -0.003816840474769 ], [ 40.380330091460621, -0.003992400728691 ], [ 40.379920824386602, -0.004601542127432 ], [ 40.379755991246043, -0.004808199139006 ], [ 40.37949911878934, -0.004619235389328 ], [ 40.37837994128131, -0.003873116451132 ], [ 40.377980050538952, -0.00361985297377 ], [ 40.377992895555735, -0.003544920561581 ], [ 40.377934088887173, -0.003411625745912 ], [ 40.377925159518554, -0.003408805471963 ], [ 40.377760699596649, -0.002995500441955 ], [ 40.377815012352983, -0.002978177700697 ], [ 40.377808634361031, -0.00294509254195 ], [ 40.377871362073734, -0.002937251353046 ], [ 40.377889478017039, -0.002994619106346 ], [ 40.377910548233274, -0.003019405321254 ], [ 40.377918407408629, -0.003094068836162 ], [ 40.377974557479888, -0.0030730130091 ], [ 40.377984217997323, -0.003078057306425 ], [ 40.378000736744639, -0.003058784834991 ], [ 40.378232043274238, -0.00320384188376 ], [ 40.378455508614877, -0.003309693887218 ], [ 40.378573121952059, -0.003337136699429 ], [ 40.37864094792144, -0.003368300006969 ], [ 40.379284599904395, -0.003511499955721 ], [ 40.380429575364644, -0.003816840474769 ] ] ] } },
{ "type": "Feature", "properties": { "OBJECTID_1": 425, "name": "Hagdera", "type": "residential", "Sections": "L", "Block": "L2", "Shape_Leng": 0.0062476503574700002, "Shape_Le_1": 0.0062476497526999996, "Shape_Area": 2.0729983975100001e-06 }, "geometry": { "type": "Polygon", "coordinates": [ [ [ 40.379755991246043, -0.004808199139006 ], [ 40.379283128613565, -0.005401041225014 ], [ 40.379058393430171, -0.005729922397961 ], [ 40.378714140145519, -0.005349809546033 ], [ 40.377539489755691, -0.004362205551274 ], [ 40.377549885019221, -0.004348611399223 ], [ 40.377640055544191, -0.004187873771286 ], [ 40.377730226069104, -0.003968328575468 ], [ 40.377789032737724, -0.003889919384221 ], [ 40.377843918362203, -0.003725260712145 ], [ 40.377969372888288, -0.003682136421389 ], [ 40.377980050538952, -0.00361985297377 ], [ 40.37837994128131, -0.003873116451132 ], [ 40.37949911878934, -0.004619235389328 ], [ 40.379755991246043, -0.004808199139006 ] ] ] } },
{ "type": "Feature", "properties": { "OBJECTID_1": 426, "name": "Hagdera", "type": "residential", "Sections": "M", "Block": "M3", "Shape_Leng": 0.00641599852961, "Shape_Le_1": 0.0064160000068899997, "Shape_Area": 2.3818090150300002e-06 }, "geometry": { "type": "Polygon", "coordinates": [ [ [ 40.378402734598581, -0.00669184445303 ], [ 40.378892897489266, -0.005972111623578 ], [ 40.379058393430171, -0.005729922397961 ], [ 40.379087198715297, -0.005761728720756 ], [ 40.380696307988273, -0.006971779124285 ], [ 40.380021800265922, -0.007868600155746 ], [ 40.379981328975191, -0.007925625267319 ], [ 40.378512066079054, -0.006779870094874 ], [ 40.378402734598581, -0.00669184445303 ] ] ] } },
{ "type": "Feature", "properties": { "OBJECTID_1": 427, "name": "Hagdera", "type": "residential", "Sections": "M", "Block": "M4", "Shape_Leng": 0.0063606196172499999, "Shape_Le_1": 0.0063606200459, "Shape_Area": 2.3322171472899999e-06 }, "geometry": { "type": "Polygon", "coordinates": [ [ [ 40.377734573391876, -0.007610937194954 ], [ 40.37814098781638, -0.007076181420587 ], [ 40.378402734598581, -0.00669184445303 ], [ 40.378512066079054, -0.006779870094874 ], [ 40.379981328975191, -0.007925625267319 ], [ 40.379286857202771, -0.008904145210067 ], [ 40.377797035804633, -0.007658112931495 ], [ 40.377734573391876, -0.007610937194954 ] ] ] } },
{ "type": "Feature", "properties": { "OBJECTID_1": 428, "name": "Hagdera", "type": "residential", "Sections": "P", "Block": "P6", "Shape_Leng": 0.0086067181467899996, "Shape_Le_1": 0.0086067184216500007, "Shape_Area": 3.8497437316400004e-06 }, "geometry": { "type": "Polygon", "coordinates": [ [ [ 40.384136192331482, -0.013992708996284 ], [ 40.38179824189541, -0.012628046247301 ], [ 40.381909693977263, -0.012437498791485 ], [ 40.38188573513861, -0.012197905009259 ], [ 40.38183781566272, -0.012096077471938 ], [ 40.381963602937958, -0.011730697313794 ], [ 40.382081209979901, -0.01141903725869 ], [ 40.384871628223095, -0.0126501039191 ], [ 40.384446099607885, -0.013140399909503 ], [ 40.384136192331482, -0.013992708996284 ] ] ] } },
{ "type": "Feature", "properties": { "OBJECTID_1": 429, "name": "Hagdera", "type": "residential", "Sections": "Blocks", "Block": "Blocks", "Shape_Leng": 0.0071624684271100001, "Shape_Le_1": 0.0071624688676799999, "Shape_Area": 2.59188453839e-06 }, "geometry": { "type": "Polygon", "coordinates": [ [ [ 40.384393645750208, -0.006593840833034 ], [ 40.383683459224301, -0.006311855707509 ], [ 40.383376508918786, -0.006240471120805 ], [ 40.383162357856577, -0.006012043321107 ], [ 40.382898237763527, -0.005869275946282 ], [ 40.382734054832838, -0.005769337884601 ], [ 40.382734054832838, -0.005612293772288 ], [ 40.382441381264812, -0.005355311598294 ], [ 40.382256638033482, -0.005032011617971 ], [ 40.382275299865228, -0.005005299954576 ], [ 40.382266762601091, -0.004983530065829 ], [ 40.382331517385694, -0.004971389218213 ], [ 40.382519724805491, -0.004935195103144 ], [ 40.382745068829934, -0.004600593342673 ], [ 40.383422400423512, -0.004861099959726 ], [ 40.383861499808404, -0.005116699875771 ], [ 40.384198599885508, -0.005430500317289 ], [ 40.384243417599691, -0.005483142133244 ], [ 40.384409035848364, -0.005615636552363 ], [ 40.384872315305188, -0.005890708589277 ], [ 40.384920599905797, -0.005935152185486 ], [ 40.384856694980556, -0.006148167403978 ], [ 40.384778827181208, -0.006381771701342 ], [ 40.384688979512873, -0.006453650015885 ], [ 40.384437405861661, -0.006381771701342 ], [ 40.384393645750208, -0.006593840833034 ] ] ] } },
{ "type": "Feature", "properties": { "OBJECTID_1": 430, "name": "Hagdera", "type": "residential", "Sections": "N", "Block": "N1", "Shape_Leng": 0.0075091763068600003, "Shape_Le_1": 0.0075091760436499996, "Shape_Area": 2.07692371093e-06 }, "geometry": { "type": "Polygon", "coordinates": [ [ [ 40.384127717120521, -0.007097946812735 ], [ 40.38376912054855, -0.006890064025185 ], [ 40.383090974169193, -0.00669732761952 ], [ 40.382327166465586, -0.006476037738878 ], [ 40.381941694553632, -0.006340409182485 ], [ 40.381649020086286, -0.006211917645828 ], [ 40.381509108958255, -0.00610198721688 ], [ 40.382256638033482, -0.005032011617971 ], [ 40.382441381264812, -0.005355311598294 ], [ 40.382734054832838, -0.005612293772288 ], [ 40.382734054832838, -0.005769337884601 ], [ 40.382898237763527, -0.005869275946282 ], [ 40.383162357856577, -0.006012043321107 ], [ 40.383376508918786, -0.006240471120805 ], [ 40.383683459224301, -0.006311855707509 ], [ 40.384393645750208, -0.006593840833034 ], [ 40.384359538062256, -0.006759131728472 ], [ 40.384127717120521, -0.007097946812735 ] ] ] } },
{ "type": "Feature", "properties": { "OBJECTID_1": 431, "name": "Hagdera", "type": "residential", "Sections": "N", "Block": "N7", "Shape_Leng": 0.0079611670634300007, "Shape_Le_1": 0.0079611669662000006, "Shape_Area": 3.4834414479899999e-06 }, "geometry": { "type": "Polygon", "coordinates": [ [ [ 40.378149089808687, -0.010475377736441 ], [ 40.378218974326273, -0.010394908198407 ], [ 40.378422471120189, -0.010487809065069 ], [ 40.378465301332653, -0.010580608308373 ], [ 40.378549910450033, -0.010638498567801 ], [ 40.378498900004274, -0.01067340035712 ], [ 40.378846300016789, -0.010929000273109 ], [ 40.378879685549123, -0.010884311161988 ], [ 40.379700242272406, -0.011622811943141 ], [ 40.380088275453602, -0.011941198027841 ], [ 40.379928670072104, -0.01218674442265 ], [ 40.379164863267874, -0.012650739739797 ], [ 40.378820645956125, -0.012958337557166 ], [ 40.378805366474523, -0.012936843760258 ], [ 40.378668347566247, -0.012943694795638 ], [ 40.377902117089093, -0.012063948292507 ], [ 40.377947831427321, -0.012020138718356 ], [ 40.377750200011747, -0.011857179765002 ], [ 40.377678515950777, -0.011803078349317 ], [ 40.3775664379408, -0.011718491714987 ], [ 40.377565904642836, -0.011717866686126 ], [ 40.377356787985434, -0.011473046943536 ], [ 40.377282126269165, -0.011385639135881 ], [ 40.377516430239098, -0.011216142111209 ], [ 40.377553088404341, -0.011189623802068 ], [ 40.377576839499568, -0.011181073048022 ], [ 40.377694724432047, -0.011073589674368 ], [ 40.377909692078674, -0.010903696048672 ], [ 40.378058782586777, -0.010667925284451 ], [ 40.37816973284697, -0.010511901003383 ], [ 40.378149089808687, -0.010475377736441 ] ] ] } },
{ "type": "Feature", "properties": { "OBJECTID_1": 432, "name": "Hagdera", "type": "residential", "Sections": "N", "Block": "N7", "Shape_Leng": 0.0068206301937800001, "Shape_Le_1": 0.0068206301085400002, "Shape_Area": 2.7862173998e-06 }, "geometry": { "type": "Polygon", "coordinates": [ [ [ 40.378820645956125, -0.012958337557166 ], [ 40.379164863267874, -0.012650739739797 ], [ 40.379928670072104, -0.01218674442265 ], [ 40.380088275453602, -0.011941198027841 ], [ 40.380257035933539, -0.012079668441913 ], [ 40.380749583826287, -0.01252224820314 ], [ 40.381325359477785, -0.01304044566001 ], [ 40.381312193403062, -0.013045013316685 ], [ 40.381312422730161, -0.013045290307844 ], [ 40.380162027955294, -0.01384772659128 ], [ 40.380142574720082, -0.013843415241354 ], [ 40.379698502983558, -0.014193289288812 ], [ 40.379320232842531, -0.013661146944344 ], [ 40.378820645956125, -0.012958337557166 ] ] ] } },
{ "type": "Feature", "properties": { "OBJECTID_1": 433, "name": "Hagdera", "type": "residential", "Sections": "N", "Block": "N6", "Shape_Leng": 0.0092389290958600004, "Shape_Le_1": 0.0092389298725400002, "Shape_Area": 3.8376444359399997e-06 }, "geometry": { "type": "Polygon", "coordinates": [ [ [ 40.381865977033272, -0.011964459891885 ], [ 40.381864889752933, -0.011966697405114 ], [ 40.381843806046845, -0.012072118633341 ], [ 40.381909693977263, -0.01243150840736 ], [ 40.381741978509581, -0.01272501115028 ], [ 40.381592232395633, -0.01290470648695 ], [ 40.381560984551868, -0.012922167723787 ], [ 40.381113641981017, -0.012500833546596 ], [ 40.380978012525304, -0.012622186264821 ], [ 40.380836863930199, -0.012541529667828 ], [ 40.380521156026589, -0.012215297897626 ], [ 40.379664549979054, -0.011522874780781 ], [ 40.379336184117676, -0.011237339131867 ], [ 40.379107756317978, -0.011016049251225 ], [ 40.378910596147136, -0.010842934253958 ], [ 40.378918848326236, -0.010831887881295 ], [ 40.378910463047475, -0.010828742952071 ], [ 40.378988132096651, -0.010705766957528 ], [ 40.379005806472833, -0.010715487729556 ], [ 40.37925270005212, -0.010385000367421 ], [ 40.379134700006432, -0.010260500022014 ], [ 40.379451836033468, -0.009771972998124 ], [ 40.379471813573389, -0.009773971291679 ], [ 40.380228482458563, -0.010366457246164 ], [ 40.381477699236484, -0.011637088680629 ], [ 40.381865977033272, -0.011964459891885 ] ] ] } },
{ "type": "Feature", "properties": { "OBJECTID_1": 434, "name": "Hagdera", "type": "residential", "Sections": "N", "Block": "N5", "Shape_Leng": 0.0103490532395, "Shape_Le_1": 0.0103490532632, "Shape_Area": 4.9454082122000004e-06 }, "geometry": { "type": "Polygon", "coordinates": [ [ [ 40.382623639669305, -0.010271836875745 ], [ 40.382239135427824, -0.01109577504991 ], [ 40.382083399829071, -0.01141323663154 ], [ 40.381963602937958, -0.011730697313794 ], [ 40.381924867338796, -0.011843215092256 ], [ 40.381865977033272, -0.011964459891885 ], [ 40.381477699236484, -0.011637088680629 ], [ 40.380228482458563, -0.010366457246164 ], [ 40.379471813573389, -0.009773971291679 ], [ 40.379451836033468, -0.009771972998124 ], [ 40.379462400369562, -0.009755699765662 ], [ 40.378997899633418, -0.00942979984535 ], [ 40.379365000194639, -0.008918500188599 ], [ 40.379659899584738, -0.008531799802654 ], [ 40.37972052917911, -0.0084762252975 ], [ 40.380199928983586, -0.008903088506656 ], [ 40.380656785482302, -0.009274284580499 ], [ 40.381449145761508, -0.009631203017534 ], [ 40.382623639669305, -0.010271836875745 ] ] ] } },
{ "type": "Feature", "properties": { "OBJECTID_1": 435, "name": "Hagdera", "type": "residential", "Sections": "N", "Block": "N4", "Shape_Leng": 0.0091046370914200005, "Shape_Le_1": 0.0091046360414500007, "Shape_Area": 3.2645990189000001e-06 }, "geometry": { "type": "Polygon", "coordinates": [ [ [ 40.38088493629084, -0.007961202447461 ], [ 40.381135056637618, -0.008089312671586 ], [ 40.381420592286531, -0.00834629484558 ], [ 40.38172040467299, -0.008603276120255 ], [ 40.381977385947664, -0.008810289263408 ], [ 40.382334305284019, -0.008988748931586 ], [ 40.382491349396332, -0.009124378387298 ], [ 40.383053479634441, -0.009369562355346 ], [ 40.382658423647399, -0.010197299265883 ], [ 40.382623639669305, -0.010271836875745 ], [ 40.381449145761508, -0.009631203017534 ], [ 40.380656785482302, -0.009274284580499 ], [ 40.380199928983586, -0.008903088506656 ], [ 40.37972052917911, -0.0084762252975 ], [ 40.380210499614918, -0.008027100270397 ], [ 40.380217168087881, -0.008032006072199 ], [ 40.380233863102376, -0.008006296253541 ], [ 40.380327550875847, -0.008021592822217 ], [ 40.380474850833764, -0.007928302549089 ], [ 40.380602510497511, -0.008090332502775 ], [ 40.380528860518552, -0.008149252485964 ], [ 40.380573050505916, -0.008257272754861 ], [ 40.380690890472295, -0.008365292124495 ], [ 40.380941300400764, -0.008021592822217 ], [ 40.38088493629084, -0.007961202447461 ] ] ] } },
{ "type": "Feature", "properties": { "OBJECTID_1": 436, "name": "Hagdera", "type": "residential", "Sections": "N", "Block": "N3", "Shape_Leng": 0.0071907950868800004, "Shape_Le_1": 0.0071907950743199996, "Shape_Area": 2.3848089825499999e-06 }, "geometry": { "type": "Polygon", "coordinates": [ [ [ 40.383533660050432, -0.008363470997324 ], [ 40.383053479634441, -0.009369562355346 ], [ 40.382491349396332, -0.009124378387298 ], [ 40.382334305284019, -0.008988748931586 ], [ 40.381977385947664, -0.008810289263408 ], [ 40.38172040467299, -0.008603276120255 ], [ 40.381420592286531, -0.00834629484558 ], [ 40.381135056637618, -0.008089312671586 ], [ 40.38088493629084, -0.007961202447461 ], [ 40.38087256072015, -0.007947942843259 ], [ 40.380951120997508, -0.007795732586942 ], [ 40.381098420955425, -0.007893932259094 ], [ 40.381397930270339, -0.007579692948411 ], [ 40.381599240812363, -0.007623882935775 ], [ 40.381599240812363, -0.007510952368534 ], [ 40.381677800190403, -0.007383292704731 ], [ 40.381665506458035, -0.007334116875938 ], [ 40.381898863441847, -0.007489688798046 ], [ 40.38253417960874, -0.007946545296761 ], [ 40.383533660050432, -0.008363470997324 ] ] ] } },
{ "type": "Feature", "properties": { "OBJECTID_1": 437, "name": "Hagdera", "type": "residential", "Sections": "P", "Block": "P1", "Shape_Leng": 0.00648560021322, "Shape_Le_1": 0.0064856007238500001, "Shape_Area": 1.85733426523e-06 }, "geometry": { "type": "Polygon", "coordinates": [ [ [ 40.386478430735053, -0.007731073130458 ], [ 40.385060275411433, -0.007442551732311 ], [ 40.38440043203434, -0.007248788300899 ], [ 40.384134839751084, -0.007087536260769 ], [ 40.384359538062256, -0.006759131728472 ], [ 40.384437405861661, -0.006381771701342 ], [ 40.384688979512873, -0.006453650015885 ], [ 40.384778827181208, -0.006381771701342 ], [ 40.384856694980556, -0.006148167403978 ], [ 40.384920599905797, -0.005935152185486 ], [ 40.385509324895452, -0.00647704677823 ], [ 40.386073946255692, -0.007179205056218 ], [ 40.386341779649456, -0.007497709851407 ], [ 40.386321908229547, -0.007542683148245 ], [ 40.386478430735053, -0.007731073130458 ] ] ] } },
{ "type": "Feature", "properties": { "OBJECTID_1": 438, "name": "Hagdera", "type": "residential", "Sections": "P", "Block": "P2", "Shape_Leng": 0.0083276446553899996, "Shape_Le_1": 0.0083276452463700006, "Shape_Area": 4.0217824498400004e-06 }, "geometry": { "type": "Polygon", "coordinates": [ [ [ 40.385909205745293, -0.00946754888821 ], [ 40.383819141740048, -0.00856323830277 ], [ 40.383535844503683, -0.008358893448133 ], [ 40.383664717352872, -0.008088875601061 ], [ 40.383856391659208, -0.007729484927722 ], [ 40.384125934664212, -0.0071005521487 ], [ 40.384134839751084, -0.007087536260769 ], [ 40.38440043203434, -0.007248788300899 ], [ 40.385060275411433, -0.007442551732311 ], [ 40.386478430735053, -0.007731073130458 ], [ 40.386507200047276, -0.007765699727202 ], [ 40.385909205745293, -0.00946754888821 ] ] ] } },
{ "type": "Feature", "properties": { "OBJECTID_1": 439, "name": "Hagdera", "type": "residential", "Sections": "P", "Block": "P3", "Shape_Leng": 0.0076065557920600001, "Shape_Le_1": 0.0076065556071999996, "Shape_Area": 2.9313910801700002e-06 }, "geometry": { "type": "Polygon", "coordinates": [ [ [ 40.385521132993972, -0.010517957038019 ], [ 40.383045758055346, -0.009385742058328 ], [ 40.383535844503683, -0.008358893448133 ], [ 40.383819141740048, -0.00856323830277 ], [ 40.385909205745293, -0.00946754888821 ], [ 40.385654999778467, -0.010191000414295 ], [ 40.385521132993972, -0.010517957038019 ] ] ] } },
{ "type": "Feature", "properties": { "OBJECTID_1": 440, "name": "Hagdera", "type": "residential", "Sections": "P", "Block": "P4", "Shape_Leng": 0.00697945018093, "Shape_Le_1": 0.0069794502740899997, "Shape_Area": 2.1861737962499998e-06 }, "geometry": { "type": "Polygon", "coordinates": [ [ [ 40.384136829950819, -0.010989325896617 ], [ 40.38262416936999, -0.01027070103197 ], [ 40.382658423647399, -0.010197299265883 ], [ 40.383045758055346, -0.009385742058328 ], [ 40.385521132993972, -0.010517957038019 ], [ 40.38543799966402, -0.010720999674334 ], [ 40.384566599768789, -0.010711699785077 ], [ 40.384136829950819, -0.010989325896617 ] ] ] } },
{ "type": "Feature", "properties": { "OBJECTID_1": 441, "name": "Hagdera", "type": "residential", "Sections": "P", "Block": "P5", "Shape_Leng": 0.0078270221081200003, "Shape_Le_1": 0.0078270218697400005, "Shape_Area": 2.9105816683500001e-06 }, "geometry": { "type": "Polygon", "coordinates": [ [ [ 40.384871628223095, -0.0126501039191 ], [ 40.382081209979901, -0.01141903725869 ], [ 40.382083399829071, -0.01141323663154 ], [ 40.382239135427824, -0.01109577504991 ], [ 40.38262416936999, -0.01027070103197 ], [ 40.384136829950819, -0.010989325896617 ], [ 40.38412169975669, -0.010999099728622 ], [ 40.384872499666187, -0.012649100275723 ], [ 40.384871628223095, -0.0126501039191 ] ] ] } },
{ "type": "Feature", "properties": { "OBJECTID_1": 442, "name": "Hagdera", "type": "residential", "Sections": "P", "Block": "P7", "Shape_Leng": 0.0069039557236, "Shape_Le_1": 0.0069039557733799996, "Shape_Area": 1.67874979159e-06 }, "geometry": { "type": "Polygon", "coordinates": [ [ [ 40.384136192331482, -0.013992708996284 ], [ 40.383964099863363, -0.01446599970609 ], [ 40.383176100396781, -0.01404879971227 ], [ 40.38302356188791, -0.014148616365503 ], [ 40.381355888763323, -0.013025056461117 ], [ 40.381568273557036, -0.012910695971811 ], [ 40.381724009155732, -0.012754960373059 ], [ 40.38179824189541, -0.012628046247301 ], [ 40.384136192331482, -0.013992708996284 ] ] ] } },
{ "type": "Feature", "properties": { "OBJECTID_1": 443, "name": "Hagdera", "type": "residential", "Sections": "I", "Block": "I2", "Shape_Leng": 0.0065557325904600002, "Shape_Le_1": 0.0065557325395599999, "Shape_Area": 2.40723155205e-06 }, "geometry": { "type": "Polygon", "coordinates": [ [ [ 40.381142976067565, 0.001845074390701 ], [ 40.38106476832445, 0.002038294631632 ], [ 40.380275340734443, 0.003830801750155 ], [ 40.38129670887605, 0.00428526425361 ], [ 40.382150348060179, 0.002292202023568 ], [ 40.381434425658256, 0.001959643522753 ], [ 40.381142976067565, 0.001845074390701 ] ] ] } },
{ "type": "Feature", "properties": { "OBJECTID_1": 444, "name": "Hagdera", "type": "residential", "Sections": "H", "Block": "H5", "Shape_Leng": 0.0064241585067999997, "Shape_Le_1": 0.0064241575031899999, "Shape_Area": 2.3365274586499998e-06 }, "geometry": { "type": "Polygon", "coordinates": [ [ [ 40.383257560987715, 0.005157753227763 ], [ 40.382394058938701, 0.007166251421438 ], [ 40.383274196646937, 0.007550633355095 ], [ 40.38327484595743, 0.007551691857145 ], [ 40.383275576206927, 0.007551235900848 ], [ 40.383296208453316, 0.007538340522046 ], [ 40.383400687192022, 0.007473041647586 ], [ 40.383557987611084, 0.007189899993932 ], [ 40.383833264693465, 0.006537101006472 ], [ 40.384116406347118, 0.005900032060879 ], [ 40.384234083536171, 0.005592260674348 ], [ 40.383257560987715, 0.005157753227763 ] ] ] } },
{ "type": "Feature", "properties": { "OBJECTID_1": 445, "name": "Hagdera", "type": "residential", "Sections": "I", "Block": "I5", "Shape_Leng": 0.00637233597899, "Shape_Le_1": 0.0063723346537099997, "Shape_Area": 2.2399625938899998e-06 }, "geometry": { "type": "Polygon", "coordinates": [ [ [ 40.384099697842828, 0.003198948872466 ], [ 40.383257560987715, 0.005157753227763 ], [ 40.384234083536171, 0.005592260674348 ], [ 40.384423142613969, 0.005097797225631 ], [ 40.384816395460348, 0.004209047609493 ], [ 40.384832337742239, 0.004115669202804 ], [ 40.385037599905388, 0.003645599864569 ], [ 40.385032026806641, 0.003643202272031 ], [ 40.385044481517639, 0.003634898831535 ], [ 40.384816395460348, 0.00350905849632 ], [ 40.384099697842828, 0.003198948872466 ] ] ] } },
{ "type": "Feature", "properties": { "OBJECTID_1": 446, "name": "Hagdera", "type": "residential", "Sections": "H", "Block": "H4", "Shape_Leng": 0.0064936143210900001, "Shape_Le_1": 0.0064936152368199997, "Shape_Area": 2.3142250527e-06 }, "geometry": { "type": "Polygon", "coordinates": [ [ [ 40.382285439721329, 0.00472520360529 ], [ 40.381432148574845, 0.006746156509962 ], [ 40.382394058938701, 0.007166251421438 ], [ 40.383257560987715, 0.005157753227763 ], [ 40.382285439721329, 0.00472520360529 ] ] ] } },
{ "type": "Feature", "properties": { "OBJECTID_1": 447, "name": "Hagdera", "type": "residential", "Sections": "I", "Block": "I4", "Shape_Leng": 0.0064241724713799998, "Shape_Le_1": 0.00642417235656, "Shape_Area": 2.29098697929e-06 }, "geometry": { "type": "Polygon", "coordinates": [ [ [ 40.383121567306546, 0.002744902755126 ], [ 40.382285439721329, 0.00472520360529 ], [ 40.383257560987715, 0.005157753227763 ], [ 40.384099697842828, 0.003198948872466 ], [ 40.383998430583176, 0.00315513120438 ], [ 40.383121567306546, 0.002744902755126 ] ] ] } },
{ "type": "Feature", "properties": { "OBJECTID_1": 448, "name": "Hagdera", "type": "residential", "Sections": "H", "Block": "H3", "Shape_Leng": 0.0065703627853000001, "Shape_Le_1": 0.0065703614405299999, "Shape_Area": 2.3900852328199999e-06 }, "geometry": { "type": "Polygon", "coordinates": [ [ [ 40.38129670887605, 0.00428526425361 ], [ 40.380430127548379, 0.006308543704392 ], [ 40.381432148574845, 0.006746156509962 ], [ 40.382285439721329, 0.00472520360529 ], [ 40.38129670887605, 0.00428526425361 ] ] ] } },
{ "type": "Feature", "properties": { "OBJECTID_1": 449, "name": "Hagdera", "type": "residential", "Sections": "I", "Block": "I3", "Shape_Leng": 0.00647149384252, "Shape_Le_1": 0.0064714940131899998, "Shape_Area": 2.3243776945600001e-06 }, "geometry": { "type": "Polygon", "coordinates": [ [ [ 40.382150348060179, 0.002292202023568 ], [ 40.38129670887605, 0.00428526425361 ], [ 40.382285439721329, 0.00472520360529 ], [ 40.383121567306546, 0.002744902755126 ], [ 40.38265350795308, 0.002525927729437 ], [ 40.382150348060179, 0.002292202023568 ] ] ] } },
{ "type": "Feature", "properties": { "OBJECTID_1": 450, "name": "Hagdera", "type": "residential", "Sections": "H", "Block": "H1", "Shape_Leng": 0.0066551331665299996, "Shape_Le_1": 0.006655133343, "Shape_Area": 2.46713417774e-06 }, "geometry": { "type": "Polygon", "coordinates": [ [ [ 40.380275340734443, 0.003830801750155 ], [ 40.379298445866652, 0.003396127929022 ], [ 40.379098876412058, 0.00385512031761 ], [ 40.379043451194377, 0.00385512031761 ], [ 40.37882322970836, 0.004382078070478 ], [ 40.378658063818648, 0.004728140791087 ], [ 40.378492897928936, 0.004995551503555 ], [ 40.378390652206861, 0.005113527267497 ], [ 40.378382787635587, 0.005396668921207 ], [ 40.378420430558492, 0.005415490832263 ], [ 40.378415600299775, 0.005426600157534 ], [ 40.37934400012557, 0.005834199888454 ], [ 40.379385126122713, 0.005852161148368 ], [ 40.380275340734443, 0.003830801750155 ] ] ] } },
{ "type": "Feature", "properties": { "OBJECTID_1": 451, "name": "Hagdera", "type": "residential", "Sections": "I", "Block": "I1", "Shape_Leng": 0.0063882617485199996, "Shape_Le_1": 0.0063882614145600002, "Shape_Area": 2.2917141880400001e-06 }, "geometry": { "type": "Polygon", "coordinates": [ [ [ 40.381142976067565, 0.001845074390701 ], [ 40.380293993572991, 0.001511335979444 ], [ 40.380191142607202, 0.001560704263113 ], [ 40.380111399721386, 0.001526399623685 ], [ 40.379298445866652, 0.003396127929022 ], [ 40.380275340734443, 0.003830801750155 ], [ 40.38106476832445, 0.002038294631632 ], [ 40.381142976067565, 0.001845074390701 ] ] ] } },
{ "type": "Feature", "properties": { "OBJECTID_1": 452, "name": "Hagdera", "type": "residential", "Sections": "G", "Block": "G1", "Shape_Leng": 0.0067961476628500004, "Shape_Le_1": 0.0067961487866100003, "Shape_Area": 2.5821098049699999e-06 }, "geometry": { "type": "Polygon", "coordinates": [ [ [ 40.378940825958409, 0.006840496291943 ], [ 40.377970499738808, 0.006408700301336 ], [ 40.377291499902867, 0.007723500139491 ], [ 40.377191399963181, 0.007664799590884 ], [ 40.377025699876185, 0.0079063997606 ], [ 40.377033899894627, 0.008463000067422 ], [ 40.378073599816844, 0.008828400010714 ], [ 40.378088366684835, 0.008836025362314 ], [ 40.378940825958409, 0.006840496291943 ] ] ] } },
{ "type": "Feature", "properties": { "OBJECTID_1": 453, "name": "Hagdera", "type": "residential", "Sections": "G", "Block": "G2", "Shape_Leng": 0.0065066386671399998, "Shape_Le_1": 0.0065066373263699996, "Shape_Area": 2.3643221390400002e-06 }, "geometry": { "type": "Polygon", "coordinates": [ [ [ 40.379965764408553, 0.007296595561456 ], [ 40.378940825958409, 0.006840496291943 ], [ 40.378088366684835, 0.008836025362314 ], [ 40.378601699708724, 0.009101099636098 ], [ 40.379015899564138, 0.009242599866127 ], [ 40.379042066238412, 0.009258699529425 ], [ 40.379965764408553, 0.007296595561456 ] ] ] } },
{ "type": "Feature", "properties": { "OBJECTID_1": 454, "name": "Hagdera", "type": "residential", "Sections": "G", "Block": "G3", "Shape_Leng": 0.0065336560594000002, "Shape_Le_1": 0.0065336560361199999, "Shape_Area": 2.3869913434299999e-06 }, "geometry": { "type": "Polygon", "coordinates": [ [ [ 40.380942027952301, 0.007731033760251 ], [ 40.379965764408553, 0.007296595561456 ], [ 40.379042066238412, 0.009258699529425 ], [ 40.379285199752246, 0.009408299953122 ], [ 40.380045652085244, 0.009725785816386 ], [ 40.380942027952301, 0.007731033760251 ] ] ] } },
{ "type": "Feature", "properties": { "OBJECTID_1": 455, "name": "Hagdera", "type": "residential", "Sections": "G", "Block": "G5", "Shape_Leng": 0.0064020102877899998, "Shape_Le_1": 0.0064020100011499999, "Shape_Area": 2.26023348676e-06 }, "geometry": { "type": "Polygon", "coordinates": [ [ [ 40.381932504381609, 0.008171796890963 ], [ 40.38105462397175, 0.010147027363473 ], [ 40.382039000299699, 0.010557999552077 ], [ 40.382879700038188, 0.008593300140717 ], [ 40.381932504381609, 0.008171796890963 ] ] ] } },
{ "type": "Feature", "properties": { "OBJECTID_1": 456, "name": "Hagdera", "type": "residential", "Sections": "G", "Block": "G7", "Shape_Leng": 0.0064000145438499996, "Shape_Le_1": 0.0064000131607600003, "Shape_Area": 2.2509891493000001e-06 }, "geometry": { "type": "Polygon", "coordinates": [ [ [ 40.3848851864023, 0.009500815010654 ], [ 40.383917445733573, 0.009057820661951 ], [ 40.383664669688812, 0.00967506225436 ], [ 40.383606106736465, 0.009865392973552 ], [ 40.383481659451093, 0.010099646581466 ], [ 40.383305969694788, 0.010472988437698 ], [ 40.383079036568347, 0.010890252283389 ], [ 40.38308466812299, 0.011031035753717 ], [ 40.384004397584931, 0.011469635115589 ], [ 40.3848851864023, 0.009500815010654 ] ] ] } },
{ "type": "Feature", "properties": { "OBJECTID_1": 457, "name": "Hagdera", "type": "residential", "Sections": "G", "Block": "G8", "Shape_Leng": 0.006383954376, "Shape_Le_1": 0.0063839538620399996, "Shape_Area": 2.2840448992699998e-06 }, "geometry": { "type": "Polygon", "coordinates": [ [ [ 40.385838927324698, 0.009937400790477 ], [ 40.3848851864023, 0.009500815010654 ], [ 40.384004397584931, 0.011469635115589 ], [ 40.384908806196506, 0.01190092838516 ], [ 40.385297123563475, 0.011219670351579 ], [ 40.385838927324698, 0.009937400790477 ] ] ] } },
{ "type": "Feature", "properties": { "OBJECTID_1": 458, "name": "Hagdera", "type": "residential", "Sections": "G", "Block": "G9", "Shape_Leng": 0.0065677490012100003, "Shape_Le_1": 0.0065677492979900002, "Shape_Area": 2.3672033381099999e-06 }, "geometry": { "type": "Polygon", "coordinates": [ [ [ 40.386815153996224, 0.010384279311097 ], [ 40.385838927324698, 0.009937400790477 ], [ 40.385297123563475, 0.011219670351579 ], [ 40.384908806196506, 0.01190092838516 ], [ 40.385128300130987, 0.012005599578799 ], [ 40.385991009877273, 0.012361032335832 ], [ 40.386815153996224, 0.010384279311097 ] ] ] } },
{ "type": "Feature", "properties": { "OBJECTID_1": 459, "name": "Hagdera", "type": "residential", "Sections": "H", "Block": "H7", "Shape_Leng": 0.0066014569202599996, "Shape_Le_1": 0.0066014579123900002, "Shape_Area": 2.4072019158399999e-06 }, "geometry": { "type": "Polygon", "coordinates": [ [ [ 40.386190791571835, 0.006475420104607 ], [ 40.385184809031784, 0.006024207751011 ], [ 40.384318100000371, 0.008085300096582 ], [ 40.385314899563014, 0.008481300371784 ], [ 40.385316401430828, 0.008481967668729 ], [ 40.386190791571835, 0.006475420104607 ] ] ] } },
{ "type": "Feature", "properties": { "OBJECTID_1": 460, "name": "Hagdera", "type": "residential", "Sections": "I", "Block": "I8", "Shape_Leng": 0.0068144275637799998, "Shape_Le_1": 0.0068144272486500004, "Shape_Area": 2.4591502911699998e-06 }, "geometry": { "type": "Polygon", "coordinates": [ [ [ 40.386190791571835, 0.006475420104607 ], [ 40.387209057052416, 0.006932142604342 ], [ 40.38815942731577, 0.004763617247193 ], [ 40.387564700250778, 0.00464839970391 ], [ 40.38748830014498, 0.004765600252313 ], [ 40.387021171589822, 0.004569866406257 ], [ 40.386190791571835, 0.006475420104607 ] ] ] } },
{ "type": "Feature", "properties": { "OBJECTID_1": 461, "name": "Hagdera", "type": "residential", "Sections": "H", "Block": "H9", "Shape_Leng": 0.0064026538239700002, "Shape_Le_1": 0.0064026523738100003, "Shape_Area": 2.2226034677e-06 }, "geometry": { "type": "Polygon", "coordinates": [ [ [ 40.388130910713016, 0.007345621203513 ], [ 40.387209057052416, 0.006932142604342 ], [ 40.386332035495116, 0.008933302330092 ], [ 40.387269499587774, 0.009349899778101 ], [ 40.388130910713016, 0.007345621203513 ] ] ] } },
{ "type": "Feature", "properties": { "OBJECTID_1": 462, "name": "Hagdera", "type": "residential", "Sections": "I", "Block": "I7", "Shape_Leng": 0.0064252483160299996, "Shape_Le_1": 0.0064252480984499996, "Shape_Area": 1.976275201e-06 }, "geometry": { "type": "Polygon", "coordinates": [ [ [ 40.386576400180786, 0.004383499898665 ], [ 40.386497400134942, 0.004814400164491 ], [ 40.386038500376571, 0.0047070004278 ], [ 40.385720500101058, 0.0047503000863 ], [ 40.385184809031784, 0.006024207751011 ], [ 40.386190791571835, 0.006475420104607 ], [ 40.387021171589822, 0.004569866406257 ], [ 40.38697815072112, 0.004551839495832 ], [ 40.387009283451732, 0.004483736535235 ], [ 40.38662483047159, 0.004319987977112 ], [ 40.386590185888394, 0.004389276244126 ], [ 40.386576400180786, 0.004383499898665 ] ] ] } },
{ "type": "Feature", "properties": { "OBJECTID_1": 463, "name": "Hagdera", "type": "residential", "Sections": "H", "Block": "H8", "Shape_Leng": 0.0066010955156999996, "Shape_Le_1": 0.0066010962908299997, "Shape_Area": 2.4354139918799999e-06 }, "geometry": { "type": "Polygon", "coordinates": [ [ [ 40.387209057052416, 0.006932142604342 ], [ 40.386190791571835, 0.006475420104607 ], [ 40.385316401430828, 0.008481967668729 ], [ 40.386332035495116, 0.008933302330092 ], [ 40.387209057052416, 0.006932142604342 ] ] ] } },
{ "type": "Feature", "properties": { "OBJECTID_1": 464, "name": "Hagdera", "type": "residential", "Sections": "I", "Block": "I9", "Shape_Leng": 0.0067341387556599996, "Shape_Le_1": 0.0067341389453500003, "Shape_Area": 2.3919769482199998e-06 }, "geometry": { "type": "Polygon", "coordinates": [ [ [ 40.387209057052416, 0.006932142604342 ], [ 40.388130910713016, 0.007345621203513 ], [ 40.388321100238613, 0.006903099898182 ], [ 40.389010099636437, 0.005377099673467 ], [ 40.389018328433167, 0.00538040737996 ], [ 40.389024101181349, 0.00519568663168 ], [ 40.388960026284224, 0.005017699107555 ], [ 40.388910189453725, 0.004960743243771 ], [ 40.388668126133155, 0.004910906413272 ], [ 40.388361987915459, 0.004839711583486 ], [ 40.388319271017622, 0.005031938073557 ], [ 40.388148403426158, 0.00501057917495 ], [ 40.388037070954113, 0.005042807279779 ], [ 40.387209057052416, 0.006932142604342 ] ] ] } },
{ "type": "Feature", "properties": { "OBJECTID_1": 465, "name": "Hagdera", "type": "residential", "Sections": "H", "Block": "h10", "Shape_Leng": 0.0060120622062099999, "Shape_Le_1": 0.0060120615331800001, "Shape_Area": 2.0595270161300002e-06 }, "geometry": { "type": "Polygon", "coordinates": [ [ [ 40.389095196186418, 0.007839822949506 ], [ 40.388176963196372, 0.007426618643592 ], [ 40.38807008866371, 0.007609196307385 ], [ 40.387415094431105, 0.009303636853417 ], [ 40.387557484989998, 0.009446026512933 ], [ 40.388119924594889, 0.009680969900899 ], [ 40.388297912119015, 0.009659611901611 ], [ 40.389095196186418, 0.007839822949506 ] ] ] } },
{ "type": "Feature", "properties": { "OBJECTID_1": 466, "name": "Hagdera", "type": "residential", "Sections": "I", "Block": "I10", "Shape_Leng": 0.0061338896446699997, "Shape_Le_1": 0.0061338888648299998, "Shape_Area": 2.0445681799600002e-06 }, "geometry": { "type": "Polygon", "coordinates": [ [ [ 40.38961212919645, 0.006745903800493 ], [ 40.389579422652275, 0.006705019720926 ], [ 40.389985233631705, 0.005836440999019 ], [ 40.389056590089638, 0.005419499110644 ], [ 40.389052579113297, 0.005423510086985 ], [ 40.388248176911873, 0.007300449156446 ], [ 40.389157119905235, 0.007698483698107 ], [ 40.389558063753668, 0.006783334483373 ], [ 40.38961212919645, 0.006745903800493 ] ] ] } },
{ "type": "Feature", "properties": { "OBJECTID_1": 472, "name": "Hagdera", "type": "residential", "Sections": "G", "Block": "G10", "Shape_Leng": 0.0069413998982899997, "Shape_Le_1": 0.00694139905292, "Shape_Area": 2.67673156068e-06 }, "geometry": { "type": "Polygon", "coordinates": [ [ [ 40.387990628165028, 0.010941292406756 ], [ 40.38793303648049, 0.010923362623146 ], [ 40.387832878084907, 0.010923362623146 ], [ 40.387858099571702, 0.010861699707732 ], [ 40.386815153996224, 0.010384279311097 ], [ 40.385991009877273, 0.012361032335832 ], [ 40.387064000003647, 0.012803100382826 ], [ 40.387071047091183, 0.012785871171047 ], [ 40.387104104370962, 0.012888048544653 ], [ 40.387990628165028, 0.010941292406756 ] ] ] } },
{ "type": "Feature", "properties": { "OBJECTID_1": 473, "name": "Hagdera", "type": "residential", "Sections": "I", "Block": "I11", "Shape_Leng": 0.0067384945357299997, "Shape_Le_1": 0.0067384923239800004, "Shape_Area": 1.2451113051600001e-06 }, "geometry": { "type": "Polygon", "coordinates": [ [ [ 40.390987232175064, 0.006103923657179 ], [ 40.390065021483622, 0.005846847054386 ], [ 40.389721812311848, 0.006612466891909 ], [ 40.389717387647352, 0.006678827865642 ], [ 40.390414708472065, 0.006958759838938 ], [ 40.390432066286905, 0.00692549031919 ], [ 40.390519239371429, 0.006965723289568 ], [ 40.390429831471579, 0.00728312101927 ], [ 40.390378309311586, 0.007361630934554 ], [ 40.39033595304187, 0.007426173479189 ], [ 40.390331482511954, 0.00755357953409 ], [ 40.39035606997669, 0.007651928493772 ], [ 40.39026666207684, 0.007998383318807 ], [ 40.390744993486692, 0.008145906308584 ], [ 40.390765110421569, 0.007955914633783 ], [ 40.390765110421569, 0.00790450578836 ], [ 40.390485710846917, 0.007850861228292 ], [ 40.390635469551341, 0.007323354888968 ], [ 40.390673467706449, 0.007075248124238 ], [ 40.390744993486692, 0.007050660659502 ], [ 40.39077852201126, 0.006883021634167 ], [ 40.390772433601001, 0.006832289978263 ], [ 40.390960171574704, 0.006167045272946 ], [ 40.390982430694692, 0.006168742293653 ], [ 40.390987232175064, 0.006103923657179 ] ] ] } }
]
}
