{
"type": "FeatureCollection",
"name": "health_facilities_risk_assessed",
"crs": { "type": "name", "properties": { "name": "urn:ogc:def:crs:OGC:1.3:CRS84" } },
"features": [
{ "type": "Feature", "properties": { "OBJECTID": "231", "county": "garissa", "camp": null, "camp_locat": null, "health_fac": null, "level_heal": "level 3", "type_healt": "out patient", "type_hea_1": null, "type_hea_2": null, "role_healt": "community health promoters", "other_role": null, "gender_res": "male", "duration_w": "Above5yrs", "male_staff": "7.0", "female_sta": "2.0", "total_num_": null, "avgnum_mal": "25", "avgnum_fem": "43", "total_nu_1": null, "total_pati": "76", "permission": "yes", "facility_d": "surface water", "other_sour": null, "main_drink": "morethan 500m fromcompound", "facility_h": "rain water collection", "other_so_1": null, "main_water": "morethan 500m fromcompound", "num_water_": null, "availabili": null, "condition_": null, "other_cond": null, "what_damag": null, "cause_dama": null, "efforts_ma": null, "access_lim": "no", "adaptated_": null, "accesibili": "no", "adapted_to": null, "water_avai": "no", "days_water": null, "other_days": null, "storage_wa": "yes", "total_stor": "25000.0", "duration_1": "more than one month", "health_pur": "no", "treatment_": null, "waterborne": "no", "waterbor_1": null, "availabi_1": "flooding issues", "challenges": "waterpoints too far water notsource functional unsafe water sources", "source_coo": "surface water", "other_so_2": null, "satisfied_": "no", "methods_sa": "filtration", "challenge_": "contamination water lack water treatment", "main_type_": "pit latrine slab", "other_main": null, "patientsta": "no", "type_patie": null, "other_type": null, "patients_t": null, "total_pa_1": null, "female_pat": null, "male_patie": null, "Total_pa_2": null, "ratio_pati": null, "shared_pat": null, "patient_to": null, "patients_c": null, "patients_s": null, "items_pati": null, "type_staff": null, "other_ty_1": null, "staff_toil": null, "staff_to_1": null, "female_s_1": null, "male_sta_1": null, "Total_staf": "8", "ratio_staf": null, "shared_sta": null, "staff_to_2": null, "staff_hsan": null, "staff_hcle": null, "reason_hst": null, "items_staf": null, "mixed_toil": "no", "accessible": "no", "modication": null, "septic_tan": "no", "sludge_was": "treated on site", "challeng_1": "lack sanitation facilities crowded facilities not segregated facilities difficult toreach", "facility_a": "facilities further thanusual", "sop_protoc": "yes", "cleaning_s": "2 4 days", "cleaning_1": "2 4 days", "reason_del": null, "cleaning_2": "2 4 days", "area_consu": null, "cleaning_3": "Daily", "rea_compou": null, "person_inc": "cleaning department", "other_pers": null, "sanitation": "13", "protective": "no", "team_train": "No", "handwashin": null, "handwash_1": null, "allowed_ob": null, "water_av_1": null, "sanitizer_": null, "soap_avail": null, "water_conf": null, "sanitize_1": null, "soap_confi": null, "type_soap": null, "other_ty_2": null, "soap_sourc": null, "handwash_2": null, "other_hand": null, "handwash_3": null, "handwash_a": null, "handwash_4": null, "handwash_5": null, "access_bat": null, "num_bathin": null, "sep_bathin": null, "prob_bathi": null, "signs_prom": null, "hygiene_pr": "no", "when_hygie": null, "kind_hygie": null, "notable_be": null, "behavior_c": null, "effect_dry": "water shortage increased cost", "effect_rai": "increased water supply floods affected management", "wash_needs": "access to clean wataer sanitation facilities h andwashing facilities", "actions_im": "assist building renovating hygiene promotion campaigns", "menstrual_": "mhm materials", "menstrua_1": "yes free", "type_dispo": "compost pits", "adequate_m": "No", "when_waste": "monthly", "challeng_2": "lack awareness inadequate bins irregular collection", "other_chal": null, "staff_inch": "no", "waste_prot": "yes", "facility_w": "no", "correct_wa": null, "how_waste_": null, "other_how_": null, "waste_segr": null, "other_wast": null, "staff_in_1": "cleaning department", "other_staf": null, "team_waste": "13", "protecti_1": "yes", "team_tra_1": "No", "traces_ani": "never visible", "waste_disp": "burned on premises", "infectious": "burning protectedpit", "other_infe": null, "sharpswast": "incinerated other", "other_shar": null, "duration_2": "everyday", "reason_nt_": null, "protocol_a": "waste nt stored premises", "enumerator": "No", "uuid": "a2e17b4a-bfc0-4247-bbb4-187ac47445e6", "longitude": "40.2064534", "latitude": "-1.9700603", "sub_county": "Ijara Sub County", "wash_nee_1": "1", "wash_nee_2": "1", "wash_nee_3": "0", "wash_nee_4": "0", "wash_nee_5": "1", "wash_nee_6": "0", "wash_nee_7": "0", "wash_nee_8": "0", "Population": "25.0", "male_toile": "0", "female_toi": "15", "Total_male": "0.0", "Total_fema": "3.0", "host_or_re": "host", "ward": "masalani", "area": "rural", "name_healt": "Kotile Disp", "Total_pa_3": "68.0", "cause_lack": null, "Total_pa_4": "0.0", "reason_pto": null, "Total_st_1": "0.0", "mixed_male": "0.0", "Total_mixe": "0.0", "ratio_mixe": null, "mixed_to_1": "within facility building", "health_f_1": "door lock solid structure", "mixed_hcle": "2 4 days", "reason_hmi": "lack appropriate materials", "items_mixe": "water", "reason_war": null, "h_andwashi": "25.0", "h_andwas_1": "near toilets consultation areas", "allowed__1": "allowed to see", "water_av_2": "water available", "sanitize_2": "sanitizer not available", "soap_ava_1": "soap not available", "water_co_1": null, "sanitize_3": null, "soap_con_1": null, "h_andwas_2": "toilets 5metres fromtoilet", "h_andwas_3": "no", "h_andwash_": null, "h_andwas_4": "no", "h_andwas_5": null, "signs_pr_1": "no", "layer": "Garissa Health Facilities", "path": "C:/Users/USER/OneDrive - ACTED/Desktop/Garissa County Capacity Building - REACH/Training Materials/Modules/Training Data/Garissa HF and Schools/Garissa HF and Schools/Garissa Health Facilities.geojson", "Risk_Level": "Low Risk", "Distance_to_Flood_km": "1.81", "Poverty_Rate": "0.62", "Food_Poverty_Rate": "0.45", "Avg_HH_Income": "5169", "Avg_HH_Expenditure": "6177", "HH_Cash_Gap": "-1008", "Post_Assistance_Income": "13927", "Post_Assistance_Expenditure": "11092", "Post_Assistance_Surplus": "2835", "Vulnerability_Index": "0.53", "Wasting_Rate": "0.12", "marker_emoji": "🏥", "Author": "Garissa GIS Directorate — James M. Mburu", "NN_Vulnerability_Score": "0.511", "NN_Risk_Class": "High", "tana_buffer_zone": false }, "geometry": { "type": "Point", "coordinates": [ 40.206453400000044, -1.970060299999943 ] } },
{ "type": "Feature", "properties": { "OBJECTID": "232", "county": "garissa", "camp": null, "camp_locat": null, "health_fac": null, "level_heal": "level 2", "type_healt": "out patient", "type_hea_1": null, "type_hea_2": null, "role_healt": "Head nurse", "other_role": null, "gender_res": "male", "duration_w": "0-6 months", "male_staff": "3.0", "female_sta": "1.0", "total_num_": null, "avgnum_mal": "15", "avgnum_fem": "9", "total_nu_1": null, "total_pati": "28", "permission": "yes", "facility_d": "no water source", "other_sour": null, "main_drink": null, "facility_h": "no water source", "other_so_1": null, "main_water": null, "num_water_": null, "availabili": null, "condition_": null, "other_cond": null, "what_damag": null, "cause_dama": null, "efforts_ma": null, "access_lim": "no", "adaptated_": null, "accesibili": "no", "adapted_to": null, "water_avai": "no", "days_water": null, "other_days": null, "storage_wa": "yes", "total_stor": "5000.0", "duration_1": "more than one month", "health_pur": "no", "treatment_": null, "waterborne": "yes", "waterbor_1": "110", "availabi_1": "flooding issues", "challenges": "waterpoints too far", "source_coo": null, "other_so_2": null, "satisfied_": null, "methods_sa": null, "challenge_": null, "main_type_": "pit latrine slab", "other_main": null, "patientsta": "yes", "type_patie": "pit latrine slab", "other_type": null, "patients_t": "yes", "total_pa_1": null, "female_pat": "1.0", "male_patie": "1.0", "Total_pa_2": null, "ratio_pati": "12.0", "shared_pat": "0.0", "patient_to": "within facility building", "patients_c": "2 4 days", "patients_s": "walls solid structure", "items_pati": "water", "type_staff": "pit latrine slab", "other_ty_1": null, "staff_toil": "yes", "staff_to_1": null, "female_s_1": "1.0", "male_sta_1": "1.0", "Total_staf": "4", "ratio_staf": "2.0", "shared_sta": "0.0", "staff_to_2": "within facility building", "staff_hsan": "door walls lock solid structure", "staff_hcle": "2 4 days", "reason_hst": "lack adequate water", "items_staf": "water", "mixed_toil": "no", "accessible": "no", "modication": null, "septic_tan": "no", "sludge_was": "dig another latrine", "challeng_1": "facilities are unclean facilities not functioning", "facility_a": "rely on less preferred", "sop_protoc": "yes", "cleaning_s": null, "cleaning_1": null, "reason_del": null, "cleaning_2": "Daily", "area_consu": null, "cleaning_3": "2 4 days", "rea_compou": null, "person_inc": "hospital admin", "other_pers": null, "sanitation": "47", "protective": "no", "team_train": "Yes", "handwashin": null, "handwash_1": null, "allowed_ob": null, "water_av_1": null, "sanitizer_": null, "soap_avail": null, "water_conf": null, "sanitize_1": null, "soap_confi": null, "type_soap": null, "other_ty_2": null, "soap_sourc": null, "handwash_2": null, "other_hand": null, "handwash_3": null, "handwash_a": null, "handwash_4": null, "handwash_5": null, "access_bat": null, "num_bathin": null, "sep_bathin": null, "prob_bathi": null, "signs_prom": null, "hygiene_pr": "yes", "when_hygie": "last 30days", "kind_hygie": "hygiene campaigns", "notable_be": "yes", "behavior_c": "proper use toilet", "effect_dry": "water shortage", "effect_rai": "affected sanitation facilities flooding stagnant water", "wash_needs": "access to clean wataer sanitation facilities h andwashing facilities", "actions_im": "providing hygiene materials", "menstrual_": "bathing areas", "menstrua_1": "yes free", "type_dispo": "compost pits", "adequate_m": "Yes in some bathrooms", "when_waste": "monthly", "challeng_2": "inadequate bins site disposal far", "other_chal": null, "staff_inch": "yes", "waste_prot": "yes", "facility_w": "yes only disposal", "correct_wa": null, "how_waste_": null, "other_how_": null, "waste_segr": null, "other_wast": null, "staff_in_1": "hosptial admin", "other_staf": null, "team_waste": "47", "protecti_1": "yes", "team_tra_1": "Yes", "traces_ani": "never visible", "waste_disp": "burned on premises", "infectious": "burning protectedpit", "other_infe": null, "sharpswast": "burning protectedpit", "other_shar": null, "duration_2": "weekly 5facility day", "reason_nt_": null, "protocol_a": "appropriate st andards inplace", "enumerator": null, "uuid": "ffb43891-cb68-480f-81ba-bb24c2e6efe6", "longitude": "40.2535487", "latitude": "-1.8980127", "sub_county": "Ijara Sub County", "wash_nee_1": "1", "wash_nee_2": "1", "wash_nee_3": "0", "wash_nee_4": "0", "wash_nee_5": "1", "wash_nee_6": "0", "wash_nee_7": "0", "wash_nee_8": "0", "Population": "7.0", "male_toile": "9", "female_toi": "5", "Total_male": "2.0", "Total_fema": "2.0", "host_or_re": "host", "ward": "masalani", "area": "rural", "name_healt": "Korisa Dispensary", "Total_pa_3": "24.0", "cause_lack": null, "Total_pa_4": "2.0", "reason_pto": "lack adequate water lack of detergent", "Total_st_1": "2.0", "mixed_male": null, "Total_mixe": "0.0", "ratio_mixe": null, "mixed_to_1": null, "health_f_1": null, "mixed_hcle": null, "reason_hmi": null, "items_mixe": null, "reason_war": null, "h_andwashi": "0.0", "h_andwas_1": null, "allowed__1": null, "water_av_2": null, "sanitize_2": null, "soap_ava_1": null, "water_co_1": null, "sanitize_3": null, "soap_con_1": null, "h_andwas_2": null, "h_andwas_3": null, "h_andwash_": null, "h_andwas_4": null, "h_andwas_5": null, "signs_pr_1": "no", "layer": "Garissa Health Facilities", "path": "C:/Users/USER/OneDrive - ACTED/Desktop/Garissa County Capacity Building - REACH/Training Materials/Modules/Training Data/Garissa HF and Schools/Garissa HF and Schools/Garissa Health Facilities.geojson", "Risk_Level": "Safe", "Distance_to_Flood_km": "5.35", "Poverty_Rate": "0.62", "Food_Poverty_Rate": "0.45", "Avg_HH_Income": "5169", "Avg_HH_Expenditure": "6177", "HH_Cash_Gap": "-1008", "Post_Assistance_Income": "13927", "Post_Assistance_Expenditure": "11092", "Post_Assistance_Surplus": "2835", "Vulnerability_Index": "0.369", "Wasting_Rate": "0.12", "marker_emoji": "🏥", "Author": "Garissa GIS Directorate — James M. Mburu", "NN_Vulnerability_Score": "0.38", "NN_Risk_Class": "Medium", "tana_buffer_zone": false }, "geometry": { "type": "Point", "coordinates": [ 40.253548700000067, -1.898012699999924 ] } },
{ "type": "Feature", "properties": { "OBJECTID": "233", "county": "garissa", "camp": null, "camp_locat": null, "health_fac": null, "level_heal": "level 3", "type_healt": "out patient", "type_hea_1": null, "type_hea_2": null, "role_healt": "Facility incharge", "other_role": null, "gender_res": "male", "duration_w": "0-6 months", "male_staff": "2.0", "female_sta": "0.0", "total_num_": null, "avgnum_mal": "20", "avgnum_fem": "25", "total_nu_1": null, "total_pati": "48", "permission": "yes", "facility_d": "rain water collection", "other_sour": null, "main_drink": "morethan 500m fromcompound", "facility_h": "rain water collection", "other_so_1": null, "main_water": "morethan 500m fromcompound", "num_water_": null, "availabili": null, "condition_": null, "other_cond": null, "what_damag": null, "cause_dama": null, "efforts_ma": null, "access_lim": "no", "adaptated_": null, "accesibili": "no", "adapted_to": null, "water_avai": "no", "days_water": null, "other_days": null, "storage_wa": "no", "total_stor": null, "duration_1": null, "health_pur": "yes", "treatment_": "chlorination", "waterborne": "yes", "waterbor_1": "51100", "availabi_1": "no water facility", "challenges": "infrastructure damaged", "source_coo": "rain water collection", "other_so_2": null, "satisfied_": "no", "methods_sa": "chlorination", "challenge_": "limited access water", "main_type_": "pit latrine slab", "other_main": null, "patientsta": "no", "type_patie": null, "other_type": null, "patients_t": null, "total_pa_1": null, "female_pat": null, "male_patie": null, "Total_pa_2": null, "ratio_pati": null, "shared_pat": null, "patient_to": null, "patients_c": null, "patients_s": null, "items_pati": null, "type_staff": null, "other_ty_1": null, "staff_toil": null, "staff_to_1": null, "female_s_1": null, "male_sta_1": null, "Total_staf": "3", "ratio_staf": null, "shared_sta": null, "staff_to_2": null, "staff_hsan": null, "staff_hcle": null, "reason_hst": null, "items_staf": null, "mixed_toil": "no", "accessible": "no", "modication": null, "septic_tan": "no", "sludge_was": "Incinerator", "challeng_1": "facilities difficult toreach facilities dangerous lack sanitation facilities not segregated some groups no access", "facility_a": "rely on less preferred", "sop_protoc": "no", "cleaning_s": "Daily", "cleaning_1": "Daily", "reason_del": null, "cleaning_2": "Daily", "area_consu": null, "cleaning_3": "Daily", "rea_compou": null, "person_inc": "hospital admin", "other_pers": null, "sanitation": "13", "protective": "no", "team_train": "No", "handwashin": null, "handwash_1": null, "allowed_ob": null, "water_av_1": null, "sanitizer_": null, "soap_avail": null, "water_conf": null, "sanitize_1": null, "soap_confi": null, "type_soap": null, "other_ty_2": null, "soap_sourc": null, "handwash_2": null, "other_hand": null, "handwash_3": null, "handwash_a": null, "handwash_4": null, "handwash_5": null, "access_bat": null, "num_bathin": null, "sep_bathin": null, "prob_bathi": null, "signs_prom": null, "hygiene_pr": "yes", "when_hygie": "over 1 3 months", "kind_hygie": null, "notable_be": "yes", "behavior_c": "increased washing pracises improved h andwashing techniques maintenance facilities cleanliness consumption drinking water proper disposal hygiene products reduced incidence diseases better menstrual mangmt practices reduced absenteeism improved female co", "effect_dry": "water shortage increased patients lack water raised water quality health concerns", "effect_rai": "increased water supply flooding stagnant water floods affected management cases waterborne affected water Infrastructure damage toilet Infrastructure damage", "wash_needs": "access to clean wataer sanitation facilities infrastructure", "actions_im": "advocacy awareness assist building renovating community mobilization form WASH committees being part projects providing hygiene materials community led sanitation hygiene promotion campaigns training staff", "menstrual_": "mhm materials", "menstrua_1": "yes free", "type_dispo": "incinerators", "adequate_m": "No", "when_waste": "Daily", "challeng_2": "inadequate bins", "other_chal": null, "staff_inch": "yes", "waste_prot": "no", "facility_w": "no", "correct_wa": null, "how_waste_": null, "other_how_": null, "waste_segr": null, "other_wast": null, "staff_in_1": "Facility incharge", "other_staf": null, "team_waste": "13", "protecti_1": "no", "team_tra_1": "Yes", "traces_ani": "less 10times amonth", "waste_disp": "Incinerator", "infectious": "incinerated other", "other_infe": null, "sharpswast": "incinerated other", "other_shar": null, "duration_2": "everyday", "reason_nt_": null, "protocol_a": "staff trained", "enumerator": null, "uuid": "d84bd73f-3585-45f4-aba4-685d984788bf", "longitude": "40.2289831", "latitude": "-1.8507552", "sub_county": "Ijara Sub County", "wash_nee_1": "1", "wash_nee_2": "1", "wash_nee_3": "0", "wash_nee_4": "0", "wash_nee_5": "0", "wash_nee_6": "0", "wash_nee_7": "0", "wash_nee_8": "1", "Population": "12.0", "male_toile": "11", "female_toi": "13", "Total_male": "2.0", "Total_fema": "2.0", "host_or_re": "host", "ward": "masalani", "area": "rural", "name_healt": "Hara Health Centre", "Total_pa_3": "45.0", "cause_lack": null, "Total_pa_4": "0.0", "reason_pto": null, "Total_st_1": "0.0", "mixed_male": "2.0", "Total_mixe": "2.0", "ratio_mixe": "24.0", "mixed_to_1": "within facility building", "health_f_1": "door walls lock", "mixed_hcle": "2 4 days", "reason_hmi": "lack adequate water", "items_mixe": "water", "reason_war": null, "h_andwashi": "0.0", "h_andwas_1": null, "allowed__1": null, "water_av_2": null, "sanitize_2": null, "soap_ava_1": null, "water_co_1": null, "sanitize_3": null, "soap_con_1": null, "h_andwas_2": null, "h_andwas_3": null, "h_andwash_": null, "h_andwas_4": null, "h_andwas_5": null, "signs_pr_1": "yes", "layer": "Garissa Health Facilities", "path": "C:/Users/USER/OneDrive - ACTED/Desktop/Garissa County Capacity Building - REACH/Training Materials/Modules/Training Data/Garissa HF and Schools/Garissa HF and Schools/Garissa Health Facilities.geojson", "Risk_Level": "Safe", "Distance_to_Flood_km": "11.12", "Poverty_Rate": "0.62", "Food_Poverty_Rate": "0.45", "Avg_HH_Income": "5169", "Avg_HH_Expenditure": "6177", "HH_Cash_Gap": "-1008", "Post_Assistance_Income": "13927", "Post_Assistance_Expenditure": "11092", "Post_Assistance_Surplus": "2835", "Vulnerability_Index": "0.276", "Wasting_Rate": "0.12", "marker_emoji": "🏥", "Author": "Garissa GIS Directorate — James M. Mburu", "NN_Vulnerability_Score": "0.188", "NN_Risk_Class": "Low", "tana_buffer_zone": false }, "geometry": { "type": "Point", "coordinates": [ 40.22898310000005, -1.850755199999981 ] } },
{ "type": "Feature", "properties": { "OBJECTID": "258", "county": "garissa", "camp": null, "camp_locat": null, "health_fac": null, "level_heal": "level 2", "type_healt": "out patient", "type_hea_1": null, "type_hea_2": null, "role_healt": "Nurse", "other_role": null, "gender_res": "male", "duration_w": "3 4yrs", "male_staff": "1.0", "female_sta": "2.0", "total_num_": null, "avgnum_mal": "20", "avgnum_fem": "40", "total_nu_1": null, "total_pati": "62", "permission": "yes", "facility_d": "no water source", "other_sour": null, "main_drink": null, "facility_h": "no water source", "other_so_1": null, "main_water": null, "num_water_": null, "availabili": null, "condition_": null, "other_cond": null, "what_damag": null, "cause_dama": null, "efforts_ma": null, "access_lim": "no", "adaptated_": null, "accesibili": "no", "adapted_to": null, "water_avai": "no", "days_water": null, "other_days": null, "storage_wa": "no", "total_stor": null, "duration_1": null, "health_pur": "no", "treatment_": null, "waterborne": "no", "waterbor_1": null, "availabi_1": "flooding issues", "challenges": "irregular water supply insufficient access lack proper storage", "source_coo": null, "other_so_2": null, "satisfied_": null, "methods_sa": null, "challenge_": null, "main_type_": "pit latrine slab", "other_main": null, "patientsta": "no", "type_patie": null, "other_type": null, "patients_t": null, "total_pa_1": null, "female_pat": null, "male_patie": null, "Total_pa_2": null, "ratio_pati": null, "shared_pat": null, "patient_to": null, "patients_c": null, "patients_s": null, "items_pati": null, "type_staff": null, "other_ty_1": null, "staff_toil": null, "staff_to_1": null, "female_s_1": null, "male_sta_1": null, "Total_staf": "2", "ratio_staf": null, "shared_sta": null, "staff_to_2": null, "staff_hsan": null, "staff_hcle": null, "reason_hst": null, "items_staf": null, "mixed_toil": "no", "accessible": "no", "modication": null, "septic_tan": "no", "sludge_was": "treated on site", "challeng_1": "some groups no access", "facility_a": "rely on less preferred", "sop_protoc": "no", "cleaning_s": null, "cleaning_1": null, "reason_del": null, "cleaning_2": "2 4 days", "area_consu": null, "cleaning_3": "2 4 days", "rea_compou": null, "person_inc": "cleaning department", "other_pers": null, "sanitation": "13", "protective": "no", "team_train": "No", "handwashin": null, "handwash_1": null, "allowed_ob": null, "water_av_1": null, "sanitizer_": null, "soap_avail": null, "water_conf": null, "sanitize_1": null, "soap_confi": null, "type_soap": null, "other_ty_2": null, "soap_sourc": null, "handwash_2": null, "other_hand": null, "handwash_3": null, "handwash_a": null, "handwash_4": null, "handwash_5": null, "access_bat": null, "num_bathin": null, "sep_bathin": null, "prob_bathi": null, "signs_prom": null, "hygiene_pr": "yes", "when_hygie": "last 30days", "kind_hygie": "hygiene campaigns wash workshop visit from healthworker", "notable_be": "yes", "behavior_c": "improved h andwashing techniques proper use toilet", "effect_dry": "water shortage", "effect_rai": "flooding stagnant water affected sanitation facilities", "wash_needs": "access to clean wataer sanitation facilities h andwashing facilities", "actions_im": "assist building renovating advocacy awareness community led sanitation", "menstrual_": "none above", "menstrua_1": "no", "type_dispo": "compost pits", "adequate_m": "No", "when_waste": "monthly", "challeng_2": "inadequate bins", "other_chal": null, "staff_inch": "no", "waste_prot": "no", "facility_w": "yes only disposal", "correct_wa": null, "how_waste_": null, "other_how_": null, "waste_segr": null, "other_wast": null, "staff_in_1": "cleaning department", "other_staf": null, "team_waste": "13", "protecti_1": "yes", "team_tra_1": "No", "traces_ani": "never visible", "waste_disp": "buried  and premises", "infectious": "burning protectedpit", "other_infe": null, "sharpswast": "burning protectedpit", "other_shar": null, "duration_2": "everyday", "reason_nt_": null, "protocol_a": "waste nt stored premises appropriate st andards inplace", "enumerator": "No", "uuid": "ba9ae5d5-c1f9-49bc-8869-3662963f4b4c", "longitude": "40.1691875", "latitude": "-1.6984295", "sub_county": "Ijara Sub County", "wash_nee_1": "1", "wash_nee_2": "1", "wash_nee_3": "0", "wash_nee_4": "0", "wash_nee_5": "1", "wash_nee_6": "0", "wash_nee_7": "0", "wash_nee_8": "0", "Population": "31.0", "male_toile": "0", "female_toi": "21", "Total_male": "0.0", "Total_fema": "2.0", "host_or_re": "host", "ward": "masalani", "area": "rural", "name_healt": "Muhumed Dahir Dispensary", "Total_pa_3": "60.0", "cause_lack": null, "Total_pa_4": "0.0", "reason_pto": null, "Total_st_1": "0.0", "mixed_male": null, "Total_mixe": "0.0", "ratio_mixe": null, "mixed_to_1": "within facility building", "health_f_1": "door lock", "mixed_hcle": "2 4 days", "reason_hmi": "lack adequate water", "items_mixe": "none", "reason_war": null, "h_andwashi": "0.0", "h_andwas_1": null, "allowed__1": null, "water_av_2": null, "sanitize_2": null, "soap_ava_1": null, "water_co_1": null, "sanitize_3": null, "soap_con_1": null, "h_andwas_2": null, "h_andwas_3": null, "h_andwash_": null, "h_andwas_4": null, "h_andwas_5": null, "signs_pr_1": "no", "layer": "Garissa Health Facilities", "path": "C:/Users/USER/OneDrive - ACTED/Desktop/Garissa County Capacity Building - REACH/Training Materials/Modules/Training Data/Garissa HF and Schools/Garissa HF and Schools/Garissa Health Facilities.geojson", "Risk_Level": "Safe", "Distance_to_Flood_km": "8.48", "Poverty_Rate": "0.62", "Food_Poverty_Rate": "0.45", "Avg_HH_Income": "5169", "Avg_HH_Expenditure": "6177", "HH_Cash_Gap": "-1008", "Post_Assistance_Income": "13927", "Post_Assistance_Expenditure": "11092", "Post_Assistance_Surplus": "2835", "Vulnerability_Index": "0.306", "Wasting_Rate": "0.12", "marker_emoji": "🏥", "Author": "Garissa GIS Directorate — James M. Mburu", "NN_Vulnerability_Score": "0.266", "NN_Risk_Class": "Low", "tana_buffer_zone": false }, "geometry": { "type": "Point", "coordinates": [ 40.169187500000078, -1.698429499999975 ] } },
{ "type": "Feature", "properties": { "OBJECTID": "216", "county": "garissa", "camp": null, "camp_locat": null, "health_fac": null, "level_heal": "level 4", "type_healt": "in patient out patient", "type_hea_1": null, "type_hea_2": null, "role_healt": "health facility administrator", "other_role": null, "gender_res": "male", "duration_w": "1 2yrs", "male_staff": "54.0", "female_sta": "37.0", "total_num_": null, "avgnum_mal": "112", "avgnum_fem": "50", "total_nu_1": null, "total_pati": "217", "permission": "yes", "facility_d": "tanker trucks", "other_sour": null, "main_drink": "approx 500m fromcompound", "facility_h": "tanker trucks", "other_so_1": null, "main_water": "on premises", "num_water_": null, "availabili": null, "condition_": null, "other_cond": null, "what_damag": null, "cause_dama": null, "efforts_ma": null, "access_lim": "yes", "adaptated_": "provision ramps", "accesibili": "yes", "adapted_to": "lower taps", "water_avai": "yes", "days_water": "Daily", "other_days": null, "storage_wa": "yes", "total_stor": "30000.0", "duration_1": "more than one month", "health_pur": "yes", "treatment_": "chlorination", "waterborne": "no", "waterbor_1": null, "availabi_1": "water sources dried up", "challenges": "waterpoints expensive insufficient waterpoints", "source_coo": "tanker trucks", "other_so_2": null, "satisfied_": "yes", "methods_sa": null, "challenge_": "no challenge", "main_type_": "pit latrine slab", "other_main": null, "patientsta": "yes", "type_patie": "pit latrine slab", "other_type": null, "patients_t": "yes", "total_pa_1": null, "female_pat": "6.0", "male_patie": "8.0", "Total_pa_2": null, "ratio_pati": "11.57142857", "shared_pat": "0.0", "patient_to": "outside school building", "patients_c": "Daily", "patients_s": "door walls lock", "items_pati": "water", "type_staff": "flush open drain", "other_ty_1": null, "staff_toil": "yes", "staff_to_1": null, "female_s_1": "6.0", "male_sta_1": "8.0", "Total_staf": "55", "ratio_staf": "3.928571429", "shared_sta": "0.0", "staff_to_2": "outside school building", "staff_hsan": "door walls lock", "staff_hcle": "Daily", "reason_hst": null, "items_staf": "water", "mixed_toil": "yes", "accessible": "no", "modication": null, "septic_tan": "yes", "sludge_was": "dig another latrine", "challeng_1": "facilities crowded lack sanitation facilities are unclean facilities too far", "facility_a": "facility no issue", "sop_protoc": "yes", "cleaning_s": "Daily", "cleaning_1": "Daily", "reason_del": null, "cleaning_2": "Daily", "area_consu": null, "cleaning_3": "Daily", "rea_compou": null, "person_inc": "hospital admin", "other_pers": null, "sanitation": "13", "protective": "yes", "team_train": "Yes", "handwashin": null, "handwash_1": null, "allowed_ob": null, "water_av_1": null, "sanitizer_": null, "soap_avail": null, "water_conf": null, "sanitize_1": null, "soap_confi": null, "type_soap": "detergent", "other_ty_2": null, "soap_sourc": "commercial supplier", "handwash_2": null, "other_hand": null, "handwash_3": null, "handwash_a": null, "handwash_4": null, "handwash_5": null, "access_bat": "yes", "num_bathin": "2.0", "sep_bathin": "yes", "prob_bathi": "facilities diff reach some groups lack disable no access", "signs_prom": null, "hygiene_pr": "yes", "when_hygie": "over 1 3 months", "kind_hygie": null, "notable_be": "yes", "behavior_c": "increased washing pracises improved h andwashing techniques proper use toilet reducing open defecation maintenance facilities cleanliness", "effect_dry": "water shortage", "effect_rai": "flooding stagnant water floods affected management", "wash_needs": "sanitation facilities hygiene promotion h andwashing facilities", "actions_im": "hygiene promotion campaigns form WASH committees training staff", "menstrual_": "bathing areas mhm education girls andboys", "menstrua_1": "yes free", "type_dispo": "incinerators sanitary bins disposal bags", "adequate_m": "Yes in all the bathrooms", "when_waste": "Daily", "challeng_2": "inadequate bins irregular collection too expensive", "other_chal": null, "staff_inch": "yes", "waste_prot": "yes", "facility_w": "yes segregation disposal", "correct_wa": null, "how_waste_": null, "other_how_": null, "waste_segr": null, "other_wast": null, "staff_in_1": "hosptial admin", "other_staf": null, "team_waste": "13", "protecti_1": "yes", "team_tra_1": "Yes", "traces_ani": "never visible", "waste_disp": "burned on premises openly dumped premises", "infectious": "autoclaved incinerated", "other_infe": null, "sharpswast": "incinerated other", "other_shar": null, "duration_2": "everyday", "reason_nt_": null, "protocol_a": "energy incineration", "enumerator": null, "uuid": "c6fedea5-54dd-4251-935e-026d55418243", "longitude": "40.1698014", "latitude": "-1.690557", "sub_county": "Ijara Sub County", "wash_nee_1": "0", "wash_nee_2": "1", "wash_nee_3": "1", "wash_nee_4": "0", "wash_nee_5": "1", "wash_nee_6": "0", "wash_nee_7": "0", "wash_nee_8": "0", "Population": "8.0", "male_toile": "10", "female_toi": "7", "Total_male": "16.0", "Total_fema": "12.0", "host_or_re": "host", "ward": "masalani", "area": "rural", "name_healt": "Ijara Health Center", "Total_pa_3": "162.0", "cause_lack": null, "Total_pa_4": "14.0", "reason_pto": null, "Total_st_1": "14.0", "mixed_male": null, "Total_mixe": "0.0", "ratio_mixe": null, "mixed_to_1": null, "health_f_1": null, "mixed_hcle": null, "reason_hmi": null, "items_mixe": null, "reason_war": null, "h_andwashi": "25.0", "h_andwas_1": "near toilets in wards reception areas", "allowed__1": "allowed to see", "water_av_2": "water available", "sanitize_2": "sanitizer available", "soap_ava_1": "soap available", "water_co_1": null, "sanitize_3": null, "soap_con_1": null, "h_andwas_2": "toilets 5metres fromtoilet delivery room consultation room food preparation area wards", "h_andwas_3": "no", "h_andwash_": null, "h_andwas_4": "yes", "h_andwas_5": "lower taps", "signs_pr_1": "yes", "layer": "Garissa Health Facilities", "path": "C:/Users/USER/OneDrive - ACTED/Desktop/Garissa County Capacity Building - REACH/Training Materials/Modules/Training Data/Garissa HF and Schools/Garissa HF and Schools/Garissa Health Facilities.geojson", "Risk_Level": "Safe", "Distance_to_Flood_km": "7.66", "Poverty_Rate": "0.62", "Food_Poverty_Rate": "0.45", "Avg_HH_Income": "5169", "Avg_HH_Expenditure": "6177", "HH_Cash_Gap": "-1008", "Post_Assistance_Income": "13927", "Post_Assistance_Expenditure": "11092", "Post_Assistance_Surplus": "2835", "Vulnerability_Index": "0.323", "Wasting_Rate": "0.12", "marker_emoji": "🏥", "Author": "Garissa GIS Directorate — James M. Mburu", "NN_Vulnerability_Score": "0.294", "NN_Risk_Class": "Low", "tana_buffer_zone": false }, "geometry": { "type": "Point", "coordinates": [ 40.16980140000004, -1.690557 ] } },
{ "type": "Feature", "properties": { "OBJECTID": "214", "county": "garissa", "camp": null, "camp_locat": null, "health_fac": null, "level_heal": "level 1", "type_healt": "out patient", "type_hea_1": null, "type_hea_2": null, "role_healt": "community health worker", "other_role": null, "gender_res": "male", "duration_w": "3 4yrs", "male_staff": "2.0", "female_sta": "1.0", "total_num_": null, "avgnum_mal": "23", "avgnum_fem": "35", "total_nu_1": null, "total_pati": "61", "permission": "yes", "facility_d": "surface water", "other_sour": null, "main_drink": "morethan 500m fromcompound", "facility_h": "surface water", "other_so_1": null, "main_water": "morethan 500m fromcompound", "num_water_": null, "availabili": null, "condition_": null, "other_cond": null, "what_damag": null, "cause_dama": null, "efforts_ma": null, "access_lim": "no", "adaptated_": null, "accesibili": "no", "adapted_to": null, "water_avai": "no", "days_water": null, "other_days": null, "storage_wa": "no", "total_stor": null, "duration_1": null, "health_pur": "yes", "treatment_": "chlorination", "waterborne": "no", "waterbor_1": null, "availabi_1": "no water facility", "challenges": "waterpoints too far", "source_coo": null, "other_so_2": null, "satisfied_": null, "methods_sa": null, "challenge_": null, "main_type_": "pit latrine slab", "other_main": null, "patientsta": "yes", "type_patie": "pit latrine slab", "other_type": null, "patients_t": "yes", "total_pa_1": null, "female_pat": "1.0", "male_patie": "1.0", "Total_pa_2": null, "ratio_pati": "29.0", "shared_pat": "0.0", "patient_to": "within facility building", "patients_c": "2 4 days", "patients_s": "none of above", "items_pati": "none", "type_staff": "pit latrine slab", "other_ty_1": null, "staff_toil": "yes", "staff_to_1": null, "female_s_1": "1.0", "male_sta_1": "1.0", "Total_staf": "3", "ratio_staf": "1.5", "shared_sta": "0.0", "staff_to_2": "within facility building", "staff_hsan": "none of above", "staff_hcle": "2 4 days", "reason_hst": "lack adequate water", "items_staf": "none", "mixed_toil": "no", "accessible": "no", "modication": null, "septic_tan": "no", "sludge_was": "municipal waste system", "challeng_1": "lack sanitation facilities not functioning facilities not private", "facility_a": "defecate in open", "sop_protoc": "yes", "cleaning_s": null, "cleaning_1": null, "reason_del": null, "cleaning_2": "2 4 days", "area_consu": null, "cleaning_3": "Daily", "rea_compou": null, "person_inc": "hospital admin", "other_pers": null, "sanitation": "13", "protective": "no", "team_train": "Yes", "handwashin": null, "handwash_1": null, "allowed_ob": null, "water_av_1": null, "sanitizer_": null, "soap_avail": null, "water_conf": null, "sanitize_1": null, "soap_confi": null, "type_soap": null, "other_ty_2": null, "soap_sourc": null, "handwash_2": null, "other_hand": null, "handwash_3": null, "handwash_a": null, "handwash_4": null, "handwash_5": null, "access_bat": null, "num_bathin": null, "sep_bathin": null, "prob_bathi": null, "signs_prom": null, "hygiene_pr": "yes", "when_hygie": "over 1 3 months", "kind_hygie": null, "notable_be": "yes", "behavior_c": "proper use toilet improved h andwashing techniques increased washing pracises reducing open defecation maintenance facilities cleanliness consumption drinking water proper disposal hygiene products", "effect_dry": "water shortage", "effect_rai": "flooding stagnant water", "wash_needs": "sanitation facilities access to clean wataer infrastructure", "actions_im": "assist building renovating providing hygiene materials form WASH committees training staff", "menstrual_": "mhm materials", "menstrua_1": "yes free", "type_dispo": "disposal bags", "adequate_m": "Yes in all the bathrooms", "when_waste": "Daily", "challeng_2": "inadequate bins", "other_chal": null, "staff_inch": "yes", "waste_prot": "yes", "facility_w": "yes segregation disposal", "correct_wa": null, "how_waste_": null, "other_how_": null, "waste_segr": null, "other_wast": null, "staff_in_1": "cleaning department", "other_staf": null, "team_waste": "13", "protecti_1": "no", "team_tra_1": "Yes", "traces_ani": "never visible", "waste_disp": "collected by municipal", "infectious": "burning protectedpit", "other_infe": null, "sharpswast": "burning protectedpit", "other_shar": null, "duration_2": "everyday", "reason_nt_": null, "protocol_a": "collected offsite", "enumerator": null, "uuid": "bd9210b8-cb24-4c47-8d3a-326763b55830", "longitude": "40.1591438", "latitude": "-1.545078", "sub_county": "Ijara Sub County", "wash_nee_1": "1", "wash_nee_2": "1", "wash_nee_3": "0", "wash_nee_4": "0", "wash_nee_5": "0", "wash_nee_6": "0", "wash_nee_7": "0", "wash_nee_8": "1", "Population": "15.0", "male_toile": "13", "female_toi": "18", "Total_male": "2.0", "Total_fema": "2.0", "host_or_re": "host", "ward": "masalani", "area": "rural", "name_healt": "Gababa Dispensary", "Total_pa_3": "58.0", "cause_lack": null, "Total_pa_4": "2.0", "reason_pto": "lack adequate water lack protective clothe lack of detergent", "Total_st_1": "2.0", "mixed_male": null, "Total_mixe": "0.0", "ratio_mixe": null, "mixed_to_1": null, "health_f_1": null, "mixed_hcle": null, "reason_hmi": null, "items_mixe": null, "reason_war": null, "h_andwashi": "0.0", "h_andwas_1": null, "allowed__1": null, "water_av_2": null, "sanitize_2": null, "soap_ava_1": null, "water_co_1": null, "sanitize_3": null, "soap_con_1": null, "h_andwas_2": null, "h_andwas_3": null, "h_andwash_": null, "h_andwas_4": null, "h_andwas_5": null, "signs_pr_1": "yes", "layer": "Garissa Health Facilities", "path": "C:/Users/USER/OneDrive - ACTED/Desktop/Garissa County Capacity Building - REACH/Training Materials/Modules/Training Data/Garissa HF and Schools/Garissa HF and Schools/Garissa Health Facilities.geojson", "Risk_Level": "Low Risk", "Distance_to_Flood_km": "2.67", "Poverty_Rate": "0.62", "Food_Poverty_Rate": "0.45", "Avg_HH_Income": "5169", "Avg_HH_Expenditure": "6177", "HH_Cash_Gap": "-1008", "Post_Assistance_Income": "13927", "Post_Assistance_Expenditure": "11092", "Post_Assistance_Surplus": "2835", "Vulnerability_Index": "0.513", "Wasting_Rate": "0.12", "marker_emoji": "🏥", "Author": "Garissa GIS Directorate — James M. Mburu", "NN_Vulnerability_Score": "0.491", "NN_Risk_Class": "Medium", "tana_buffer_zone": false }, "geometry": { "type": "Point", "coordinates": [ 40.159143800000038, -1.545078 ] } },
{ "type": "Feature", "properties": { "OBJECTID": "276", "county": "garissa", "camp": null, "camp_locat": null, "health_fac": null, "level_heal": "level 2", "type_healt": "out patient", "type_hea_1": null, "type_hea_2": null, "role_healt": "Head nurse", "other_role": null, "gender_res": "female", "duration_w": "Above5yrs", "male_staff": "5.0", "female_sta": "5.0", "total_num_": null, "avgnum_mal": "18", "avgnum_fem": "28", "total_nu_1": null, "total_pati": "52", "permission": "yes", "facility_d": "piped into school", "other_sour": null, "main_drink": "on premises", "facility_h": "piped into school", "other_so_1": null, "main_water": "on premises", "num_water_": null, "availabili": null, "condition_": null, "other_cond": null, "what_damag": null, "cause_dama": null, "efforts_ma": null, "access_lim": "yes", "adaptated_": "provision ramps non slip floor", "accesibili": "yes", "adapted_to": "lower taps", "water_avai": "yes", "days_water": "2 weeks", "other_days": null, "storage_wa": "yes", "total_stor": "2000.0", "duration_1": "2 7day", "health_pur": "yes", "treatment_": "chlorination", "waterborne": "yes", "waterbor_1": "110", "availabi_1": "reduced water supply flooding issues", "challenges": "disabled unable accesswaterpoints waterpoints too far", "source_coo": null, "other_so_2": null, "satisfied_": null, "methods_sa": null, "challenge_": null, "main_type_": "no facility", "other_main": null, "patientsta": null, "type_patie": null, "other_type": null, "patients_t": null, "total_pa_1": null, "female_pat": null, "male_patie": null, "Total_pa_2": null, "ratio_pati": null, "shared_pat": null, "patient_to": null, "patients_c": null, "patients_s": null, "items_pati": null, "type_staff": null, "other_ty_1": null, "staff_toil": null, "staff_to_1": null, "female_s_1": null, "male_sta_1": null, "Total_staf": "6", "ratio_staf": null, "shared_sta": null, "staff_to_2": null, "staff_hsan": null, "staff_hcle": null, "reason_hst": null, "items_staf": null, "mixed_toil": "no", "accessible": "no", "modication": null, "septic_tan": "no", "sludge_was": "dig another latrine", "challeng_1": "lack sanitation", "facility_a": "defecate in open", "sop_protoc": "yes", "cleaning_s": null, "cleaning_1": null, "reason_del": null, "cleaning_2": "Daily", "area_consu": null, "cleaning_3": "Daily", "rea_compou": null, "person_inc": "hospital admin", "other_pers": null, "sanitation": "13", "protective": "yes", "team_train": "Yes", "handwashin": null, "handwash_1": null, "allowed_ob": null, "water_av_1": null, "sanitizer_": null, "soap_avail": null, "water_conf": null, "sanitize_1": null, "soap_confi": null, "type_soap": null, "other_ty_2": null, "soap_sourc": null, "handwash_2": null, "other_hand": null, "handwash_3": null, "handwash_a": null, "handwash_4": null, "handwash_5": null, "access_bat": null, "num_bathin": null, "sep_bathin": null, "prob_bathi": null, "signs_prom": null, "hygiene_pr": "yes", "when_hygie": "last 30days", "kind_hygie": "wash workshop hygiene campaigns visit from healthworker", "notable_be": "yes", "behavior_c": "increased washing pracises improved h andwashing techniques proper use toilet reducing open defecation", "effect_dry": "water shortage", "effect_rai": "water Infrastructure damage", "wash_needs": "infrastructure sanitation facilities h andwashing facilities", "actions_im": "training staff form WASH committees community mobilization hygiene promotion campaigns", "menstrual_": "none above", "menstrua_1": "no", "type_dispo": "compost pits", "adequate_m": "No", "when_waste": "Daily", "challeng_2": "inadequate bins too expensive", "other_chal": null, "staff_inch": "no", "waste_prot": "yes", "facility_w": "no", "correct_wa": null, "how_waste_": null, "other_how_": null, "waste_segr": null, "other_wast": null, "staff_in_1": "hosptial admin", "other_staf": null, "team_waste": "13", "protecti_1": "yes", "team_tra_1": "No", "traces_ani": "never visible", "waste_disp": "buried away premises", "infectious": "burning protectedpit", "other_infe": null, "sharpswast": "burning protectedpit", "other_shar": null, "duration_2": "everyday", "reason_nt_": null, "protocol_a": "waste nt stored premises", "enumerator": null, "uuid": "43126ddd-3e95-441e-a99c-e7ae7c3619a1", "longitude": "39.674029", "latitude": "-0.4613287", "sub_county": "Garissa Sub County", "wash_nee_1": "0", "wash_nee_2": "1", "wash_nee_3": "0", "wash_nee_4": "0", "wash_nee_5": "1", "wash_nee_6": "0", "wash_nee_7": "0", "wash_nee_8": "1", "Population": "0.0", "male_toile": "0", "female_toi": "0", "Total_male": "0.0", "Total_fema": "0.0", "host_or_re": "host", "ward": "waberi", "area": "urban", "name_healt": "Garissa University Dispensary", "Total_pa_3": "46.0", "cause_lack": "lack adquate storage lack sufficient water water infrastructure damaged", "Total_pa_4": "0.0", "reason_pto": null, "Total_st_1": "0.0", "mixed_male": null, "Total_mixe": "0.0", "ratio_mixe": null, "mixed_to_1": null, "health_f_1": null, "mixed_hcle": null, "reason_hmi": null, "items_mixe": null, "reason_war": null, "h_andwashi": "1.0", "h_andwas_1": "at gate", "allowed__1": "allowed to see", "water_av_2": "water not available", "sanitize_2": "sanitizer not available", "soap_ava_1": "soap not available", "water_co_1": null, "sanitize_3": null, "soap_con_1": null, "h_andwas_2": "toilets 5metres fromtoilet", "h_andwas_3": "no", "h_andwash_": null, "h_andwas_4": "no", "h_andwas_5": null, "signs_pr_1": "yes", "layer": "Garissa Health Facilities", "path": "C:/Users/USER/OneDrive - ACTED/Desktop/Garissa County Capacity Building - REACH/Training Materials/Modules/Training Data/Garissa HF and Schools/Garissa HF and Schools/Garissa Health Facilities.geojson", "Risk_Level": "Extreme Risk (Super El Niño)", "Distance_to_Flood_km": "3.44", "Poverty_Rate": "0.48", "Food_Poverty_Rate": "0.35", "Avg_HH_Income": "5169", "Avg_HH_Expenditure": "6177", "HH_Cash_Gap": "-1008", "Post_Assistance_Income": "13927", "Post_Assistance_Expenditure": "11092", "Post_Assistance_Surplus": "2835", "Vulnerability_Index": "0.645", "Wasting_Rate": "0.1", "marker_emoji": "🏥", "Author": "Garissa GIS Directorate — James M. Mburu", "NN_Vulnerability_Score": "0.391", "NN_Risk_Class": "Medium", "tana_buffer_zone": false }, "geometry": { "type": "Point", "coordinates": [ 39.674029, -0.461328699999967 ] } },
{ "type": "Feature", "properties": { "OBJECTID": "271", "county": "garissa", "camp": null, "camp_locat": null, "health_fac": null, "level_heal": "level 2", "type_healt": "in patient", "type_hea_1": null, "type_hea_2": null, "role_healt": "Head nurse", "other_role": null, "gender_res": "male", "duration_w": "1 2yrs", "male_staff": "3.0", "female_sta": "8.0", "total_num_": null, "avgnum_mal": "20", "avgnum_fem": "32", "total_nu_1": null, "total_pati": "56", "permission": "yes", "facility_d": "tanker trucks", "other_sour": null, "main_drink": "on premises", "facility_h": "tanker trucks", "other_so_1": null, "main_water": "on premises", "num_water_": null, "availabili": null, "condition_": null, "other_cond": null, "what_damag": null, "cause_dama": null, "efforts_ma": null, "access_lim": "yes", "adaptated_": "tap can be reached", "accesibili": "yes", "adapted_to": "lower taps", "water_avai": "yes", "days_water": "2 weeks", "other_days": null, "storage_wa": "yes", "total_stor": "15000.0", "duration_1": "2 7day", "health_pur": "yes", "treatment_": "chlorination", "waterborne": "no", "waterbor_1": null, "availabi_1": "water sources decreased", "challenges": "waterpoints expensive", "source_coo": "tanker trucks", "other_so_2": null, "satisfied_": "yes", "methods_sa": null, "challenge_": "lack storage facility infrastructure issues", "main_type_": "pit latrine without slab", "other_main": null, "patientsta": "no", "type_patie": null, "other_type": null, "patients_t": null, "total_pa_1": null, "female_pat": null, "male_patie": null, "Total_pa_2": null, "ratio_pati": null, "shared_pat": null, "patient_to": null, "patients_c": null, "patients_s": null, "items_pati": null, "type_staff": null, "other_ty_1": null, "staff_toil": null, "staff_to_1": null, "female_s_1": null, "male_sta_1": null, "Total_staf": "4", "ratio_staf": null, "shared_sta": null, "staff_to_2": null, "staff_hsan": null, "staff_hcle": null, "reason_hst": null, "items_staf": null, "mixed_toil": "yes", "accessible": "no", "modication": null, "septic_tan": "yes", "sludge_was": "dig another latrine", "challeng_1": "lack sanitation community frmout using", "facility_a": "rely on less preferred", "sop_protoc": "yes", "cleaning_s": "Daily", "cleaning_1": "Daily", "reason_del": null, "cleaning_2": "Daily", "area_consu": null, "cleaning_3": "Daily", "rea_compou": null, "person_inc": "hospital admin", "other_pers": null, "sanitation": "13", "protective": "yes", "team_train": "Yes", "handwashin": null, "handwash_1": null, "allowed_ob": null, "water_av_1": null, "sanitizer_": null, "soap_avail": null, "water_conf": null, "sanitize_1": null, "soap_confi": null, "type_soap": null, "other_ty_2": null, "soap_sourc": null, "handwash_2": null, "other_hand": null, "handwash_3": null, "handwash_a": null, "handwash_4": null, "handwash_5": null, "access_bat": "no", "num_bathin": null, "sep_bathin": "no", "prob_bathi": "lack bathing facilities", "signs_prom": null, "hygiene_pr": "yes", "when_hygie": "last 30days", "kind_hygie": "hygiene campaigns wash workshop", "notable_be": "yes", "behavior_c": "proper use toilet reducing open defecation better menstrual mangmt practices", "effect_dry": "staff absenteeism healthcare closure infrastructure damage", "effect_rai": "toilet Infrastructure damage water Infrastructure damage", "wash_needs": "sanitation facilities infrastructure waste management", "actions_im": "assist building renovating", "menstrual_": "none above", "menstrua_1": "yes free", "type_dispo": "compost pits", "adequate_m": "No", "when_waste": "Daily", "challeng_2": "inadequate bins too expensive", "other_chal": null, "staff_inch": "no", "waste_prot": "yes", "facility_w": "yes segregation disposal", "correct_wa": null, "how_waste_": null, "other_how_": null, "waste_segr": null, "other_wast": null, "staff_in_1": "hosptial admin", "other_staf": null, "team_waste": "13", "protecti_1": "yes", "team_tra_1": "No", "traces_ani": "never visible", "waste_disp": "buried away premises", "infectious": "burning protectedpit", "other_infe": null, "sharpswast": "burning protectedpit", "other_shar": null, "duration_2": "everyday", "reason_nt_": null, "protocol_a": "waste nt stored premises", "enumerator": null, "uuid": "8dfd9b74-a1c4-4d0a-8e99-8ca131f25cd1", "longitude": "39.6740313", "latitude": "-0.4612364", "sub_county": "Garissa Sub County", "wash_nee_1": "0", "wash_nee_2": "1", "wash_nee_3": "0", "wash_nee_4": "1", "wash_nee_5": "0", "wash_nee_6": "0", "wash_nee_7": "0", "wash_nee_8": "1", "Population": "28.0", "male_toile": "23", "female_toi": "40", "Total_male": "1.0", "Total_fema": "1.0", "host_or_re": "host", "ward": "waberi", "area": "urban", "name_healt": "Bulla Mzuri Dispensary", "Total_pa_3": "52.0", "cause_lack": "lack adquate storage", "Total_pa_4": "0.0", "reason_pto": null, "Total_st_1": "0.0", "mixed_male": "1.0", "Total_mixe": "1.0", "ratio_mixe": "56.0", "mixed_to_1": "outside school building", "health_f_1": "lock walls", "mixed_hcle": "Daily", "reason_hmi": null, "items_mixe": "water", "reason_war": null, "h_andwashi": "1.0", "h_andwas_1": "consultation areas", "allowed__1": "allowed to see", "water_av_2": "water not available", "sanitize_2": "sanitizer available", "soap_ava_1": "soap not available", "water_co_1": null, "sanitize_3": null, "soap_con_1": null, "h_andwas_2": "toilets 5metres fromtoilet", "h_andwas_3": "yes", "h_andwash_": "low height taps", "h_andwas_4": "yes", "h_andwas_5": "lower taps", "signs_pr_1": "yes", "layer": "Garissa Health Facilities", "path": "C:/Users/USER/OneDrive - ACTED/Desktop/Garissa County Capacity Building - REACH/Training Materials/Modules/Training Data/Garissa HF and Schools/Garissa HF and Schools/Garissa Health Facilities.geojson", "Risk_Level": "Extreme Risk (Super El Niño)", "Distance_to_Flood_km": "3.44", "Poverty_Rate": "0.48", "Food_Poverty_Rate": "0.35", "Avg_HH_Income": "5169", "Avg_HH_Expenditure": "6177", "HH_Cash_Gap": "-1008", "Post_Assistance_Income": "13927", "Post_Assistance_Expenditure": "11092", "Post_Assistance_Surplus": "2835", "Vulnerability_Index": "0.645", "Wasting_Rate": "0.1", "marker_emoji": "🏥", "Author": "Garissa GIS Directorate — James M. Mburu", "NN_Vulnerability_Score": "0.391", "NN_Risk_Class": "Medium", "tana_buffer_zone": false }, "geometry": { "type": "Point", "coordinates": [ 39.674031300000024, -0.461236399999962 ] } },
{ "type": "Feature", "properties": { "OBJECTID": "267", "county": "garissa", "camp": null, "camp_locat": null, "health_fac": null, "level_heal": "level 2", "type_healt": "out patient", "type_hea_1": null, "type_hea_2": null, "role_healt": "Head nurse", "other_role": null, "gender_res": "male", "duration_w": "3 4yrs", "male_staff": "1.0", "female_sta": "1.0", "total_num_": null, "avgnum_mal": "52", "avgnum_fem": "80", "total_nu_1": null, "total_pati": "134", "permission": "yes", "facility_d": "tanker trucks", "other_sour": null, "main_drink": "morethan 500m fromcompound", "facility_h": "tanker trucks", "other_so_1": null, "main_water": "approx 500m fromcompound", "num_water_": null, "availabili": null, "condition_": null, "other_cond": null, "what_damag": null, "cause_dama": null, "efforts_ma": null, "access_lim": "no", "adaptated_": null, "accesibili": "no", "adapted_to": null, "water_avai": "no", "days_water": null, "other_days": null, "storage_wa": "yes", "total_stor": "5000.0", "duration_1": "2 4weeks", "health_pur": "no", "treatment_": null, "waterborne": "yes", "waterbor_1": "110", "availabi_1": "bring water fromhome", "challenges": "waterpoints too far lack proper storage insufficient waterpoints", "source_coo": null, "other_so_2": null, "satisfied_": null, "methods_sa": null, "challenge_": null, "main_type_": "pit latrine without slab", "other_main": null, "patientsta": "no", "type_patie": null, "other_type": null, "patients_t": null, "total_pa_1": null, "female_pat": null, "male_patie": null, "Total_pa_2": null, "ratio_pati": null, "shared_pat": null, "patient_to": null, "patients_c": null, "patients_s": null, "items_pati": null, "type_staff": null, "other_ty_1": null, "staff_toil": null, "staff_to_1": null, "female_s_1": null, "male_sta_1": null, "Total_staf": "2", "ratio_staf": null, "shared_sta": null, "staff_to_2": null, "staff_hsan": null, "staff_hcle": null, "reason_hst": null, "items_staf": null, "mixed_toil": "no", "accessible": "no", "modication": null, "septic_tan": "no", "sludge_was": "dig another latrine", "challeng_1": "lack sanitation", "facility_a": "rely on less preferred", "sop_protoc": "no", "cleaning_s": null, "cleaning_1": null, "reason_del": null, "cleaning_2": "Daily", "area_consu": null, "cleaning_3": "Daily", "rea_compou": null, "person_inc": "cleaning department", "other_pers": null, "sanitation": "13", "protective": "no", "team_train": "No", "handwashin": null, "handwash_1": null, "allowed_ob": null, "water_av_1": null, "sanitizer_": null, "soap_avail": null, "water_conf": null, "sanitize_1": null, "soap_confi": null, "type_soap": null, "other_ty_2": null, "soap_sourc": null, "handwash_2": null, "other_hand": null, "handwash_3": null, "handwash_a": null, "handwash_4": null, "handwash_5": null, "access_bat": null, "num_bathin": null, "sep_bathin": null, "prob_bathi": null, "signs_prom": null, "hygiene_pr": "no", "when_hygie": null, "kind_hygie": null, "notable_be": null, "behavior_c": null, "effect_dry": "lack water", "effect_rai": "toilet Infrastructure damage classrooms Infrastructure damage", "wash_needs": "hygiene promotion h andwashing facilities infrastructure", "actions_im": "assist building renovating", "menstrual_": "none above", "menstrua_1": "no", "type_dispo": "compost pits", "adequate_m": "No", "when_waste": "monthly", "challeng_2": "inadequate bins", "other_chal": null, "staff_inch": "no", "waste_prot": "no", "facility_w": "no", "correct_wa": null, "how_waste_": null, "other_how_": null, "waste_segr": null, "other_wast": null, "staff_in_1": "none", "other_staf": null, "team_waste": "13", "protecti_1": "no", "team_tra_1": "No", "traces_ani": "never visible", "waste_disp": "burned on premises", "infectious": "burning protectedpit", "other_infe": null, "sharpswast": "burning protectedpit", "other_shar": null, "duration_2": "monthly", "reason_nt_": "lack dedicated personnel", "protocol_a": "collected offsite", "enumerator": null, "uuid": "b2621761-8873-4cf8-b33c-8214d338c6e9", "longitude": "40.0151221", "latitude": "-0.4440191", "sub_county": "Fafi Sub County", "wash_nee_1": "0", "wash_nee_2": "0", "wash_nee_3": "1", "wash_nee_4": "0", "wash_nee_5": "1", "wash_nee_6": "0", "wash_nee_7": "0", "wash_nee_8": "1", "Population": "67.0", "male_toile": "53", "female_toi": "81", "Total_male": "1.0", "Total_fema": "1.0", "host_or_re": "host", "ward": "fafi fafi", "area": "urban", "name_healt": "Amuma Mobile Dispensary", "Total_pa_3": "132.0", "cause_lack": null, "Total_pa_4": "0.0", "reason_pto": null, "Total_st_1": "0.0", "mixed_male": "1.0", "Total_mixe": "1.0", "ratio_mixe": "134.0", "mixed_to_1": "within facility building", "health_f_1": "none of above", "mixed_hcle": "2 4 days", "reason_hmi": "lack adequate water", "items_mixe": "water", "reason_war": null, "h_andwashi": "1.0", "h_andwas_1": "consultation areas", "allowed__1": "allowed to see", "water_av_2": "water not available", "sanitize_2": "sanitizer not available", "soap_ava_1": "soap not available", "water_co_1": null, "sanitize_3": null, "soap_con_1": null, "h_andwas_2": "consultation room", "h_andwas_3": "no", "h_andwash_": null, "h_andwas_4": "no", "h_andwas_5": null, "signs_pr_1": "no", "layer": "Garissa Health Facilities", "path": "C:/Users/USER/OneDrive - ACTED/Desktop/Garissa County Capacity Building - REACH/Training Materials/Modules/Training Data/Garissa HF and Schools/Garissa HF and Schools/Garissa Health Facilities.geojson", "Risk_Level": "Safe", "Distance_to_Flood_km": "6.34", "Poverty_Rate": "0.77", "Food_Poverty_Rate": "0.57", "Avg_HH_Income": "5169", "Avg_HH_Expenditure": "6177", "HH_Cash_Gap": "-1008", "Post_Assistance_Income": "13927", "Post_Assistance_Expenditure": "11092", "Post_Assistance_Surplus": "2835", "Vulnerability_Index": "0.418", "Wasting_Rate": "0.14", "marker_emoji": "🏥", "Author": "Garissa GIS Directorate — James M. Mburu", "NN_Vulnerability_Score": "0.415", "NN_Risk_Class": "Medium", "tana_buffer_zone": false }, "geometry": { "type": "Point", "coordinates": [ 40.015122100000042, -0.444019099999934 ] } },
{ "type": "Feature", "properties": { "OBJECTID": "269", "county": "garissa", "camp": null, "camp_locat": null, "health_fac": null, "level_heal": "level 2", "type_healt": "out patient", "type_hea_1": null, "type_hea_2": null, "role_healt": "community health worker", "other_role": null, "gender_res": "male", "duration_w": "3 4yrs", "male_staff": "2.0", "female_sta": "0.0", "total_num_": null, "avgnum_mal": "30", "avgnum_fem": "45", "total_nu_1": null, "total_pati": "78", "permission": "yes", "facility_d": "surface water", "other_sour": null, "main_drink": "morethan 500m fromcompound", "facility_h": "surface water", "other_so_1": null, "main_water": "morethan 500m fromcompound", "num_water_": null, "availabili": null, "condition_": null, "other_cond": null, "what_damag": null, "cause_dama": null, "efforts_ma": null, "access_lim": "no", "adaptated_": null, "accesibili": "no", "adapted_to": null, "water_avai": "yes", "days_water": "2 weeks", "other_days": null, "storage_wa": "yes", "total_stor": "10000.0", "duration_1": "2 4weeks", "health_pur": "yes", "treatment_": "chlorination", "waterborne": "yes", "waterbor_1": "110", "availabi_1": "water sources increased", "challenges": "waterpoints too far", "source_coo": null, "other_so_2": null, "satisfied_": null, "methods_sa": null, "challenge_": null, "main_type_": "no facility", "other_main": null, "patientsta": null, "type_patie": null, "other_type": null, "patients_t": null, "total_pa_1": null, "female_pat": null, "male_patie": null, "Total_pa_2": null, "ratio_pati": null, "shared_pat": null, "patient_to": null, "patients_c": null, "patients_s": null, "items_pati": null, "type_staff": null, "other_ty_1": null, "staff_toil": null, "staff_to_1": null, "female_s_1": null, "male_sta_1": null, "Total_staf": "3", "ratio_staf": null, "shared_sta": null, "staff_to_2": null, "staff_hsan": null, "staff_hcle": null, "reason_hst": null, "items_staf": null, "mixed_toil": "no", "accessible": "no", "modication": null, "septic_tan": "no", "sludge_was": "treated on site", "challeng_1": "facilities crowded", "facility_a": "rely on less preferred", "sop_protoc": "no", "cleaning_s": null, "cleaning_1": null, "reason_del": null, "cleaning_2": "2 4 days", "area_consu": null, "cleaning_3": "2 4 days", "rea_compou": null, "person_inc": "cleaning department", "other_pers": null, "sanitation": "13", "protective": "no", "team_train": "No", "handwashin": null, "handwash_1": null, "allowed_ob": null, "water_av_1": null, "sanitizer_": null, "soap_avail": null, "water_conf": null, "sanitize_1": null, "soap_confi": null, "type_soap": null, "other_ty_2": null, "soap_sourc": null, "handwash_2": null, "other_hand": null, "handwash_3": null, "handwash_a": null, "handwash_4": null, "handwash_5": null, "access_bat": null, "num_bathin": null, "sep_bathin": null, "prob_bathi": null, "signs_prom": null, "hygiene_pr": "yes", "when_hygie": "last 30days", "kind_hygie": "hygiene campaigns wash workshop", "notable_be": "yes", "behavior_c": "improved h andwashing techniques proper use toilet", "effect_dry": "water shortage", "effect_rai": "increased water supply affected sanitation facilities", "wash_needs": "sanitation facilities access to clean wataer h andwashing facilities", "actions_im": "assist building renovating", "menstrual_": "none above", "menstrua_1": "no", "type_dispo": "compost pits", "adequate_m": "No", "when_waste": "monthly", "challeng_2": "inadequate bins", "other_chal": null, "staff_inch": "no", "waste_prot": "no", "facility_w": "no", "correct_wa": null, "how_waste_": null, "other_how_": null, "waste_segr": null, "other_wast": null, "staff_in_1": "none", "other_staf": null, "team_waste": "0", "protecti_1": "no", "team_tra_1": "No", "traces_ani": "never visible", "waste_disp": "burned on premises", "infectious": "burning protectedpit", "other_infe": null, "sharpswast": "incinerated other", "other_shar": null, "duration_2": "biweekly", "reason_nt_": "lack adequate water", "protocol_a": "waste nt stored premises", "enumerator": "No", "uuid": "6f5d2a71-3f5d-4571-bf8a-6b6f0bf666b7", "longitude": "40.3271873", "latitude": "-0.39341", "sub_county": "Fafi Sub County", "wash_nee_1": "1", "wash_nee_2": "1", "wash_nee_3": "0", "wash_nee_4": "0", "wash_nee_5": "1", "wash_nee_6": "0", "wash_nee_7": "0", "wash_nee_8": "0", "Population": "0.0", "male_toile": "0", "female_toi": "0", "Total_male": "0.0", "Total_fema": "0.0", "host_or_re": "host", "ward": "fafi fafi", "area": "rural", "name_healt": "Fafi Dispensary", "Total_pa_3": "75.0", "cause_lack": "lack sufficient water", "Total_pa_4": "0.0", "reason_pto": null, "Total_st_1": "0.0", "mixed_male": null, "Total_mixe": "0.0", "ratio_mixe": null, "mixed_to_1": null, "health_f_1": null, "mixed_hcle": null, "reason_hmi": null, "items_mixe": null, "reason_war": null, "h_andwashi": "0.0", "h_andwas_1": null, "allowed__1": null, "water_av_2": null, "sanitize_2": null, "soap_ava_1": null, "water_co_1": null, "sanitize_3": null, "soap_con_1": null, "h_andwas_2": null, "h_andwas_3": null, "h_andwash_": null, "h_andwas_4": null, "h_andwas_5": null, "signs_pr_1": "no", "layer": "Garissa Health Facilities", "path": "C:/Users/USER/OneDrive - ACTED/Desktop/Garissa County Capacity Building - REACH/Training Materials/Modules/Training Data/Garissa HF and Schools/Garissa HF and Schools/Garissa Health Facilities.geojson", "Risk_Level": "High Risk", "Distance_to_Flood_km": "0.0", "Poverty_Rate": "0.77", "Food_Poverty_Rate": "0.57", "Avg_HH_Income": "5169", "Avg_HH_Expenditure": "6177", "HH_Cash_Gap": "-1008", "Post_Assistance_Income": "13927", "Post_Assistance_Expenditure": "11092", "Post_Assistance_Surplus": "2835", "Vulnerability_Index": "0.785", "Wasting_Rate": "0.14", "marker_emoji": "🏥", "Author": "Garissa GIS Directorate — James M. Mburu", "NN_Vulnerability_Score": "0.551", "NN_Risk_Class": "High", "tana_buffer_zone": false }, "geometry": { "type": "Point", "coordinates": [ 40.327187300000048, -0.39341 ] } },
{ "type": "Feature", "properties": { "OBJECTID": "259", "county": "garissa", "camp": null, "camp_locat": null, "health_fac": null, "level_heal": "level 1", "type_healt": "out patient", "type_hea_1": null, "type_hea_2": null, "role_healt": "Nurse", "other_role": null, "gender_res": "female", "duration_w": "3 4yrs", "male_staff": "0.0", "female_sta": "1.0", "total_num_": null, "avgnum_mal": "12", "avgnum_fem": "17", "total_nu_1": null, "total_pati": "30", "permission": "yes", "facility_d": "tanker trucks", "other_sour": null, "main_drink": "morethan 500m fromcompound", "facility_h": "tanker trucks", "other_so_1": null, "main_water": "morethan 500m fromcompound", "num_water_": null, "availabili": null, "condition_": null, "other_cond": null, "what_damag": null, "cause_dama": null, "efforts_ma": null, "access_lim": "no", "adaptated_": null, "accesibili": "no", "adapted_to": null, "water_avai": "yes", "days_water": "Daily", "other_days": null, "storage_wa": "yes", "total_stor": "10000.0", "duration_1": "more than one month", "health_pur": "no", "treatment_": null, "waterborne": "no", "waterbor_1": null, "availabi_1": "water sources dried up", "challenges": "waterpoints expensive", "source_coo": null, "other_so_2": null, "satisfied_": null, "methods_sa": null, "challenge_": null, "main_type_": null, "other_main": null, "patientsta": null, "type_patie": null, "other_type": null, "patients_t": null, "total_pa_1": null, "female_pat": null, "male_patie": null, "Total_pa_2": null, "ratio_pati": null, "shared_pat": null, "patient_to": null, "patients_c": null, "patients_s": null, "items_pati": null, "type_staff": null, "other_ty_1": null, "staff_toil": null, "staff_to_1": null, "female_s_1": null, "male_sta_1": null, "Total_staf": "1", "ratio_staf": null, "shared_sta": null, "staff_to_2": null, "staff_hsan": null, "staff_hcle": null, "reason_hst": null, "items_staf": null, "mixed_toil": "no", "accessible": "no", "modication": null, "septic_tan": "no", "sludge_was": "openly dumped away", "challeng_1": "dont know", "facility_a": "defecate in open", "sop_protoc": "no", "cleaning_s": null, "cleaning_1": null, "reason_del": null, "cleaning_2": "2 4 days", "area_consu": null, "cleaning_3": "2 4 days", "rea_compou": null, "person_inc": "external contractor", "other_pers": null, "sanitation": "13", "protective": "no", "team_train": "No", "handwashin": null, "handwash_1": null, "allowed_ob": null, "water_av_1": null, "sanitizer_": null, "soap_avail": null, "water_conf": null, "sanitize_1": null, "soap_confi": null, "type_soap": null, "other_ty_2": null, "soap_sourc": null, "handwash_2": null, "other_hand": null, "handwash_3": null, "handwash_a": null, "handwash_4": null, "handwash_5": null, "access_bat": null, "num_bathin": null, "sep_bathin": null, "prob_bathi": null, "signs_prom": null, "hygiene_pr": "no", "when_hygie": null, "kind_hygie": null, "notable_be": null, "behavior_c": null, "effect_dry": "lack water", "effect_rai": "recharged water sources water Infrastructure damage toilet Infrastructure damage", "wash_needs": "sanitation facilities h andwashing facilities infrastructure", "actions_im": "assist building renovating form WASH committees volunteer in renovation", "menstrual_": "none above", "menstrua_1": "yes free", "type_dispo": "compost pits", "adequate_m": "No", "when_waste": "monthly", "challeng_2": "inadequate bins", "other_chal": null, "staff_inch": "no", "waste_prot": "no", "facility_w": "yes only disposal", "correct_wa": null, "how_waste_": null, "other_how_": null, "waste_segr": null, "other_wast": null, "staff_in_1": "cleaning department", "other_staf": null, "team_waste": "13", "protecti_1": "no", "team_tra_1": "No", "traces_ani": "never visible", "waste_disp": "burned on premises", "infectious": "burning protectedpit", "other_infe": null, "sharpswast": "burning protectedpit", "other_shar": null, "duration_2": "after two-three days", "reason_nt_": null, "protocol_a": "energy incineration", "enumerator": null, "uuid": "35c59fea-7bee-482a-9c36-abadd492c8d6", "longitude": "40.4425026", "latitude": "-1.7701539", "sub_county": "Ijara Sub County", "wash_nee_1": "0", "wash_nee_2": "1", "wash_nee_3": "0", "wash_nee_4": "0", "wash_nee_5": "1", "wash_nee_6": "0", "wash_nee_7": "0", "wash_nee_8": "1", "Population": "0.0", "male_toile": "0", "female_toi": "0", "Total_male": "0.0", "Total_fema": "0.0", "host_or_re": "host", "ward": "masalani", "area": "rural", "name_healt": "Bultohama Dispensary", "Total_pa_3": "29.0", "cause_lack": null, "Total_pa_4": "0.0", "reason_pto": null, "Total_st_1": "0.0", "mixed_male": null, "Total_mixe": "0.0", "ratio_mixe": null, "mixed_to_1": null, "health_f_1": null, "mixed_hcle": null, "reason_hmi": null, "items_mixe": null, "reason_war": null, "h_andwashi": "1.0", "h_andwas_1": "consultation areas", "allowed__1": "allowed to see", "water_av_2": "water available", "sanitize_2": "sanitizer not available", "soap_ava_1": "soap not available", "water_co_1": null, "sanitize_3": null, "soap_con_1": null, "h_andwas_2": "consultation room", "h_andwas_3": "no", "h_andwash_": null, "h_andwas_4": "no", "h_andwas_5": null, "signs_pr_1": "no", "layer": "Garissa Health Facilities", "path": "C:/Users/USER/OneDrive - ACTED/Desktop/Garissa County Capacity Building - REACH/Training Materials/Modules/Training Data/Garissa HF and Schools/Garissa HF and Schools/Garissa Health Facilities.geojson", "Risk_Level": "Safe", "Distance_to_Flood_km": "12.88", "Poverty_Rate": "0.62", "Food_Poverty_Rate": "0.45", "Avg_HH_Income": "5169", "Avg_HH_Expenditure": "6177", "HH_Cash_Gap": "-1008", "Post_Assistance_Income": "13927", "Post_Assistance_Expenditure": "11092", "Post_Assistance_Surplus": "2835", "Vulnerability_Index": "0.276", "Wasting_Rate": "0.12", "marker_emoji": "🏥", "Author": "Garissa GIS Directorate — James M. Mburu", "NN_Vulnerability_Score": "0.147", "NN_Risk_Class": "Low", "tana_buffer_zone": false }, "geometry": { "type": "Point", "coordinates": [ 40.442502600000068, -1.770153899999968 ] } },
{ "type": "Feature", "properties": { "OBJECTID": "242", "county": "garissa", "camp": null, "camp_locat": null, "health_fac": null, "level_heal": "level 2", "type_healt": "out patient", "type_hea_1": null, "type_hea_2": null, "role_healt": "Head nurse", "other_role": null, "gender_res": "male", "duration_w": "3 4yrs", "male_staff": "3.0", "female_sta": "1.0", "total_num_": null, "avgnum_mal": "19", "avgnum_fem": "24", "total_nu_1": null, "total_pati": "47", "permission": "yes", "facility_d": "surface water", "other_sour": null, "main_drink": "approx 50m fromcompound", "facility_h": "surface water", "other_so_1": null, "main_water": "approx 50m fromcompound", "num_water_": null, "availabili": null, "condition_": null, "other_cond": null, "what_damag": null, "cause_dama": null, "efforts_ma": null, "access_lim": "no", "adaptated_": null, "accesibili": "no", "adapted_to": null, "water_avai": "yes", "days_water": "1 week", "other_days": null, "storage_wa": "yes", "total_stor": "5000.0", "duration_1": "2 4weeks", "health_pur": "no", "treatment_": null, "waterborne": "yes", "waterbor_1": "110", "availabi_1": "no water facility", "challenges": "irregular water supply lack proper storage", "source_coo": null, "other_so_2": null, "satisfied_": null, "methods_sa": null, "challenge_": null, "main_type_": "no facility", "other_main": null, "patientsta": null, "type_patie": null, "other_type": null, "patients_t": null, "total_pa_1": null, "female_pat": null, "male_patie": null, "Total_pa_2": null, "ratio_pati": null, "shared_pat": null, "patient_to": null, "patients_c": null, "patients_s": null, "items_pati": null, "type_staff": null, "other_ty_1": null, "staff_toil": null, "staff_to_1": null, "female_s_1": null, "male_sta_1": null, "Total_staf": "4", "ratio_staf": null, "shared_sta": null, "staff_to_2": null, "staff_hsan": null, "staff_hcle": null, "reason_hst": null, "items_staf": null, "mixed_toil": "no", "accessible": "no", "modication": null, "septic_tan": "no", "sludge_was": "openly dumped away", "challeng_1": "facilities difficult toreach", "facility_a": "defecate in open", "sop_protoc": "yes", "cleaning_s": null, "cleaning_1": null, "reason_del": null, "cleaning_2": "Daily", "area_consu": null, "cleaning_3": "Daily", "rea_compou": null, "person_inc": "cleaning department", "other_pers": null, "sanitation": "13", "protective": "yes", "team_train": "No", "handwashin": null, "handwash_1": null, "allowed_ob": null, "water_av_1": null, "sanitizer_": null, "soap_avail": null, "water_conf": null, "sanitize_1": null, "soap_confi": null, "type_soap": null, "other_ty_2": null, "soap_sourc": null, "handwash_2": null, "other_hand": null, "handwash_3": null, "handwash_a": null, "handwash_4": null, "handwash_5": null, "access_bat": null, "num_bathin": null, "sep_bathin": null, "prob_bathi": null, "signs_prom": null, "hygiene_pr": "yes", "when_hygie": "last 30days", "kind_hygie": "hygiene campaigns", "notable_be": "yes", "behavior_c": "reducing open defecation", "effect_dry": "water shortage reduced patients lack water", "effect_rai": "toilet Infrastructure damage disrupted hygiene practices", "wash_needs": "access to clean wataer menstrual management infrastructure", "actions_im": "assist building renovating providing hygiene materials", "menstrual_": "mhm materials", "menstrua_1": "yes free", "type_dispo": "compost pits", "adequate_m": "No", "when_waste": "monthly", "challeng_2": "inadequate bins", "other_chal": null, "staff_inch": "no", "waste_prot": "no", "facility_w": "yes only disposal", "correct_wa": null, "how_waste_": null, "other_how_": null, "waste_segr": null, "other_wast": null, "staff_in_1": "cleaning department", "other_staf": null, "team_waste": "13", "protecti_1": "yes", "team_tra_1": "No", "traces_ani": "never visible", "waste_disp": "burned on premises", "infectious": "openburning", "other_infe": null, "sharpswast": "openburning", "other_shar": null, "duration_2": "after two-three days", "reason_nt_": null, "protocol_a": "waste nt stored premises", "enumerator": null, "uuid": "23cbed2d-5b3f-458c-ac26-f45aa3a4c866", "longitude": "40.5128848", "latitude": "-1.6839913", "sub_county": "Ijara Sub County", "wash_nee_1": "1", "wash_nee_2": "0", "wash_nee_3": "0", "wash_nee_4": "0", "wash_nee_5": "0", "wash_nee_6": "1", "wash_nee_7": "0", "wash_nee_8": "1", "Population": "0.0", "male_toile": "0", "female_toi": "0", "Total_male": "0.0", "Total_fema": "0.0", "host_or_re": "host", "ward": "ijara ijara", "area": "rural", "name_healt": "Jalish Dispensary Garissa", "Total_pa_3": "43.0", "cause_lack": "lack adquate storage floos affected supply increased num pupils", "Total_pa_4": "0.0", "reason_pto": null, "Total_st_1": "0.0", "mixed_male": null, "Total_mixe": "0.0", "ratio_mixe": null, "mixed_to_1": null, "health_f_1": null, "mixed_hcle": null, "reason_hmi": null, "items_mixe": null, "reason_war": null, "h_andwashi": "1.0", "h_andwas_1": "consultation areas", "allowed__1": "allowed to see", "water_av_2": "water not available", "sanitize_2": "sanitizer not available", "soap_ava_1": "soap not available", "water_co_1": null, "sanitize_3": null, "soap_con_1": null, "h_andwas_2": null, "h_andwas_3": "no", "h_andwash_": null, "h_andwas_4": "no", "h_andwas_5": null, "signs_pr_1": "no", "layer": "Garissa Health Facilities", "path": "C:/Users/USER/OneDrive - ACTED/Desktop/Garissa County Capacity Building - REACH/Training Materials/Modules/Training Data/Garissa HF and Schools/Garissa HF and Schools/Garissa Health Facilities.geojson", "Risk_Level": "Safe", "Distance_to_Flood_km": "10.27", "Poverty_Rate": "0.62", "Food_Poverty_Rate": "0.45", "Avg_HH_Income": "5169", "Avg_HH_Expenditure": "6177", "HH_Cash_Gap": "-1008", "Post_Assistance_Income": "13927", "Post_Assistance_Expenditure": "11092", "Post_Assistance_Surplus": "2835", "Vulnerability_Index": "0.276", "Wasting_Rate": "0.12", "marker_emoji": "🏥", "Author": "Garissa GIS Directorate — James M. Mburu", "NN_Vulnerability_Score": "0.211", "NN_Risk_Class": "Low", "tana_buffer_zone": false }, "geometry": { "type": "Point", "coordinates": [ 40.512884800000052, -1.683991299999946 ] } },
{ "type": "Feature", "properties": { "OBJECTID": "237", "county": "garissa", "camp": null, "camp_locat": null, "health_fac": null, "level_heal": "level 3", "type_healt": "out patient", "type_hea_1": null, "type_hea_2": null, "role_healt": "Head nurse", "other_role": null, "gender_res": "male", "duration_w": "3 4yrs", "male_staff": "4.0", "female_sta": "3.0", "total_num_": null, "avgnum_mal": "28", "avgnum_fem": "38", "total_nu_1": null, "total_pati": "71", "permission": "yes", "facility_d": "rain water collection", "other_sour": null, "main_drink": "on premises", "facility_h": "rain water collection", "other_so_1": null, "main_water": "on premises", "num_water_": null, "availabili": null, "condition_": null, "other_cond": null, "what_damag": null, "cause_dama": null, "efforts_ma": null, "access_lim": "yes", "adaptated_": "taps can be opened", "accesibili": "yes", "adapted_to": "lower taps", "water_avai": "yes", "days_water": "Daily", "other_days": null, "storage_wa": "yes", "total_stor": "20000.0", "duration_1": "more than one month", "health_pur": "yes", "treatment_": "chlorination", "waterborne": "yes", "waterbor_1": "110", "availabi_1": "water sources increased", "challenges": "waterpoints too far water not quality unsafe water sources", "source_coo": "rain water collection", "other_so_2": null, "satisfied_": "no", "methods_sa": "chlorination", "challenge_": "contamination water infrastructure issues", "main_type_": "pit latrine without slab", "other_main": null, "patientsta": "no", "type_patie": null, "other_type": null, "patients_t": null, "total_pa_1": null, "female_pat": null, "male_patie": null, "Total_pa_2": null, "ratio_pati": null, "shared_pat": null, "patient_to": null, "patients_c": null, "patients_s": null, "items_pati": null, "type_staff": null, "other_ty_1": null, "staff_toil": null, "staff_to_1": null, "female_s_1": null, "male_sta_1": null, "Total_staf": "5", "ratio_staf": null, "shared_sta": null, "staff_to_2": null, "staff_hsan": null, "staff_hcle": null, "reason_hst": null, "items_staf": null, "mixed_toil": "no", "accessible": "no", "modication": null, "septic_tan": "no", "sludge_was": "dig another latrine", "challeng_1": "facilities not private facilities too far", "facility_a": "rely on communal", "sop_protoc": "yes", "cleaning_s": "Daily", "cleaning_1": "Daily", "reason_del": null, "cleaning_2": "Daily", "area_consu": null, "cleaning_3": "Daily", "rea_compou": null, "person_inc": "cleaning department", "other_pers": null, "sanitation": "13", "protective": "no", "team_train": "Yes", "handwashin": null, "handwash_1": null, "allowed_ob": null, "water_av_1": null, "sanitizer_": null, "soap_avail": null, "water_conf": null, "sanitize_1": null, "soap_confi": null, "type_soap": "bar liquid soap", "other_ty_2": null, "soap_sourc": "Retailer", "handwash_2": null, "other_hand": null, "handwash_3": null, "handwash_a": null, "handwash_4": null, "handwash_5": null, "access_bat": null, "num_bathin": null, "sep_bathin": null, "prob_bathi": null, "signs_prom": null, "hygiene_pr": "yes", "when_hygie": "last 30days", "kind_hygie": "visit from healthworker", "notable_be": "yes", "behavior_c": "increased washing pracises improved h andwashing techniques proper use toilet reducing open defecation maintenance facilities cleanliness consumption drinking water proper disposal hygiene products reduced incidence diseases", "effect_dry": "water shortage increased cost lack water", "effect_rai": "flooding stagnant water floods affected management cases waterborne affected", "wash_needs": "infrastructure sanitation facilities access to clean wataer", "actions_im": "assist building renovating advocacy awareness community led sanitation providing hygiene materials hygiene promotion campaigns community mobilization form WASH committees training staff", "menstrual_": "mhm materials", "menstrua_1": "yes free", "type_dispo": "compost pits", "adequate_m": "No", "when_waste": "Daily", "challeng_2": "site disposal far", "other_chal": null, "staff_inch": "yes", "waste_prot": "no", "facility_w": "yes segregation disposal", "correct_wa": null, "how_waste_": null, "other_how_": null, "waste_segr": null, "other_wast": null, "staff_in_1": "hosptial admin", "other_staf": null, "team_waste": "13", "protecti_1": "no", "team_tra_1": "Yes", "traces_ani": "more 10times month", "waste_disp": "burned on premises", "infectious": "burning protectedpit", "other_infe": null, "sharpswast": "burning protectedpit", "other_shar": null, "duration_2": "everyday", "reason_nt_": null, "protocol_a": "collected offsite", "enumerator": null, "uuid": "009ea909-5fe0-4a3c-bda1-373249cabffb", "longitude": "40.500205", "latitude": "-1.5817378", "sub_county": "Ijara Sub County", "wash_nee_1": "1", "wash_nee_2": "1", "wash_nee_3": "0", "wash_nee_4": "0", "wash_nee_5": "0", "wash_nee_6": "0", "wash_nee_7": "0", "wash_nee_8": "1", "Population": "36.0", "male_toile": "32", "female_toi": "41", "Total_male": "1.0", "Total_fema": "1.0", "host_or_re": "host", "ward": "ijara ijara", "area": "rural", "name_healt": "Ijara Sub County Hospital", "Total_pa_3": "66.0", "cause_lack": null, "Total_pa_4": "0.0", "reason_pto": null, "Total_st_1": "0.0", "mixed_male": "1.0", "Total_mixe": "1.0", "ratio_mixe": "71.0", "mixed_to_1": "outside school building", "health_f_1": "door walls segregated toilets", "mixed_hcle": "2 4 days", "reason_hmi": "lack adequate water", "items_mixe": "water", "reason_war": null, "h_andwashi": "1.0", "h_andwas_1": "near toilets", "allowed__1": "allowed to see", "water_av_2": "water not available", "sanitize_2": "sanitizer available", "soap_ava_1": "soap available", "water_co_1": null, "sanitize_3": null, "soap_con_1": null, "h_andwas_2": "toilets 5metres fromtoilet", "h_andwas_3": "yes", "h_andwash_": "have h andpumps", "h_andwas_4": "yes", "h_andwas_5": "lower taps", "signs_pr_1": "yes", "layer": "Garissa Health Facilities", "path": "C:/Users/USER/OneDrive - ACTED/Desktop/Garissa County Capacity Building - REACH/Training Materials/Modules/Training Data/Garissa HF and Schools/Garissa HF and Schools/Garissa Health Facilities.geojson", "Risk_Level": "Extreme Risk (Super El Niño)", "Distance_to_Flood_km": "4.9", "Poverty_Rate": "0.62", "Food_Poverty_Rate": "0.45", "Avg_HH_Income": "5169", "Avg_HH_Expenditure": "6177", "HH_Cash_Gap": "-1008", "Post_Assistance_Income": "13927", "Post_Assistance_Expenditure": "11092", "Post_Assistance_Surplus": "2835", "Vulnerability_Index": "0.678", "Wasting_Rate": "0.12", "marker_emoji": "🏥", "Author": "Garissa GIS Directorate — James M. Mburu", "NN_Vulnerability_Score": "0.399", "NN_Risk_Class": "Medium", "tana_buffer_zone": false }, "geometry": { "type": "Point", "coordinates": [ 40.500205, -1.581737799999928 ] } },
{ "type": "Feature", "properties": { "OBJECTID": "234", "county": "garissa", "camp": null, "camp_locat": null, "health_fac": null, "level_heal": "level 2", "type_healt": "out patient", "type_hea_1": null, "type_hea_2": null, "role_healt": "Head nurse", "other_role": null, "gender_res": "male", "duration_w": "3 4yrs", "male_staff": "4.0", "female_sta": "1.0", "total_num_": null, "avgnum_mal": "25", "avgnum_fem": "30", "total_nu_1": null, "total_pati": "60", "permission": "yes", "facility_d": "tanker trucks", "other_sour": null, "main_drink": "morethan 500m fromcompound", "facility_h": "tanker trucks", "other_so_1": null, "main_water": "morethan 500m fromcompound", "num_water_": null, "availabili": null, "condition_": null, "other_cond": null, "what_damag": null, "cause_dama": null, "efforts_ma": null, "access_lim": "no", "adaptated_": null, "accesibili": "no", "adapted_to": null, "water_avai": "yes", "days_water": "3 weeks", "other_days": null, "storage_wa": "yes", "total_stor": "5000.0", "duration_1": "2 4weeks", "health_pur": "no", "treatment_": null, "waterborne": "no", "waterbor_1": null, "availabi_1": "water sources decreased", "challenges": "waterpoints too far disabled unable accesswaterpoints children no access water not quality insufficient access", "source_coo": null, "other_so_2": null, "satisfied_": null, "methods_sa": null, "challenge_": null, "main_type_": "pit latrine without slab", "other_main": null, "patientsta": "no", "type_patie": null, "other_type": null, "patients_t": null, "total_pa_1": null, "female_pat": null, "male_patie": null, "Total_pa_2": null, "ratio_pati": null, "shared_pat": null, "patient_to": null, "patients_c": null, "patients_s": null, "items_pati": null, "type_staff": null, "other_ty_1": null, "staff_toil": null, "staff_to_1": null, "female_s_1": null, "male_sta_1": null, "Total_staf": "5", "ratio_staf": null, "shared_sta": null, "staff_to_2": null, "staff_hsan": null, "staff_hcle": null, "reason_hst": null, "items_staf": null, "mixed_toil": "no", "accessible": "no", "modication": null, "septic_tan": "no", "sludge_was": "openly dumped away", "challeng_1": "lack sanitation facilities crowded facilities not functioning facilities not private facilities not segregated facilities difficult toreach personsdisability noaccess community frmout using", "facility_a": "rely on less preferred rely on communal facilities further thanusual", "sop_protoc": "yes", "cleaning_s": null, "cleaning_1": null, "reason_del": null, "cleaning_2": "Daily", "area_consu": null, "cleaning_3": "Daily", "rea_compou": null, "person_inc": "hospital admin", "other_pers": null, "sanitation": "13", "protective": "no", "team_train": "No", "handwashin": null, "handwash_1": null, "allowed_ob": null, "water_av_1": null, "sanitizer_": null, "soap_avail": null, "water_conf": null, "sanitize_1": null, "soap_confi": null, "type_soap": null, "other_ty_2": null, "soap_sourc": null, "handwash_2": null, "other_hand": null, "handwash_3": null, "handwash_a": null, "handwash_4": null, "handwash_5": null, "access_bat": null, "num_bathin": null, "sep_bathin": null, "prob_bathi": null, "signs_prom": null, "hygiene_pr": "yes", "when_hygie": "last 30days", "kind_hygie": "visit from healthworker", "notable_be": "yes", "behavior_c": "proper use toilet reducing open defecation maintenance facilities cleanliness", "effect_dry": "water shortage increased cost lack water raised water quality health concerns", "effect_rai": "floods affected management cases waterborne affected water Infrastructure damage toilet Infrastructure damage classrooms Infrastructure damage", "wash_needs": "access to clean wataer waste management infrastructure", "actions_im": "assist building renovating advocacy awareness community led sanitation providing hygiene materials hygiene promotion campaigns community mobilization form WASH committees training staff being part projects", "menstrual_": "mhm materials", "menstrua_1": "yes free", "type_dispo": "compost pits", "adequate_m": "No", "when_waste": "Daily", "challeng_2": "inadequate bins site disposal far lack awareness", "other_chal": null, "staff_inch": "no", "waste_prot": "yes", "facility_w": "yes segregation disposal", "correct_wa": null, "how_waste_": null, "other_how_": null, "waste_segr": null, "other_wast": null, "staff_in_1": "hosptial admin", "other_staf": null, "team_waste": "13", "protecti_1": "no", "team_tra_1": "No", "traces_ani": "more 10times month", "waste_disp": "burned on premises", "infectious": "burning protectedpit", "other_infe": null, "sharpswast": "burning protectedpit", "other_shar": null, "duration_2": "everyday", "reason_nt_": null, "protocol_a": "waste nt stored premises appropriate st andards inplace treated disposed safely", "enumerator": null, "uuid": "105b25c8-6174-40be-a918-bfda140dd632", "longitude": "40.450703", "latitude": "-1.5537334", "sub_county": "Ijara Sub County", "wash_nee_1": "1", "wash_nee_2": "0", "wash_nee_3": "0", "wash_nee_4": "1", "wash_nee_5": "0", "wash_nee_6": "0", "wash_nee_7": "0", "wash_nee_8": "1", "Population": "30.0", "male_toile": "29", "female_toi": "31", "Total_male": "1.0", "Total_fema": "1.0", "host_or_re": "host", "ward": "ijara ijara", "area": "rural", "name_healt": "Ruqa Dispensary", "Total_pa_3": "55.0", "cause_lack": null, "Total_pa_4": "0.0", "reason_pto": null, "Total_st_1": "0.0", "mixed_male": "1.0", "Total_mixe": "1.0", "ratio_mixe": "60.0", "mixed_to_1": "outside school building", "health_f_1": "door", "mixed_hcle": "Daily", "reason_hmi": null, "items_mixe": "water", "reason_war": null, "h_andwashi": "1.0", "h_andwas_1": "consultation areas", "allowed__1": "allowed to see", "water_av_2": "water available", "sanitize_2": "sanitizer available", "soap_ava_1": "soap not available", "water_co_1": null, "sanitize_3": null, "soap_con_1": null, "h_andwas_2": "toilets more5 metres", "h_andwas_3": "no", "h_andwash_": null, "h_andwas_4": "no", "h_andwas_5": null, "signs_pr_1": "no", "layer": "Garissa Health Facilities", "path": "C:/Users/USER/OneDrive - ACTED/Desktop/Garissa County Capacity Building - REACH/Training Materials/Modules/Training Data/Garissa HF and Schools/Garissa HF and Schools/Garissa Health Facilities.geojson", "Risk_Level": "Extreme Risk (Super El Niño)", "Distance_to_Flood_km": "4.73", "Poverty_Rate": "0.62", "Food_Poverty_Rate": "0.45", "Avg_HH_Income": "5169", "Avg_HH_Expenditure": "6177", "HH_Cash_Gap": "-1008", "Post_Assistance_Income": "13927", "Post_Assistance_Expenditure": "11092", "Post_Assistance_Surplus": "2835", "Vulnerability_Index": "0.681", "Wasting_Rate": "0.12", "marker_emoji": "🏥", "Author": "Garissa GIS Directorate — James M. Mburu", "NN_Vulnerability_Score": "0.405", "NN_Risk_Class": "Medium", "tana_buffer_zone": false }, "geometry": { "type": "Point", "coordinates": [ 40.450703, -1.553733399999942 ] } },
{ "type": "Feature", "properties": { "OBJECTID": "249", "county": "garissa", "camp": null, "camp_locat": null, "health_fac": null, "level_heal": "level 2", "type_healt": "out patient", "type_hea_1": null, "type_hea_2": null, "role_healt": "Facility incharge", "other_role": null, "gender_res": "male", "duration_w": "3 4yrs", "male_staff": "1.0", "female_sta": "0.0", "total_num_": null, "avgnum_mal": "11", "avgnum_fem": "15", "total_nu_1": null, "total_pati": "28", "permission": "yes", "facility_d": "surface water", "other_sour": null, "main_drink": "morethan 500m fromcompound", "facility_h": "surface water", "other_so_1": null, "main_water": "morethan 500m fromcompound", "num_water_": null, "availabili": null, "condition_": null, "other_cond": null, "what_damag": null, "cause_dama": null, "efforts_ma": null, "access_lim": "no", "adaptated_": null, "accesibili": "yes", "adapted_to": "lower taps", "water_avai": "no", "days_water": null, "other_days": null, "storage_wa": "yes", "total_stor": "10000.0", "duration_1": "2 4weeks", "health_pur": "yes", "treatment_": "chlorination", "waterborne": "yes", "waterbor_1": "110", "availabi_1": "reduced water supply", "challenges": "irregular water supply waterpoints too far", "source_coo": null, "other_so_2": null, "satisfied_": null, "methods_sa": null, "challenge_": null, "main_type_": "pit latrine slab", "other_main": null, "patientsta": "no", "type_patie": null, "other_type": null, "patients_t": null, "total_pa_1": null, "female_pat": null, "male_patie": null, "Total_pa_2": null, "ratio_pati": null, "shared_pat": null, "patient_to": null, "patients_c": null, "patients_s": null, "items_pati": null, "type_staff": null, "other_ty_1": null, "staff_toil": null, "staff_to_1": null, "female_s_1": null, "male_sta_1": null, "Total_staf": "2", "ratio_staf": null, "shared_sta": null, "staff_to_2": null, "staff_hsan": null, "staff_hcle": null, "reason_hst": null, "items_staf": null, "mixed_toil": "no", "accessible": "no", "modication": null, "septic_tan": "yes", "sludge_was": "treated on site", "challeng_1": "facilities not segregated facilities not private facilities difficult toreach some groups no access", "facility_a": "rely on less preferred", "sop_protoc": "yes", "cleaning_s": null, "cleaning_1": null, "reason_del": null, "cleaning_2": "2 4 days", "area_consu": null, "cleaning_3": "2 4 days", "rea_compou": null, "person_inc": "In charge", "other_pers": null, "sanitation": "13", "protective": "yes", "team_train": "No", "handwashin": null, "handwash_1": null, "allowed_ob": null, "water_av_1": null, "sanitizer_": null, "soap_avail": null, "water_conf": null, "sanitize_1": null, "soap_confi": null, "type_soap": null, "other_ty_2": null, "soap_sourc": null, "handwash_2": null, "other_hand": null, "handwash_3": null, "handwash_a": null, "handwash_4": null, "handwash_5": null, "access_bat": null, "num_bathin": null, "sep_bathin": null, "prob_bathi": null, "signs_prom": null, "hygiene_pr": "yes", "when_hygie": "last 30days", "kind_hygie": "health education hygiene", "notable_be": "yes", "behavior_c": "proper use toilet improved h andwashing techniques increased washing pracises reducing open defecation maintenance facilities cleanliness", "effect_dry": "water shortage increased cost increased patients lack water raised water quality", "effect_rai": "flooding stagnant water cases waterborne affected", "wash_needs": "access to clean wataer sanitation facilities waste management", "actions_im": "assist building renovating providing hygiene materials training staff", "menstrual_": "none above", "menstrua_1": "no", "type_dispo": "incinerators", "adequate_m": "No", "when_waste": "monthly", "challeng_2": "inadequate bins", "other_chal": null, "staff_inch": "no", "waste_prot": "yes", "facility_w": "yes only disposal", "correct_wa": null, "how_waste_": null, "other_how_": null, "waste_segr": null, "other_wast": null, "staff_in_1": "Facility incharge", "other_staf": null, "team_waste": "13", "protecti_1": "yes", "team_tra_1": "No", "traces_ani": "never visible", "waste_disp": "buried  and premises", "infectious": "incinerated other", "other_infe": null, "sharpswast": "burning protectedpit", "other_shar": null, "duration_2": "everyday", "reason_nt_": null, "protocol_a": "appropriate st andards inplace", "enumerator": "The facility mainly lacks water for their operation.", "uuid": "1c05fdf9-ca40-4cd6-9aa7-2e5a8497c760", "longitude": "40.654118", "latitude": "-1.4510566", "sub_county": "Hulugho Sub County", "wash_nee_1": "1", "wash_nee_2": "1", "wash_nee_3": "0", "wash_nee_4": "1", "wash_nee_5": "0", "wash_nee_6": "0", "wash_nee_7": "0", "wash_nee_8": "0", "Population": "14.0", "male_toile": "0", "female_toi": "8", "Total_male": "0.0", "Total_fema": "2.0", "host_or_re": "host", "ward": "sangailu", "area": "rural", "name_healt": "Handaro Dispensary", "Total_pa_3": "26.0", "cause_lack": null, "Total_pa_4": "0.0", "reason_pto": null, "Total_st_1": "0.0", "mixed_male": "0.0", "Total_mixe": "0.0", "ratio_mixe": null, "mixed_to_1": "outside school building", "health_f_1": "walls lock", "mixed_hcle": "2 4 days", "reason_hmi": "lack adequate water", "items_mixe": "water", "reason_war": null, "h_andwashi": "1.0", "h_andwas_1": "Facility entrance", "allowed__1": "allowed to see", "water_av_2": "water not available", "sanitize_2": "sanitizer available", "soap_ava_1": "soap not available", "water_co_1": null, "sanitize_3": null, "soap_con_1": null, "h_andwas_2": "toilets 5metres fromtoilet", "h_andwas_3": "no", "h_andwash_": null, "h_andwas_4": "yes", "h_andwas_5": "lower taps", "signs_pr_1": "yes", "layer": "Garissa Health Facilities", "path": "C:/Users/USER/OneDrive - ACTED/Desktop/Garissa County Capacity Building - REACH/Training Materials/Modules/Training Data/Garissa HF and Schools/Garissa HF and Schools/Garissa Health Facilities.geojson", "Risk_Level": "Safe", "Distance_to_Flood_km": "8.03", "Poverty_Rate": "0.65", "Food_Poverty_Rate": "0.48", "Avg_HH_Income": "5169", "Avg_HH_Expenditure": "6177", "HH_Cash_Gap": "-1008", "Post_Assistance_Income": "13927", "Post_Assistance_Expenditure": "11092", "Post_Assistance_Surplus": "2835", "Vulnerability_Index": "0.33", "Wasting_Rate": "0.11", "marker_emoji": "🏥", "Author": "Garissa GIS Directorate — James M. Mburu", "NN_Vulnerability_Score": "0.293", "NN_Risk_Class": "Low", "tana_buffer_zone": false }, "geometry": { "type": "Point", "coordinates": [ 40.654118, -1.451056599999959 ] } },
{ "type": "Feature", "properties": { "OBJECTID": "250", "county": "garissa", "camp": null, "camp_locat": null, "health_fac": null, "level_heal": "level 3", "type_healt": "out patient", "type_hea_1": null, "type_hea_2": null, "role_healt": "clinical officer", "other_role": null, "gender_res": "male", "duration_w": "1 2yrs", "male_staff": "8.0", "female_sta": "1.0", "total_num_": null, "avgnum_mal": "20", "avgnum_fem": "25", "total_nu_1": null, "total_pati": "54", "permission": "yes", "facility_d": "rain water collection", "other_sour": null, "main_drink": "on premises", "facility_h": "rain water collection", "other_so_1": null, "main_water": "on premises", "num_water_": null, "availabili": null, "condition_": null, "other_cond": null, "what_damag": null, "cause_dama": null, "efforts_ma": null, "access_lim": "yes", "adaptated_": "adequate space", "accesibili": "yes", "adapted_to": "accessible water containers", "water_avai": "yes", "days_water": "Daily", "other_days": null, "storage_wa": "yes", "total_stor": "20000.0", "duration_1": "2 4weeks", "health_pur": "yes", "treatment_": "chlorination", "waterborne": "no", "waterbor_1": null, "availabi_1": "water sources dried up", "challenges": "waterpoints expensive lack proper storage", "source_coo": "rain water collection", "other_so_2": null, "satisfied_": "yes", "methods_sa": null, "challenge_": "lack storage facility", "main_type_": "pit latrine slab", "other_main": null, "patientsta": "yes", "type_patie": "pit latrine slab", "other_type": null, "patients_t": "no", "total_pa_1": null, "female_pat": null, "male_patie": null, "Total_pa_2": null, "ratio_pati": null, "shared_pat": null, "patient_to": "within facility building", "patients_c": "2 4 days", "patients_s": "walls solid structure", "items_pati": "water", "type_staff": "pit latrine slab", "other_ty_1": null, "staff_toil": "no", "staff_to_1": null, "female_s_1": null, "male_sta_1": null, "Total_staf": "9", "ratio_staf": null, "shared_sta": "2.0", "staff_to_2": "within facility building", "staff_hsan": "walls solid structure lock", "staff_hcle": "2 4 days", "reason_hst": "lack adequate water", "items_staf": "water", "mixed_toil": "no", "accessible": "no", "modication": null, "septic_tan": "yes", "sludge_was": "dig another latrine", "challeng_1": "facilities not segregated", "facility_a": null, "sop_protoc": "yes", "cleaning_s": "2 4 days", "cleaning_1": "Daily", "reason_del": null, "cleaning_2": "Daily", "area_consu": null, "cleaning_3": "2 4 days", "rea_compou": null, "person_inc": "clinical officer", "other_pers": null, "sanitation": "13", "protective": "yes", "team_train": "No", "handwashin": null, "handwash_1": null, "allowed_ob": null, "water_av_1": null, "sanitizer_": null, "soap_avail": null, "water_conf": null, "sanitize_1": null, "soap_confi": null, "type_soap": null, "other_ty_2": null, "soap_sourc": null, "handwash_2": null, "other_hand": null, "handwash_3": null, "handwash_a": null, "handwash_4": null, "handwash_5": null, "access_bat": null, "num_bathin": null, "sep_bathin": null, "prob_bathi": null, "signs_prom": null, "hygiene_pr": "yes", "when_hygie": "over 3 6 months", "kind_hygie": null, "notable_be": "yes", "behavior_c": "increased washing pracises improved h andwashing techniques reducing open defecation", "effect_dry": "lack water", "effect_rai": "affected sanitation facilities floods affected management", "wash_needs": "h andwashing facilities access to clean wataer waste management", "actions_im": "assist building renovating training staff hygiene promotion campaigns providing hygiene materials", "menstrual_": "bathing areas", "menstrua_1": "yes free", "type_dispo": "compost pits", "adequate_m": "Yes in some bathrooms", "when_waste": "monthly", "challeng_2": "inadequate bins irregular collection", "other_chal": null, "staff_inch": "no", "waste_prot": "yes", "facility_w": "yes segregation disposal", "correct_wa": null, "how_waste_": null, "other_how_": null, "waste_segr": null, "other_wast": null, "staff_in_1": "Facility incharge", "other_staf": null, "team_waste": "13", "protecti_1": "yes", "team_tra_1": "No", "traces_ani": "never visible", "waste_disp": "burned on premises", "infectious": "burning protectedpit", "other_infe": null, "sharpswast": "burning protectedpit", "other_shar": null, "duration_2": "weekly 5facility day", "reason_nt_": null, "protocol_a": "appropriate st andards inplace", "enumerator": null, "uuid": "fc74e36c-2175-4421-b24b-eee27f8e5a1e", "longitude": "40.7301845", "latitude": "-1.3134955", "sub_county": "Hulugho Sub County", "wash_nee_1": "1", "wash_nee_2": "0", "wash_nee_3": "0", "wash_nee_4": "1", "wash_nee_5": "1", "wash_nee_6": "0", "wash_nee_7": "0", "wash_nee_8": "0", "Population": "27.0", "male_toile": "0", "female_toi": "0", "Total_male": "0.0", "Total_fema": "0.0", "host_or_re": "host", "ward": "sangailu", "area": "rural", "name_healt": "Sangailu Health Centre", "Total_pa_3": "45.0", "cause_lack": null, "Total_pa_4": "0.0", "reason_pto": "lack adequate water lack of detergent lack protective clothe", "Total_st_1": "0.0", "mixed_male": null, "Total_mixe": "0.0", "ratio_mixe": null, "mixed_to_1": null, "health_f_1": null, "mixed_hcle": null, "reason_hmi": null, "items_mixe": null, "reason_war": null, "h_andwashi": "25.0", "h_andwas_1": "consultation areas reception areas", "allowed__1": "allowed to see", "water_av_2": "water available", "sanitize_2": "sanitizer available", "soap_ava_1": "soap not available", "water_co_1": null, "sanitize_3": null, "soap_con_1": null, "h_andwas_2": null, "h_andwas_3": "no", "h_andwash_": null, "h_andwas_4": "no", "h_andwas_5": null, "signs_pr_1": "yes", "layer": "Garissa Health Facilities", "path": "C:/Users/USER/OneDrive - ACTED/Desktop/Garissa County Capacity Building - REACH/Training Materials/Modules/Training Data/Garissa HF and Schools/Garissa HF and Schools/Garissa Health Facilities.geojson", "Risk_Level": "Safe", "Distance_to_Flood_km": "6.64", "Poverty_Rate": "0.65", "Food_Poverty_Rate": "0.48", "Avg_HH_Income": "5169", "Avg_HH_Expenditure": "6177", "HH_Cash_Gap": "-1008", "Post_Assistance_Income": "13927", "Post_Assistance_Expenditure": "11092", "Post_Assistance_Surplus": "2835", "Vulnerability_Index": "0.358", "Wasting_Rate": "0.11", "marker_emoji": "🏥", "Author": "Garissa GIS Directorate — James M. Mburu", "NN_Vulnerability_Score": "0.344", "NN_Risk_Class": "Medium", "tana_buffer_zone": false }, "geometry": { "type": "Point", "coordinates": [ 40.730184500000064, -1.313495499999931 ] } },
{ "type": "Feature", "properties": { "OBJECTID": "257", "county": "garissa", "camp": null, "camp_locat": null, "health_fac": null, "level_heal": "level 3", "type_healt": "out patient", "type_hea_1": null, "type_hea_2": null, "role_healt": "health facility administrator", "other_role": null, "gender_res": "male", "duration_w": "Above5yrs", "male_staff": "2.0", "female_sta": "0.0", "total_num_": null, "avgnum_mal": "30", "avgnum_fem": "60", "total_nu_1": null, "total_pati": "93", "permission": "yes", "facility_d": "surface water", "other_sour": null, "main_drink": "approx 200m fromcompound", "facility_h": "surface water", "other_so_1": null, "main_water": "approx 200m fromcompound", "num_water_": null, "availabili": null, "condition_": null, "other_cond": null, "what_damag": null, "cause_dama": null, "efforts_ma": null, "access_lim": "no", "adaptated_": null, "accesibili": "no", "adapted_to": null, "water_avai": "yes", "days_water": "Daily", "other_days": null, "storage_wa": "yes", "total_stor": "10000.0", "duration_1": "more than one month", "health_pur": "yes", "treatment_": "chlorination", "waterborne": "yes", "waterbor_1": "110", "availabi_1": "water sources increased", "challenges": "waterpoints too far disabled unable accesswaterpoints water not quality", "source_coo": "surface water", "other_so_2": null, "satisfied_": "no", "methods_sa": "boiling", "challenge_": "limited access water", "main_type_": "pit latrine slab", "other_main": null, "patientsta": "no", "type_patie": null, "other_type": null, "patients_t": null, "total_pa_1": null, "female_pat": null, "male_patie": null, "Total_pa_2": null, "ratio_pati": null, "shared_pat": null, "patient_to": null, "patients_c": null, "patients_s": null, "items_pati": null, "type_staff": null, "other_ty_1": null, "staff_toil": null, "staff_to_1": null, "female_s_1": null, "male_sta_1": null, "Total_staf": "3", "ratio_staf": null, "shared_sta": null, "staff_to_2": null, "staff_hsan": null, "staff_hcle": null, "reason_hst": null, "items_staf": null, "mixed_toil": "no", "accessible": "no", "modication": null, "septic_tan": "no", "sludge_was": "treated off site", "challeng_1": "lack sanitation", "facility_a": "rely on less preferred", "sop_protoc": "no", "cleaning_s": "2 4 days", "cleaning_1": "2 4 days", "reason_del": null, "cleaning_2": "2 4 days", "area_consu": null, "cleaning_3": "2 4 days", "rea_compou": null, "person_inc": "cleaning department", "other_pers": null, "sanitation": "13", "protective": "no", "team_train": "No", "handwashin": null, "handwash_1": null, "allowed_ob": null, "water_av_1": null, "sanitizer_": null, "soap_avail": null, "water_conf": null, "sanitize_1": null, "soap_confi": null, "type_soap": "bar liquid soap", "other_ty_2": null, "soap_sourc": "Retailer", "handwash_2": null, "other_hand": null, "handwash_3": null, "handwash_a": null, "handwash_4": null, "handwash_5": null, "access_bat": null, "num_bathin": null, "sep_bathin": null, "prob_bathi": null, "signs_prom": null, "hygiene_pr": "no", "when_hygie": null, "kind_hygie": null, "notable_be": null, "behavior_c": null, "effect_dry": "water shortage", "effect_rai": "increased water supply", "wash_needs": "h andwashing facilities access to clean wataer sanitation facilities", "actions_im": "community led sanitation assist building renovating advocacy awareness", "menstrual_": "none above", "menstrua_1": "no", "type_dispo": "compost pits", "adequate_m": "No", "when_waste": "monthly", "challeng_2": "inadequate bins", "other_chal": null, "staff_inch": "no", "waste_prot": "no", "facility_w": "no", "correct_wa": null, "how_waste_": null, "other_how_": null, "waste_segr": null, "other_wast": null, "staff_in_1": "cleaning department", "other_staf": null, "team_waste": "13", "protecti_1": "yes", "team_tra_1": "No", "traces_ani": "never visible", "waste_disp": "burned on premises", "infectious": "incinerated other", "other_infe": null, "sharpswast": "burning protectedpit", "other_shar": null, "duration_2": "everyday", "reason_nt_": null, "protocol_a": "waste nt stored premises", "enumerator": "No", "uuid": "d6e62783-8dfa-4181-bfb1-33c556a15d13", "longitude": "40.7671092", "latitude": "-1.1919489", "sub_county": "Fafi Sub County", "wash_nee_1": "1", "wash_nee_2": "1", "wash_nee_3": "0", "wash_nee_4": "0", "wash_nee_5": "1", "wash_nee_6": "0", "wash_nee_7": "0", "wash_nee_8": "0", "Population": "47.0", "male_toile": "0", "female_toi": "30", "Total_male": "0.0", "Total_fema": "2.0", "host_or_re": "host", "ward": "dekaharia", "area": "urban", "name_healt": "Galmagalla Health Centre", "Total_pa_3": "90.0", "cause_lack": null, "Total_pa_4": "0.0", "reason_pto": null, "Total_st_1": "0.0", "mixed_male": "0.0", "Total_mixe": "0.0", "ratio_mixe": null, "mixed_to_1": "within facility building", "health_f_1": "door lock solid structure proper drainage", "mixed_hcle": "2 4 days", "reason_hmi": "lack adequate water", "items_mixe": "water", "reason_war": null, "h_andwashi": "1.0", "h_andwas_1": "consultation areas", "allowed__1": "allowed to see", "water_av_2": "water available", "sanitize_2": "sanitizer available", "soap_ava_1": "soap available", "water_co_1": null, "sanitize_3": null, "soap_con_1": null, "h_andwas_2": "toilets 5metres fromtoilet", "h_andwas_3": "no", "h_andwash_": null, "h_andwas_4": "no", "h_andwas_5": null, "signs_pr_1": "no", "layer": "Garissa Health Facilities", "path": "C:/Users/USER/OneDrive - ACTED/Desktop/Garissa County Capacity Building - REACH/Training Materials/Modules/Training Data/Garissa HF and Schools/Garissa HF and Schools/Garissa Health Facilities.geojson", "Risk_Level": "Safe", "Distance_to_Flood_km": "10.67", "Poverty_Rate": "0.77", "Food_Poverty_Rate": "0.57", "Avg_HH_Income": "5169", "Avg_HH_Expenditure": "6177", "HH_Cash_Gap": "-1008", "Post_Assistance_Income": "13927", "Post_Assistance_Expenditure": "11092", "Post_Assistance_Surplus": "2835", "Vulnerability_Index": "0.345", "Wasting_Rate": "0.14", "marker_emoji": "🏥", "Author": "Garissa GIS Directorate — James M. Mburu", "NN_Vulnerability_Score": "0.254", "NN_Risk_Class": "Low", "tana_buffer_zone": false }, "geometry": { "type": "Point", "coordinates": [ 40.76710920000005, -1.191948899999943 ] } },
{ "type": "Feature", "properties": { "OBJECTID": "251", "county": "garissa", "camp": null, "camp_locat": null, "health_fac": null, "level_heal": "level 4", "type_healt": "in patient out patient", "type_hea_1": null, "type_hea_2": null, "role_healt": "clinical officer", "other_role": null, "gender_res": "male", "duration_w": "Above5yrs", "male_staff": "11.0", "female_sta": "2.0", "total_num_": null, "avgnum_mal": "10", "avgnum_fem": "20", "total_nu_1": null, "total_pati": "42", "permission": "yes", "facility_d": "rain water collection", "other_sour": null, "main_drink": "on premises", "facility_h": "rain water collection", "other_so_1": null, "main_water": "on premises", "num_water_": null, "availabili": null, "condition_": null, "other_cond": null, "what_damag": null, "cause_dama": null, "efforts_ma": null, "access_lim": "yes", "adaptated_": "tap can be reached", "accesibili": "no", "adapted_to": null, "water_avai": "yes", "days_water": "Daily", "other_days": null, "storage_wa": "yes", "total_stor": "20000.0", "duration_1": "2 4weeks", "health_pur": "no", "treatment_": null, "waterborne": "no", "waterbor_1": null, "availabi_1": "water sources decreased", "challenges": "waterpoints too far", "source_coo": "rain water collection", "other_so_2": null, "satisfied_": "no", "methods_sa": "no method", "challenge_": "limited access water", "main_type_": "pit latrine slab", "other_main": null, "patientsta": "yes", "type_patie": "pit latrine slab", "other_type": null, "patients_t": "yes", "total_pa_1": null, "female_pat": "2.0", "male_patie": "2.0", "Total_pa_2": null, "ratio_pati": "7.5", "shared_pat": "0.0", "patient_to": "within facility building", "patients_c": "2 4 days", "patients_s": "door walls solid structure", "items_pati": "water", "type_staff": "pit latrine slab", "other_ty_1": null, "staff_toil": "yes", "staff_to_1": null, "female_s_1": "1.0", "male_sta_1": "1.0", "Total_staf": "12", "ratio_staf": "6.0", "shared_sta": "0.0", "staff_to_2": "within facility building", "staff_hsan": "door walls solid structure lock", "staff_hcle": "2 4 days", "reason_hst": "lack adequate water", "items_staf": "water", "mixed_toil": "no", "accessible": "no", "modication": null, "septic_tan": "yes", "sludge_was": "dig another latrine", "challeng_1": "facilities difficult toreach", "facility_a": "rely on communal rely on less preferred", "sop_protoc": "no", "cleaning_s": "2 4 days", "cleaning_1": "Daily", "reason_del": null, "cleaning_2": "Daily", "area_consu": null, "cleaning_3": "2 4 days", "rea_compou": null, "person_inc": "hospital admin", "other_pers": null, "sanitation": "47", "protective": "no", "team_train": "Yes", "handwashin": null, "handwash_1": null, "allowed_ob": null, "water_av_1": null, "sanitizer_": null, "soap_avail": null, "water_conf": null, "sanitize_1": null, "soap_confi": null, "type_soap": null, "other_ty_2": null, "soap_sourc": null, "handwash_2": null, "other_hand": null, "handwash_3": null, "handwash_a": null, "handwash_4": null, "handwash_5": null, "access_bat": "no", "num_bathin": null, "sep_bathin": "no", "prob_bathi": "facilities not functioning", "signs_prom": null, "hygiene_pr": "yes", "when_hygie": "last 30days", "kind_hygie": "hygiene campaigns", "notable_be": "yes", "behavior_c": "proper use toilet", "effect_dry": "water shortage", "effect_rai": "increased water supply", "wash_needs": "access to clean wataer h andwashing facilities infrastructure", "actions_im": "assist building renovating providing hygiene materials training staff", "menstrual_": "mhm education girls andboys", "menstrua_1": "no", "type_dispo": "compost pits", "adequate_m": "No", "when_waste": "weekly", "challeng_2": "inadequate bins site disposal far", "other_chal": null, "staff_inch": "no", "waste_prot": "no", "facility_w": "yes only disposal", "correct_wa": null, "how_waste_": null, "other_how_": null, "waste_segr": null, "other_wast": null, "staff_in_1": "cleaning department", "other_staf": null, "team_waste": "47", "protecti_1": "no", "team_tra_1": "No", "traces_ani": "never visible", "waste_disp": "burned on premises", "infectious": "burning protectedpit", "other_infe": null, "sharpswast": "burning protectedpit", "other_shar": null, "duration_2": "after two-three days", "reason_nt_": null, "protocol_a": "waste nt stored premises", "enumerator": null, "uuid": "576c3f24-e1dd-4432-b6d6-bbc935e10351", "longitude": "41.0597932", "latitude": "-1.1521706", "sub_county": "Hulugho Sub County", "wash_nee_1": "1", "wash_nee_2": "0", "wash_nee_3": "0", "wash_nee_4": "0", "wash_nee_5": "1", "wash_nee_6": "0", "wash_nee_7": "0", "wash_nee_8": "1", "Population": "7.0", "male_toile": "7", "female_toi": "7", "Total_male": "3.0", "Total_fema": "3.0", "host_or_re": "host", "ward": "hulugho", "area": "rural", "name_healt": "Hulugho Sub Health Centre", "Total_pa_3": "30.0", "cause_lack": null, "Total_pa_4": "4.0", "reason_pto": "lack adequate water lack of detergent lack protective clothe lack appropriate materials", "Total_st_1": "2.0", "mixed_male": null, "Total_mixe": "0.0", "ratio_mixe": null, "mixed_to_1": null, "health_f_1": null, "mixed_hcle": null, "reason_hmi": null, "items_mixe": null, "reason_war": null, "h_andwashi": "25.0", "h_andwas_1": "consultation areas", "allowed__1": "allowed to see", "water_av_2": "water available", "sanitize_2": "sanitizer not available", "soap_ava_1": "soap not available", "water_co_1": null, "sanitize_3": null, "soap_con_1": null, "h_andwas_2": "toilets 5metres fromtoilet delivery room", "h_andwas_3": "no", "h_andwash_": null, "h_andwas_4": "no", "h_andwas_5": null, "signs_pr_1": "yes", "layer": "Garissa Health Facilities", "path": "C:/Users/USER/OneDrive - ACTED/Desktop/Garissa County Capacity Building - REACH/Training Materials/Modules/Training Data/Garissa HF and Schools/Garissa HF and Schools/Garissa Health Facilities.geojson", "Risk_Level": "Safe", "Distance_to_Flood_km": "12.65", "Poverty_Rate": "0.65", "Food_Poverty_Rate": "0.48", "Avg_HH_Income": "5169", "Avg_HH_Expenditure": "6177", "HH_Cash_Gap": "-1008", "Post_Assistance_Income": "13927", "Post_Assistance_Expenditure": "11092", "Post_Assistance_Surplus": "2835", "Vulnerability_Index": "0.291", "Wasting_Rate": "0.11", "marker_emoji": "🏥", "Author": "Garissa GIS Directorate — James M. Mburu", "NN_Vulnerability_Score": "0.16", "NN_Risk_Class": "Low", "tana_buffer_zone": false }, "geometry": { "type": "Point", "coordinates": [ 41.059793200000058, -1.152170599999977 ] } },
{ "type": "Feature", "properties": { "OBJECTID": "277", "county": "garissa", "camp": null, "camp_locat": null, "health_fac": null, "level_heal": "level 2", "type_healt": "out patient", "type_hea_1": null, "type_hea_2": null, "role_healt": "Head nurse", "other_role": null, "gender_res": "male", "duration_w": "Above5yrs", "male_staff": "2.0", "female_sta": "0.0", "total_num_": null, "avgnum_mal": "40", "avgnum_fem": "35", "total_nu_1": null, "total_pati": "78", "permission": "yes", "facility_d": "rain water collection", "other_sour": null, "main_drink": "on premises", "facility_h": "rain water collection", "other_so_1": null, "main_water": "on premises", "num_water_": null, "availabili": null, "condition_": null, "other_cond": null, "what_damag": null, "cause_dama": null, "efforts_ma": null, "access_lim": "yes", "adaptated_": "taps can be opened", "accesibili": "yes", "adapted_to": "accessible water containers", "water_avai": "yes", "days_water": "Daily", "other_days": null, "storage_wa": "yes", "total_stor": "10000.0", "duration_1": "2 4weeks", "health_pur": "yes", "treatment_": "chlorination", "waterborne": "no", "waterbor_1": null, "availabi_1": "water sources dried up", "challenges": "unsafe water sources", "source_coo": null, "other_so_2": null, "satisfied_": null, "methods_sa": null, "challenge_": null, "main_type_": "pit latrine without slab", "other_main": null, "patientsta": "no", "type_patie": null, "other_type": null, "patients_t": null, "total_pa_1": null, "female_pat": null, "male_patie": null, "Total_pa_2": null, "ratio_pati": null, "shared_pat": null, "patient_to": null, "patients_c": null, "patients_s": null, "items_pati": null, "type_staff": null, "other_ty_1": null, "staff_toil": null, "staff_to_1": null, "female_s_1": null, "male_sta_1": null, "Total_staf": "3", "ratio_staf": null, "shared_sta": null, "staff_to_2": null, "staff_hsan": null, "staff_hcle": null, "reason_hst": null, "items_staf": null, "mixed_toil": "no", "accessible": "no", "modication": null, "septic_tan": "no", "sludge_was": "dig another latrine", "challeng_1": "community frmout using", "facility_a": "defecate in open", "sop_protoc": "no", "cleaning_s": null, "cleaning_1": null, "reason_del": null, "cleaning_2": "2 4 days", "area_consu": null, "cleaning_3": "2 4 days", "rea_compou": null, "person_inc": "cleaning department", "other_pers": null, "sanitation": "13", "protective": "no", "team_train": "No", "handwashin": null, "handwash_1": null, "allowed_ob": null, "water_av_1": null, "sanitizer_": null, "soap_avail": null, "water_conf": null, "sanitize_1": null, "soap_confi": null, "type_soap": null, "other_ty_2": null, "soap_sourc": null, "handwash_2": null, "other_hand": null, "handwash_3": null, "handwash_a": null, "handwash_4": null, "handwash_5": null, "access_bat": null, "num_bathin": null, "sep_bathin": null, "prob_bathi": null, "signs_prom": null, "hygiene_pr": "yes", "when_hygie": "over 1 3 months", "kind_hygie": null, "notable_be": "yes", "behavior_c": "increased washing pracises improved h andwashing techniques", "effect_dry": "lack water water shortage", "effect_rai": "toilet Infrastructure damage", "wash_needs": "menstrual management access to clean wataer infrastructure", "actions_im": "assist building renovating", "menstrual_": "mhm education girls andboys", "menstrua_1": "yes free", "type_dispo": "compost pits", "adequate_m": "No", "when_waste": "monthly", "challeng_2": "inadequate bins", "other_chal": null, "staff_inch": "yes", "waste_prot": "yes", "facility_w": "no", "correct_wa": null, "how_waste_": null, "other_how_": null, "waste_segr": null, "other_wast": null, "staff_in_1": "cleaning department", "other_staf": null, "team_waste": "13", "protecti_1": "no", "team_tra_1": "No", "traces_ani": "never visible", "waste_disp": "burned on premises", "infectious": "burning protectedpit", "other_infe": null, "sharpswast": "burning protectedpit", "other_shar": null, "duration_2": "monthly", "reason_nt_": "lack dedicated personnel", "protocol_a": "energy incineration", "enumerator": null, "uuid": "728d65b3-3d1d-41da-ac41-272db30ca9d9", "longitude": "40.9147983", "latitude": "-0.3411482", "sub_county": "Fafi Sub County", "wash_nee_1": "1", "wash_nee_2": "0", "wash_nee_3": "0", "wash_nee_4": "0", "wash_nee_5": "0", "wash_nee_6": "1", "wash_nee_7": "0", "wash_nee_8": "1", "Population": "39.0", "male_toile": "42", "female_toi": "35", "Total_male": "1.0", "Total_fema": "1.0", "host_or_re": "host", "ward": "jarajila", "area": "rural", "name_healt": "Amuma Dispensary", "Total_pa_3": "75.0", "cause_lack": null, "Total_pa_4": "0.0", "reason_pto": null, "Total_st_1": "0.0", "mixed_male": "1.0", "Total_mixe": "1.0", "ratio_mixe": "78.0", "mixed_to_1": "within facility building", "health_f_1": "door lock solid structure", "mixed_hcle": "2 4 days", "reason_hmi": "lack adequate water", "items_mixe": "water", "reason_war": null, "h_andwashi": "0.0", "h_andwas_1": null, "allowed__1": null, "water_av_2": null, "sanitize_2": null, "soap_ava_1": null, "water_co_1": null, "sanitize_3": null, "soap_con_1": null, "h_andwas_2": null, "h_andwas_3": null, "h_andwash_": null, "h_andwas_4": null, "h_andwas_5": null, "signs_pr_1": "no", "layer": "Garissa Health Facilities", "path": "C:/Users/USER/OneDrive - ACTED/Desktop/Garissa County Capacity Building - REACH/Training Materials/Modules/Training Data/Garissa HF and Schools/Garissa HF and Schools/Garissa Health Facilities.geojson", "Risk_Level": "Safe", "Distance_to_Flood_km": "7.13", "Poverty_Rate": "0.77", "Food_Poverty_Rate": "0.57", "Avg_HH_Income": "5169", "Avg_HH_Expenditure": "6177", "HH_Cash_Gap": "-1008", "Post_Assistance_Income": "13927", "Post_Assistance_Expenditure": "11092", "Post_Assistance_Surplus": "2835", "Vulnerability_Index": "0.402", "Wasting_Rate": "0.14", "marker_emoji": "🏥", "Author": "Garissa GIS Directorate — James M. Mburu", "NN_Vulnerability_Score": "0.383", "NN_Risk_Class": "Medium", "tana_buffer_zone": false }, "geometry": { "type": "Point", "coordinates": [ 40.914798300000029, -0.341148199999964 ] } },
{ "type": "Feature", "properties": { "OBJECTID": "268", "county": "garissa", "camp": null, "camp_locat": null, "health_fac": null, "level_heal": "level 2", "type_healt": "out patient", "type_hea_1": null, "type_hea_2": null, "role_healt": "community health worker", "other_role": null, "gender_res": "male", "duration_w": "Above5yrs", "male_staff": "3.0", "female_sta": "0.0", "total_num_": null, "avgnum_mal": "21", "avgnum_fem": "30", "total_nu_1": null, "total_pati": "55", "permission": "yes", "facility_d": "h andpumps", "other_sour": null, "main_drink": "approx 500m fromcompound", "facility_h": "h andpumps", "other_so_1": null, "main_water": "approx 500m fromcompound", "num_water_": "1.0", "availabili": "2 3 days", "condition_": null, "other_cond": null, "what_damag": null, "cause_dama": null, "efforts_ma": null, "access_lim": "yes", "adaptated_": "tap can be reached", "accesibili": "yes", "adapted_to": "lower taps", "water_avai": "yes", "days_water": "Daily", "other_days": null, "storage_wa": "yes", "total_stor": "10000.0", "duration_1": "more than one month", "health_pur": "yes", "treatment_": "chlorination", "waterborne": "no", "waterbor_1": null, "availabi_1": "water sources increased", "challenges": "insufficient waterpoints", "source_coo": null, "other_so_2": null, "satisfied_": null, "methods_sa": null, "challenge_": null, "main_type_": "pit latrine without slab", "other_main": null, "patientsta": "yes", "type_patie": "pit latrine without slab", "other_type": null, "patients_t": "yes", "total_pa_1": null, "female_pat": "1.0", "male_patie": "1.0", "Total_pa_2": null, "ratio_pati": "25.5", "shared_pat": "0.0", "patient_to": "outside school building", "patients_c": "Daily", "patients_s": "lock walls door", "items_pati": "water", "type_staff": "pit latrine without slab", "other_ty_1": null, "staff_toil": "yes", "staff_to_1": null, "female_s_1": "1.0", "male_sta_1": "1.0", "Total_staf": "4", "ratio_staf": "2.0", "shared_sta": "0.0", "staff_to_2": "outside school building", "staff_hsan": "lock walls door", "staff_hcle": "Daily", "reason_hst": null, "items_staf": "water", "mixed_toil": "no", "accessible": "no", "modication": null, "septic_tan": "yes", "sludge_was": "openly dumped away", "challeng_1": "facilities crowded facilities not functioning", "facility_a": "rely on less preferred", "sop_protoc": "yes", "cleaning_s": null, "cleaning_1": null, "reason_del": null, "cleaning_2": "Daily", "area_consu": null, "cleaning_3": "Daily", "rea_compou": null, "person_inc": "hospital admin", "other_pers": null, "sanitation": "13", "protective": "no", "team_train": "Yes", "handwashin": null, "handwash_1": null, "allowed_ob": null, "water_av_1": null, "sanitizer_": null, "soap_avail": null, "water_conf": null, "sanitize_1": null, "soap_confi": null, "type_soap": "bar liquid soap", "other_ty_2": null, "soap_sourc": "Retailer", "handwash_2": null, "other_hand": null, "handwash_3": null, "handwash_a": null, "handwash_4": null, "handwash_5": null, "access_bat": null, "num_bathin": null, "sep_bathin": null, "prob_bathi": null, "signs_prom": null, "hygiene_pr": "yes", "when_hygie": "over 1 3 months", "kind_hygie": null, "notable_be": "yes", "behavior_c": "improved h andwashing techniques proper use toilet reducing open defecation maintenance facilities cleanliness", "effect_dry": "water shortage infrastructure damage", "effect_rai": "increased water supply flooding stagnant water cases waterborne affected", "wash_needs": "access to clean wataer sanitation facilities waste management", "actions_im": "assist building renovating hygiene promotion campaigns community mobilization", "menstrual_": "mhm materials", "menstrua_1": "yes free", "type_dispo": "compost pits", "adequate_m": "No", "when_waste": "monthly", "challeng_2": "inadequate bins", "other_chal": null, "staff_inch": "yes", "waste_prot": "no", "facility_w": "yes segregation disposal", "correct_wa": null, "how_waste_": null, "other_how_": null, "waste_segr": null, "other_wast": null, "staff_in_1": "hosptial admin", "other_staf": null, "team_waste": "13", "protecti_1": "no", "team_tra_1": "Yes", "traces_ani": "more 10times month", "waste_disp": "burned on premises", "infectious": "burning protectedpit", "other_infe": null, "sharpswast": "burning protectedpit", "other_shar": null, "duration_2": "everyday", "reason_nt_": null, "protocol_a": "collected offsite", "enumerator": null, "uuid": "9d6262de-8ea5-4ce6-b98a-102b3d2934b0", "longitude": "40.3826815", "latitude": "-0.1884003", "sub_county": "Fafi Sub County", "wash_nee_1": "1", "wash_nee_2": "1", "wash_nee_3": "0", "wash_nee_4": "1", "wash_nee_5": "0", "wash_nee_6": "0", "wash_nee_7": "0", "wash_nee_8": "0", "Population": "14.0", "male_toile": "12", "female_toi": "15", "Total_male": "2.0", "Total_fema": "2.0", "host_or_re": "host", "ward": "fafi fafi", "area": "rural", "name_healt": "Yumbis Dispensary", "Total_pa_3": "51.0", "cause_lack": null, "Total_pa_4": "2.0", "reason_pto": null, "Total_st_1": "2.0", "mixed_male": null, "Total_mixe": "0.0", "ratio_mixe": null, "mixed_to_1": null, "health_f_1": null, "mixed_hcle": null, "reason_hmi": null, "items_mixe": null, "reason_war": null, "h_andwashi": "25.0", "h_andwas_1": "near toilets", "allowed__1": "allowed to see", "water_av_2": "water available", "sanitize_2": "sanitizer available", "soap_ava_1": "soap available", "water_co_1": null, "sanitize_3": null, "soap_con_1": null, "h_andwas_2": "toilets 5metres fromtoilet", "h_andwas_3": "no", "h_andwash_": null, "h_andwas_4": "yes", "h_andwas_5": "lower taps", "signs_pr_1": "yes", "layer": "Garissa Health Facilities", "path": "C:/Users/USER/OneDrive - ACTED/Desktop/Garissa County Capacity Building - REACH/Training Materials/Modules/Training Data/Garissa HF and Schools/Garissa HF and Schools/Garissa Health Facilities.geojson", "Risk_Level": "Safe", "Distance_to_Flood_km": "11.11", "Poverty_Rate": "0.77", "Food_Poverty_Rate": "0.57", "Avg_HH_Income": "5169", "Avg_HH_Expenditure": "6177", "HH_Cash_Gap": "-1008", "Post_Assistance_Income": "13927", "Post_Assistance_Expenditure": "11092", "Post_Assistance_Surplus": "2835", "Vulnerability_Index": "0.345", "Wasting_Rate": "0.14", "marker_emoji": "🏥", "Author": "Garissa GIS Directorate — James M. Mburu", "NN_Vulnerability_Score": "0.24", "NN_Risk_Class": "Low", "tana_buffer_zone": false }, "geometry": { "type": "Point", "coordinates": [ 40.382681500000047, -0.188400299999955 ] } },
{ "type": "Feature", "properties": { "OBJECTID": "263", "county": "garissa", "camp": null, "camp_locat": null, "health_fac": null, "level_heal": "level 2", "type_healt": "out patient", "type_hea_1": null, "type_hea_2": null, "role_healt": "Doctors", "other_role": null, "gender_res": "female", "duration_w": "3 4yrs", "male_staff": "1.0", "female_sta": "7.0", "total_num_": null, "avgnum_mal": "20", "avgnum_fem": "50", "total_nu_1": null, "total_pati": "72", "permission": "yes", "facility_d": "no water source", "other_sour": null, "main_drink": null, "facility_h": "no water source", "other_so_1": null, "main_water": null, "num_water_": null, "availabili": null, "condition_": null, "other_cond": null, "what_damag": null, "cause_dama": null, "efforts_ma": null, "access_lim": "no", "adaptated_": null, "accesibili": "no", "adapted_to": null, "water_avai": "no", "days_water": null, "other_days": null, "storage_wa": "yes", "total_stor": "1500.0", "duration_1": "2 7day", "health_pur": "yes", "treatment_": "chlorination", "waterborne": "no", "waterbor_1": null, "availabi_1": "water sources decreased", "challenges": "water notsource functional lack proper storage", "source_coo": null, "other_so_2": null, "satisfied_": null, "methods_sa": null, "challenge_": null, "main_type_": "flush pit", "other_main": null, "patientsta": "yes", "type_patie": "flush pit", "other_type": null, "patients_t": "no", "total_pa_1": null, "female_pat": null, "male_patie": null, "Total_pa_2": null, "ratio_pati": null, "shared_pat": null, "patient_to": "outside school building", "patients_c": "Daily", "patients_s": "door walls lock", "items_pati": "water", "type_staff": "flush pit", "other_ty_1": null, "staff_toil": "no", "staff_to_1": null, "female_s_1": null, "male_sta_1": null, "Total_staf": "2", "ratio_staf": null, "shared_sta": "1.0", "staff_to_2": "outside school building", "staff_hsan": "door walls lock", "staff_hcle": "Daily", "reason_hst": null, "items_staf": "water", "mixed_toil": "yes", "accessible": "no", "modication": null, "septic_tan": "no", "sludge_was": "municipal waste system", "challeng_1": "lack sanitation", "facility_a": "rely on less preferred", "sop_protoc": "yes", "cleaning_s": null, "cleaning_1": null, "reason_del": null, "cleaning_2": "Daily", "area_consu": null, "cleaning_3": "Daily", "rea_compou": null, "person_inc": "cleaning department", "other_pers": null, "sanitation": "13", "protective": "yes", "team_train": "No", "handwashin": null, "handwash_1": null, "allowed_ob": null, "water_av_1": null, "sanitizer_": null, "soap_avail": null, "water_conf": null, "sanitize_1": null, "soap_confi": null, "type_soap": null, "other_ty_2": null, "soap_sourc": null, "handwash_2": null, "other_hand": null, "handwash_3": null, "handwash_a": null, "handwash_4": null, "handwash_5": null, "access_bat": null, "num_bathin": null, "sep_bathin": null, "prob_bathi": null, "signs_prom": null, "hygiene_pr": "yes", "when_hygie": "last 30days", "kind_hygie": "wash workshop hygiene campaigns", "notable_be": "yes", "behavior_c": "proper use toilet increased washing pracises improved h andwashing techniques reducing open defecation", "effect_dry": "water shortage", "effect_rai": "increased water supply", "wash_needs": "infrastructure access to clean wataer sanitation facilities", "actions_im": "training staff form WASH committees community mobilization assist building renovating", "menstrual_": "none above", "menstrua_1": "yes free", "type_dispo": "compost pits", "adequate_m": "No", "when_waste": "Daily", "challeng_2": "lack awareness inadequate bins too expensive", "other_chal": null, "staff_inch": "no", "waste_prot": "yes", "facility_w": "yes segregation disposal", "correct_wa": null, "how_waste_": null, "other_how_": null, "waste_segr": null, "other_wast": null, "staff_in_1": "cleaning department", "other_staf": null, "team_waste": "13", "protecti_1": "yes", "team_tra_1": "No", "traces_ani": "never visible", "waste_disp": "buried away premises", "infectious": "buried protected pit", "other_infe": null, "sharpswast": "burning protectedpit", "other_shar": null, "duration_2": "everyday", "reason_nt_": null, "protocol_a": "waste nt stored premises", "enumerator": null, "uuid": "2d2cfd76-ca51-4a1e-89fe-d954dbeebd4a", "longitude": "39.6583354", "latitude": "-0.4874416", "sub_county": "Garissa Sub County", "wash_nee_1": "1", "wash_nee_2": "1", "wash_nee_3": "0", "wash_nee_4": "0", "wash_nee_5": "0", "wash_nee_6": "0", "wash_nee_7": "0", "wash_nee_8": "1", "Population": "72.0", "male_toile": "0", "female_toi": "0", "Total_male": "0.0", "Total_fema": "0.0", "host_or_re": "host", "ward": "iftin", "area": "urban", "name_healt": "Gk Medium Dispensary", "Total_pa_3": "70.0", "cause_lack": null, "Total_pa_4": "0.0", "reason_pto": null, "Total_st_1": "0.0", "mixed_male": null, "Total_mixe": "0.0", "ratio_mixe": null, "mixed_to_1": null, "health_f_1": null, "mixed_hcle": null, "reason_hmi": null, "items_mixe": null, "reason_war": null, "h_andwashi": "1.0", "h_andwas_1": "near toilets", "allowed__1": "allowed to see", "water_av_2": "water not available", "sanitize_2": "sanitizer not available", "soap_ava_1": "soap not available", "water_co_1": null, "sanitize_3": null, "soap_con_1": null, "h_andwas_2": "toilets 5metres fromtoilet", "h_andwas_3": "yes", "h_andwash_": "have h andpumps low height taps", "h_andwas_4": "yes", "h_andwas_5": "lower taps", "signs_pr_1": "yes", "layer": "Garissa Health Facilities", "path": "C:/Users/USER/OneDrive - ACTED/Desktop/Garissa County Capacity Building - REACH/Training Materials/Modules/Training Data/Garissa HF and Schools/Garissa HF and Schools/Garissa Health Facilities.geojson", "Risk_Level": "High Risk", "Distance_to_Flood_km": "0.3", "Poverty_Rate": "0.48", "Food_Poverty_Rate": "0.35", "Avg_HH_Income": "5169", "Avg_HH_Expenditure": "6177", "HH_Cash_Gap": "-1008", "Post_Assistance_Income": "13927", "Post_Assistance_Expenditure": "11092", "Post_Assistance_Surplus": "2835", "Vulnerability_Index": "0.648", "Wasting_Rate": "0.1", "marker_emoji": "🏥", "Author": "Garissa GIS Directorate — James M. Mburu", "NN_Vulnerability_Score": "0.474", "NN_Risk_Class": "Medium", "tana_buffer_zone": false }, "geometry": { "type": "Point", "coordinates": [ 39.658335400000055, -0.487441599999954 ] } },
{ "type": "Feature", "properties": { "OBJECTID": "275", "county": "garissa", "camp": null, "camp_locat": null, "health_fac": null, "level_heal": "level 4", "type_healt": "in patient out patient", "type_hea_1": null, "type_hea_2": null, "role_healt": "Head nurse", "other_role": null, "gender_res": "male", "duration_w": "Above5yrs", "male_staff": "31.0", "female_sta": "43.0", "total_num_": null, "avgnum_mal": "90", "avgnum_fem": "120", "total_nu_1": null, "total_pati": "242", "permission": "yes", "facility_d": "piped into school", "other_sour": null, "main_drink": "on premises", "facility_h": "piped into school", "other_so_1": null, "main_water": "on premises", "num_water_": null, "availabili": null, "condition_": null, "other_cond": null, "what_damag": null, "cause_dama": null, "efforts_ma": null, "access_lim": "yes", "adaptated_": "tap can be reached", "accesibili": "yes", "adapted_to": "lower taps", "water_avai": "yes", "days_water": "3 weeks", "other_days": null, "storage_wa": "yes", "total_stor": "40000.0", "duration_1": "2 4weeks", "health_pur": "yes", "treatment_": "chlorination", "waterborne": "no", "waterbor_1": null, "availabi_1": "water sources decreased", "challenges": "waterpoints expensive lack proper storage", "source_coo": "piped into facility", "other_so_2": null, "satisfied_": "yes", "methods_sa": null, "challenge_": "lack storage facility", "main_type_": "pit latrine without slab", "other_main": null, "patientsta": "yes", "type_patie": "pit latrine without slab", "other_type": null, "patients_t": "yes", "total_pa_1": null, "female_pat": "5.0", "male_patie": "7.0", "Total_pa_2": null, "ratio_pati": "17.5", "shared_pat": "2.0", "patient_to": "outside school building", "patients_c": "2 4 days", "patients_s": "door walls lock", "items_pati": "water", "type_staff": "pit latrine without slab", "other_ty_1": null, "staff_toil": "yes", "staff_to_1": null, "female_s_1": "4.0", "male_sta_1": "5.0", "Total_staf": "32", "ratio_staf": "3.555555556", "shared_sta": "1.0", "staff_to_2": "outside school building", "staff_hsan": "door walls lock", "staff_hcle": "Daily", "reason_hst": null, "items_staf": "water", "mixed_toil": "yes", "accessible": "no", "modication": null, "septic_tan": "yes", "sludge_was": "dig another latrine", "challeng_1": "lack sanitation", "facility_a": "rely on less preferred", "sop_protoc": "yes", "cleaning_s": "Daily", "cleaning_1": "Daily", "reason_del": null, "cleaning_2": "Daily", "area_consu": null, "cleaning_3": "Daily", "rea_compou": null, "person_inc": "hospital admin", "other_pers": null, "sanitation": "13", "protective": "yes", "team_train": "No", "handwashin": null, "handwash_1": null, "allowed_ob": null, "water_av_1": null, "sanitizer_": null, "soap_avail": null, "water_conf": null, "sanitize_1": null, "soap_confi": null, "type_soap": null, "other_ty_2": null, "soap_sourc": null, "handwash_2": null, "other_hand": null, "handwash_3": null, "handwash_a": null, "handwash_4": null, "handwash_5": null, "access_bat": "no", "num_bathin": null, "sep_bathin": "yes", "prob_bathi": "lack bathing facilities", "signs_prom": null, "hygiene_pr": "yes", "when_hygie": "last 30days", "kind_hygie": "visit from healthworker hygiene campaigns wash workshop", "notable_be": "yes", "behavior_c": "improved h andwashing techniques proper use toilet reducing open defecation maintenance facilities cleanliness", "effect_dry": "infrastructure damage", "effect_rai": "toilet Infrastructure damage water Infrastructure damage", "wash_needs": "sanitation facilities infrastructure h andwashing facilities", "actions_im": "assist building renovating training staff form WASH committees", "menstrual_": "none above", "menstrua_1": "yes free", "type_dispo": "compost pits", "adequate_m": "No", "when_waste": "Daily", "challeng_2": "lack awareness too expensive", "other_chal": null, "staff_inch": "yes", "waste_prot": "yes", "facility_w": "yes segregation disposal", "correct_wa": null, "how_waste_": null, "other_how_": null, "waste_segr": null, "other_wast": null, "staff_in_1": "hosptial admin", "other_staf": null, "team_waste": "13", "protecti_1": "yes", "team_tra_1": "Yes", "traces_ani": "never visible", "waste_disp": "buried away premises", "infectious": "burning protectedpit", "other_infe": null, "sharpswast": "burning protectedpit", "other_shar": null, "duration_2": "everyday", "reason_nt_": null, "protocol_a": "waste nt stored premises", "enumerator": null, "uuid": "a56efd15-8a79-4e7c-a06f-5288254480ce", "longitude": "39.6563995", "latitude": "-0.4759008", "sub_county": "Garissa Sub County", "wash_nee_1": "0", "wash_nee_2": "1", "wash_nee_3": "0", "wash_nee_4": "0", "wash_nee_5": "1", "wash_nee_6": "0", "wash_nee_7": "0", "wash_nee_8": "1", "Population": "10.0", "male_toile": "10", "female_toi": "18", "Total_male": "12.0", "Total_fema": "9.0", "host_or_re": "host", "ward": "iftin", "area": "urban", "name_healt": "Iftin Sub County Hospital", "Total_pa_3": "210.0", "cause_lack": null, "Total_pa_4": "12.0", "reason_pto": "lack protective clothe", "Total_st_1": "9.0", "mixed_male": null, "Total_mixe": "0.0", "ratio_mixe": null, "mixed_to_1": null, "health_f_1": null, "mixed_hcle": null, "reason_hmi": null, "items_mixe": null, "reason_war": null, "h_andwashi": "1.0", "h_andwas_1": "near toilets in wards reception areas", "allowed__1": "allowed to see", "water_av_2": "water not available", "sanitize_2": "sanitizer not available", "soap_ava_1": "soap not available", "water_co_1": null, "sanitize_3": null, "soap_con_1": null, "h_andwas_2": "toilets 5metres fromtoilet", "h_andwas_3": "no", "h_andwash_": null, "h_andwas_4": "yes", "h_andwas_5": "lower taps", "signs_pr_1": "yes", "layer": "Garissa Health Facilities", "path": "C:/Users/USER/OneDrive - ACTED/Desktop/Garissa County Capacity Building - REACH/Training Materials/Modules/Training Data/Garissa HF and Schools/Garissa HF and Schools/Garissa Health Facilities.geojson", "Risk_Level": "Medium Risk", "Distance_to_Flood_km": "0.95", "Poverty_Rate": "0.48", "Food_Poverty_Rate": "0.35", "Avg_HH_Income": "5169", "Avg_HH_Expenditure": "6177", "HH_Cash_Gap": "-1008", "Post_Assistance_Income": "13927", "Post_Assistance_Expenditure": "11092", "Post_Assistance_Surplus": "2835", "Vulnerability_Index": "0.545", "Wasting_Rate": "0.1", "marker_emoji": "🏥", "Author": "Garissa GIS Directorate — James M. Mburu", "NN_Vulnerability_Score": "0.473", "NN_Risk_Class": "Medium", "tana_buffer_zone": false }, "geometry": { "type": "Point", "coordinates": [ 39.656399500000077, -0.475900799999977 ] } },
{ "type": "Feature", "properties": { "OBJECTID": "260", "county": "garissa", "camp": null, "camp_locat": null, "health_fac": null, "level_heal": "level 2", "type_healt": "out patient", "type_hea_1": null, "type_hea_2": null, "role_healt": "Head nurse", "other_role": null, "gender_res": "female", "duration_w": "3 4yrs", "male_staff": "4.0", "female_sta": "12.0", "total_num_": null, "avgnum_mal": "40", "avgnum_fem": "60", "total_nu_1": null, "total_pati": "105", "permission": "yes", "facility_d": "tap st and", "other_sour": null, "main_drink": "on premises", "facility_h": "tap st and", "other_so_1": null, "main_water": "on premises", "num_water_": "3.0", "availabili": "2 3 days", "condition_": "functional with minor damage", "other_cond": null, "what_damag": "taps leaking", "cause_dama": "equipment failure insufficient maintenance", "efforts_ma": "engaged stakeholder", "access_lim": "yes", "adaptated_": "adequate space", "accesibili": "yes", "adapted_to": "lower taps", "water_avai": "no", "days_water": null, "other_days": null, "storage_wa": "no", "total_stor": null, "duration_1": null, "health_pur": "no", "treatment_": null, "waterborne": "yes", "waterbor_1": "110", "availabi_1": "reduced water supply flooding issues", "challenges": "waterpoints too far waterpoints expensive infrastructure damaged", "source_coo": null, "other_so_2": null, "satisfied_": null, "methods_sa": null, "challenge_": null, "main_type_": "pit latrine slab", "other_main": null, "patientsta": "yes", "type_patie": "pit latrine slab", "other_type": null, "patients_t": "no", "total_pa_1": null, "female_pat": null, "male_patie": null, "Total_pa_2": null, "ratio_pati": null, "shared_pat": null, "patient_to": "within facility building", "patients_c": "2 4 days", "patients_s": "door walls lock solid structure", "items_pati": "water", "type_staff": "pit latrine slab", "other_ty_1": null, "staff_toil": "no", "staff_to_1": null, "female_s_1": null, "male_sta_1": null, "Total_staf": "5", "ratio_staf": null, "shared_sta": "1.0", "staff_to_2": "within facility building", "staff_hsan": "door walls lock solid structure", "staff_hcle": "2 4 days", "reason_hst": "lack of detergent", "items_staf": "water", "mixed_toil": "no", "accessible": "no", "modication": null, "septic_tan": "yes", "sludge_was": "dig another latrine", "challeng_1": "lack sanitation facilities crowded personsdisability noaccess", "facility_a": "rely on less preferred", "sop_protoc": "yes", "cleaning_s": null, "cleaning_1": null, "reason_del": null, "cleaning_2": "Daily", "area_consu": null, "cleaning_3": "Daily", "rea_compou": null, "person_inc": "Head nurse", "other_pers": null, "sanitation": "13", "protective": "yes", "team_train": "Yes", "handwashin": null, "handwash_1": null, "allowed_ob": null, "water_av_1": null, "sanitizer_": null, "soap_avail": null, "water_conf": null, "sanitize_1": null, "soap_confi": null, "type_soap": "detergent", "other_ty_2": null, "soap_sourc": "Retailer", "handwash_2": null, "other_hand": null, "handwash_3": null, "handwash_a": null, "handwash_4": null, "handwash_5": null, "access_bat": null, "num_bathin": null, "sep_bathin": null, "prob_bathi": null, "signs_prom": null, "hygiene_pr": "yes", "when_hygie": "last 30days", "kind_hygie": "visit from healthworker hygiene campaigns", "notable_be": "yes", "behavior_c": "increased washing pracises improved h andwashing techniques proper use toilet maintenance facilities cleanliness proper disposal hygiene products reduced incidence diseases reducing open defecation", "effect_dry": "water shortage lack water infrastructure damage", "effect_rai": "toilet Infrastructure damage water Infrastructure damage", "wash_needs": "access to clean wataer menstrual management infrastructure", "actions_im": "assist building renovating providing hygiene materials hygiene promotion campaigns being part projects", "menstrual_": "mhm materials mhm education girls", "menstrua_1": "yes free", "type_dispo": "pit latrines disposal bags incinerators", "adequate_m": "Yes in some bathrooms", "when_waste": "weekly", "challeng_2": "inadequate bins", "other_chal": null, "staff_inch": "yes", "waste_prot": "yes", "facility_w": "no", "correct_wa": null, "how_waste_": null, "other_how_": null, "waste_segr": null, "other_wast": null, "staff_in_1": "cleaning department", "other_staf": null, "team_waste": "47", "protecti_1": "yes", "team_tra_1": "Yes", "traces_ani": "never visible", "waste_disp": "burned on premises", "infectious": "autoclaved incinerated", "other_infe": null, "sharpswast": "autoclaved incinerated", "other_shar": null, "duration_2": "after two-three days", "reason_nt_": null, "protocol_a": "treated disposed safely collected offsite staff trained", "enumerator": "No comments", "uuid": "b178e197-f345-4dc2-9182-d1fa91f3eb17", "longitude": "39.6389061", "latitude": "-0.4611307", "sub_county": "Garissa Sub County", "wash_nee_1": "1", "wash_nee_2": "0", "wash_nee_3": "0", "wash_nee_4": "0", "wash_nee_5": "0", "wash_nee_6": "1", "wash_nee_7": "0", "wash_nee_8": "1", "Population": "105.0", "male_toile": "0", "female_toi": "0", "Total_male": "0.0", "Total_fema": "0.0", "host_or_re": "host", "ward": "township", "area": "urban", "name_healt": "Police Line Dispensary", "Total_pa_3": "100.0", "cause_lack": null, "Total_pa_4": "0.0", "reason_pto": "lack adequate water lack appropriate materials lack of detergent", "Total_st_1": "0.0", "mixed_male": null, "Total_mixe": "0.0", "ratio_mixe": null, "mixed_to_1": null, "health_f_1": null, "mixed_hcle": null, "reason_hmi": null, "items_mixe": null, "reason_war": null, "h_andwashi": "25.0", "h_andwas_1": "consultation areas near toilets", "allowed__1": "allowed to see", "water_av_2": "water available", "sanitize_2": "sanitizer available", "soap_ava_1": "soap available", "water_co_1": null, "sanitize_3": null, "soap_con_1": null, "h_andwas_2": "toilets 5metres fromtoilet consultation room", "h_andwas_3": "yes", "h_andwash_": "low height taps", "h_andwas_4": "yes", "h_andwas_5": "lower taps", "signs_pr_1": "yes", "layer": "Garissa Health Facilities", "path": "C:/Users/USER/OneDrive - ACTED/Desktop/Garissa County Capacity Building - REACH/Training Materials/Modules/Training Data/Garissa HF and Schools/Garissa HF and Schools/Garissa Health Facilities.geojson", "Risk_Level": "High Risk", "Distance_to_Flood_km": "0.11", "Poverty_Rate": "0.48", "Food_Poverty_Rate": "0.35", "Avg_HH_Income": "5169", "Avg_HH_Expenditure": "6177", "HH_Cash_Gap": "-1008", "Post_Assistance_Income": "13927", "Post_Assistance_Expenditure": "11092", "Post_Assistance_Surplus": "2835", "Vulnerability_Index": "0.652", "Wasting_Rate": "0.1", "marker_emoji": "🏥", "Author": "Garissa GIS Directorate — James M. Mburu", "NN_Vulnerability_Score": "0.474", "NN_Risk_Class": "Medium", "tana_buffer_zone": false }, "geometry": { "type": "Point", "coordinates": [ 39.638906100000042, -0.461130699999956 ] } },
{ "type": "Feature", "properties": { "OBJECTID": "262", "county": "garissa", "camp": null, "camp_locat": null, "health_fac": null, "level_heal": "level 2", "type_healt": "out patient", "type_hea_1": null, "type_hea_2": null, "role_healt": "Head nurse", "other_role": null, "gender_res": "female", "duration_w": "Above5yrs", "male_staff": "3.0", "female_sta": "13.0", "total_num_": null, "avgnum_mal": "10", "avgnum_fem": "33", "total_nu_1": null, "total_pati": "47", "permission": "yes", "facility_d": "piped into school", "other_sour": null, "main_drink": "on premises", "facility_h": "piped into school", "other_so_1": null, "main_water": "on premises", "num_water_": null, "availabili": null, "condition_": null, "other_cond": null, "what_damag": null, "cause_dama": null, "efforts_ma": null, "access_lim": "yes", "adaptated_": "tap can be reached", "accesibili": "yes", "adapted_to": "lower taps", "water_avai": "yes", "days_water": "2 weeks", "other_days": null, "storage_wa": "yes", "total_stor": "10000.0", "duration_1": "2 7day", "health_pur": "yes", "treatment_": "chlorination", "waterborne": "no", "waterbor_1": null, "availabi_1": "water sources decreased", "challenges": "waterpoints expensive lack proper storage", "source_coo": null, "other_so_2": null, "satisfied_": null, "methods_sa": null, "challenge_": null, "main_type_": "flush pit", "other_main": null, "patientsta": "yes", "type_patie": "flush pit", "other_type": null, "patients_t": "yes", "total_pa_1": null, "female_pat": "1.0", "male_patie": "1.0", "Total_pa_2": null, "ratio_pati": "21.5", "shared_pat": "0.0", "patient_to": "outside school building", "patients_c": "Daily", "patients_s": "door walls lock", "items_pati": "water", "type_staff": "flush pit", "other_ty_1": null, "staff_toil": "no", "staff_to_1": null, "female_s_1": null, "male_sta_1": null, "Total_staf": "4", "ratio_staf": null, "shared_sta": "1.0", "staff_to_2": "outside school building", "staff_hsan": "walls door lock", "staff_hcle": "Daily", "reason_hst": null, "items_staf": "water", "mixed_toil": "yes", "accessible": "no", "modication": null, "septic_tan": "no", "sludge_was": "municipal waste system", "challeng_1": "lack sanitation", "facility_a": "rely on less preferred", "sop_protoc": "yes", "cleaning_s": null, "cleaning_1": null, "reason_del": null, "cleaning_2": "Daily", "area_consu": null, "cleaning_3": "Daily", "rea_compou": null, "person_inc": "hospital admin", "other_pers": null, "sanitation": "13", "protective": "no", "team_train": "No", "handwashin": null, "handwash_1": null, "allowed_ob": null, "water_av_1": null, "sanitizer_": null, "soap_avail": null, "water_conf": null, "sanitize_1": null, "soap_confi": null, "type_soap": null, "other_ty_2": null, "soap_sourc": null, "handwash_2": null, "other_hand": null, "handwash_3": null, "handwash_a": null, "handwash_4": null, "handwash_5": null, "access_bat": null, "num_bathin": null, "sep_bathin": null, "prob_bathi": null, "signs_prom": null, "hygiene_pr": "yes", "when_hygie": "last 30days", "kind_hygie": "wash workshop hygiene campaigns visit from healthworker", "notable_be": "yes", "behavior_c": "proper use toilet reducing open defecation proper disposal hygiene products better menstrual mangmt practices increased washing pracises", "effect_dry": "increased patients", "effect_rai": "flooding stagnant water cases waterborne affected water Infrastructure damage", "wash_needs": "sanitation facilities waste management infrastructure", "actions_im": "training staff form WASH committees hygiene promotion campaigns", "menstrual_": "none above", "menstrua_1": "yes free", "type_dispo": "compost pits", "adequate_m": "No", "when_waste": "Daily", "challeng_2": "inadequate bins lack awareness", "other_chal": null, "staff_inch": "no", "waste_prot": "yes", "facility_w": "yes segregation disposal", "correct_wa": null, "how_waste_": null, "other_how_": null, "waste_segr": null, "other_wast": null, "staff_in_1": "hosptial admin", "other_staf": null, "team_waste": "13", "protecti_1": "no", "team_tra_1": "No", "traces_ani": "never visible", "waste_disp": "buried away premises", "infectious": "buried protected pit", "other_infe": null, "sharpswast": "burning protectedpit", "other_shar": null, "duration_2": "everyday", "reason_nt_": null, "protocol_a": "waste nt stored premises", "enumerator": null, "uuid": "08efe572-6b19-4fed-a2e4-053f5f7ca538", "longitude": "39.6397029", "latitude": "-0.4539126", "sub_county": "Garissa Sub County", "wash_nee_1": "0", "wash_nee_2": "1", "wash_nee_3": "0", "wash_nee_4": "1", "wash_nee_5": "0", "wash_nee_6": "0", "wash_nee_7": "0", "wash_nee_8": "1", "Population": "16.0", "male_toile": "13", "female_toi": "46", "Total_male": "1.0", "Total_fema": "1.0", "host_or_re": "host", "ward": "township", "area": "urban", "name_healt": "Gk Prison Dispensary", "Total_pa_3": "43.0", "cause_lack": "lack adquate storage", "Total_pa_4": "2.0", "reason_pto": null, "Total_st_1": "0.0", "mixed_male": null, "Total_mixe": "0.0", "ratio_mixe": null, "mixed_to_1": null, "health_f_1": null, "mixed_hcle": null, "reason_hmi": null, "items_mixe": null, "reason_war": null, "h_andwashi": "0.0", "h_andwas_1": null, "allowed__1": null, "water_av_2": null, "sanitize_2": null, "soap_ava_1": null, "water_co_1": null, "sanitize_3": null, "soap_con_1": null, "h_andwas_2": null, "h_andwas_3": null, "h_andwash_": null, "h_andwas_4": null, "h_andwas_5": null, "signs_pr_1": "no", "layer": "Garissa Health Facilities", "path": "C:/Users/USER/OneDrive - ACTED/Desktop/Garissa County Capacity Building - REACH/Training Materials/Modules/Training Data/Garissa HF and Schools/Garissa HF and Schools/Garissa Health Facilities.geojson", "Risk_Level": "High Risk", "Distance_to_Flood_km": "0.3", "Poverty_Rate": "0.48", "Food_Poverty_Rate": "0.35", "Avg_HH_Income": "5169", "Avg_HH_Expenditure": "6177", "HH_Cash_Gap": "-1008", "Post_Assistance_Income": "13927", "Post_Assistance_Expenditure": "11092", "Post_Assistance_Surplus": "2835", "Vulnerability_Index": "0.648", "Wasting_Rate": "0.1", "marker_emoji": "🏥", "Author": "Garissa GIS Directorate — James M. Mburu", "NN_Vulnerability_Score": "0.474", "NN_Risk_Class": "Medium", "tana_buffer_zone": false }, "geometry": { "type": "Point", "coordinates": [ 39.639702900000032, -0.453912599999967 ] } },
{ "type": "Feature", "properties": { "OBJECTID": "273", "county": "garissa", "camp": null, "camp_locat": null, "health_fac": null, "level_heal": "level 5", "type_healt": "in patient out patient", "type_hea_1": null, "type_hea_2": null, "role_healt": "health facility administrator", "other_role": null, "gender_res": "male", "duration_w": "Above5yrs", "male_staff": "70.0", "female_sta": "100.0", "total_num_": null, "avgnum_mal": "100", "avgnum_fem": "150", "total_nu_1": null, "total_pati": "321", "permission": "yes", "facility_d": "piped into school", "other_sour": null, "main_drink": "on premises", "facility_h": "piped into school", "other_so_1": null, "main_water": "on premises", "num_water_": null, "availabili": null, "condition_": null, "other_cond": null, "what_damag": null, "cause_dama": null, "efforts_ma": null, "access_lim": "yes", "adaptated_": "non slip floor provision ramps", "accesibili": "yes", "adapted_to": "lower taps", "water_avai": "yes", "days_water": "1 week", "other_days": null, "storage_wa": "yes", "total_stor": "40000.0", "duration_1": "2 7day", "health_pur": "yes", "treatment_": "chlorination", "waterborne": "no", "waterbor_1": null, "availabi_1": "water sources decreased", "challenges": "waterpoints expensive lack proper storage infrastructure damaged", "source_coo": "piped into facility", "other_so_2": null, "satisfied_": "yes", "methods_sa": null, "challenge_": "lack storage facility infrastructure issues", "main_type_": "pit latrine without slab", "other_main": null, "patientsta": "yes", "type_patie": "pit latrine without slab", "other_type": null, "patients_t": "yes", "total_pa_1": null, "female_pat": "10.0", "male_patie": "8.0", "Total_pa_2": null, "ratio_pati": "13.88888889", "shared_pat": "10.0", "patient_to": "outside school building", "patients_c": "2 4 days", "patients_s": "lock walls door", "items_pati": "water", "type_staff": "pit latrine without slab", "other_ty_1": null, "staff_toil": "yes", "staff_to_1": null, "female_s_1": "22.0", "male_sta_1": "15.0", "Total_staf": "71", "ratio_staf": "1.918918919", "shared_sta": "0.0", "staff_to_2": "outside school building", "staff_hsan": "door walls lock", "staff_hcle": "2 4 days", "reason_hst": "lack appropriate materials", "items_staf": "water", "mixed_toil": "yes", "accessible": "yes", "modication": "enough space wheelchair", "septic_tan": "yes", "sludge_was": "dig another latrine", "challeng_1": "lack sanitation facilities crowded", "facility_a": "rely on less preferred", "sop_protoc": "yes", "cleaning_s": "Daily", "cleaning_1": "Daily", "reason_del": null, "cleaning_2": "Daily", "area_consu": null, "cleaning_3": "Daily", "rea_compou": null, "person_inc": "hospital admin", "other_pers": null, "sanitation": "47", "protective": "yes", "team_train": "Yes", "handwashin": null, "handwash_1": null, "allowed_ob": null, "water_av_1": null, "sanitizer_": null, "soap_avail": null, "water_conf": null, "sanitize_1": null, "soap_confi": null, "type_soap": "bar liquid soap", "other_ty_2": null, "soap_sourc": "ngo donation", "handwash_2": null, "other_hand": null, "handwash_3": null, "handwash_a": null, "handwash_4": null, "handwash_5": null, "access_bat": "yes", "num_bathin": "20.0", "sep_bathin": "yes", "prob_bathi": "lack bathing facilities", "signs_prom": null, "hygiene_pr": "yes", "when_hygie": "last 30days", "kind_hygie": "wash workshop hygiene campaigns", "notable_be": "yes", "behavior_c": "increased washing pracises improved h andwashing techniques proper use toilet reducing open defecation maintenance facilities cleanliness consumption drinking water proper disposal hygiene products", "effect_dry": "water shortage increased cost infrastructure damage", "effect_rai": "water Infrastructure damage", "wash_needs": "sanitation facilities infrastructure waste management", "actions_im": "form WASH committees training staff community mobilization hygiene promotion campaigns", "menstrual_": "none above", "menstrua_1": "no", "type_dispo": "compost pits", "adequate_m": "No", "when_waste": "Daily", "challeng_2": "inadequate bins too expensive", "other_chal": null, "staff_inch": "yes", "waste_prot": "yes", "facility_w": "yes segregation disposal", "correct_wa": null, "how_waste_": null, "other_how_": null, "waste_segr": null, "other_wast": null, "staff_in_1": "hosptial admin", "other_staf": null, "team_waste": "47", "protecti_1": "yes", "team_tra_1": "Yes", "traces_ani": "never visible", "waste_disp": "buried  and premises", "infectious": "burning protectedpit", "other_infe": null, "sharpswast": "burning protectedpit", "other_shar": null, "duration_2": "everyday", "reason_nt_": null, "protocol_a": "waste nt stored premises", "enumerator": null, "uuid": "58d99072-3c3e-40e7-918f-936207eea0d8", "longitude": "39.6528082", "latitude": "-0.4488325", "sub_county": "Garissa Sub County", "wash_nee_1": "0", "wash_nee_2": "1", "wash_nee_3": "0", "wash_nee_4": "1", "wash_nee_5": "0", "wash_nee_6": "0", "wash_nee_7": "0", "wash_nee_8": "1", "Population": "5.0", "male_toile": "7", "female_toi": "8", "Total_male": "23.0", "Total_fema": "32.0", "host_or_re": "host", "ward": "waberi", "area": "urban", "name_healt": "Garissa Provincial General Hospi", "Total_pa_3": "250.0", "cause_lack": "lack adquate storage water infrastructure damaged", "Total_pa_4": "18.0", "reason_pto": "lack of detergent lack adequate water", "Total_st_1": "37.0", "mixed_male": null, "Total_mixe": "0.0", "ratio_mixe": null, "mixed_to_1": null, "health_f_1": null, "mixed_hcle": null, "reason_hmi": null, "items_mixe": null, "reason_war": null, "h_andwashi": "25.0", "h_andwas_1": "near toilets in wards consultation areas reception areas at gate at waste disposal", "allowed__1": "allowed to see", "water_av_2": "water available", "sanitize_2": "sanitizer available", "soap_ava_1": "soap available", "water_co_1": null, "sanitize_3": null, "soap_con_1": null, "h_andwas_2": "toilets 5metres fromtoilet delivery room", "h_andwas_3": "yes", "h_andwash_": "low height taps", "h_andwas_4": "yes", "h_andwas_5": "lower taps", "signs_pr_1": "yes", "layer": "Garissa Health Facilities", "path": "C:/Users/USER/OneDrive - ACTED/Desktop/Garissa County Capacity Building - REACH/Training Materials/Modules/Training Data/Garissa HF and Schools/Garissa HF and Schools/Garissa Health Facilities.geojson", "Risk_Level": "Low Risk", "Distance_to_Flood_km": "1.67", "Poverty_Rate": "0.48", "Food_Poverty_Rate": "0.35", "Avg_HH_Income": "5169", "Avg_HH_Expenditure": "6177", "HH_Cash_Gap": "-1008", "Post_Assistance_Income": "13927", "Post_Assistance_Expenditure": "11092", "Post_Assistance_Surplus": "2835", "Vulnerability_Index": "0.471", "Wasting_Rate": "0.1", "marker_emoji": "🏥", "Author": "Garissa GIS Directorate — James M. Mburu", "NN_Vulnerability_Score": "0.463", "NN_Risk_Class": "Medium", "tana_buffer_zone": false }, "geometry": { "type": "Point", "coordinates": [ 39.652808200000038, -0.44883249999998 ] } },
{ "type": "Feature", "properties": { "OBJECTID": "265", "county": "garissa", "camp": null, "camp_locat": null, "health_fac": null, "level_heal": "level 2", "type_healt": "out patient", "type_hea_1": null, "type_hea_2": null, "role_healt": "Head nurse", "other_role": null, "gender_res": "male", "duration_w": "1 2yrs", "male_staff": "2.0", "female_sta": "0.0", "total_num_": null, "avgnum_mal": "23", "avgnum_fem": "40", "total_nu_1": null, "total_pati": "66", "permission": "yes", "facility_d": "tanker trucks", "other_sour": null, "main_drink": "approx 50m fromcompound", "facility_h": "tanker trucks", "other_so_1": null, "main_water": "approx 50m fromcompound", "num_water_": null, "availabili": null, "condition_": null, "other_cond": null, "what_damag": null, "cause_dama": null, "efforts_ma": null, "access_lim": "no", "adaptated_": null, "accesibili": "no", "adapted_to": null, "water_avai": "no", "days_water": null, "other_days": null, "storage_wa": "no", "total_stor": null, "duration_1": null, "health_pur": "no", "treatment_": null, "waterborne": "no", "waterbor_1": null, "availabi_1": "fetch water outfacility flooding issues", "challenges": "disabled unable accesswaterpoints waterpoints too far waterpoints expensive irregular water supply", "source_coo": null, "other_so_2": null, "satisfied_": null, "methods_sa": null, "challenge_": null, "main_type_": "pit latrine slab", "other_main": null, "patientsta": "no", "type_patie": null, "other_type": null, "patients_t": null, "total_pa_1": null, "female_pat": null, "male_patie": null, "Total_pa_2": null, "ratio_pati": null, "shared_pat": null, "patient_to": null, "patients_c": null, "patients_s": null, "items_pati": null, "type_staff": null, "other_ty_1": null, "staff_toil": null, "staff_to_1": null, "female_s_1": null, "male_sta_1": null, "Total_staf": "3", "ratio_staf": null, "shared_sta": null, "staff_to_2": null, "staff_hsan": null, "staff_hcle": null, "reason_hst": null, "items_staf": null, "mixed_toil": "no", "accessible": "no", "modication": null, "septic_tan": "yes", "sludge_was": "dig another latrine", "challeng_1": "lack sanitation facilities crowded facilities difficult toreach", "facility_a": "rely on less preferred", "sop_protoc": "yes", "cleaning_s": null, "cleaning_1": null, "reason_del": null, "cleaning_2": "2 4 days", "area_consu": null, "cleaning_3": "2 4 days", "rea_compou": null, "person_inc": "cleaning department", "other_pers": null, "sanitation": "13", "protective": "no", "team_train": "Yes", "handwashin": null, "handwash_1": null, "allowed_ob": null, "water_av_1": null, "sanitizer_": null, "soap_avail": null, "water_conf": null, "sanitize_1": null, "soap_confi": null, "type_soap": null, "other_ty_2": null, "soap_sourc": null, "handwash_2": null, "other_hand": null, "handwash_3": null, "handwash_a": null, "handwash_4": null, "handwash_5": null, "access_bat": null, "num_bathin": null, "sep_bathin": null, "prob_bathi": null, "signs_prom": null, "hygiene_pr": "yes", "when_hygie": "over 1 3 months", "kind_hygie": null, "notable_be": "yes", "behavior_c": "increased washing pracises improved h andwashing techniques proper use toilet reducing open defecation maintenance facilities cleanliness consumption drinking water reduced incidence diseases better menstrual mangmt practices", "effect_dry": "water shortage lack water", "effect_rai": "flooding stagnant water toilet Infrastructure damage", "wash_needs": "sanitation facilities menstrual management access to clean wataer", "actions_im": "assist building renovating advocacy awareness community led sanitation providing hygiene materials being part projects", "menstrual_": "mhm education girls mhm education girls andboys", "menstrua_1": "no", "type_dispo": "disposal bags", "adequate_m": "No", "when_waste": "weekly", "challeng_2": "inadequate bins too expensive", "other_chal": null, "staff_inch": "yes", "waste_prot": "yes", "facility_w": "no", "correct_wa": null, "how_waste_": null, "other_how_": null, "waste_segr": null, "other_wast": null, "staff_in_1": "cleaning department", "other_staf": null, "team_waste": "13", "protecti_1": "yes", "team_tra_1": "Yes", "traces_ani": "never visible", "waste_disp": "openly dumped premises collected by municipal", "infectious": "disposal off site", "other_infe": null, "sharpswast": "disposal off site", "other_shar": null, "duration_2": "after two-three days", "reason_nt_": null, "protocol_a": "waste nt stored premises appropriate st andards inplace collected offsite staff trained", "enumerator": "No comments", "uuid": "cc7cb8d4-6a48-4822-bf9d-6b652e5c2901", "longitude": "39.6568917", "latitude": "-0.4429557", "sub_county": "Garissa Sub County", "wash_nee_1": "1", "wash_nee_2": "1", "wash_nee_3": "0", "wash_nee_4": "0", "wash_nee_5": "0", "wash_nee_6": "1", "wash_nee_7": "0", "wash_nee_8": "0", "Population": "33.0", "male_toile": "25", "female_toi": "40", "Total_male": "1.0", "Total_fema": "1.0", "host_or_re": "host", "ward": "waberi", "area": "urban", "name_healt": "Garissa Teacher Training College Dispensary", "Total_pa_3": "63.0", "cause_lack": null, "Total_pa_4": "0.0", "reason_pto": null, "Total_st_1": "0.0", "mixed_male": "1.0", "Total_mixe": "1.0", "ratio_mixe": "66.0", "mixed_to_1": "within facility building", "health_f_1": "door walls lock solid structure", "mixed_hcle": "2 4 days", "reason_hmi": "lack adequate water", "items_mixe": "water", "reason_war": null, "h_andwashi": "0.0", "h_andwas_1": null, "allowed__1": null, "water_av_2": null, "sanitize_2": null, "soap_ava_1": null, "water_co_1": null, "sanitize_3": null, "soap_con_1": null, "h_andwas_2": null, "h_andwas_3": null, "h_andwash_": null, "h_andwas_4": null, "h_andwas_5": null, "signs_pr_1": "yes", "layer": "Garissa Health Facilities", "path": "C:/Users/USER/OneDrive - ACTED/Desktop/Garissa County Capacity Building - REACH/Training Materials/Modules/Training Data/Garissa HF and Schools/Garissa HF and Schools/Garissa Health Facilities.geojson", "Risk_Level": "Low Risk", "Distance_to_Flood_km": "2.05", "Poverty_Rate": "0.48", "Food_Poverty_Rate": "0.35", "Avg_HH_Income": "5169", "Avg_HH_Expenditure": "6177", "HH_Cash_Gap": "-1008", "Post_Assistance_Income": "13927", "Post_Assistance_Expenditure": "11092", "Post_Assistance_Surplus": "2835", "Vulnerability_Index": "0.463", "Wasting_Rate": "0.1", "marker_emoji": "🏥", "Author": "Garissa GIS Directorate — James M. Mburu", "NN_Vulnerability_Score": "0.448", "NN_Risk_Class": "Medium", "tana_buffer_zone": false }, "geometry": { "type": "Point", "coordinates": [ 39.656891700000074, -0.44295569999997 ] } },
{ "type": "Feature", "properties": { "OBJECTID": "270", "county": "garissa", "camp": null, "camp_locat": null, "health_fac": null, "level_heal": "level 2", "type_healt": "out patient", "type_hea_1": null, "type_hea_2": null, "role_healt": "Head nurse", "other_role": null, "gender_res": "female", "duration_w": "Above5yrs", "male_staff": "1.0", "female_sta": "9.0", "total_num_": null, "avgnum_mal": "50", "avgnum_fem": "22", "total_nu_1": null, "total_pati": "74", "permission": "yes", "facility_d": "piped into school", "other_sour": null, "main_drink": "on premises", "facility_h": "tap st and", "other_so_1": null, "main_water": "on premises", "num_water_": "1.0", "availabili": "4 7 days", "condition_": "functional without damage", "other_cond": null, "what_damag": null, "cause_dama": null, "efforts_ma": null, "access_lim": "yes", "adaptated_": "clear path without obstructions adequate space", "accesibili": "yes", "adapted_to": "children friendly h andles lower taps", "water_avai": "yes", "days_water": "1 week", "other_days": null, "storage_wa": "yes", "total_stor": "10000.0", "duration_1": "more than one month", "health_pur": "no", "treatment_": null, "waterborne": "yes", "waterbor_1": "1150", "availabi_1": "water sources decreased", "challenges": "irregular water supply", "source_coo": null, "other_so_2": null, "satisfied_": null, "methods_sa": null, "challenge_": null, "main_type_": "pit latrine slab", "other_main": null, "patientsta": "yes", "type_patie": "pit latrine slab", "other_type": null, "patients_t": "no", "total_pa_1": null, "female_pat": null, "male_patie": null, "Total_pa_2": null, "ratio_pati": null, "shared_pat": null, "patient_to": "within facility building", "patients_c": "Daily", "patients_s": "door walls lock", "items_pati": "water", "type_staff": "pit latrine slab", "other_ty_1": null, "staff_toil": "no", "staff_to_1": null, "female_s_1": null, "male_sta_1": null, "Total_staf": "2", "ratio_staf": null, "shared_sta": "2.0", "staff_to_2": "within facility building", "staff_hsan": "door walls lock", "staff_hcle": "Daily", "reason_hst": null, "items_staf": "water", "mixed_toil": "no", "accessible": "no", "modication": null, "septic_tan": "no", "sludge_was": "treated on site", "challeng_1": "lack sanitation facilities not segregated personsdisability noaccess", "facility_a": "rely on communal", "sop_protoc": "yes", "cleaning_s": null, "cleaning_1": null, "reason_del": null, "cleaning_2": "Daily", "area_consu": null, "cleaning_3": "Daily", "rea_compou": null, "person_inc": "In charge", "other_pers": null, "sanitation": "13", "protective": "yes", "team_train": "Yes", "handwashin": null, "handwash_1": null, "allowed_ob": null, "water_av_1": null, "sanitizer_": null, "soap_avail": null, "water_conf": null, "sanitize_1": null, "soap_confi": null, "type_soap": "bar liquid soap", "other_ty_2": null, "soap_sourc": "ngo donation", "handwash_2": null, "other_hand": null, "handwash_3": null, "handwash_a": null, "handwash_4": null, "handwash_5": null, "access_bat": null, "num_bathin": null, "sep_bathin": null, "prob_bathi": null, "signs_prom": null, "hygiene_pr": "yes", "when_hygie": "last 30days", "kind_hygie": "visit from healthworker hygiene campaigns distribute WASH materials", "notable_be": "yes", "behavior_c": "increased washing pracises improved h andwashing techniques proper use toilet", "effect_dry": "water shortage", "effect_rai": "disrupted hygiene practices", "wash_needs": "h andwashing facilities infrastructure sanitation facilities", "actions_im": "form WASH committees community mobilization hygiene promotion campaigns", "menstrual_": "mhm materials", "menstrua_1": "no", "type_dispo": "incinerators", "adequate_m": "Yes in some bathrooms", "when_waste": "Daily", "challeng_2": "inadequate bins lack awareness", "other_chal": null, "staff_inch": "yes", "waste_prot": "yes", "facility_w": "yes segregation disposal", "correct_wa": null, "how_waste_": null, "other_how_": null, "waste_segr": null, "other_wast": null, "staff_in_1": "Facility incharge", "other_staf": null, "team_waste": "13", "protecti_1": "yes", "team_tra_1": "Yes", "traces_ani": "less 10times amonth", "waste_disp": "burned on premises", "infectious": "incinerated other", "other_infe": null, "sharpswast": "incinerated other", "other_shar": null, "duration_2": "biweekly", "reason_nt_": "lack adequate water", "protocol_a": "staff trained appropriate st andards inplace", "enumerator": "Facility having problem on rodent control,", "uuid": "ebc349d4-2486-44b6-981e-8e7da2c41539", "longitude": "39.6589111", "latitude": "-0.4421697", "sub_county": "Garissa Sub County", "wash_nee_1": "0", "wash_nee_2": "1", "wash_nee_3": "0", "wash_nee_4": "0", "wash_nee_5": "1", "wash_nee_6": "0", "wash_nee_7": "0", "wash_nee_8": "1", "Population": "37.0", "male_toile": "0", "female_toi": "0", "Total_male": "0.0", "Total_fema": "0.0", "host_or_re": "host", "ward": "waberi", "area": "urban", "name_healt": "Al-Faruq Dispensary", "Total_pa_3": "72.0", "cause_lack": "lack sufficient water", "Total_pa_4": "0.0", "reason_pto": null, "Total_st_1": "0.0", "mixed_male": null, "Total_mixe": "0.0", "ratio_mixe": null, "mixed_to_1": null, "health_f_1": null, "mixed_hcle": null, "reason_hmi": null, "items_mixe": null, "reason_war": null, "h_andwashi": "1.0", "h_andwas_1": "at gate", "allowed__1": "allowed to see", "water_av_2": "water available", "sanitize_2": "sanitizer available", "soap_ava_1": "soap available", "water_co_1": null, "sanitize_3": null, "soap_con_1": null, "h_andwas_2": "at the gate", "h_andwas_3": "yes", "h_andwash_": "wide area", "h_andwas_4": "yes", "h_andwas_5": "children friendly h andles", "signs_pr_1": "yes", "layer": "Garissa Health Facilities", "path": "C:/Users/USER/OneDrive - ACTED/Desktop/Garissa County Capacity Building - REACH/Training Materials/Modules/Training Data/Garissa HF and Schools/Garissa HF and Schools/Garissa Health Facilities.geojson", "Risk_Level": "Low Risk", "Distance_to_Flood_km": "2.28", "Poverty_Rate": "0.48", "Food_Poverty_Rate": "0.35", "Avg_HH_Income": "5169", "Avg_HH_Expenditure": "6177", "HH_Cash_Gap": "-1008", "Post_Assistance_Income": "13927", "Post_Assistance_Expenditure": "11092", "Post_Assistance_Surplus": "2835", "Vulnerability_Index": "0.458", "Wasting_Rate": "0.1", "marker_emoji": "🏥", "Author": "Garissa GIS Directorate — James M. Mburu", "NN_Vulnerability_Score": "0.439", "NN_Risk_Class": "Medium", "tana_buffer_zone": false }, "geometry": { "type": "Point", "coordinates": [ 39.658911100000068, -0.442169699999965 ] } },
{ "type": "Feature", "properties": { "OBJECTID": "264", "county": "garissa", "camp": null, "camp_locat": null, "health_fac": null, "level_heal": "level 2", "type_healt": "out patient", "type_hea_1": null, "type_hea_2": null, "role_healt": "Head nurse", "other_role": null, "gender_res": "female", "duration_w": "1 2yrs", "male_staff": "4.0", "female_sta": "9.0", "total_num_": null, "avgnum_mal": "20", "avgnum_fem": "35", "total_nu_1": null, "total_pati": "60", "permission": "no", "facility_d": "piped into school", "other_sour": null, "main_drink": "on premises", "facility_h": "piped into school", "other_so_1": null, "main_water": "on premises", "num_water_": null, "availabili": null, "condition_": null, "other_cond": null, "what_damag": null, "cause_dama": null, "efforts_ma": null, "access_lim": "yes", "adaptated_": "adequate space", "accesibili": "yes", "adapted_to": "lower taps", "water_avai": "yes", "days_water": "1 week", "other_days": null, "storage_wa": "no", "total_stor": null, "duration_1": null, "health_pur": "no", "treatment_": null, "waterborne": "yes", "waterbor_1": "51100", "availabi_1": "water sources decreased", "challenges": "irregular water supply lack proper storage insufficient waterpoints disabled unable accesswaterpoints", "source_coo": null, "other_so_2": null, "satisfied_": null, "methods_sa": null, "challenge_": null, "main_type_": "flush pit", "other_main": null, "patientsta": "no", "type_patie": null, "other_type": null, "patients_t": null, "total_pa_1": null, "female_pat": null, "male_patie": null, "Total_pa_2": null, "ratio_pati": null, "shared_pat": null, "patient_to": null, "patients_c": null, "patients_s": null, "items_pati": null, "type_staff": null, "other_ty_1": null, "staff_toil": null, "staff_to_1": null, "female_s_1": null, "male_sta_1": null, "Total_staf": "5", "ratio_staf": null, "shared_sta": null, "staff_to_2": null, "staff_hsan": null, "staff_hcle": null, "reason_hst": null, "items_staf": null, "mixed_toil": "no", "accessible": "no", "modication": null, "septic_tan": "no", "sludge_was": "manually by vacuumtank", "challeng_1": "some groups no access personsdisability noaccess community frmout using lack sanitation", "facility_a": "rely on communal", "sop_protoc": "yes", "cleaning_s": null, "cleaning_1": null, "reason_del": null, "cleaning_2": "Daily", "area_consu": null, "cleaning_3": "Daily", "rea_compou": null, "person_inc": "Public health officer", "other_pers": null, "sanitation": "13", "protective": "yes", "team_train": "No", "handwashin": null, "handwash_1": null, "allowed_ob": null, "water_av_1": null, "sanitizer_": null, "soap_avail": null, "water_conf": null, "sanitize_1": null, "soap_confi": null, "type_soap": null, "other_ty_2": null, "soap_sourc": null, "handwash_2": null, "other_hand": null, "handwash_3": null, "handwash_a": null, "handwash_4": null, "handwash_5": null, "access_bat": null, "num_bathin": null, "sep_bathin": null, "prob_bathi": null, "signs_prom": null, "hygiene_pr": "yes", "when_hygie": "last 30days", "kind_hygie": "visit from healthworker", "notable_be": "yes", "behavior_c": "improved h andwashing techniques increased washing pracises", "effect_dry": "water shortage increased cost", "effect_rai": "flooding stagnant water", "wash_needs": "h andwashing facilities accessibility inclusivity sanitation facilities", "actions_im": "hygiene promotion campaigns community mobilization", "menstrual_": "mhm materials", "menstrua_1": "no", "type_dispo": "compost pits", "adequate_m": "Yes in some bathrooms", "when_waste": "weekly", "challeng_2": "inadequate bins", "other_chal": null, "staff_inch": "no", "waste_prot": "yes", "facility_w": "yes only disposal", "correct_wa": null, "how_waste_": null, "other_how_": null, "waste_segr": null, "other_wast": null, "staff_in_1": "Public health officer", "other_staf": null, "team_waste": "13", "protecti_1": "yes", "team_tra_1": "Yes", "traces_ani": "never visible", "waste_disp": "burned on premises", "infectious": "dumping without treatment", "other_infe": null, "sharpswast": "dumping without treatment", "other_shar": null, "duration_2": "weekly 5facility day", "reason_nt_": null, "protocol_a": "waste nt stored premises", "enumerator": "The dispensery doesn't have h and washing facilities, storage facilities  and adequate toilets.", "uuid": "bb09d00e-4cbc-4c6e-9e73-abdcf7efe63f", "longitude": "39.6452866", "latitude": "-0.4406639", "sub_county": "Garissa Sub County", "wash_nee_1": "0", "wash_nee_2": "1", "wash_nee_3": "0", "wash_nee_4": "0", "wash_nee_5": "1", "wash_nee_6": "0", "wash_nee_7": "1", "wash_nee_8": "0", "Population": "30.0", "male_toile": "24", "female_toi": "44", "Total_male": "1.0", "Total_fema": "1.0", "host_or_re": "host", "ward": "galbet", "area": "urban", "name_healt": "Utawala Dispensery", "Total_pa_3": "55.0", "cause_lack": "lack sufficient water lack adquate storage", "Total_pa_4": "0.0", "reason_pto": null, "Total_st_1": "0.0", "mixed_male": "1.0", "Total_mixe": "1.0", "ratio_mixe": "60.0", "mixed_to_1": "within facility building", "health_f_1": "door walls lock", "mixed_hcle": "Daily", "reason_hmi": null, "items_mixe": "water", "reason_war": null, "h_andwashi": "0.0", "h_andwas_1": null, "allowed__1": null, "water_av_2": null, "sanitize_2": null, "soap_ava_1": null, "water_co_1": null, "sanitize_3": null, "soap_con_1": null, "h_andwas_2": null, "h_andwas_3": null, "h_andwash_": null, "h_andwas_4": null, "h_andwas_5": null, "signs_pr_1": "yes", "layer": "Garissa Health Facilities", "path": "C:/Users/USER/OneDrive - ACTED/Desktop/Garissa County Capacity Building - REACH/Training Materials/Modules/Training Data/Garissa HF and Schools/Garissa HF and Schools/Garissa Health Facilities.geojson", "Risk_Level": "Medium Risk", "Distance_to_Flood_km": "0.81", "Poverty_Rate": "0.48", "Food_Poverty_Rate": "0.35", "Avg_HH_Income": "5169", "Avg_HH_Expenditure": "6177", "HH_Cash_Gap": "-1008", "Post_Assistance_Income": "13927", "Post_Assistance_Expenditure": "11092", "Post_Assistance_Surplus": "2835", "Vulnerability_Index": "0.548", "Wasting_Rate": "0.1", "marker_emoji": "🏥", "Author": "Garissa GIS Directorate — James M. Mburu", "NN_Vulnerability_Score": "0.473", "NN_Risk_Class": "Medium", "tana_buffer_zone": false }, "geometry": { "type": "Point", "coordinates": [ 39.645286600000077, -0.440663899999947 ] } },
{ "type": "Feature", "properties": { "OBJECTID": "256", "county": "garissa", "camp": null, "camp_locat": null, "health_fac": null, "level_heal": "level 3", "type_healt": "out patient", "type_hea_1": null, "type_hea_2": null, "role_healt": "Head nurse", "other_role": null, "gender_res": "female", "duration_w": "Above5yrs", "male_staff": "9.0", "female_sta": "20.0", "total_num_": null, "avgnum_mal": "40", "avgnum_fem": "50", "total_nu_1": null, "total_pati": "100", "permission": "yes", "facility_d": "piped into school", "other_sour": null, "main_drink": "on premises", "facility_h": "piped into school", "other_so_1": null, "main_water": "on premises", "num_water_": null, "availabili": null, "condition_": null, "other_cond": null, "what_damag": null, "cause_dama": null, "efforts_ma": null, "access_lim": "yes", "adaptated_": "tap can be reached adequate space clear path without obstructions", "accesibili": "yes", "adapted_to": "lower taps", "water_avai": "yes", "days_water": "Daily", "other_days": null, "storage_wa": "yes", "total_stor": "13000.0", "duration_1": "2 4weeks", "health_pur": "no", "treatment_": null, "waterborne": "yes", "waterbor_1": "51100", "availabi_1": "water sources decreased flooding issues patients covermore distance", "challenges": "irregular water supply lack proper storage", "source_coo": "piped into facility", "other_so_2": null, "satisfied_": "no", "methods_sa": "chlorination", "challenge_": "irregular water supply lack water treatment", "main_type_": "pit latrine slab", "other_main": null, "patientsta": "yes", "type_patie": "pit latrine slab", "other_type": null, "patients_t": "yes", "total_pa_1": null, "female_pat": "2.0", "male_patie": "2.0", "Total_pa_2": null, "ratio_pati": "22.5", "shared_pat": "0.0", "patient_to": "outside school building", "patients_c": "2 4 days", "patients_s": "door walls lock proper drainage segregated toilets", "items_pati": "water", "type_staff": "pit latrine slab", "other_ty_1": null, "staff_toil": "yes", "staff_to_1": null, "female_s_1": "1.0", "male_sta_1": "1.0", "Total_staf": "10", "ratio_staf": "5.0", "shared_sta": "0.0", "staff_to_2": "outside school building", "staff_hsan": "door walls lock segregated toilets proper drainage", "staff_hcle": "2 4 days", "reason_hst": "lack appropriate materials", "items_staf": "water", "mixed_toil": "no", "accessible": "no", "modication": null, "septic_tan": "no", "sludge_was": "dig another latrine", "challeng_1": "facilities crowded facilities are unclean", "facility_a": "rely on less preferred facilities further thanusual", "sop_protoc": "no", "cleaning_s": "Daily", "cleaning_1": "Daily", "reason_del": null, "cleaning_2": "2 4 days", "area_consu": null, "cleaning_3": "2 4 days", "rea_compou": null, "person_inc": "Public health officer", "other_pers": null, "sanitation": "13", "protective": "yes", "team_train": "No", "handwashin": null, "handwash_1": null, "allowed_ob": null, "water_av_1": null, "sanitizer_": null, "soap_avail": null, "water_conf": null, "sanitize_1": null, "soap_confi": null, "type_soap": "bar liquid soap", "other_ty_2": null, "soap_sourc": "ngo donation", "handwash_2": null, "other_hand": null, "handwash_3": null, "handwash_a": null, "handwash_4": null, "handwash_5": null, "access_bat": null, "num_bathin": null, "sep_bathin": null, "prob_bathi": null, "signs_prom": null, "hygiene_pr": "yes", "when_hygie": "last 30days", "kind_hygie": "visit from healthworker", "notable_be": "yes", "behavior_c": "maintenance facilities cleanliness consumption drinking water proper use toilet improved h andwashing techniques", "effect_dry": "water shortage increased patients", "effect_rai": "increased water supply affected sanitation facilities", "wash_needs": "sanitation facilities hygiene promotion h andwashing facilities", "actions_im": "assist building renovating", "menstrual_": "mhm education girls", "menstrua_1": "yes free", "type_dispo": "sanitary bins", "adequate_m": "No", "when_waste": "weekly", "challeng_2": "lack awareness inadequate bins", "other_chal": null, "staff_inch": "no", "waste_prot": "no", "facility_w": "yes only disposal", "correct_wa": null, "how_waste_": null, "other_how_": null, "waste_segr": null, "other_wast": null, "staff_in_1": "Head nurse", "other_staf": null, "team_waste": "13", "protecti_1": "no", "team_tra_1": "No", "traces_ani": "never visible", "waste_disp": "burned on premises buried  and premises", "infectious": "burning protectedpit", "other_infe": null, "sharpswast": "burning protectedpit", "other_shar": null, "duration_2": "after two-three days", "reason_nt_": null, "protocol_a": "waste nt stored premises appropriate st andards inplace", "enumerator": null, "uuid": "3e228a84-2fa9-48ad-a324-108e85e1ea68", "longitude": "39.6507975", "latitude": "-0.4237831", "sub_county": "Garissa Sub County", "wash_nee_1": "0", "wash_nee_2": "1", "wash_nee_3": "1", "wash_nee_4": "0", "wash_nee_5": "1", "wash_nee_6": "0", "wash_nee_7": "0", "wash_nee_8": "0", "Population": "17.0", "male_toile": "16", "female_toi": "23", "Total_male": "3.0", "Total_fema": "3.0", "host_or_re": "host", "ward": "galbet", "area": "urban", "name_healt": "Medina Health Centre", "Total_pa_3": "90.0", "cause_lack": null, "Total_pa_4": "4.0", "reason_pto": "lack adequate water lack protective clothe", "Total_st_1": "2.0", "mixed_male": null, "Total_mixe": "0.0", "ratio_mixe": null, "mixed_to_1": null, "health_f_1": null, "mixed_hcle": null, "reason_hmi": null, "items_mixe": null, "reason_war": null, "h_andwashi": "25.0", "h_andwas_1": "consultation areas at waste disposal", "allowed__1": "allowed to see", "water_av_2": "water available", "sanitize_2": "sanitizer not available", "soap_ava_1": "soap available", "water_co_1": null, "sanitize_3": null, "soap_con_1": null, "h_andwas_2": "consultation room toilets more5 metres", "h_andwas_3": "no", "h_andwash_": null, "h_andwas_4": "no", "h_andwas_5": null, "signs_pr_1": "no", "layer": "Garissa Health Facilities", "path": "C:/Users/USER/OneDrive - ACTED/Desktop/Garissa County Capacity Building - REACH/Training Materials/Modules/Training Data/Garissa HF and Schools/Garissa HF and Schools/Garissa Health Facilities.geojson", "Risk_Level": "Low Risk", "Distance_to_Flood_km": "1.92", "Poverty_Rate": "0.48", "Food_Poverty_Rate": "0.35", "Avg_HH_Income": "5169", "Avg_HH_Expenditure": "6177", "HH_Cash_Gap": "-1008", "Post_Assistance_Income": "13927", "Post_Assistance_Expenditure": "11092", "Post_Assistance_Surplus": "2835", "Vulnerability_Index": "0.466", "Wasting_Rate": "0.1", "marker_emoji": "🏥", "Author": "Garissa GIS Directorate — James M. Mburu", "NN_Vulnerability_Score": "0.454", "NN_Risk_Class": "Medium", "tana_buffer_zone": false }, "geometry": { "type": "Point", "coordinates": [ 39.650797500000067, -0.42378309999998 ] } },
{ "type": "Feature", "properties": { "OBJECTID": "228", "county": "garissa", "camp": null, "camp_locat": null, "health_fac": null, "level_heal": "level 2", "type_healt": "in patient", "type_hea_1": null, "type_hea_2": null, "role_healt": "Head nurse", "other_role": null, "gender_res": "male", "duration_w": "Above5yrs", "male_staff": "2.0", "female_sta": "0.0", "total_num_": null, "avgnum_mal": "12", "avgnum_fem": "18", "total_nu_1": null, "total_pati": "33", "permission": "yes", "facility_d": "piped into school", "other_sour": null, "main_drink": "on premises", "facility_h": "piped into school", "other_so_1": null, "main_water": "on premises", "num_water_": null, "availabili": null, "condition_": null, "other_cond": null, "what_damag": null, "cause_dama": null, "efforts_ma": null, "access_lim": "yes", "adaptated_": "tap can be reached", "accesibili": "no", "adapted_to": null, "water_avai": "yes", "days_water": "3 weeks", "other_days": null, "storage_wa": "yes", "total_stor": "10000.0", "duration_1": "2 4weeks", "health_pur": "yes", "treatment_": "chlorination", "waterborne": "no", "waterbor_1": null, "availabi_1": "water sources decreased", "challenges": "children no access", "source_coo": "piped into facility", "other_so_2": null, "satisfied_": "yes", "methods_sa": null, "challenge_": "lack storage facility", "main_type_": "pit latrine slab", "other_main": null, "patientsta": "no", "type_patie": null, "other_type": null, "patients_t": null, "total_pa_1": null, "female_pat": null, "male_patie": null, "Total_pa_2": null, "ratio_pati": null, "shared_pat": null, "patient_to": null, "patients_c": null, "patients_s": null, "items_pati": null, "type_staff": null, "other_ty_1": null, "staff_toil": null, "staff_to_1": null, "female_s_1": null, "male_sta_1": null, "Total_staf": "3", "ratio_staf": null, "shared_sta": null, "staff_to_2": null, "staff_hsan": null, "staff_hcle": null, "reason_hst": null, "items_staf": null, "mixed_toil": "no", "accessible": "no", "modication": null, "septic_tan": "no", "sludge_was": "dig another latrine", "challeng_1": "facilities crowded", "facility_a": "rely on less preferred", "sop_protoc": "yes", "cleaning_s": "Daily", "cleaning_1": "Daily", "reason_del": null, "cleaning_2": "Daily", "area_consu": null, "cleaning_3": "Daily", "rea_compou": null, "person_inc": "hospital admin", "other_pers": null, "sanitation": "0", "protective": "no", "team_train": "No", "handwashin": null, "handwash_1": null, "allowed_ob": null, "water_av_1": null, "sanitizer_": null, "soap_avail": null, "water_conf": null, "sanitize_1": null, "soap_confi": null, "type_soap": null, "other_ty_2": null, "soap_sourc": null, "handwash_2": null, "other_hand": null, "handwash_3": null, "handwash_a": null, "handwash_4": null, "handwash_5": null, "access_bat": "no", "num_bathin": null, "sep_bathin": "no", "prob_bathi": "lack bathing facilities facilities not functioning", "signs_prom": null, "hygiene_pr": "yes", "when_hygie": "last 30days", "kind_hygie": "wash workshop hygiene campaigns visit from healthworker", "notable_be": "yes", "behavior_c": "proper use toilet improved h andwashing techniques increased washing pracises proper disposal hygiene products maintenance facilities cleanliness", "effect_dry": "water shortage infrastructure damage", "effect_rai": "toilet Infrastructure damage", "wash_needs": "sanitation facilities waste management h andwashing facilities", "actions_im": "providing hygiene materials hygiene promotion campaigns community mobilization form WASH committees training staff", "menstrual_": "none above", "menstrua_1": "no", "type_dispo": "compost pits", "adequate_m": "No", "when_waste": "Daily", "challeng_2": "inadequate bins site disposal far", "other_chal": null, "staff_inch": "no", "waste_prot": "no", "facility_w": "no", "correct_wa": null, "how_waste_": null, "other_how_": null, "waste_segr": null, "other_wast": null, "staff_in_1": "none", "other_staf": null, "team_waste": "0", "protecti_1": "no", "team_tra_1": "No", "traces_ani": "never visible", "waste_disp": "buried away premises", "infectious": "burning protectedpit", "other_infe": null, "sharpswast": "burning protectedpit", "other_shar": null, "duration_2": "everyday", "reason_nt_": null, "protocol_a": "waste nt stored premises", "enumerator": null, "uuid": "2dc34f15-96d0-42bf-bc03-d99972ead139", "longitude": "39.1390072", "latitude": "-0.0618756", "sub_county": "Balambala Sub County", "wash_nee_1": "0", "wash_nee_2": "1", "wash_nee_3": "0", "wash_nee_4": "1", "wash_nee_5": "1", "wash_nee_6": "0", "wash_nee_7": "0", "wash_nee_8": "0", "Population": "33.0", "male_toile": "14", "female_toi": "0", "Total_male": "1.0", "Total_fema": "0.0", "host_or_re": "host", "ward": "saka", "area": "rural", "name_healt": "Kasha Dispensary", "Total_pa_3": "30.0", "cause_lack": null, "Total_pa_4": "0.0", "reason_pto": null, "Total_st_1": "0.0", "mixed_male": "1.0", "Total_mixe": "1.0", "ratio_mixe": "33.0", "mixed_to_1": "off premises", "health_f_1": "door walls", "mixed_hcle": "Daily", "reason_hmi": null, "items_mixe": "water", "reason_war": null, "h_andwashi": "0.0", "h_andwas_1": null, "allowed__1": null, "water_av_2": null, "sanitize_2": null, "soap_ava_1": null, "water_co_1": null, "sanitize_3": null, "soap_con_1": null, "h_andwas_2": null, "h_andwas_3": null, "h_andwash_": null, "h_andwas_4": null, "h_andwas_5": null, "signs_pr_1": "yes", "layer": "Garissa Health Facilities", "path": "C:/Users/USER/OneDrive - ACTED/Desktop/Garissa County Capacity Building - REACH/Training Materials/Modules/Training Data/Garissa HF and Schools/Garissa HF and Schools/Garissa Health Facilities.geojson", "Risk_Level": "Safe", "Distance_to_Flood_km": "29.74", "Poverty_Rate": "0.82", "Food_Poverty_Rate": "0.62", "Avg_HH_Income": "5169", "Avg_HH_Expenditure": "6177", "HH_Cash_Gap": "-1008", "Post_Assistance_Income": "13927", "Post_Assistance_Expenditure": "11092", "Post_Assistance_Surplus": "2835", "Vulnerability_Index": "0.37", "Wasting_Rate": "0.15", "marker_emoji": "🏥", "Author": "Garissa GIS Directorate — James M. Mburu", "NN_Vulnerability_Score": "0.15", "NN_Risk_Class": "Low", "tana_buffer_zone": false }, "geometry": { "type": "Point", "coordinates": [ 39.139007200000037, -0.061875599999951 ] } },
{ "type": "Feature", "properties": { "OBJECTID": "278", "county": "garissa", "camp": null, "camp_locat": null, "health_fac": null, "level_heal": "level 2", "type_healt": "out patient", "type_hea_1": null, "type_hea_2": null, "role_healt": "Nurse", "other_role": null, "gender_res": "male", "duration_w": "1 2yrs", "male_staff": "4.0", "female_sta": "0.0", "total_num_": null, "avgnum_mal": "20", "avgnum_fem": "30", "total_nu_1": null, "total_pati": "55", "permission": "yes", "facility_d": "no water source", "other_sour": null, "main_drink": null, "facility_h": "no water source", "other_so_1": null, "main_water": null, "num_water_": null, "availabili": null, "condition_": null, "other_cond": null, "what_damag": null, "cause_dama": null, "efforts_ma": null, "access_lim": "no", "adaptated_": null, "accesibili": "no", "adapted_to": null, "water_avai": "no", "days_water": null, "other_days": null, "storage_wa": "no", "total_stor": null, "duration_1": null, "health_pur": "no", "treatment_": null, "waterborne": "no", "waterbor_1": null, "availabi_1": "bring water fromhome", "challenges": "disabled unable accesswaterpoints", "source_coo": null, "other_so_2": null, "satisfied_": null, "methods_sa": null, "challenge_": null, "main_type_": "pit latrine without slab", "other_main": null, "patientsta": "no", "type_patie": null, "other_type": null, "patients_t": null, "total_pa_1": null, "female_pat": null, "male_patie": null, "Total_pa_2": null, "ratio_pati": null, "shared_pat": null, "patient_to": null, "patients_c": null, "patients_s": null, "items_pati": null, "type_staff": null, "other_ty_1": null, "staff_toil": null, "staff_to_1": null, "female_s_1": null, "male_sta_1": null, "Total_staf": "5", "ratio_staf": null, "shared_sta": null, "staff_to_2": null, "staff_hsan": null, "staff_hcle": null, "reason_hst": null, "items_staf": null, "mixed_toil": "no", "accessible": "no", "modication": null, "septic_tan": "no", "sludge_was": "dig another latrine", "challeng_1": "facilities difficult toreach", "facility_a": "rely on communal", "sop_protoc": "no", "cleaning_s": null, "cleaning_1": null, "reason_del": null, "cleaning_2": "Daily", "area_consu": null, "cleaning_3": "2 4 days", "rea_compou": null, "person_inc": "cleaning department", "other_pers": null, "sanitation": "0", "protective": "no", "team_train": "No", "handwashin": null, "handwash_1": null, "allowed_ob": null, "water_av_1": null, "sanitizer_": null, "soap_avail": null, "water_conf": null, "sanitize_1": null, "soap_confi": null, "type_soap": null, "other_ty_2": null, "soap_sourc": null, "handwash_2": null, "other_hand": null, "handwash_3": null, "handwash_a": null, "handwash_4": null, "handwash_5": null, "access_bat": null, "num_bathin": null, "sep_bathin": null, "prob_bathi": null, "signs_prom": null, "hygiene_pr": "yes", "when_hygie": "over 1 3 months", "kind_hygie": null, "notable_be": "yes", "behavior_c": "consumption drinking water better menstrual mangmt practices", "effect_dry": "lack water infrastructure damage", "effect_rai": "water Infrastructure damage", "wash_needs": "h andwashing facilities access to clean wataer infrastructure", "actions_im": "training staff assist building renovating", "menstrual_": "none above", "menstrua_1": "no", "type_dispo": "compost pits", "adequate_m": "No", "when_waste": "monthly", "challeng_2": "inadequate bins", "other_chal": null, "staff_inch": "no", "waste_prot": "no", "facility_w": "yes only disposal", "correct_wa": null, "how_waste_": null, "other_how_": null, "waste_segr": null, "other_wast": null, "staff_in_1": "cleaning department", "other_staf": null, "team_waste": "0", "protecti_1": "no", "team_tra_1": "No", "traces_ani": "never visible", "waste_disp": "burned on premises", "infectious": "burning protectedpit", "other_infe": null, "sharpswast": "burning protectedpit", "other_shar": null, "duration_2": "everyday", "reason_nt_": null, "protocol_a": "waste nt stored premises", "enumerator": null, "uuid": "43679853-9e11-46ef-b3c7-07296ab17a4c", "longitude": "40.5832233", "latitude": "-0.1776095", "sub_county": "Dadaab Sub County", "wash_nee_1": "1", "wash_nee_2": "0", "wash_nee_3": "0", "wash_nee_4": "0", "wash_nee_5": "1", "wash_nee_6": "0", "wash_nee_7": "0", "wash_nee_8": "1", "Population": "28.0", "male_toile": "24", "female_toi": "30", "Total_male": "1.0", "Total_fema": "1.0", "host_or_re": "host", "ward": "jarajila", "area": "rural", "name_healt": "Welmerer Dispensary", "Total_pa_3": "50.0", "cause_lack": null, "Total_pa_4": "0.0", "reason_pto": null, "Total_st_1": "0.0", "mixed_male": "1.0", "Total_mixe": "1.0", "ratio_mixe": "55.0", "mixed_to_1": "within facility building", "health_f_1": "door walls lock solid structure", "mixed_hcle": "2 4 days", "reason_hmi": "lack adequate water", "items_mixe": "water", "reason_war": null, "h_andwashi": "0.0", "h_andwas_1": null, "allowed__1": null, "water_av_2": null, "sanitize_2": null, "soap_ava_1": null, "water_co_1": null, "sanitize_3": null, "soap_con_1": null, "h_andwas_2": null, "h_andwas_3": null, "h_andwash_": null, "h_andwas_4": null, "h_andwas_5": null, "signs_pr_1": "no", "layer": "Garissa Health Facilities", "path": "C:/Users/USER/OneDrive - ACTED/Desktop/Garissa County Capacity Building - REACH/Training Materials/Modules/Training Data/Garissa HF and Schools/Garissa HF and Schools/Garissa Health Facilities.geojson", "Risk_Level": "Safe", "Distance_to_Flood_km": "28.53", "Poverty_Rate": "0.78", "Food_Poverty_Rate": "0.58", "Avg_HH_Income": "5169", "Avg_HH_Expenditure": "6177", "HH_Cash_Gap": "-1008", "Post_Assistance_Income": "13927", "Post_Assistance_Expenditure": "11092", "Post_Assistance_Surplus": "2835", "Vulnerability_Index": "0.35", "Wasting_Rate": "0.17", "marker_emoji": "🏥", "Author": "Garissa GIS Directorate — James M. Mburu", "NN_Vulnerability_Score": "0.145", "NN_Risk_Class": "Low", "tana_buffer_zone": false }, "geometry": { "type": "Point", "coordinates": [ 40.583223300000043, -0.17760949999996 ] } },
{ "type": "Feature", "properties": { "OBJECTID": "219", "county": "garissa", "camp": null, "camp_locat": null, "health_fac": null, "level_heal": "level 2", "type_healt": "out patient", "type_hea_1": null, "type_hea_2": null, "role_healt": "Head nurse", "other_role": null, "gender_res": "male", "duration_w": "3 4yrs", "male_staff": "3.0", "female_sta": "0.0", "total_num_": null, "avgnum_mal": "36", "avgnum_fem": "30", "total_nu_1": null, "total_pati": "70", "permission": "no", "facility_d": "no water source", "other_sour": null, "main_drink": null, "facility_h": "no water source", "other_so_1": null, "main_water": null, "num_water_": null, "availabili": null, "condition_": null, "other_cond": null, "what_damag": null, "cause_dama": null, "efforts_ma": null, "access_lim": "no", "adaptated_": null, "accesibili": "no", "adapted_to": null, "water_avai": "no", "days_water": null, "other_days": null, "storage_wa": "no", "total_stor": null, "duration_1": null, "health_pur": "no", "treatment_": null, "waterborne": "no", "waterbor_1": null, "availabi_1": "no water facility", "challenges": "waterpoints too far disabled unable accesswaterpoints children no access waterpoints expensive insufficient access lack proper storage infrastructure damaged", "source_coo": null, "other_so_2": null, "satisfied_": null, "methods_sa": null, "challenge_": null, "main_type_": "pit latrine slab", "other_main": null, "patientsta": "no", "type_patie": null, "other_type": null, "patients_t": null, "total_pa_1": null, "female_pat": null, "male_patie": null, "Total_pa_2": null, "ratio_pati": null, "shared_pat": null, "patient_to": null, "patients_c": null, "patients_s": null, "items_pati": null, "type_staff": null, "other_ty_1": null, "staff_toil": null, "staff_to_1": null, "female_s_1": null, "male_sta_1": null, "Total_staf": "4", "ratio_staf": null, "shared_sta": null, "staff_to_2": null, "staff_hsan": null, "staff_hcle": null, "reason_hst": null, "items_staf": null, "mixed_toil": "yes", "accessible": "yes", "modication": "enough space wheelchair door wide forwheelchair door within reach seat within reach", "septic_tan": "yes", "sludge_was": "dig another latrine", "challeng_1": "lack sanitation facilities not segregated facilities crowded", "facility_a": "rely on less preferred", "sop_protoc": "yes", "cleaning_s": null, "cleaning_1": null, "reason_del": null, "cleaning_2": "Daily", "area_consu": null, "cleaning_3": "Daily", "rea_compou": null, "person_inc": "cleaning department", "other_pers": null, "sanitation": "13", "protective": "yes", "team_train": "Yes", "handwashin": null, "handwash_1": null, "allowed_ob": null, "water_av_1": null, "sanitizer_": null, "soap_avail": null, "water_conf": null, "sanitize_1": null, "soap_confi": null, "type_soap": null, "other_ty_2": null, "soap_sourc": null, "handwash_2": null, "other_hand": null, "handwash_3": null, "handwash_a": null, "handwash_4": null, "handwash_5": null, "access_bat": null, "num_bathin": null, "sep_bathin": null, "prob_bathi": null, "signs_prom": null, "hygiene_pr": "yes", "when_hygie": "over 1 3 months", "kind_hygie": null, "notable_be": "yes", "behavior_c": "reducing open defecation maintenance facilities cleanliness proper disposal hygiene products better menstrual mangmt practices reduced absenteeism", "effect_dry": "lack water health concerns increased cost water shortage", "effect_rai": "water Infrastructure damage bathroom Infrastructure damage cases waterborne affected", "wash_needs": "access to clean wataer hygiene promotion menstrual management", "actions_im": "assist building renovating providing hygiene materials being part projects hygiene promotion campaigns training staff", "menstrual_": "mhm education girls mhm education girls andboys", "menstrua_1": "no", "type_dispo": "compost pits", "adequate_m": "No", "when_waste": "weekly", "challeng_2": "inadequate bins too expensive", "other_chal": null, "staff_inch": "yes", "waste_prot": "yes", "facility_w": "no", "correct_wa": null, "how_waste_": null, "other_how_": null, "waste_segr": null, "other_wast": null, "staff_in_1": "cleaning department", "other_staf": null, "team_waste": "13", "protecti_1": "no", "team_tra_1": "Yes", "traces_ani": "never visible", "waste_disp": "burned on premises", "infectious": "disposal off site", "other_infe": null, "sharpswast": "disposal off site", "other_shar": null, "duration_2": "weekly 5facility day", "reason_nt_": null, "protocol_a": "waste nt stored premises appropriate st andards inplace treated disposed safely staff trained collected offsite", "enumerator": "No comments", "uuid": "284a4290-b0eb-4cf1-bf11-788020dd31ed", "longitude": "40.8979507", "latitude": "-0.1193018", "sub_county": "Dadaab Sub County", "wash_nee_1": "1", "wash_nee_2": "0", "wash_nee_3": "1", "wash_nee_4": "0", "wash_nee_5": "0", "wash_nee_6": "1", "wash_nee_7": "0", "wash_nee_8": "0", "Population": "18.0", "male_toile": "20", "female_toi": "15", "Total_male": "2.0", "Total_fema": "2.0", "host_or_re": "host", "ward": "damajale", "area": "rural", "name_healt": "Hamey Dispensary", "Total_pa_3": "66.0", "cause_lack": null, "Total_pa_4": "0.0", "reason_pto": null, "Total_st_1": "0.0", "mixed_male": "2.0", "Total_mixe": "2.0", "ratio_mixe": "35.0", "mixed_to_1": "within facility building", "health_f_1": "door walls lock solid structure proper drainage", "mixed_hcle": "2 4 days", "reason_hmi": "lack adequate water", "items_mixe": "water", "reason_war": null, "h_andwashi": "1.0", "h_andwas_1": "consultation areas", "allowed__1": "allowed to see", "water_av_2": "water available", "sanitize_2": "sanitizer available", "soap_ava_1": "soap not available", "water_co_1": null, "sanitize_3": null, "soap_con_1": null, "h_andwas_2": "consultation room", "h_andwas_3": "yes", "h_andwash_": "wide area low height taps", "h_andwas_4": "yes", "h_andwas_5": "accessible water containers", "signs_pr_1": "yes", "layer": "Garissa Health Facilities", "path": "C:/Users/USER/OneDrive - ACTED/Desktop/Garissa County Capacity Building - REACH/Training Materials/Modules/Training Data/Garissa HF and Schools/Garissa HF and Schools/Garissa Health Facilities.geojson", "Risk_Level": "Safe", "Distance_to_Flood_km": "31.68", "Poverty_Rate": "0.78", "Food_Poverty_Rate": "0.58", "Avg_HH_Income": "5169", "Avg_HH_Expenditure": "6177", "HH_Cash_Gap": "-1008", "Post_Assistance_Income": "13927", "Post_Assistance_Expenditure": "11092", "Post_Assistance_Surplus": "2835", "Vulnerability_Index": "0.35", "Wasting_Rate": "0.17", "marker_emoji": "🏥", "Author": "Garissa GIS Directorate — James M. Mburu", "NN_Vulnerability_Score": "0.145", "NN_Risk_Class": "Low", "tana_buffer_zone": false }, "geometry": { "type": "Point", "coordinates": [ 40.897950700000081, -0.11930179999996 ] } },
{ "type": "Feature", "properties": { "OBJECTID": "280", "county": "garissa", "camp": null, "camp_locat": null, "health_fac": null, "level_heal": "level 3", "type_healt": "out patient", "type_hea_1": null, "type_hea_2": null, "role_healt": "Nurse", "other_role": null, "gender_res": "male", "duration_w": "3 4yrs", "male_staff": "6.0", "female_sta": "4.0", "total_num_": null, "avgnum_mal": "10", "avgnum_fem": "25", "total_nu_1": null, "total_pati": "42", "permission": "yes", "facility_d": "h andpumps", "other_sour": null, "main_drink": "morethan 500m fromcompound", "facility_h": "h andpumps", "other_so_1": null, "main_water": "morethan 500m fromcompound", "num_water_": "2.0", "availabili": "daily", "condition_": null, "other_cond": null, "what_damag": null, "cause_dama": null, "efforts_ma": null, "access_lim": "yes", "adaptated_": "tap can be reached adequate space", "accesibili": "yes", "adapted_to": "lower taps", "water_avai": "yes", "days_water": "Daily", "other_days": null, "storage_wa": "yes", "total_stor": "10000.0", "duration_1": "more than one month", "health_pur": "yes", "treatment_": "chlorination", "waterborne": "yes", "waterbor_1": "110", "availabi_1": "no change", "challenges": "no challenge", "source_coo": "h andpumps", "other_so_2": null, "satisfied_": "yes", "methods_sa": null, "challenge_": "no challenge", "main_type_": "pit latrine slab", "other_main": null, "patientsta": "yes", "type_patie": "pit latrine slab", "other_type": null, "patients_t": "yes", "total_pa_1": null, "female_pat": "1.0", "male_patie": "1.0", "Total_pa_2": null, "ratio_pati": "17.5", "shared_pat": "0.0", "patient_to": "within facility building", "patients_c": "2 4 days", "patients_s": "door walls lock solid structure", "items_pati": "water", "type_staff": "pit latrine slab", "other_ty_1": null, "staff_toil": "yes", "staff_to_1": null, "female_s_1": "0.0", "male_sta_1": "2.0", "Total_staf": "7", "ratio_staf": "3.5", "shared_sta": "0.0", "staff_to_2": "within facility building", "staff_hsan": "door walls lock", "staff_hcle": "2 4 days", "reason_hst": "lack dedicated personnel", "items_staf": "water", "mixed_toil": "yes", "accessible": "no", "modication": null, "septic_tan": "no", "sludge_was": "treated on site", "challeng_1": "facilities crowded facilities difficult toreach", "facility_a": "rely on less preferred", "sop_protoc": "yes", "cleaning_s": "2 4 days", "cleaning_1": "Daily", "reason_del": null, "cleaning_2": "Daily", "area_consu": null, "cleaning_3": "Daily", "rea_compou": null, "person_inc": "Public health officer", "other_pers": null, "sanitation": "13", "protective": "no", "team_train": "No", "handwashin": null, "handwash_1": null, "allowed_ob": null, "water_av_1": null, "sanitizer_": null, "soap_avail": null, "water_conf": null, "sanitize_1": null, "soap_confi": null, "type_soap": null, "other_ty_2": null, "soap_sourc": null, "handwash_2": null, "other_hand": null, "handwash_3": null, "handwash_a": null, "handwash_4": null, "handwash_5": null, "access_bat": null, "num_bathin": null, "sep_bathin": null, "prob_bathi": null, "signs_prom": null, "hygiene_pr": "yes", "when_hygie": "last 30days", "kind_hygie": "hygiene campaigns", "notable_be": "no", "behavior_c": null, "effect_dry": "reduced patients", "effect_rai": "toilet Infrastructure damage", "wash_needs": "access to clean wataer h andwashing facilities infrastructure", "actions_im": "assist building renovating", "menstrual_": "none above", "menstrua_1": "yes free", "type_dispo": "compost pits", "adequate_m": "No", "when_waste": "monthly", "challeng_2": "inadequate bins", "other_chal": null, "staff_inch": "no", "waste_prot": "yes", "facility_w": "yes only disposal", "correct_wa": null, "how_waste_": null, "other_how_": null, "waste_segr": null, "other_wast": null, "staff_in_1": "cleaning department", "other_staf": null, "team_waste": "13", "protecti_1": "no", "team_tra_1": "No", "traces_ani": "never visible", "waste_disp": "burned on premises", "infectious": "burning protectedpit", "other_infe": null, "sharpswast": "burning protectedpit", "other_shar": null, "duration_2": "weekly 5facility day", "reason_nt_": null, "protocol_a": "collected offsite", "enumerator": null, "uuid": "e3cc4e13-6c13-405b-9a15-60c1292fab52", "longitude": "40.4571351", "latitude": "-0.0329469", "sub_county": "Fafi Sub County", "wash_nee_1": "1", "wash_nee_2": "0", "wash_nee_3": "0", "wash_nee_4": "0", "wash_nee_5": "1", "wash_nee_6": "0", "wash_nee_7": "0", "wash_nee_8": "1", "Population": "11.0", "male_toile": "5", "female_toi": "29", "Total_male": "3.0", "Total_fema": "1.0", "host_or_re": "host", "ward": "jarajila", "area": "rural", "name_healt": "Alijugur Disp", "Total_pa_3": "35.0", "cause_lack": null, "Total_pa_4": "2.0", "reason_pto": "lack adequate water lack dedicated personnel", "Total_st_1": "2.0", "mixed_male": null, "Total_mixe": "0.0", "ratio_mixe": null, "mixed_to_1": null, "health_f_1": null, "mixed_hcle": null, "reason_hmi": null, "items_mixe": null, "reason_war": null, "h_andwashi": "0.0", "h_andwas_1": null, "allowed__1": null, "water_av_2": null, "sanitize_2": null, "soap_ava_1": null, "water_co_1": null, "sanitize_3": null, "soap_con_1": null, "h_andwas_2": null, "h_andwas_3": null, "h_andwash_": null, "h_andwas_4": null, "h_andwas_5": null, "signs_pr_1": "no", "layer": "Garissa Health Facilities", "path": "C:/Users/USER/OneDrive - ACTED/Desktop/Garissa County Capacity Building - REACH/Training Materials/Modules/Training Data/Garissa HF and Schools/Garissa HF and Schools/Garissa Health Facilities.geojson", "Risk_Level": "Safe", "Distance_to_Flood_km": "11.3", "Poverty_Rate": "0.77", "Food_Poverty_Rate": "0.57", "Avg_HH_Income": "5169", "Avg_HH_Expenditure": "6177", "HH_Cash_Gap": "-1008", "Post_Assistance_Income": "13927", "Post_Assistance_Expenditure": "11092", "Post_Assistance_Surplus": "2835", "Vulnerability_Index": "0.345", "Wasting_Rate": "0.14", "marker_emoji": "🏥", "Author": "Garissa GIS Directorate — James M. Mburu", "NN_Vulnerability_Score": "0.234", "NN_Risk_Class": "Low", "tana_buffer_zone": false }, "geometry": { "type": "Point", "coordinates": [ 40.457135100000073, -0.032946899999956 ] } },
{ "type": "Feature", "properties": { "OBJECTID": "10", "county": "garissa", "camp": "Daadab", "camp_locat": "Hagadera", "health_fac": "Hagardera Health post2 L6", "level_heal": "level 2", "type_healt": "out patient", "type_hea_1": "0.0", "type_hea_2": "1.0", "role_healt": "clinical officer", "other_role": null, "gender_res": "male", "duration_w": "Above5yrs", "male_staff": "6.0", "female_sta": "7.0", "total_num_": "13.0", "avgnum_mal": "50", "avgnum_fem": "100", "total_nu_1": "150.0", "total_pati": "163", "permission": "yes", "facility_d": "tap stand", "other_sour": null, "main_drink": "approx 50m fromcompound", "facility_h": "tap stand", "other_so_1": null, "main_water": "approx 50m fromcompound", "num_water_": "10.0", "availabili": "daily", "condition_": "functional with minor damage", "other_cond": null, "what_damag": "taps leaking taps rusty", "cause_dama": "extreme sun insufficient maintenance", "efforts_ma": "no effort", "access_lim": "no", "adaptated_": null, "accesibili": "no", "adapted_to": null, "water_avai": "yes", "days_water": "Daily", "other_days": null, "storage_wa": "yes", "total_stor": "2500.0", "duration_1": "1 day", "health_pur": "no", "treatment_": null, "waterborne": "yes", "waterbor_1": "51100", "availabi_1": "water sources decreased water sources dried up", "challenges": "insufficient waterpoints lack proper storage", "source_coo": null, "other_so_2": null, "satisfied_": null, "methods_sa": null, "challenge_": null, "main_type_": "pit latrine slab", "other_main": null, "patientsta": "yes", "type_patie": "pit latrine slab", "other_type": null, "patients_t": "yes", "total_pa_1": null, "female_pat": "4.0", "male_patie": "4.0", "Total_pa_2": "8.0", "ratio_pati": "18.8", "shared_pat": "0.0", "patient_to": "within facility building", "patients_c": "Daily", "patients_s": "walls lock solid structure inside light outside light", "items_pati": "water", "type_staff": "pit latrine slab", "other_ty_1": null, "staff_toil": "yes", "staff_to_1": null, "female_s_1": "4.0", "male_sta_1": "4.0", "Total_staf": "8", "ratio_staf": "1.6", "shared_sta": "0.0", "staff_to_2": "within facility building", "staff_hsan": "walls lock solid structure inside light outside light", "staff_hcle": "Daily", "reason_hst": null, "items_staf": "water", "mixed_toil": "no", "accessible": "no", "modication": null, "septic_tan": "yes", "sludge_was": "dig another latrine", "challeng_1": "lack sanitation facilities too far personsdisability noaccess", "facility_a": "rely on communal rely on less preferred", "sop_protoc": "yes", "cleaning_s": null, "cleaning_1": null, "reason_del": null, "cleaning_2": "Daily", "area_consu": null, "cleaning_3": "Daily", "rea_compou": null, "person_inc": "cleaning department", "other_pers": null, "sanitation": "13", "protective": "yes", "team_train": "Yes", "handwashin": "25.0", "handwash_1": "dont know", "allowed_ob": "allowed to see", "water_av_1": "water not available", "sanitizer_": "sanitizer available", "soap_avail": "soap available", "water_conf": null, "sanitize_1": null, "soap_confi": null, "type_soap": "detergent", "other_ty_2": null, "soap_sourc": "ngo donation", "handwash_2": "food preparation area consultation room", "other_hand": null, "handwash_3": "no", "handwash_a": null, "handwash_4": "no", "handwash_5": null, "access_bat": null, "num_bathin": null, "sep_bathin": null, "prob_bathi": null, "signs_prom": "no", "hygiene_pr": "yes", "when_hygie": "over 3 6 months", "kind_hygie": null, "notable_be": "yes", "behavior_c": "improved handwashing techniques maintenance facilities cleanliness", "effect_dry": "water shortage increased patients", "effect_rai": "affected sanitation facilities cases waterborne affected", "wash_needs": "sanitation facilities hygiene promotion handwashing facilities", "actions_im": "hygiene promotion campaigns community mobilization", "menstrual_": "none above", "menstrua_1": "no", "type_dispo": "compost pits", "adequate_m": "No", "when_waste": "monthly", "challeng_2": "lack awareness inadequate bins", "other_chal": null, "staff_inch": "no", "waste_prot": "yes", "facility_w": "yes only disposal", "correct_wa": "no", "how_waste_": null, "other_how_": null, "waste_segr": null, "other_wast": null, "staff_in_1": "cleaning department", "other_staf": null, "team_waste": "13", "protecti_1": "yes", "team_tra_1": "Yes", "traces_ani": "never visible", "waste_disp": "burned on premises buried and premises", "infectious": "burning protectedpit", "other_infe": null, "sharpswast": "burning protectedpit", "other_shar": null, "duration_2": "after two-three days", "reason_nt_": null, "protocol_a": "energy incineration collected offsite built withstand shocks", "enumerator": "Lack staff and water is main problem we are facing", "uuid": "527d23f6-92ba-40ea-9a89-d9bf94f2dac2", "longitude": "40.3762227", "latitude": "-0.0082182", "sub_county": "Fafi Sub County", "wash_nee_1": "0", "wash_nee_2": "1", "wash_nee_3": "1", "wash_nee_4": "0", "wash_nee_5": "1", "wash_nee_6": "0", "wash_nee_7": "0", "wash_nee_8": "0", "Population": "10.0", "male_toile": "7", "female_toi": "13", "Total_male": "8.0", "Total_fema": "8.0", "host_or_re": null, "ward": null, "area": null, "name_healt": null, "Total_pa_3": null, "cause_lack": null, "Total_pa_4": null, "reason_pto": null, "Total_st_1": null, "mixed_male": null, "Total_mixe": null, "ratio_mixe": null, "mixed_to_1": null, "health_f_1": null, "mixed_hcle": null, "reason_hmi": null, "items_mixe": null, "reason_war": null, "h_andwashi": null, "h_andwas_1": null, "allowed__1": null, "water_av_2": null, "sanitize_2": null, "soap_ava_1": null, "water_co_1": null, "sanitize_3": null, "soap_con_1": null, "h_andwas_2": null, "h_andwas_3": null, "h_andwash_": null, "h_andwas_4": null, "h_andwas_5": null, "signs_pr_1": null, "layer": "Camp Health Facilities", "path": "C:/Users/USER/OneDrive - ACTED/Desktop/Garissa County Capacity Building - REACH/Training Materials/Modules/Training Data/Garissa HF and Schools/Garissa HF and Schools/Camp Health Facilities.geojson", "Risk_Level": "Low Risk", "Distance_to_Flood_km": "3.01", "Poverty_Rate": "0.77", "Food_Poverty_Rate": "0.57", "Avg_HH_Income": "5169", "Avg_HH_Expenditure": "6177", "HH_Cash_Gap": "-1008", "Post_Assistance_Income": "13927", "Post_Assistance_Expenditure": "11092", "Post_Assistance_Surplus": "2835", "Vulnerability_Index": "0.575", "Wasting_Rate": "0.14", "marker_emoji": "🏥", "Author": "Garissa GIS Directorate — James M. Mburu", "NN_Vulnerability_Score": "0.551", "NN_Risk_Class": "High", "tana_buffer_zone": false }, "geometry": { "type": "Point", "coordinates": [ 40.376222700000028, -0.008218199999931 ] } },
{ "type": "Feature", "properties": { "OBJECTID": "11", "county": "garissa", "camp": "Daadab", "camp_locat": "Hagadera", "health_fac": "Hagardera Health post2 E6", "level_heal": "level 2", "type_healt": "out patient", "type_hea_1": "0.0", "type_hea_2": "1.0", "role_healt": "clinical officer", "other_role": null, "gender_res": "male", "duration_w": "Above5yrs", "male_staff": "23.0", "female_sta": "9.0", "total_num_": "32.0", "avgnum_mal": "60", "avgnum_fem": "100", "total_nu_1": "160.0", "total_pati": "192", "permission": "yes", "facility_d": "tap stand", "other_sour": null, "main_drink": "approx 50m fromcompound", "facility_h": "tap stand", "other_so_1": null, "main_water": "approx 50m fromcompound", "num_water_": "8.0", "availabili": "daily", "condition_": "functional with minor damage", "other_cond": null, "what_damag": "taps leaking taps rusty", "cause_dama": "insufficient maintenance", "efforts_ma": "no effort", "access_lim": "no", "adaptated_": null, "accesibili": "no", "adapted_to": null, "water_avai": "yes", "days_water": "Daily", "other_days": null, "storage_wa": "yes", "total_stor": "10000.0", "duration_1": "2 7day", "health_pur": "no", "treatment_": null, "waterborne": "yes", "waterbor_1": "1150", "availabi_1": "water sources decreased water sources dried up", "challenges": "disabled unable accesswaterpoints waterpoints too far insufficient waterpoints", "source_coo": null, "other_so_2": null, "satisfied_": null, "methods_sa": null, "challenge_": null, "main_type_": "pit latrine slab", "other_main": null, "patientsta": "yes", "type_patie": "pit latrine slab", "other_type": null, "patients_t": "yes", "total_pa_1": null, "female_pat": "5.0", "male_patie": "2.0", "Total_pa_2": "7.0", "ratio_pati": "22.9", "shared_pat": "0.0", "patient_to": "within facility building", "patients_c": "Daily", "patients_s": "door walls lock", "items_pati": "water", "type_staff": "pit latrine slab", "other_ty_1": null, "staff_toil": "yes", "staff_to_1": null, "female_s_1": "5.0", "male_sta_1": "2.0", "Total_staf": "7", "ratio_staf": "4.6", "shared_sta": "0.0", "staff_to_2": "within facility building", "staff_hsan": "door walls solid structure lock", "staff_hcle": "Daily", "reason_hst": null, "items_staf": "water", "mixed_toil": "yes", "accessible": "yes", "modication": "handrails door wide forwheelchair", "septic_tan": "yes", "sludge_was": "dig another latrine treated off site", "challeng_1": "lack sanitation facilities too far", "facility_a": "facility no issue", "sop_protoc": "yes", "cleaning_s": null, "cleaning_1": null, "reason_del": null, "cleaning_2": "Daily", "area_consu": null, "cleaning_3": "Daily", "rea_compou": null, "person_inc": "hospital admin", "other_pers": null, "sanitation": "13", "protective": "yes", "team_train": "Yes", "handwashin": "25.0", "handwash_1": "near toilets", "allowed_ob": "allowed to see", "water_av_1": "water not available", "sanitizer_": "sanitizer available", "soap_avail": "soap not available", "water_conf": null, "sanitize_1": null, "soap_confi": null, "type_soap": null, "other_ty_2": null, "soap_sourc": null, "handwash_2": "dont know", "other_hand": null, "handwash_3": "no", "handwash_a": null, "handwash_4": "no", "handwash_5": null, "access_bat": null, "num_bathin": null, "sep_bathin": null, "prob_bathi": null, "signs_prom": "no", "hygiene_pr": "no", "when_hygie": null, "kind_hygie": null, "notable_be": null, "behavior_c": null, "effect_dry": "water shortage increased cost", "effect_rai": "cases waterborne affected water Infrastructure damage toilet Infrastructure damage", "wash_needs": "sanitation facilities handwashing facilities hygiene promotion", "actions_im": "community led sanitation hygiene promotion campaigns community mobilization", "menstrual_": "none above", "menstrua_1": "no", "type_dispo": "compost pits", "adequate_m": "No", "when_waste": "monthly", "challeng_2": "lack awareness inadequate bins", "other_chal": null, "staff_inch": "yes", "waste_prot": "yes", "facility_w": "yes only disposal", "correct_wa": "yes", "how_waste_": null, "other_how_": null, "waste_segr": null, "other_wast": null, "staff_in_1": "hosptial admin", "other_staf": null, "team_waste": "13", "protecti_1": "yes", "team_tra_1": "Yes", "traces_ani": "never visible", "waste_disp": "burned on premises buried and premises", "infectious": "burning protectedpit", "other_infe": null, "sharpswast": "burning protectedpit", "other_shar": null, "duration_2": "everyday", "reason_nt_": null, "protocol_a": "collected offsite built withstand shocks", "enumerator": "Lack staff", "uuid": "20a98b3d-969a-43d1-9264-7fb42ebf549c", "longitude": "40.361293", "latitude": "0.0006644", "sub_county": "Fafi Sub County", "wash_nee_1": "0", "wash_nee_2": "1", "wash_nee_3": "1", "wash_nee_4": "0", "wash_nee_5": "1", "wash_nee_6": "0", "wash_nee_7": "0", "wash_nee_8": "0", "Population": "14.0", "male_toile": "21", "female_toi": "11", "Total_male": "4.0", "Total_fema": "10.0", "host_or_re": null, "ward": null, "area": null, "name_healt": null, "Total_pa_3": null, "cause_lack": null, "Total_pa_4": null, "reason_pto": null, "Total_st_1": null, "mixed_male": null, "Total_mixe": null, "ratio_mixe": null, "mixed_to_1": null, "health_f_1": null, "mixed_hcle": null, "reason_hmi": null, "items_mixe": null, "reason_war": null, "h_andwashi": null, "h_andwas_1": null, "allowed__1": null, "water_av_2": null, "sanitize_2": null, "soap_ava_1": null, "water_co_1": null, "sanitize_3": null, "soap_con_1": null, "h_andwas_2": null, "h_andwas_3": null, "h_andwash_": null, "h_andwas_4": null, "h_andwas_5": null, "signs_pr_1": null, "layer": "Camp Health Facilities", "path": "C:/Users/USER/OneDrive - ACTED/Desktop/Garissa County Capacity Building - REACH/Training Materials/Modules/Training Data/Garissa HF and Schools/Garissa HF and Schools/Camp Health Facilities.geojson", "Risk_Level": "Low Risk", "Distance_to_Flood_km": "1.87", "Poverty_Rate": "0.77", "Food_Poverty_Rate": "0.57", "Avg_HH_Income": "5169", "Avg_HH_Expenditure": "6177", "HH_Cash_Gap": "-1008", "Post_Assistance_Income": "13927", "Post_Assistance_Expenditure": "11092", "Post_Assistance_Surplus": "2835", "Vulnerability_Index": "0.598", "Wasting_Rate": "0.14", "marker_emoji": "🏥", "Author": "Garissa GIS Directorate — James M. Mburu", "NN_Vulnerability_Score": "0.551", "NN_Risk_Class": "High", "tana_buffer_zone": false }, "geometry": { "type": "Point", "coordinates": [ 40.361293, 0.000664400000062 ] } },
{ "type": "Feature", "properties": { "OBJECTID": "279", "county": "garissa", "camp": null, "camp_locat": null, "health_fac": null, "level_heal": "level 2", "type_healt": "out patient", "type_hea_1": null, "type_hea_2": null, "role_healt": "Facility incharge", "other_role": null, "gender_res": "male", "duration_w": "3 4yrs", "male_staff": "8.0", "female_sta": "2.0", "total_num_": null, "avgnum_mal": "35", "avgnum_fem": "75", "total_nu_1": null, "total_pati": "119", "permission": "yes", "facility_d": "piped into school", "other_sour": null, "main_drink": "approx 200m fromcompound", "facility_h": "piped into school", "other_so_1": null, "main_water": "approx 200m fromcompound", "num_water_": null, "availabili": null, "condition_": null, "other_cond": null, "what_damag": null, "cause_dama": null, "efforts_ma": null, "access_lim": "yes", "adaptated_": "adequate space", "accesibili": "yes", "adapted_to": "lower taps", "water_avai": "yes", "days_water": "Daily", "other_days": null, "storage_wa": "yes", "total_stor": "25000.0", "duration_1": "more than one month", "health_pur": "yes", "treatment_": "chlorination", "waterborne": "no", "waterbor_1": null, "availabi_1": "water sources increased", "challenges": "lack proper storage infrastructure damaged", "source_coo": null, "other_so_2": null, "satisfied_": null, "methods_sa": null, "challenge_": null, "main_type_": "pit latrine without slab", "other_main": null, "patientsta": "no", "type_patie": null, "other_type": null, "patients_t": null, "total_pa_1": null, "female_pat": null, "male_patie": null, "Total_pa_2": null, "ratio_pati": null, "shared_pat": null, "patient_to": null, "patients_c": null, "patients_s": null, "items_pati": null, "type_staff": null, "other_ty_1": null, "staff_toil": null, "staff_to_1": null, "female_s_1": null, "male_sta_1": null, "Total_staf": "9", "ratio_staf": null, "shared_sta": null, "staff_to_2": null, "staff_hsan": null, "staff_hcle": null, "reason_hst": null, "items_staf": null, "mixed_toil": "yes", "accessible": "no", "modication": null, "septic_tan": "no", "sludge_was": "dig another latrine", "challeng_1": "facilities difficult toreach", "facility_a": "defecate in open", "sop_protoc": "yes", "cleaning_s": null, "cleaning_1": null, "reason_del": null, "cleaning_2": "Daily", "area_consu": null, "cleaning_3": "Daily", "rea_compou": null, "person_inc": "In charge", "other_pers": null, "sanitation": "47", "protective": "yes", "team_train": "Yes", "handwashin": null, "handwash_1": null, "allowed_ob": null, "water_av_1": null, "sanitizer_": null, "soap_avail": null, "water_conf": null, "sanitize_1": null, "soap_confi": null, "type_soap": "bar liquid soap", "other_ty_2": null, "soap_sourc": "Retailer", "handwash_2": null, "other_hand": null, "handwash_3": null, "handwash_a": null, "handwash_4": null, "handwash_5": null, "access_bat": null, "num_bathin": null, "sep_bathin": null, "prob_bathi": null, "signs_prom": null, "hygiene_pr": "yes", "when_hygie": "over 1 3 months", "kind_hygie": null, "notable_be": "yes", "behavior_c": "increased washing pracises improved h andwashing techniques proper use toilet", "effect_dry": "increased patients", "effect_rai": "no effect", "wash_needs": "access to clean wataer h andwashing facilities menstrual management", "actions_im": "assist building renovating", "menstrual_": "bathing areas", "menstrua_1": "yes free", "type_dispo": "compost pits", "adequate_m": "Yes in all the bathrooms", "when_waste": "monthly", "challeng_2": "inadequate bins", "other_chal": null, "staff_inch": "no", "waste_prot": "yes", "facility_w": "yes only disposal", "correct_wa": null, "how_waste_": null, "other_how_": null, "waste_segr": null, "other_wast": null, "staff_in_1": "Facility incharge", "other_staf": null, "team_waste": "47", "protecti_1": "yes", "team_tra_1": "Yes", "traces_ani": "never visible", "waste_disp": "burned on premises", "infectious": "incinerated other", "other_infe": null, "sharpswast": "incinerated other", "other_shar": null, "duration_2": "weekly 5facility day", "reason_nt_": null, "protocol_a": "energy incineration", "enumerator": null, "uuid": "12eba1fd-ac57-488e-af7f-cbaca9c65505", "longitude": "40.351944", "latitude": "0.0020938", "sub_county": "Fafi Sub County", "wash_nee_1": "1", "wash_nee_2": "0", "wash_nee_3": "0", "wash_nee_4": "0", "wash_nee_5": "1", "wash_nee_6": "1", "wash_nee_7": "0", "wash_nee_8": "0", "Population": "40.0", "male_toile": "43", "female_toi": "39", "Total_male": "1.0", "Total_fema": "2.0", "host_or_re": "host", "ward": "fafi fafi", "area": "rural", "name_healt": "Borehole Five Dispensary", "Total_pa_3": "110.0", "cause_lack": null, "Total_pa_4": "0.0", "reason_pto": null, "Total_st_1": "0.0", "mixed_male": "1.0", "Total_mixe": "1.0", "ratio_mixe": "119.0", "mixed_to_1": "within facility building", "health_f_1": "door walls lock solid structure", "mixed_hcle": "Daily", "reason_hmi": null, "items_mixe": "water", "reason_war": null, "h_andwashi": "610.0", "h_andwas_1": "at gate", "allowed__1": "allowed to see", "water_av_2": "water not available", "sanitize_2": "sanitizer available", "soap_ava_1": "soap available", "water_co_1": null, "sanitize_3": null, "soap_con_1": null, "h_andwas_2": "at the gate", "h_andwas_3": "yes", "h_andwash_": "low height taps", "h_andwas_4": "yes", "h_andwas_5": "lower taps", "signs_pr_1": "yes", "layer": "Garissa Health Facilities", "path": "C:/Users/USER/OneDrive - ACTED/Desktop/Garissa County Capacity Building - REACH/Training Materials/Modules/Training Data/Garissa HF and Schools/Garissa HF and Schools/Garissa Health Facilities.geojson", "Risk_Level": "Low Risk", "Distance_to_Flood_km": "1.83", "Poverty_Rate": "0.77", "Food_Poverty_Rate": "0.57", "Avg_HH_Income": "5169", "Avg_HH_Expenditure": "6177", "HH_Cash_Gap": "-1008", "Post_Assistance_Income": "13927", "Post_Assistance_Expenditure": "11092", "Post_Assistance_Surplus": "2835", "Vulnerability_Index": "0.598", "Wasting_Rate": "0.14", "marker_emoji": "🏥", "Author": "Garissa GIS Directorate — James M. Mburu", "NN_Vulnerability_Score": "0.551", "NN_Risk_Class": "High", "tana_buffer_zone": false }, "geometry": { "type": "Point", "coordinates": [ 40.351944, 0.002093800000068 ] } },
{ "type": "Feature", "properties": { "OBJECTID": "3", "county": "garissa", "camp": "Daadab", "camp_locat": "Hagadera", "health_fac": "Hagardera main hospital", "level_heal": "level 4", "type_healt": "in patient out patient", "type_hea_1": "1.0", "type_hea_2": "1.0", "role_healt": "Nurse", "other_role": null, "gender_res": "male", "duration_w": "Above5yrs", "male_staff": "4.0", "female_sta": "25.0", "total_num_": "29.0", "avgnum_mal": "200", "avgnum_fem": "200", "total_nu_1": "400.0", "total_pati": "429", "permission": "yes", "facility_d": "tap stand", "other_sour": null, "main_drink": "on premises", "facility_h": "tap stand", "other_so_1": null, "main_water": "on premises", "num_water_": "17.0", "availabili": "daily", "condition_": "functional with minor damage", "other_cond": null, "what_damag": "taps leaking", "cause_dama": "normal wear tear", "efforts_ma": "have plans repair", "access_lim": "yes", "adaptated_": "non slip floor taps can be opened", "accesibili": "yes", "adapted_to": "lower taps children friendly handles", "water_avai": "yes", "days_water": "Daily", "other_days": null, "storage_wa": "yes", "total_stor": "20000.0", "duration_1": "1 day", "health_pur": "no", "treatment_": null, "waterborne": "yes", "waterbor_1": "1150", "availabi_1": "water sources decreased water sources increased reduced water supply patients covermore distance", "challenges": "irregular water supply seasonal variations", "source_coo": "tap stand", "other_so_2": null, "satisfied_": "yes", "methods_sa": null, "challenge_": "irregular water supply lack storage facility", "main_type_": "pit latrine slab", "other_main": null, "patientsta": "yes", "type_patie": "pit latrine slab", "other_type": null, "patients_t": "yes", "total_pa_1": null, "female_pat": "4.0", "male_patie": "4.0", "Total_pa_2": "8.0", "ratio_pati": "50.0", "shared_pat": "2.0", "patient_to": "outside school building", "patients_c": "Daily", "patients_s": "door walls lock inside light outside light segregated toilets", "items_pati": "water", "type_staff": "pit latrine slab", "other_ty_1": null, "staff_toil": "no", "staff_to_1": null, "female_s_1": null, "male_sta_1": null, "Total_staf": "0", "ratio_staf": null, "shared_sta": "3.0", "staff_to_2": "within facility building", "staff_hsan": "door walls lock inside light outside light", "staff_hcle": "Daily", "reason_hst": null, "items_staf": "water", "mixed_toil": "yes", "accessible": "yes", "modication": "door wide forwheelchair", "septic_tan": "yes", "sludge_was": "manually by vacuumtank", "challeng_1": "lack sanitation facilities not functioning facilities too far", "facility_a": "evacuate dispose appropriately", "sop_protoc": "yes", "cleaning_s": "Daily", "cleaning_1": "Daily", "reason_del": null, "cleaning_2": "Daily", "area_consu": null, "cleaning_3": "Daily", "rea_compou": null, "person_inc": "other", "other_pers": null, "sanitation": "1320", "protective": "yes", "team_train": "Yes", "handwashin": "610.0", "handwash_1": "near toilets in wards consultation areas reception areas at waste disposal at gate", "allowed_ob": "allowed to see", "water_av_1": "water available", "sanitizer_": "sanitizer not available", "soap_avail": "soap available", "water_conf": null, "sanitize_1": null, "soap_confi": null, "type_soap": "bar liquid soap", "other_ty_2": null, "soap_sourc": "ngo donation", "handwash_2": "consultation room wards food preparation area food consumption area health facility yard", "other_hand": null, "handwash_3": "no", "handwash_a": null, "handwash_4": "yes", "handwash_5": "lower taps children friendly handles", "access_bat": "yes", "num_bathin": "8.0", "sep_bathin": "yes", "prob_bathi": "lack bathing facilities facilities too far facilities diff reach", "signs_prom": "yes", "hygiene_pr": "yes", "when_hygie": "last 30days", "kind_hygie": "hygiene campaigns wash workshop established hygiene clubs", "notable_be": "yes", "behavior_c": "proper use toilet consumption drinking water", "effect_dry": "water shortage increased patients staff absenteeism lack water health concerns", "effect_rai": "flooding stagnant water affected sanitation facilities bathroom Infrastructure damage toilet Infrastructure damage classrooms Infrastructure damage busted sewer system raised quality concerns", "wash_needs": "access to clean wataer menstrual management waste management", "actions_im": "assist building renovating community led sanitation providing hygiene materials community mobilization hygiene promotion campaigns training staff", "menstrual_": "none above", "menstrua_1": "no", "type_dispo": "pit latrines", "adequate_m": "No", "when_waste": "Daily", "challeng_2": "inadequate bins site disposal far", "other_chal": null, "staff_inch": "no", "waste_prot": "yes", "facility_w": "yes segregation disposal", "correct_wa": "yes", "how_waste_": null, "other_how_": null, "waste_segr": null, "other_wast": null, "staff_in_1": "hosptial admin", "other_staf": null, "team_waste": "13", "protecti_1": "yes", "team_tra_1": "Yes", "traces_ani": "never visible", "waste_disp": "burned on premises", "infectious": "autoclaved incinerated", "other_infe": null, "sharpswast": "burning protectedpit", "other_shar": null, "duration_2": "everyday", "reason_nt_": null, "protocol_a": "waste nt stored premises appropriate standards inplace", "enumerator": null, "uuid": "62554820-393d-4b9d-8631-9ba5263902f9", "longitude": "40.3724031", "latitude": "0.0075479", "sub_county": "Fafi Sub County", "wash_nee_1": "1", "wash_nee_2": "0", "wash_nee_3": "0", "wash_nee_4": "1", "wash_nee_5": "0", "wash_nee_6": "1", "wash_nee_7": "0", "wash_nee_8": "0", "Population": "33.0", "male_toile": "51", "female_toi": "56", "Total_male": "4.0", "Total_fema": "4.0", "host_or_re": null, "ward": null, "area": null, "name_healt": null, "Total_pa_3": null, "cause_lack": null, "Total_pa_4": null, "reason_pto": null, "Total_st_1": null, "mixed_male": null, "Total_mixe": null, "ratio_mixe": null, "mixed_to_1": null, "health_f_1": null, "mixed_hcle": null, "reason_hmi": null, "items_mixe": null, "reason_war": null, "h_andwashi": null, "h_andwas_1": null, "allowed__1": null, "water_av_2": null, "sanitize_2": null, "soap_ava_1": null, "water_co_1": null, "sanitize_3": null, "soap_con_1": null, "h_andwas_2": null, "h_andwas_3": null, "h_andwash_": null, "h_andwas_4": null, "h_andwas_5": null, "signs_pr_1": null, "layer": "Camp Health Facilities", "path": "C:/Users/USER/OneDrive - ACTED/Desktop/Garissa County Capacity Building - REACH/Training Materials/Modules/Training Data/Garissa HF and Schools/Garissa HF and Schools/Camp Health Facilities.geojson", "Risk_Level": "Medium Risk", "Distance_to_Flood_km": "1.23", "Poverty_Rate": "0.77", "Food_Poverty_Rate": "0.57", "Avg_HH_Income": "5169", "Avg_HH_Expenditure": "6177", "HH_Cash_Gap": "-1008", "Post_Assistance_Income": "13927", "Post_Assistance_Expenditure": "11092", "Post_Assistance_Surplus": "2835", "Vulnerability_Index": "0.67", "Wasting_Rate": "0.14", "marker_emoji": "🏥", "Author": "Garissa GIS Directorate — James M. Mburu", "NN_Vulnerability_Score": "0.551", "NN_Risk_Class": "High", "tana_buffer_zone": false }, "geometry": { "type": "Point", "coordinates": [ 40.372403100000042, 0.00754790000002 ] } },
{ "type": "Feature", "properties": { "OBJECTID": "217", "county": "garissa", "camp": null, "camp_locat": null, "health_fac": null, "level_heal": "level 2", "type_healt": "out patient", "type_hea_1": null, "type_hea_2": null, "role_healt": "community health worker", "other_role": null, "gender_res": "male", "duration_w": "Above5yrs", "male_staff": "3.0", "female_sta": "1.0", "total_num_": null, "avgnum_mal": "25", "avgnum_fem": "60", "total_nu_1": null, "total_pati": "89", "permission": "yes", "facility_d": "tap st and", "other_sour": null, "main_drink": "morethan 500m fromcompound", "facility_h": "tap st and", "other_so_1": null, "main_water": "morethan 500m fromcompound", "num_water_": "2.0", "availabili": "4 7 days", "condition_": "functional with minor damage", "other_cond": null, "what_damag": "taps leaking", "cause_dama": "normal wear tear", "efforts_ma": "did assesment", "access_lim": "no", "adaptated_": null, "accesibili": "no", "adapted_to": null, "water_avai": "yes", "days_water": "1 week", "other_days": null, "storage_wa": "yes", "total_stor": "5000.0", "duration_1": "2 7day", "health_pur": "yes", "treatment_": "chlorination", "waterborne": "no", "waterbor_1": null, "availabi_1": "reduced water supply", "challenges": "waterpoints too far", "source_coo": null, "other_so_2": null, "satisfied_": null, "methods_sa": null, "challenge_": null, "main_type_": "pit latrine slab", "other_main": null, "patientsta": "no", "type_patie": null, "other_type": null, "patients_t": null, "total_pa_1": null, "female_pat": null, "male_patie": null, "Total_pa_2": null, "ratio_pati": null, "shared_pat": null, "patient_to": null, "patients_c": null, "patients_s": null, "items_pati": null, "type_staff": null, "other_ty_1": null, "staff_toil": null, "staff_to_1": null, "female_s_1": null, "male_sta_1": null, "Total_staf": "4", "ratio_staf": null, "shared_sta": null, "staff_to_2": null, "staff_hsan": null, "staff_hcle": null, "reason_hst": null, "items_staf": null, "mixed_toil": "no", "accessible": "no", "modication": null, "septic_tan": "no", "sludge_was": "openly dumped away", "challeng_1": "facilities not private personsdisability noaccess", "facility_a": "rely on communal", "sop_protoc": "yes", "cleaning_s": null, "cleaning_1": null, "reason_del": null, "cleaning_2": "Daily", "area_consu": null, "cleaning_3": "Daily", "rea_compou": null, "person_inc": "hospital admin", "other_pers": null, "sanitation": "13", "protective": "no", "team_train": "No", "handwashin": null, "handwash_1": null, "allowed_ob": null, "water_av_1": null, "sanitizer_": null, "soap_avail": null, "water_conf": null, "sanitize_1": null, "soap_confi": null, "type_soap": null, "other_ty_2": null, "soap_sourc": null, "handwash_2": null, "other_hand": null, "handwash_3": null, "handwash_a": null, "handwash_4": null, "handwash_5": null, "access_bat": null, "num_bathin": null, "sep_bathin": null, "prob_bathi": null, "signs_prom": null, "hygiene_pr": "no", "when_hygie": null, "kind_hygie": null, "notable_be": null, "behavior_c": null, "effect_dry": "no effect", "effect_rai": "no effect", "wash_needs": "hygiene promotion sanitation facilities waste management", "actions_im": "community led sanitation providing hygiene materials hygiene promotion campaigns community mobilization", "menstrual_": "bathing areas", "menstrua_1": "yes free", "type_dispo": "sanitary bins", "adequate_m": "Yes in all the bathrooms", "when_waste": "Daily", "challeng_2": "inadequate bins", "other_chal": null, "staff_inch": "no", "waste_prot": "yes", "facility_w": "yes only disposal", "correct_wa": null, "how_waste_": null, "other_how_": null, "waste_segr": null, "other_wast": null, "staff_in_1": "hosptial admin", "other_staf": null, "team_waste": "13", "protecti_1": "no", "team_tra_1": "Yes", "traces_ani": "never visible", "waste_disp": "burned on premises", "infectious": "openburning", "other_infe": null, "sharpswast": "burning protectedpit", "other_shar": null, "duration_2": "everyday", "reason_nt_": null, "protocol_a": "collected offsite", "enumerator": "It was ended well", "uuid": "ed193a04-27a6-447c-917a-38bc8ca7dbba", "longitude": "40.5774307", "latitude": "0.0196503", "sub_county": "Dadaab Sub County", "wash_nee_1": "0", "wash_nee_2": "1", "wash_nee_3": "1", "wash_nee_4": "1", "wash_nee_5": "0", "wash_nee_6": "0", "wash_nee_7": "0", "wash_nee_8": "0", "Population": "45.0", "male_toile": "28", "female_toi": "61", "Total_male": "1.0", "Total_fema": "1.0", "host_or_re": "host", "ward": "damajale", "area": "urban", "name_healt": "Banane Health Center", "Total_pa_3": "85.0", "cause_lack": "lack adquate storage lack sufficient water", "Total_pa_4": "0.0", "reason_pto": null, "Total_st_1": "0.0", "mixed_male": "1.0", "Total_mixe": "1.0", "ratio_mixe": "89.0", "mixed_to_1": "within facility building", "health_f_1": "door walls lock", "mixed_hcle": "Daily", "reason_hmi": null, "items_mixe": "water", "reason_war": null, "h_andwashi": "1.0", "h_andwas_1": "at gate", "allowed__1": "allowed to see", "water_av_2": "water available", "sanitize_2": "sanitizer not available", "soap_ava_1": "soap not available", "water_co_1": null, "sanitize_3": null, "soap_con_1": null, "h_andwas_2": "toilets 5metres fromtoilet", "h_andwas_3": "no", "h_andwash_": null, "h_andwas_4": "no", "h_andwas_5": null, "signs_pr_1": "yes", "layer": "Garissa Health Facilities", "path": "C:/Users/USER/OneDrive - ACTED/Desktop/Garissa County Capacity Building - REACH/Training Materials/Modules/Training Data/Garissa HF and Schools/Garissa HF and Schools/Garissa Health Facilities.geojson", "Risk_Level": "Safe", "Distance_to_Flood_km": "20.33", "Poverty_Rate": "0.78", "Food_Poverty_Rate": "0.58", "Avg_HH_Income": "5169", "Avg_HH_Expenditure": "6177", "HH_Cash_Gap": "-1008", "Post_Assistance_Income": "13927", "Post_Assistance_Expenditure": "11092", "Post_Assistance_Surplus": "2835", "Vulnerability_Index": "0.35", "Wasting_Rate": "0.17", "marker_emoji": "🏥", "Author": "Garissa GIS Directorate — James M. Mburu", "NN_Vulnerability_Score": "0.145", "NN_Risk_Class": "Low", "tana_buffer_zone": false }, "geometry": { "type": "Point", "coordinates": [ 40.577430700000036, 0.019650300000023 ] } },
{ "type": "Feature", "properties": { "OBJECTID": "215", "county": "garissa", "camp": null, "camp_locat": null, "health_fac": null, "level_heal": "level 2", "type_healt": "out patient", "type_hea_1": null, "type_hea_2": null, "role_healt": "community health worker", "other_role": null, "gender_res": "male", "duration_w": "3 4yrs", "male_staff": "2.0", "female_sta": "0.0", "total_num_": null, "avgnum_mal": "18", "avgnum_fem": "22", "total_nu_1": null, "total_pati": "43", "permission": "yes", "facility_d": "tap st and", "other_sour": null, "main_drink": "approx 200m fromcompound", "facility_h": "tap st and", "other_so_1": null, "main_water": "on premises", "num_water_": "1.0", "availabili": "daily", "condition_": "functional without damage", "other_cond": null, "what_damag": null, "cause_dama": null, "efforts_ma": null, "access_lim": "yes", "adaptated_": "adequate space clear path without obstructions", "accesibili": "yes", "adapted_to": "children friendly h andles accessible water containers", "water_avai": "yes", "days_water": "Daily", "other_days": null, "storage_wa": "yes", "total_stor": "10000.0", "duration_1": "more than one month", "health_pur": "no", "treatment_": null, "waterborne": "no", "waterbor_1": null, "availabi_1": "water sources decreased", "challenges": "irregular water supply lack proper storage infrastructure damaged", "source_coo": null, "other_so_2": null, "satisfied_": null, "methods_sa": null, "challenge_": null, "main_type_": "flush pit", "other_main": null, "patientsta": "no", "type_patie": null, "other_type": null, "patients_t": null, "total_pa_1": null, "female_pat": null, "male_patie": null, "Total_pa_2": null, "ratio_pati": null, "shared_pat": null, "patient_to": null, "patients_c": null, "patients_s": null, "items_pati": null, "type_staff": null, "other_ty_1": null, "staff_toil": null, "staff_to_1": null, "female_s_1": null, "male_sta_1": null, "Total_staf": "3", "ratio_staf": null, "shared_sta": null, "staff_to_2": null, "staff_hsan": null, "staff_hcle": null, "reason_hst": null, "items_staf": null, "mixed_toil": "no", "accessible": "no", "modication": null, "septic_tan": "yes", "sludge_was": "dig another latrine", "challeng_1": "lack sanitation facilities crowded", "facility_a": "facility no issue", "sop_protoc": "yes", "cleaning_s": null, "cleaning_1": null, "reason_del": null, "cleaning_2": "2 4 days", "area_consu": null, "cleaning_3": "2 4 days", "rea_compou": null, "person_inc": "hospital admin", "other_pers": null, "sanitation": "13", "protective": "no", "team_train": "Yes", "handwashin": null, "handwash_1": null, "allowed_ob": null, "water_av_1": null, "sanitizer_": null, "soap_avail": null, "water_conf": null, "sanitize_1": null, "soap_confi": null, "type_soap": null, "other_ty_2": null, "soap_sourc": null, "handwash_2": null, "other_hand": null, "handwash_3": null, "handwash_a": null, "handwash_4": null, "handwash_5": null, "access_bat": null, "num_bathin": null, "sep_bathin": null, "prob_bathi": null, "signs_prom": null, "hygiene_pr": "no", "when_hygie": null, "kind_hygie": null, "notable_be": null, "behavior_c": null, "effect_dry": "water shortage reduced patients infrastructure damage", "effect_rai": "flooding stagnant water affected sanitation facilities water Infrastructure damage toilet Infrastructure damage", "wash_needs": "access to clean wataer sanitation facilities h andwashing facilities", "actions_im": "advocacy awareness community led sanitation providing hygiene materials hygiene promotion campaigns community mobilization form WASH committees training staff", "menstrual_": "mhm materials mhm education girls", "menstrua_1": "yes free", "type_dispo": "sanitary bins", "adequate_m": "No", "when_waste": "weekly", "challeng_2": "lack awareness inadequate bins", "other_chal": null, "staff_inch": "no", "waste_prot": "yes", "facility_w": "yes only disposal", "correct_wa": null, "how_waste_": null, "other_how_": null, "waste_segr": null, "other_wast": null, "staff_in_1": "hosptial admin", "other_staf": null, "team_waste": "13", "protecti_1": "no", "team_tra_1": "Yes", "traces_ani": "never visible", "waste_disp": "burned on premises openly dumped premises", "infectious": "openburning", "other_infe": null, "sharpswast": "disposal off site", "other_shar": null, "duration_2": "everyday", "reason_nt_": null, "protocol_a": "waste nt stored premises staff trained", "enumerator": null, "uuid": "729f03d3-468c-4bb9-8ef9-3ed6f5504a01", "longitude": "40.7848343", "latitude": "0.1029537", "sub_county": "Dadaab Sub County", "wash_nee_1": "1", "wash_nee_2": "1", "wash_nee_3": "0", "wash_nee_4": "0", "wash_nee_5": "1", "wash_nee_6": "0", "wash_nee_7": "0", "wash_nee_8": "0", "Population": "11.0", "male_toile": "10", "female_toi": "11", "Total_male": "2.0", "Total_fema": "2.0", "host_or_re": "host", "ward": "damajale", "area": "rural", "name_healt": "Damajale Dispensary", "Total_pa_3": "40.0", "cause_lack": null, "Total_pa_4": "0.0", "reason_pto": null, "Total_st_1": "0.0", "mixed_male": "2.0", "Total_mixe": "2.0", "ratio_mixe": "21.5", "mixed_to_1": "within facility building", "health_f_1": "door walls lock", "mixed_hcle": "2 4 days", "reason_hmi": "lack protective clothe", "items_mixe": "water", "reason_war": null, "h_andwashi": "1.0", "h_andwas_1": "at gate", "allowed__1": "allowed to see", "water_av_2": "water available", "sanitize_2": "sanitizer not available", "soap_ava_1": "soap not available", "water_co_1": null, "sanitize_3": null, "soap_con_1": null, "h_andwas_2": "other", "h_andwas_3": "no", "h_andwash_": null, "h_andwas_4": "no", "h_andwas_5": null, "signs_pr_1": "yes", "layer": "Garissa Health Facilities", "path": "C:/Users/USER/OneDrive - ACTED/Desktop/Garissa County Capacity Building - REACH/Training Materials/Modules/Training Data/Garissa HF and Schools/Garissa HF and Schools/Garissa Health Facilities.geojson", "Risk_Level": "Safe", "Distance_to_Flood_km": "19.03", "Poverty_Rate": "0.78", "Food_Poverty_Rate": "0.58", "Avg_HH_Income": "5169", "Avg_HH_Expenditure": "6177", "HH_Cash_Gap": "-1008", "Post_Assistance_Income": "13927", "Post_Assistance_Expenditure": "11092", "Post_Assistance_Surplus": "2835", "Vulnerability_Index": "0.35", "Wasting_Rate": "0.17", "marker_emoji": "🏥", "Author": "Garissa GIS Directorate — James M. Mburu", "NN_Vulnerability_Score": "0.145", "NN_Risk_Class": "Low", "tana_buffer_zone": false }, "geometry": { "type": "Point", "coordinates": [ 40.784834300000057, 0.102953700000057 ] } },
{ "type": "Feature", "properties": { "OBJECTID": "1", "county": "garissa", "camp": "Daadab", "camp_locat": "IFO2", "health_fac": "Ifo2 main hospital", "level_heal": "level 4", "type_healt": "in patient out patient", "type_hea_1": "1.0", "type_hea_2": "1.0", "role_healt": "wash officer", "other_role": null, "gender_res": "male", "duration_w": "Above5yrs", "male_staff": "15.0", "female_sta": "15.0", "total_num_": "30.0", "avgnum_mal": "50", "avgnum_fem": "30", "total_nu_1": "80.0", "total_pati": "110", "permission": "yes", "facility_d": "tap stand", "other_sour": null, "main_drink": "on premises", "facility_h": "tap stand", "other_so_1": null, "main_water": "on premises", "num_water_": "17.0", "availabili": "daily", "condition_": "functional with minor damage", "other_cond": null, "what_damag": "taps rusty", "cause_dama": "insufficient maintenance", "efforts_ma": "have plans repair", "access_lim": "yes", "adaptated_": "provision ramps non slip floor tap can be reached", "accesibili": "yes", "adapted_to": "lower taps", "water_avai": "yes", "days_water": "Daily", "other_days": null, "storage_wa": "yes", "total_stor": "15000.0", "duration_1": "2 7day", "health_pur": "yes", "treatment_": "chlorination", "waterborne": "no", "waterbor_1": null, "availabi_1": "no change", "challenges": "no challenge", "source_coo": "tap stand", "other_so_2": null, "satisfied_": "yes", "methods_sa": null, "challenge_": "no challenge", "main_type_": "pit latrine slab", "other_main": null, "patientsta": "yes", "type_patie": "pit latrine slab", "other_type": null, "patients_t": "yes", "total_pa_1": null, "female_pat": "5.0", "male_patie": "5.0", "Total_pa_2": "10.0", "ratio_pati": "8.0", "shared_pat": "0.0", "patient_to": "within facility building", "patients_c": "Daily", "patients_s": "door walls lock solid structure inside light outside light segregated toilets proper drainage", "items_pati": "water", "type_staff": "flush pit", "other_ty_1": null, "staff_toil": "yes", "staff_to_1": null, "female_s_1": "3.0", "male_sta_1": "3.0", "Total_staf": "6", "ratio_staf": "5.0", "shared_sta": "0.0", "staff_to_2": "within facility building", "staff_hsan": "door lock walls solid structure inside light outside light segregated toilets proper drainage", "staff_hcle": "Daily", "reason_hst": null, "items_staf": "water", "mixed_toil": "no", "accessible": "yes", "modication": "path without stairs door wide forwheelchair", "septic_tan": "yes", "sludge_was": "municipal waste system", "challeng_1": "no problem", "facility_a": "facility no issue", "sop_protoc": "yes", "cleaning_s": "Daily", "cleaning_1": "Daily", "reason_del": null, "cleaning_2": "Daily", "area_consu": null, "cleaning_3": "Daily", "rea_compou": null, "person_inc": "cleaning department", "other_pers": null, "sanitation": "47", "protective": "yes", "team_train": "Yes", "handwashin": "1620.0", "handwash_1": "near toilets in wards consultation areas reception areas at gate at waste disposal", "allowed_ob": "allowed to see", "water_av_1": "water available", "sanitizer_": "sanitizer available", "soap_avail": "soap available", "water_conf": null, "sanitize_1": null, "soap_confi": null, "type_soap": "detergent", "other_ty_2": null, "soap_sourc": "ngo donation", "handwash_2": "inside toilet toilets 5metres fromtoilet delivery room consultation room food preparation area food consumption area wards health facility yard", "other_hand": null, "handwash_3": "no", "handwash_a": null, "handwash_4": "no", "handwash_5": null, "access_bat": "yes", "num_bathin": "10.0", "sep_bathin": "yes", "prob_bathi": "no problem", "signs_prom": "yes", "hygiene_pr": "yes", "when_hygie": "last 30days", "kind_hygie": "hygiene campaigns wash workshop visit from healthworker mass media", "notable_be": "yes", "behavior_c": "increased washing pracises improved handwashing techniques proper use toilet reducing open defecation maintenance facilities cleanliness consumption drinking water proper disposal hygiene products reduced incidence diseases", "effect_dry": "water shortage reduced patients lack water", "effect_rai": "no effect", "wash_needs": "access to clean wataer sanitation facilities hygiene promotion", "actions_im": "advocacy awareness assist building renovating hygiene promotion campaigns", "menstrual_": "mhm materials mhm education girls bathing areas", "menstrua_1": "yes free", "type_dispo": "compost pits", "adequate_m": "Yes in all the bathrooms", "when_waste": "Daily", "challeng_2": "no challenge", "other_chal": null, "staff_inch": "yes", "waste_prot": "yes", "facility_w": "yes segregation disposal", "correct_wa": "yes", "how_waste_": null, "other_how_": null, "waste_segr": null, "other_wast": null, "staff_in_1": "cleaning department", "other_staf": null, "team_waste": "47", "protecti_1": "yes", "team_tra_1": "Yes", "traces_ani": "never visible", "waste_disp": "burned on premises", "infectious": "burning protectedpit", "other_infe": null, "sharpswast": "burning protectedpit", "other_shar": null, "duration_2": "everyday", "reason_nt_": null, "protocol_a": "treated disposed safely", "enumerator": null, "uuid": "ef3e4869-4b74-4727-938e-e60e766db37d", "longitude": "40.3312945", "latitude": "0.1470855", "sub_county": "Dadaab Sub County", "wash_nee_1": "1", "wash_nee_2": "1", "wash_nee_3": "1", "wash_nee_4": "0", "wash_nee_5": "0", "wash_nee_6": "0", "wash_nee_7": "0", "wash_nee_8": "0", "Population": "7.0", "male_toile": "8", "female_toi": "6", "Total_male": "8.0", "Total_fema": "8.0", "host_or_re": null, "ward": null, "area": null, "name_healt": null, "Total_pa_3": null, "cause_lack": null, "Total_pa_4": null, "reason_pto": null, "Total_st_1": null, "mixed_male": null, "Total_mixe": null, "ratio_mixe": null, "mixed_to_1": null, "health_f_1": null, "mixed_hcle": null, "reason_hmi": null, "items_mixe": null, "reason_war": null, "h_andwashi": null, "h_andwas_1": null, "allowed__1": null, "water_av_2": null, "sanitize_2": null, "soap_ava_1": null, "water_co_1": null, "sanitize_3": null, "soap_con_1": null, "h_andwas_2": null, "h_andwas_3": null, "h_andwash_": null, "h_andwas_4": null, "h_andwas_5": null, "signs_pr_1": null, "layer": "Camp Health Facilities", "path": "C:/Users/USER/OneDrive - ACTED/Desktop/Garissa County Capacity Building - REACH/Training Materials/Modules/Training Data/Garissa HF and Schools/Garissa HF and Schools/Camp Health Facilities.geojson", "Risk_Level": "Low Risk", "Distance_to_Flood_km": "2.33", "Poverty_Rate": "0.78", "Food_Poverty_Rate": "0.58", "Avg_HH_Income": "5169", "Avg_HH_Expenditure": "6177", "HH_Cash_Gap": "-1008", "Post_Assistance_Income": "13927", "Post_Assistance_Expenditure": "11092", "Post_Assistance_Surplus": "2835", "Vulnerability_Index": "0.593", "Wasting_Rate": "0.17", "marker_emoji": "🏥", "Author": "Garissa GIS Directorate — James M. Mburu", "NN_Vulnerability_Score": "0.551", "NN_Risk_Class": "High", "tana_buffer_zone": false }, "geometry": { "type": "Point", "coordinates": [ 40.33129450000007, 0.14708550000006 ] } },
{ "type": "Feature", "properties": { "OBJECTID": "207", "county": "garissa", "camp": null, "camp_locat": null, "health_fac": null, "level_heal": "level 2", "type_healt": "out patient", "type_hea_1": null, "type_hea_2": null, "role_healt": "Head nurse", "other_role": null, "gender_res": "male", "duration_w": "1 2yrs", "male_staff": "2.0", "female_sta": "0.0", "total_num_": null, "avgnum_mal": "23", "avgnum_fem": "65", "total_nu_1": null, "total_pati": "91", "permission": "no", "facility_d": "piped into school", "other_sour": null, "main_drink": "morethan 500m fromcompound", "facility_h": "protected well", "other_so_1": null, "main_water": "approx 500m fromcompound", "num_water_": null, "availabili": null, "condition_": null, "other_cond": null, "what_damag": null, "cause_dama": null, "efforts_ma": null, "access_lim": "no", "adaptated_": null, "accesibili": "yes", "adapted_to": "lower taps", "water_avai": "yes", "days_water": "1 week", "other_days": null, "storage_wa": "yes", "total_stor": "5000.0", "duration_1": "2 7day", "health_pur": "yes", "treatment_": "chlorination", "waterborne": "yes", "waterbor_1": "110", "availabi_1": "water sources increased", "challenges": "infrastructure damaged", "source_coo": null, "other_so_2": null, "satisfied_": null, "methods_sa": null, "challenge_": null, "main_type_": "pit latrine slab", "other_main": null, "patientsta": "no", "type_patie": null, "other_type": null, "patients_t": null, "total_pa_1": null, "female_pat": null, "male_patie": null, "Total_pa_2": null, "ratio_pati": null, "shared_pat": null, "patient_to": null, "patients_c": null, "patients_s": null, "items_pati": null, "type_staff": null, "other_ty_1": null, "staff_toil": null, "staff_to_1": null, "female_s_1": null, "male_sta_1": null, "Total_staf": "3", "ratio_staf": null, "shared_sta": null, "staff_to_2": null, "staff_hsan": null, "staff_hcle": null, "reason_hst": null, "items_staf": null, "mixed_toil": "no", "accessible": "no", "modication": null, "septic_tan": "no", "sludge_was": "openly dumped away", "challeng_1": "lack sanitation facilities not functioning community frmout using", "facility_a": "rely on less preferred", "sop_protoc": "yes", "cleaning_s": null, "cleaning_1": null, "reason_del": null, "cleaning_2": "Daily", "area_consu": null, "cleaning_3": "Daily", "rea_compou": null, "person_inc": "hospital admin", "other_pers": null, "sanitation": "13", "protective": "no", "team_train": "No", "handwashin": null, "handwash_1": null, "allowed_ob": null, "water_av_1": null, "sanitizer_": null, "soap_avail": null, "water_conf": null, "sanitize_1": null, "soap_confi": null, "type_soap": null, "other_ty_2": null, "soap_sourc": null, "handwash_2": null, "other_hand": null, "handwash_3": null, "handwash_a": null, "handwash_4": null, "handwash_5": null, "access_bat": null, "num_bathin": null, "sep_bathin": null, "prob_bathi": null, "signs_prom": null, "hygiene_pr": "no", "when_hygie": null, "kind_hygie": null, "notable_be": null, "behavior_c": null, "effect_dry": "water shortage reduced patients", "effect_rai": "no effect", "wash_needs": "hygiene promotion waste management h andwashing facilities", "actions_im": "community led sanitation providing hygiene materials community mobilization", "menstrual_": "none above", "menstrua_1": "yes free", "type_dispo": "sanitary bins", "adequate_m": "Yes in all the bathrooms", "when_waste": "Daily", "challeng_2": "no challenge", "other_chal": null, "staff_inch": "no", "waste_prot": "no", "facility_w": "yes only disposal", "correct_wa": null, "how_waste_": null, "other_how_": null, "waste_segr": null, "other_wast": null, "staff_in_1": "hosptial admin", "other_staf": null, "team_waste": "13", "protecti_1": "no", "team_tra_1": "No", "traces_ani": "never visible", "waste_disp": "openly dumped premises", "infectious": "burning protectedpit", "other_infe": null, "sharpswast": "dumping without treatment", "other_shar": null, "duration_2": "everyday", "reason_nt_": null, "protocol_a": "waste nt stored premises", "enumerator": "Yes there's less toilet available", "uuid": "a7a39330-f0f5-4893-92cc-9203e0b33b8b", "longitude": "39.9858586", "latitude": "-0.0967621", "sub_county": "Dadaab Sub County", "wash_nee_1": "0", "wash_nee_2": "0", "wash_nee_3": "1", "wash_nee_4": "1", "wash_nee_5": "1", "wash_nee_6": "0", "wash_nee_7": "0", "wash_nee_8": "0", "Population": "46.0", "male_toile": "25", "female_toi": "65", "Total_male": "1.0", "Total_fema": "1.0", "host_or_re": "host", "ward": "dertu", "area": "rural", "name_healt": "Hagarbul Dispensary", "Total_pa_3": "88.0", "cause_lack": "water infrastructure damaged", "Total_pa_4": "0.0", "reason_pto": null, "Total_st_1": "0.0", "mixed_male": "1.0", "Total_mixe": "1.0", "ratio_mixe": "91.0", "mixed_to_1": "within facility building", "health_f_1": "door walls lock solid structure", "mixed_hcle": "Daily", "reason_hmi": null, "items_mixe": "water", "reason_war": null, "h_andwashi": "0.0", "h_andwas_1": null, "allowed__1": null, "water_av_2": null, "sanitize_2": null, "soap_ava_1": null, "water_co_1": null, "sanitize_3": null, "soap_con_1": null, "h_andwas_2": null, "h_andwas_3": null, "h_andwash_": null, "h_andwas_4": null, "h_andwas_5": null, "signs_pr_1": "no", "layer": "Garissa Health Facilities", "path": "C:/Users/USER/OneDrive - ACTED/Desktop/Garissa County Capacity Building - REACH/Training Materials/Modules/Training Data/Garissa HF and Schools/Garissa HF and Schools/Garissa Health Facilities.geojson", "Risk_Level": "Low Risk", "Distance_to_Flood_km": "2.18", "Poverty_Rate": "0.78", "Food_Poverty_Rate": "0.58", "Avg_HH_Income": "5169", "Avg_HH_Expenditure": "6177", "HH_Cash_Gap": "-1008", "Post_Assistance_Income": "13927", "Post_Assistance_Expenditure": "11092", "Post_Assistance_Surplus": "2835", "Vulnerability_Index": "0.596", "Wasting_Rate": "0.17", "marker_emoji": "🏥", "Author": "Garissa GIS Directorate — James M. Mburu", "NN_Vulnerability_Score": "0.551", "NN_Risk_Class": "High", "tana_buffer_zone": false }, "geometry": { "type": "Point", "coordinates": [ 39.985858600000029, -0.096762099999978 ] } },
{ "type": "Feature", "properties": { "OBJECTID": "283", "county": "garissa", "camp": null, "camp_locat": null, "health_fac": null, "level_heal": "level 2", "type_healt": "out patient", "type_hea_1": null, "type_hea_2": null, "role_healt": "Public health officer", "other_role": null, "gender_res": "male", "duration_w": "1 2yrs", "male_staff": "3.0", "female_sta": "1.0", "total_num_": null, "avgnum_mal": "38", "avgnum_fem": "39", "total_nu_1": null, "total_pati": "81", "permission": "yes", "facility_d": "piped into school", "other_sour": null, "main_drink": "on premises", "facility_h": "tap st and", "other_so_1": null, "main_water": "on premises", "num_water_": "1.0", "availabili": "2 3 days", "condition_": "functional with minor damage", "other_cond": null, "what_damag": "taps leaking pipes leaking", "cause_dama": "insufficient maintenance equipment failure", "efforts_ma": "engaged stakeholder", "access_lim": "yes", "adaptated_": "adequate space", "accesibili": "yes", "adapted_to": "children friendly h andles lower taps", "water_avai": "no", "days_water": null, "other_days": null, "storage_wa": "yes", "total_stor": "10000.0", "duration_1": "2 4weeks", "health_pur": "no", "treatment_": null, "waterborne": "no", "waterbor_1": null, "availabi_1": "reduced water supply time increased 30mins", "challenges": "waterpoints too far waterpoints expensive", "source_coo": null, "other_so_2": null, "satisfied_": null, "methods_sa": null, "challenge_": null, "main_type_": "pit latrine slab", "other_main": null, "patientsta": "yes", "type_patie": "pit latrine slab", "other_type": null, "patients_t": "no", "total_pa_1": null, "female_pat": null, "male_patie": null, "Total_pa_2": null, "ratio_pati": null, "shared_pat": null, "patient_to": "within facility building", "patients_c": "2 4 days", "patients_s": "door walls lock solid structure", "items_pati": "water", "type_staff": "pit latrine slab", "other_ty_1": null, "staff_toil": "no", "staff_to_1": null, "female_s_1": null, "male_sta_1": null, "Total_staf": "4", "ratio_staf": null, "shared_sta": "2.0", "staff_to_2": "within facility building", "staff_hsan": "door walls lock solid structure", "staff_hcle": "2 4 days", "reason_hst": "lack of detergent", "items_staf": "water", "mixed_toil": "no", "accessible": "no", "modication": null, "septic_tan": "yes", "sludge_was": "dig another latrine", "challeng_1": "lack sanitation facilities crowded", "facility_a": "rely on less preferred", "sop_protoc": "yes", "cleaning_s": null, "cleaning_1": null, "reason_del": null, "cleaning_2": "2 4 days", "area_consu": null, "cleaning_3": "2 4 days", "rea_compou": null, "person_inc": "cleaning department", "other_pers": null, "sanitation": "13", "protective": "yes", "team_train": "Yes", "handwashin": null, "handwash_1": null, "allowed_ob": null, "water_av_1": null, "sanitizer_": null, "soap_avail": null, "water_conf": null, "sanitize_1": null, "soap_confi": null, "type_soap": null, "other_ty_2": null, "soap_sourc": null, "handwash_2": null, "other_hand": null, "handwash_3": null, "handwash_a": null, "handwash_4": null, "handwash_5": null, "access_bat": null, "num_bathin": null, "sep_bathin": null, "prob_bathi": null, "signs_prom": null, "hygiene_pr": "yes", "when_hygie": "last 30days", "kind_hygie": "visit from healthworker hygiene campaigns", "notable_be": "yes", "behavior_c": "increased washing pracises improved h andwashing techniques maintenance facilities cleanliness consumption drinking water proper disposal hygiene products reduced incidence diseases proper use toilet", "effect_dry": "water shortage increased cost lack water", "effect_rai": "flooding stagnant water affected sanitation facilities floods affected management water Infrastructure damage toilet Infrastructure damage", "wash_needs": "access to clean wataer hygiene promotion menstrual management", "actions_im": "assist building renovating advocacy awareness community led sanitation providing hygiene materials hygiene promotion campaigns community mobilization", "menstrual_": "mhm education girls mhm education girls andboys", "menstrua_1": "yes free", "type_dispo": "compost pits", "adequate_m": "No", "when_waste": "weekly", "challeng_2": "lack awareness too expensive", "other_chal": null, "staff_inch": "yes", "waste_prot": "yes", "facility_w": "no", "correct_wa": null, "how_waste_": null, "other_how_": null, "waste_segr": null, "other_wast": null, "staff_in_1": "hosptial admin", "other_staf": null, "team_waste": "13", "protecti_1": "yes", "team_tra_1": "Yes", "traces_ani": "never visible", "waste_disp": "burned on premises", "infectious": "autoclaved incinerated", "other_infe": null, "sharpswast": "buried protected pit", "other_shar": null, "duration_2": "after two-three days", "reason_nt_": null, "protocol_a": "waste nt stored premises appropriate st andards inplace collected offsite staff trained", "enumerator": "No comments", "uuid": "15113e99-0055-4c54-b7be-ced85d934d0a", "longitude": "40.1349317", "latitude": "-0.0259283", "sub_county": "Fafi Sub County", "wash_nee_1": "1", "wash_nee_2": "0", "wash_nee_3": "1", "wash_nee_4": "0", "wash_nee_5": "0", "wash_nee_6": "1", "wash_nee_7": "0", "wash_nee_8": "0", "Population": "41.0", "male_toile": "0", "female_toi": "0", "Total_male": "0.0", "Total_fema": "0.0", "host_or_re": "host", "ward": "abakaile", "area": "rural", "name_healt": "Saretho Health Centers", "Total_pa_3": "77.0", "cause_lack": null, "Total_pa_4": "0.0", "reason_pto": "lack adequate water lack of detergent", "Total_st_1": "0.0", "mixed_male": null, "Total_mixe": "0.0", "ratio_mixe": null, "mixed_to_1": null, "health_f_1": null, "mixed_hcle": null, "reason_hmi": null, "items_mixe": null, "reason_war": null, "h_andwashi": "0.0", "h_andwas_1": null, "allowed__1": null, "water_av_2": null, "sanitize_2": null, "soap_ava_1": null, "water_co_1": null, "sanitize_3": null, "soap_con_1": null, "h_andwas_2": null, "h_andwas_3": null, "h_andwash_": null, "h_andwas_4": null, "h_andwas_5": null, "signs_pr_1": "yes", "layer": "Garissa Health Facilities", "path": "C:/Users/USER/OneDrive - ACTED/Desktop/Garissa County Capacity Building - REACH/Training Materials/Modules/Training Data/Garissa HF and Schools/Garissa HF and Schools/Garissa Health Facilities.geojson", "Risk_Level": "Safe", "Distance_to_Flood_km": "8.12", "Poverty_Rate": "0.77", "Food_Poverty_Rate": "0.57", "Avg_HH_Income": "5169", "Avg_HH_Expenditure": "6177", "HH_Cash_Gap": "-1008", "Post_Assistance_Income": "13927", "Post_Assistance_Expenditure": "11092", "Post_Assistance_Surplus": "2835", "Vulnerability_Index": "0.383", "Wasting_Rate": "0.14", "marker_emoji": "🏥", "Author": "Garissa GIS Directorate — James M. Mburu", "NN_Vulnerability_Score": "0.344", "NN_Risk_Class": "Medium", "tana_buffer_zone": false }, "geometry": { "type": "Point", "coordinates": [ 40.134931700000038, -0.025928299999975 ] } },
{ "type": "Feature", "properties": { "OBJECTID": "208", "county": "garissa", "camp": null, "camp_locat": null, "health_fac": null, "level_heal": "level 2", "type_healt": "out patient", "type_hea_1": null, "type_hea_2": null, "role_healt": "community health officers", "other_role": null, "gender_res": "male", "duration_w": "Above5yrs", "male_staff": "2.0", "female_sta": "0.0", "total_num_": null, "avgnum_mal": "30", "avgnum_fem": "60", "total_nu_1": null, "total_pati": "93", "permission": "yes", "facility_d": "no water source", "other_sour": null, "main_drink": null, "facility_h": "no water source", "other_so_1": null, "main_water": null, "num_water_": null, "availabili": null, "condition_": null, "other_cond": null, "what_damag": null, "cause_dama": null, "efforts_ma": null, "access_lim": "yes", "adaptated_": "adequate space", "accesibili": "yes", "adapted_to": "children friendly h andles", "water_avai": "no", "days_water": null, "other_days": null, "storage_wa": "no", "total_stor": null, "duration_1": null, "health_pur": "yes", "treatment_": "chlorination", "waterborne": "no", "waterbor_1": null, "availabi_1": "no water facility", "challenges": "water notsource functional lack proper storage water not quality", "source_coo": null, "other_so_2": null, "satisfied_": null, "methods_sa": null, "challenge_": null, "main_type_": "pit latrine slab", "other_main": null, "patientsta": "no", "type_patie": null, "other_type": null, "patients_t": null, "total_pa_1": null, "female_pat": null, "male_patie": null, "Total_pa_2": null, "ratio_pati": null, "shared_pat": null, "patient_to": null, "patients_c": null, "patients_s": null, "items_pati": null, "type_staff": null, "other_ty_1": null, "staff_toil": null, "staff_to_1": null, "female_s_1": null, "male_sta_1": null, "Total_staf": "3", "ratio_staf": null, "shared_sta": null, "staff_to_2": null, "staff_hsan": null, "staff_hcle": null, "reason_hst": null, "items_staf": null, "mixed_toil": "no", "accessible": "no", "modication": null, "septic_tan": "no", "sludge_was": "dig another latrine openly dumped away", "challeng_1": "lack sanitation facilities not functioning facilities are unclean facilities not segregated", "facility_a": "rely on less preferred facilities further thanusual", "sop_protoc": "no", "cleaning_s": null, "cleaning_1": null, "reason_del": null, "cleaning_2": "never cleaned", "area_consu": null, "cleaning_3": "never cleaned", "rea_compou": null, "person_inc": "hospital admin", "other_pers": null, "sanitation": "0", "protective": "yes", "team_train": "No", "handwashin": null, "handwash_1": null, "allowed_ob": null, "water_av_1": null, "sanitizer_": null, "soap_avail": null, "water_conf": null, "sanitize_1": null, "soap_confi": null, "type_soap": null, "other_ty_2": null, "soap_sourc": null, "handwash_2": null, "other_hand": null, "handwash_3": null, "handwash_a": null, "handwash_4": null, "handwash_5": null, "access_bat": null, "num_bathin": null, "sep_bathin": null, "prob_bathi": null, "signs_prom": null, "hygiene_pr": "no", "when_hygie": null, "kind_hygie": null, "notable_be": null, "behavior_c": null, "effect_dry": "water shortage", "effect_rai": "water Infrastructure damage toilet Infrastructure damage flooding stagnant water", "wash_needs": "access to clean wataer sanitation facilities h andwashing facilities", "actions_im": "providing hygiene materials form WASH committees hygiene promotion campaigns", "menstrual_": "mhm materials mhm education girls mhm education girls andboys", "menstrua_1": "yes free", "type_dispo": "sanitary bins", "adequate_m": "No", "when_waste": "Daily", "challeng_2": "lack awareness inadequate bins irregular collection", "other_chal": null, "staff_inch": "no", "waste_prot": "yes", "facility_w": "yes only disposal", "correct_wa": null, "how_waste_": null, "other_how_": null, "waste_segr": null, "other_wast": null, "staff_in_1": "hosptial admin", "other_staf": null, "team_waste": "13", "protecti_1": "yes", "team_tra_1": "Yes", "traces_ani": "never visible", "waste_disp": "openly dumped premises buried away premises buried  and premises", "infectious": "burning protectedpit", "other_infe": null, "sharpswast": "burning protectedpit", "other_shar": null, "duration_2": "everyday", "reason_nt_": null, "protocol_a": "staff trained", "enumerator": "There is completely no water in this hospital", "uuid": "fccabce7-9934-4cc7-b883-7ec4ab775b82", "longitude": "40.2560546", "latitude": "-0.0146062", "sub_county": "Fafi Sub County", "wash_nee_1": "1", "wash_nee_2": "1", "wash_nee_3": "0", "wash_nee_4": "0", "wash_nee_5": "1", "wash_nee_6": "0", "wash_nee_7": "0", "wash_nee_8": "0", "Population": "47.0", "male_toile": "32", "female_toi": "60", "Total_male": "1.0", "Total_fema": "1.0", "host_or_re": "host", "ward": "dadaab dadaab", "area": "rural", "name_healt": "Bogyar Dispensaries", "Total_pa_3": "90.0", "cause_lack": null, "Total_pa_4": "0.0", "reason_pto": null, "Total_st_1": "0.0", "mixed_male": "1.0", "Total_mixe": "1.0", "ratio_mixe": "93.0", "mixed_to_1": "within facility building", "health_f_1": "door walls lock", "mixed_hcle": "never cleaned", "reason_hmi": "lack adequate water", "items_mixe": "none", "reason_war": null, "h_andwashi": "1.0", "h_andwas_1": "reception areas", "allowed__1": "allowed to see", "water_av_2": "water not available", "sanitize_2": "sanitizer not available", "soap_ava_1": "soap not available", "water_co_1": null, "sanitize_3": null, "soap_con_1": null, "h_andwas_2": "other", "h_andwas_3": "no", "h_andwash_": null, "h_andwas_4": "no", "h_andwas_5": null, "signs_pr_1": "no", "layer": "Garissa Health Facilities", "path": "C:/Users/USER/OneDrive - ACTED/Desktop/Garissa County Capacity Building - REACH/Training Materials/Modules/Training Data/Garissa HF and Schools/Garissa HF and Schools/Garissa Health Facilities.geojson", "Risk_Level": "Medium Risk", "Distance_to_Flood_km": "0.96", "Poverty_Rate": "0.77", "Food_Poverty_Rate": "0.57", "Avg_HH_Income": "5169", "Avg_HH_Expenditure": "6177", "HH_Cash_Gap": "-1008", "Post_Assistance_Income": "13927", "Post_Assistance_Expenditure": "11092", "Post_Assistance_Surplus": "2835", "Vulnerability_Index": "0.676", "Wasting_Rate": "0.14", "marker_emoji": "🏥", "Author": "Garissa GIS Directorate — James M. Mburu", "NN_Vulnerability_Score": "0.551", "NN_Risk_Class": "High", "tana_buffer_zone": false }, "geometry": { "type": "Point", "coordinates": [ 40.256054600000027, -0.014606199999946 ] } },
{ "type": "Feature", "properties": { "OBJECTID": "230", "county": "garissa", "camp": null, "camp_locat": null, "health_fac": null, "level_heal": "level 4", "type_healt": "in patient out patient", "type_hea_1": null, "type_hea_2": null, "role_healt": "health services manager", "other_role": null, "gender_res": "male", "duration_w": "Above5yrs", "male_staff": "14.0", "female_sta": "4.0", "total_num_": null, "avgnum_mal": "30", "avgnum_fem": "100", "total_nu_1": null, "total_pati": "145", "permission": "yes", "facility_d": "piped into school", "other_sour": null, "main_drink": "on premises", "facility_h": "piped into school", "other_so_1": null, "main_water": "on premises", "num_water_": null, "availabili": null, "condition_": null, "other_cond": null, "what_damag": null, "cause_dama": null, "efforts_ma": null, "access_lim": "yes", "adaptated_": "adequate space clear path without obstructions taps can be opened tap can be reached", "accesibili": "yes", "adapted_to": "children friendly h andles lower taps", "water_avai": "yes", "days_water": "Daily", "other_days": null, "storage_wa": "yes", "total_stor": "40000.0", "duration_1": "2 4weeks", "health_pur": "no", "treatment_": null, "waterborne": "no", "waterbor_1": null, "availabi_1": "reduced water supply", "challenges": "water notsource functional infrastructure damaged high consumption", "source_coo": "piped into facility", "other_so_2": null, "satisfied_": "yes", "methods_sa": null, "challenge_": "no challenge", "main_type_": "pit latrine slab", "other_main": null, "patientsta": "yes", "type_patie": "pit latrine slab", "other_type": null, "patients_t": "no", "total_pa_1": null, "female_pat": null, "male_patie": null, "Total_pa_2": null, "ratio_pati": null, "shared_pat": null, "patient_to": "within facility building", "patients_c": "Daily", "patients_s": "door walls inside light outside light", "items_pati": "water", "type_staff": "flush septic", "other_ty_1": null, "staff_toil": "yes", "staff_to_1": null, "female_s_1": "2.0", "male_sta_1": "3.0", "Total_staf": "15", "ratio_staf": "3.0", "shared_sta": "0.0", "staff_to_2": "within facility building", "staff_hsan": "door walls lock inside light outside light", "staff_hcle": "Daily", "reason_hst": null, "items_staf": "water", "mixed_toil": "no", "accessible": "no", "modication": null, "septic_tan": "yes", "sludge_was": "manually by vacuumtank", "challeng_1": "lack sanitation some groups no access community frmout using", "facility_a": "rely on communal", "sop_protoc": "yes", "cleaning_s": "Daily", "cleaning_1": "Daily", "reason_del": null, "cleaning_2": "Daily", "area_consu": null, "cleaning_3": "Daily", "rea_compou": null, "person_inc": "hospital admin", "other_pers": null, "sanitation": "1320", "protective": "yes", "team_train": "Yes", "handwashin": null, "handwash_1": null, "allowed_ob": null, "water_av_1": null, "sanitizer_": null, "soap_avail": null, "water_conf": null, "sanitize_1": null, "soap_confi": null, "type_soap": "detergent", "other_ty_2": null, "soap_sourc": "local soap maker", "handwash_2": null, "other_hand": null, "handwash_3": null, "handwash_a": null, "handwash_4": null, "handwash_5": null, "access_bat": "yes", "num_bathin": "4.0", "sep_bathin": "yes", "prob_bathi": "facilities not functioning", "signs_prom": null, "hygiene_pr": "yes", "when_hygie": "last 30days", "kind_hygie": "visit from healthworker hygiene campaigns distribute WASH materials", "notable_be": "yes", "behavior_c": "increased washing pracises proper use toilet maintenance facilities cleanliness proper disposal hygiene products", "effect_dry": "water shortage lack water", "effect_rai": "flooding stagnant water cases waterborne affected water Infrastructure damage toilet Infrastructure damage disrupted hygiene practices", "wash_needs": "hygiene promotion waste management menstrual management", "actions_im": "hygiene promotion campaigns community mobilization form WASH committees being part projects community led sanitation providing hygiene materials", "menstrual_": "bathing areas mhm materials mhm education girls andboys", "menstrua_1": "yes free", "type_dispo": "incinerators", "adequate_m": "No", "when_waste": "Daily", "challeng_2": "lack awareness inadequate bins", "other_chal": null, "staff_inch": "no", "waste_prot": "yes", "facility_w": "yes segregation disposal", "correct_wa": null, "how_waste_": null, "other_how_": null, "waste_segr": null, "other_wast": null, "staff_in_1": "cleaning department", "other_staf": null, "team_waste": "1320", "protecti_1": "yes", "team_tra_1": "Yes", "traces_ani": "never visible", "waste_disp": "collected by municipal", "infectious": "incinerated other", "other_infe": null, "sharpswast": "incinerated other", "other_shar": null, "duration_2": "after two-three days", "reason_nt_": null, "protocol_a": "waste nt stored premises appropriate st andards inplace built withst and shocks treated disposed safely staff trained", "enumerator": "The hospital compound is small  and congested", "uuid": "55b4dcf4-91ff-4fe4-beba-228209ed0e4d", "longitude": "40.3070893", "latitude": "0.0572398", "sub_county": "Dadaab Sub County", "wash_nee_1": "0", "wash_nee_2": "0", "wash_nee_3": "1", "wash_nee_4": "1", "wash_nee_5": "0", "wash_nee_6": "1", "wash_nee_7": "0", "wash_nee_8": "0", "Population": "29.0", "male_toile": "15", "female_toi": "52", "Total_male": "3.0", "Total_fema": "2.0", "host_or_re": "host", "ward": "dadaab dadaab", "area": "rural", "name_healt": "Dadaab Sub-District Hospital", "Total_pa_3": "130.0", "cause_lack": null, "Total_pa_4": "0.0", "reason_pto": null, "Total_st_1": "5.0", "mixed_male": null, "Total_mixe": "0.0", "ratio_mixe": null, "mixed_to_1": null, "health_f_1": null, "mixed_hcle": null, "reason_hmi": null, "items_mixe": null, "reason_war": null, "h_andwashi": "610.0", "h_andwas_1": "in wards consultation areas at gate", "allowed__1": "allowed to see", "water_av_2": "water available", "sanitize_2": "sanitizer available", "soap_ava_1": "soap available", "water_co_1": null, "sanitize_3": null, "soap_con_1": null, "h_andwas_2": "wards delivery room consultation room", "h_andwas_3": "yes", "h_andwash_": "wide area", "h_andwas_4": "no", "h_andwas_5": null, "signs_pr_1": "yes", "layer": "Garissa Health Facilities", "path": "C:/Users/USER/OneDrive - ACTED/Desktop/Garissa County Capacity Building - REACH/Training Materials/Modules/Training Data/Garissa HF and Schools/Garissa HF and Schools/Garissa Health Facilities.geojson", "Risk_Level": "Medium Risk", "Distance_to_Flood_km": "1.27", "Poverty_Rate": "0.78", "Food_Poverty_Rate": "0.58", "Avg_HH_Income": "5169", "Avg_HH_Expenditure": "6177", "HH_Cash_Gap": "-1008", "Post_Assistance_Income": "13927", "Post_Assistance_Expenditure": "11092", "Post_Assistance_Surplus": "2835", "Vulnerability_Index": "0.675", "Wasting_Rate": "0.17", "marker_emoji": "🏥", "Author": "Garissa GIS Directorate — James M. Mburu", "NN_Vulnerability_Score": "0.551", "NN_Risk_Class": "High", "tana_buffer_zone": false }, "geometry": { "type": "Point", "coordinates": [ 40.30708930000003, 0.057239800000048 ] } },
{ "type": "Feature", "properties": { "OBJECTID": "235", "county": "garissa", "camp": null, "camp_locat": null, "health_fac": null, "level_heal": "level 2", "type_healt": "out patient", "type_hea_1": null, "type_hea_2": null, "role_healt": "Head nurse", "other_role": null, "gender_res": "male", "duration_w": "Above5yrs", "male_staff": "1.0", "female_sta": "0.0", "total_num_": null, "avgnum_mal": "12", "avgnum_fem": "15", "total_nu_1": null, "total_pati": "29", "permission": "yes", "facility_d": "h andpumps", "other_sour": null, "main_drink": "approx 500m fromcompound", "facility_h": "tap st and", "other_so_1": null, "main_water": "on premises", "num_water_": "1.0", "availabili": "daily", "condition_": "functional without damage", "other_cond": null, "what_damag": null, "cause_dama": null, "efforts_ma": null, "access_lim": "yes", "adaptated_": "adequate space taps can be opened", "accesibili": "yes", "adapted_to": "children friendly h andles accessible water containers", "water_avai": "no", "days_water": null, "other_days": null, "storage_wa": "yes", "total_stor": "5000.0", "duration_1": "2 4weeks", "health_pur": "yes", "treatment_": "chlorination", "waterborne": "yes", "waterbor_1": "1150", "availabi_1": "water sources increased", "challenges": "insufficient waterpoints lack proper storage", "source_coo": null, "other_so_2": null, "satisfied_": null, "methods_sa": null, "challenge_": null, "main_type_": "pit latrine slab", "other_main": null, "patientsta": "no", "type_patie": null, "other_type": null, "patients_t": null, "total_pa_1": null, "female_pat": null, "male_patie": null, "Total_pa_2": null, "ratio_pati": null, "shared_pat": null, "patient_to": null, "patients_c": null, "patients_s": null, "items_pati": null, "type_staff": null, "other_ty_1": null, "staff_toil": null, "staff_to_1": null, "female_s_1": null, "male_sta_1": null, "Total_staf": "2", "ratio_staf": null, "shared_sta": null, "staff_to_2": null, "staff_hsan": null, "staff_hcle": null, "reason_hst": null, "items_staf": null, "mixed_toil": "yes", "accessible": "yes", "modication": "enough space wheelchair door wide forwheelchair door within reach", "septic_tan": "yes", "sludge_was": "openly dumped away", "challeng_1": "lack sanitation facilities not functioning", "facility_a": "rely on less preferred", "sop_protoc": "yes", "cleaning_s": null, "cleaning_1": null, "reason_del": null, "cleaning_2": "2 4 days", "area_consu": null, "cleaning_3": "2 4 days", "rea_compou": null, "person_inc": "hospital admin", "other_pers": null, "sanitation": "0", "protective": "yes", "team_train": "Yes", "handwashin": null, "handwash_1": null, "allowed_ob": null, "water_av_1": null, "sanitizer_": null, "soap_avail": null, "water_conf": null, "sanitize_1": null, "soap_confi": null, "type_soap": null, "other_ty_2": null, "soap_sourc": null, "handwash_2": null, "other_hand": null, "handwash_3": null, "handwash_a": null, "handwash_4": null, "handwash_5": null, "access_bat": null, "num_bathin": null, "sep_bathin": null, "prob_bathi": null, "signs_prom": null, "hygiene_pr": "yes", "when_hygie": "over 1 3 months", "kind_hygie": null, "notable_be": "yes", "behavior_c": "increased washing pracises proper use toilet reducing open defecation maintenance facilities cleanliness proper disposal hygiene products improved female confidence", "effect_dry": "water shortage increased cost reduced patients", "effect_rai": "cases waterborne affected", "wash_needs": "access to clean wataer h andwashing facilities sanitation facilities", "actions_im": "assist building renovating providing hygiene materials training staff", "menstrual_": "mhm education girls mhm materials", "menstrua_1": "yes free", "type_dispo": "sanitary bins", "adequate_m": "Yes in some bathrooms", "when_waste": "Daily", "challeng_2": "inadequate bins lack awareness", "other_chal": null, "staff_inch": "yes", "waste_prot": "yes", "facility_w": "yes only disposal", "correct_wa": null, "how_waste_": null, "other_how_": null, "waste_segr": null, "other_wast": null, "staff_in_1": "hosptial admin", "other_staf": null, "team_waste": "0", "protecti_1": "yes", "team_tra_1": "Yes", "traces_ani": "never visible", "waste_disp": "buried  and premises buried away premises openly dumped premises openly dumpedaway premises", "infectious": "burning protectedpit", "other_infe": null, "sharpswast": "burning protectedpit", "other_shar": null, "duration_2": "everyday", "reason_nt_": null, "protocol_a": "collected offsite staff trained", "enumerator": null, "uuid": "e0de7ab7-aff9-472f-8dd4-e2dca9b2ae90", "longitude": "40.0961984", "latitude": "0.0782581", "sub_county": "Dadaab Sub County", "wash_nee_1": "1", "wash_nee_2": "1", "wash_nee_3": "0", "wash_nee_4": "0", "wash_nee_5": "1", "wash_nee_6": "0", "wash_nee_7": "0", "wash_nee_8": "0", "Population": "5.0", "male_toile": "4", "female_toi": "5", "Total_male": "3.0", "Total_fema": "3.0", "host_or_re": "host", "ward": "abakaile", "area": "rural", "name_healt": "Abakaile Dispensary", "Total_pa_3": "27.0", "cause_lack": null, "Total_pa_4": "0.0", "reason_pto": null, "Total_st_1": "0.0", "mixed_male": "3.0", "Total_mixe": "3.0", "ratio_mixe": "9.666666667", "mixed_to_1": "within facility building", "health_f_1": "door walls lock", "mixed_hcle": "2 4 days", "reason_hmi": "lack protective clothe", "items_mixe": "water", "reason_war": null, "h_andwashi": "1.0", "h_andwas_1": "reception areas", "allowed__1": "allowed to see", "water_av_2": "water available", "sanitize_2": "sanitizer available", "soap_ava_1": "soap not available", "water_co_1": null, "sanitize_3": null, "soap_con_1": null, "h_andwas_2": "toilets more5 metres", "h_andwas_3": "yes", "h_andwash_": "wide area", "h_andwas_4": "yes", "h_andwas_5": "lower taps", "signs_pr_1": "yes", "layer": "Garissa Health Facilities", "path": "C:/Users/USER/OneDrive - ACTED/Desktop/Garissa County Capacity Building - REACH/Training Materials/Modules/Training Data/Garissa HF and Schools/Garissa HF and Schools/Garissa Health Facilities.geojson", "Risk_Level": "Safe", "Distance_to_Flood_km": "10.53", "Poverty_Rate": "0.78", "Food_Poverty_Rate": "0.58", "Avg_HH_Income": "5169", "Avg_HH_Expenditure": "6177", "HH_Cash_Gap": "-1008", "Post_Assistance_Income": "13927", "Post_Assistance_Expenditure": "11092", "Post_Assistance_Surplus": "2835", "Vulnerability_Index": "0.35", "Wasting_Rate": "0.17", "marker_emoji": "🏥", "Author": "Garissa GIS Directorate — James M. Mburu", "NN_Vulnerability_Score": "0.265", "NN_Risk_Class": "Low", "tana_buffer_zone": false }, "geometry": { "type": "Point", "coordinates": [ 40.096198400000048, 0.078258100000028 ] } },
{ "type": "Feature", "properties": { "OBJECTID": "8", "county": "garissa", "camp": "Daadab", "camp_locat": "IFO1", "health_fac": "Ifo2 Health post", "level_heal": "level 2", "type_healt": "out patient", "type_hea_1": "0.0", "type_hea_2": "1.0", "role_healt": "community health worker", "other_role": null, "gender_res": "male", "duration_w": "3 4yrs", "male_staff": "25.0", "female_sta": "10.0", "total_num_": "35.0", "avgnum_mal": "15", "avgnum_fem": "35", "total_nu_1": "50.0", "total_pati": "85", "permission": "no", "facility_d": "tap stand", "other_sour": null, "main_drink": "on premises", "facility_h": "tap stand", "other_so_1": null, "main_water": "on premises", "num_water_": "3.0", "availabili": "daily", "condition_": "functional with minor damage", "other_cond": null, "what_damag": "taps leaking", "cause_dama": "normal wear tear", "efforts_ma": "engaged stakeholder", "access_lim": "yes", "adaptated_": "non slip floor tap can be reached adequate space", "accesibili": "yes", "adapted_to": "lower taps children friendly handles", "water_avai": "yes", "days_water": "Daily", "other_days": null, "storage_wa": "yes", "total_stor": "5000.0", "duration_1": "2 4weeks", "health_pur": "no", "treatment_": null, "waterborne": "no", "waterbor_1": null, "availabi_1": "water sources increased", "challenges": "lack proper storage", "source_coo": null, "other_so_2": null, "satisfied_": null, "methods_sa": null, "challenge_": null, "main_type_": "pit latrine slab", "other_main": null, "patientsta": "yes", "type_patie": "pit latrine slab", "other_type": null, "patients_t": "yes", "total_pa_1": null, "female_pat": "3.0", "male_patie": "2.0", "Total_pa_2": "5.0", "ratio_pati": "10.0", "shared_pat": "0.0", "patient_to": "outside school building", "patients_c": "Daily", "patients_s": "walls lock door solid structure", "items_pati": "water", "type_staff": "pit latrine slab", "other_ty_1": null, "staff_toil": "yes", "staff_to_1": null, "female_s_1": "1.0", "male_sta_1": "1.0", "Total_staf": "2", "ratio_staf": "17.5", "shared_sta": "0.0", "staff_to_2": "outside school building", "staff_hsan": "door walls lock", "staff_hcle": "2 4 days", "reason_hst": "lack of detergent", "items_staf": "water", "mixed_toil": "yes", "accessible": "yes", "modication": "path without stairs", "septic_tan": "yes", "sludge_was": "dig another latrine", "challeng_1": "lack sanitation", "facility_a": "rely on communal rely on less preferred", "sop_protoc": "yes", "cleaning_s": null, "cleaning_1": null, "reason_del": null, "cleaning_2": "2 4 days", "area_consu": null, "cleaning_3": "Daily", "rea_compou": null, "person_inc": "cleaning department", "other_pers": null, "sanitation": "13", "protective": "yes", "team_train": "Yes", "handwashin": "1.0", "handwash_1": "at gate", "allowed_ob": "allowed to see", "water_av_1": "water not available", "sanitizer_": "sanitizer not available", "soap_avail": "soap not available", "water_conf": null, "sanitize_1": null, "soap_confi": null, "type_soap": null, "other_ty_2": null, "soap_sourc": null, "handwash_2": "toilets more5 metres", "other_hand": null, "handwash_3": "yes", "handwash_a": "low height taps non slip floors", "handwash_4": "yes", "handwash_5": "children friendly handles", "access_bat": null, "num_bathin": null, "sep_bathin": null, "prob_bathi": null, "signs_prom": "yes", "hygiene_pr": "yes", "when_hygie": "last 30days", "kind_hygie": "wash workshop hygiene campaigns social media", "notable_be": "yes", "behavior_c": "increased washing pracises improved handwashing techniques proper use toilet maintenance facilities cleanliness", "effect_dry": "no effect", "effect_rai": "no effect", "wash_needs": "access to clean wataer sanitation facilities hygiene promotion", "actions_im": "assist building renovating advocacy awareness", "menstrual_": "mhm education girlsandboys", "menstrua_1": "yes at cost", "type_dispo": "compost pits", "adequate_m": "No", "when_waste": "weekly", "challeng_2": "inadequate bins irregular collection", "other_chal": null, "staff_inch": "yes", "waste_prot": "yes", "facility_w": "yes only disposal", "correct_wa": "yes", "how_waste_": null, "other_how_": null, "waste_segr": null, "other_wast": null, "staff_in_1": "cleaning department", "other_staf": null, "team_waste": "13", "protecti_1": "yes", "team_tra_1": "Yes", "traces_ani": "never visible", "waste_disp": "burned on premises", "infectious": "burning protectedpit", "other_infe": null, "sharpswast": "burning protectedpit", "other_shar": null, "duration_2": "weekly 5facility day", "reason_nt_": null, "protocol_a": "built withstand shocks appropriate standards inplace", "enumerator": null, "uuid": "993b1cf4-44c0-4970-9ddb-6583f01c8f26", "longitude": "40.3243714", "latitude": "0.1103313", "sub_county": "Dadaab Sub County", "wash_nee_1": "1", "wash_nee_2": "1", "wash_nee_3": "1", "wash_nee_4": "0", "wash_nee_5": "0", "wash_nee_6": "0", "wash_nee_7": "0", "wash_nee_8": "0", "Population": "12.0", "male_toile": "13", "female_toi": "11", "Total_male": "3.0", "Total_fema": "4.0", "host_or_re": null, "ward": null, "area": null, "name_healt": null, "Total_pa_3": null, "cause_lack": null, "Total_pa_4": null, "reason_pto": null, "Total_st_1": null, "mixed_male": null, "Total_mixe": null, "ratio_mixe": null, "mixed_to_1": null, "health_f_1": null, "mixed_hcle": null, "reason_hmi": null, "items_mixe": null, "reason_war": null, "h_andwashi": null, "h_andwas_1": null, "allowed__1": null, "water_av_2": null, "sanitize_2": null, "soap_ava_1": null, "water_co_1": null, "sanitize_3": null, "soap_con_1": null, "h_andwas_2": null, "h_andwas_3": null, "h_andwash_": null, "h_andwas_4": null, "h_andwas_5": null, "signs_pr_1": null, "layer": "Camp Health Facilities", "path": "C:/Users/USER/OneDrive - ACTED/Desktop/Garissa County Capacity Building - REACH/Training Materials/Modules/Training Data/Garissa HF and Schools/Garissa HF and Schools/Camp Health Facilities.geojson", "Risk_Level": "High Risk", "Distance_to_Flood_km": "0.49", "Poverty_Rate": "0.78", "Food_Poverty_Rate": "0.58", "Avg_HH_Income": "5169", "Avg_HH_Expenditure": "6177", "HH_Cash_Gap": "-1008", "Post_Assistance_Income": "13927", "Post_Assistance_Expenditure": "11092", "Post_Assistance_Surplus": "2835", "Vulnerability_Index": "0.78", "Wasting_Rate": "0.17", "marker_emoji": "🏥", "Author": "Garissa GIS Directorate — James M. Mburu", "NN_Vulnerability_Score": "0.551", "NN_Risk_Class": "High", "tana_buffer_zone": false }, "geometry": { "type": "Point", "coordinates": [ 40.324371400000075, 0.110331300000041 ] } },
{ "type": "Feature", "properties": { "OBJECTID": "2", "county": "garissa", "camp": "Daadab", "camp_locat": "IFO1", "health_fac": "Ifo Health post", "level_heal": "level 1", "type_healt": "out patient", "type_hea_1": "0.0", "type_hea_2": "1.0", "role_healt": "community health worker", "other_role": null, "gender_res": "male", "duration_w": "Above5yrs", "male_staff": "40.0", "female_sta": "23.0", "total_num_": "63.0", "avgnum_mal": "20", "avgnum_fem": "50", "total_nu_1": "70.0", "total_pati": "133", "permission": "yes", "facility_d": "tap stand", "other_sour": null, "main_drink": "on premises", "facility_h": "tap stand", "other_so_1": null, "main_water": "on premises", "num_water_": "1.0", "availabili": "daily", "condition_": "functional without damage", "other_cond": null, "what_damag": null, "cause_dama": null, "efforts_ma": null, "access_lim": "yes", "adaptated_": "adequate space non slip floor", "accesibili": "no", "adapted_to": null, "water_avai": "yes", "days_water": "Daily", "other_days": null, "storage_wa": "no", "total_stor": null, "duration_1": null, "health_pur": "no", "treatment_": null, "waterborne": "no", "waterbor_1": null, "availabi_1": "water sources decreased flooding issues", "challenges": "no challenge", "source_coo": null, "other_so_2": null, "satisfied_": null, "methods_sa": null, "challenge_": null, "main_type_": "pit latrine slab", "other_main": null, "patientsta": "yes", "type_patie": "pit latrine slab", "other_type": null, "patients_t": "yes", "total_pa_1": null, "female_pat": "3.0", "male_patie": "3.0", "Total_pa_2": "6.0", "ratio_pati": "11.7", "shared_pat": "0.0", "patient_to": "outside school building", "patients_c": "Daily", "patients_s": "door walls lock solid structure close dwelling", "items_pati": "water", "type_staff": "pit latrine slab", "other_ty_1": null, "staff_toil": "yes", "staff_to_1": null, "female_s_1": "3.0", "male_sta_1": "3.0", "Total_staf": "6", "ratio_staf": "10.5", "shared_sta": "3.0", "staff_to_2": "outside school building", "staff_hsan": "door walls lock close dwelling", "staff_hcle": "Daily", "reason_hst": null, "items_staf": "water", "mixed_toil": "no", "accessible": "yes", "modication": "path without stairs enough space wheelchair door wide forwheelchair", "septic_tan": "yes", "sludge_was": "dig another latrine", "challeng_1": "lack sanitation", "facility_a": "rely on communal", "sop_protoc": "yes", "cleaning_s": null, "cleaning_1": null, "reason_del": null, "cleaning_2": "Daily", "area_consu": null, "cleaning_3": "Daily", "rea_compou": null, "person_inc": "cleaning department", "other_pers": null, "sanitation": "13", "protective": "yes", "team_train": "Yes", "handwashin": "25.0", "handwash_1": "at gate consultation areas", "allowed_ob": "allowed to see", "water_av_1": "water available", "sanitizer_": "sanitizer available", "soap_avail": "soap available", "water_conf": null, "sanitize_1": null, "soap_confi": null, "type_soap": "bar liquid soap", "other_ty_2": null, "soap_sourc": "ngo donation", "handwash_2": "toilets more5 metres", "other_hand": null, "handwash_3": "yes", "handwash_a": "non slip floors low height taps wide area", "handwash_4": "no", "handwash_5": null, "access_bat": null, "num_bathin": null, "sep_bathin": null, "prob_bathi": null, "signs_prom": "yes", "hygiene_pr": "yes", "when_hygie": "last 30days", "kind_hygie": "hygiene campaigns wash workshop visit from healthworker", "notable_be": "yes", "behavior_c": "increased washing pracises proper use toilet improved handwashing techniques proper disposal hygiene products", "effect_dry": "no effect", "effect_rai": "no effect", "wash_needs": "sanitation facilities waste management menstrual management", "actions_im": "assist building renovating advocacy awareness community led sanitation providing hygiene materials form WASH committees community mobilization", "menstrual_": "mhm materials", "menstrua_1": "no", "type_dispo": "compost pits", "adequate_m": "No", "when_waste": "Daily", "challeng_2": "inadequate bins", "other_chal": null, "staff_inch": "yes", "waste_prot": "yes", "facility_w": "yes only disposal", "correct_wa": "yes", "how_waste_": null, "other_how_": null, "waste_segr": null, "other_wast": null, "staff_in_1": "cleaning department", "other_staf": null, "team_waste": "13", "protecti_1": "yes", "team_tra_1": "Yes", "traces_ani": "never visible", "waste_disp": "buried and premises burned on premises", "infectious": "burning protectedpit", "other_infe": null, "sharpswast": "buried protected pit", "other_shar": null, "duration_2": "after two-three days", "reason_nt_": null, "protocol_a": "staff trained", "enumerator": null, "uuid": "c4bf8fbe-bf3a-496f-b2ce-381c3948938f", "longitude": "40.3188342", "latitude": "0.1168753", "sub_county": "Dadaab Sub County", "wash_nee_1": "0", "wash_nee_2": "1", "wash_nee_3": "0", "wash_nee_4": "1", "wash_nee_5": "0", "wash_nee_6": "1", "wash_nee_7": "0", "wash_nee_8": "0", "Population": "9.0", "male_toile": "10", "female_toi": "12", "Total_male": "6.0", "Total_fema": "6.0", "host_or_re": null, "ward": null, "area": null, "name_healt": null, "Total_pa_3": null, "cause_lack": null, "Total_pa_4": null, "reason_pto": null, "Total_st_1": null, "mixed_male": null, "Total_mixe": null, "ratio_mixe": null, "mixed_to_1": null, "health_f_1": null, "mixed_hcle": null, "reason_hmi": null, "items_mixe": null, "reason_war": null, "h_andwashi": null, "h_andwas_1": null, "allowed__1": null, "water_av_2": null, "sanitize_2": null, "soap_ava_1": null, "water_co_1": null, "sanitize_3": null, "soap_con_1": null, "h_andwas_2": null, "h_andwas_3": null, "h_andwash_": null, "h_andwas_4": null, "h_andwas_5": null, "signs_pr_1": null, "layer": "Camp Health Facilities", "path": "C:/Users/USER/OneDrive - ACTED/Desktop/Garissa County Capacity Building - REACH/Training Materials/Modules/Training Data/Garissa HF and Schools/Garissa HF and Schools/Camp Health Facilities.geojson", "Risk_Level": "Medium Risk", "Distance_to_Flood_km": "0.8", "Poverty_Rate": "0.78", "Food_Poverty_Rate": "0.58", "Avg_HH_Income": "5169", "Avg_HH_Expenditure": "6177", "HH_Cash_Gap": "-1008", "Post_Assistance_Income": "13927", "Post_Assistance_Expenditure": "11092", "Post_Assistance_Surplus": "2835", "Vulnerability_Index": "0.684", "Wasting_Rate": "0.17", "marker_emoji": "🏥", "Author": "Garissa GIS Directorate — James M. Mburu", "NN_Vulnerability_Score": "0.551", "NN_Risk_Class": "High", "tana_buffer_zone": false }, "geometry": { "type": "Point", "coordinates": [ 40.318834200000026, 0.116875300000061 ] } },
{ "type": "Feature", "properties": { "OBJECTID": "7", "county": "garissa", "camp": "Daadab", "camp_locat": "IFO1", "health_fac": "Ifo main hospital", "level_heal": "level 3", "type_healt": "in patient out patient", "type_hea_1": "1.0", "type_hea_2": "1.0", "role_healt": "community health worker", "other_role": null, "gender_res": "male", "duration_w": "3 4yrs", "male_staff": "60.0", "female_sta": "20.0", "total_num_": "80.0", "avgnum_mal": "20", "avgnum_fem": "50", "total_nu_1": "70.0", "total_pati": "150", "permission": "yes", "facility_d": "tap stand", "other_sour": null, "main_drink": "on premises", "facility_h": "tap stand", "other_so_1": null, "main_water": "on premises", "num_water_": "6.0", "availabili": "daily", "condition_": "functional without damage", "other_cond": null, "what_damag": null, "cause_dama": null, "efforts_ma": null, "access_lim": "yes", "adaptated_": "non slip floor adequate space", "accesibili": "yes", "adapted_to": "children friendly handles", "water_avai": "yes", "days_water": "Daily", "other_days": null, "storage_wa": "yes", "total_stor": "15000.0", "duration_1": "2 7day", "health_pur": "no", "treatment_": null, "waterborne": "no", "waterbor_1": null, "availabi_1": "water sources increased", "challenges": "no challenge", "source_coo": "tap stand", "other_so_2": null, "satisfied_": "yes", "methods_sa": null, "challenge_": "no challenge", "main_type_": "flush piped", "other_main": null, "patientsta": "yes", "type_patie": "pit latrine slab", "other_type": null, "patients_t": "yes", "total_pa_1": null, "female_pat": "8.0", "male_patie": "6.0", "Total_pa_2": "14.0", "ratio_pati": "5.0", "shared_pat": "0.0", "patient_to": "outside school building", "patients_c": "Daily", "patients_s": "door walls lock solid structure inside light outside light close dwelling", "items_pati": "water", "type_staff": "flush piped", "other_ty_1": null, "staff_toil": "yes", "staff_to_1": null, "female_s_1": "2.0", "male_sta_1": "2.0", "Total_staf": "4", "ratio_staf": "20.0", "shared_sta": "0.0", "staff_to_2": "within facility building", "staff_hsan": "door walls lock solid structure outside light inside light close dwelling", "staff_hcle": "Daily", "reason_hst": null, "items_staf": "water", "mixed_toil": "yes", "accessible": "yes", "modication": "path without stairs handrails enough space wheelchair", "septic_tan": "yes", "sludge_was": "dig another latrine", "challeng_1": "no problem", "facility_a": "facility no issue", "sop_protoc": "yes", "cleaning_s": "Daily", "cleaning_1": "Daily", "reason_del": null, "cleaning_2": "Daily", "area_consu": null, "cleaning_3": "Daily", "rea_compou": null, "person_inc": "cleaning department", "other_pers": null, "sanitation": "13", "protective": "yes", "team_train": "Yes", "handwashin": "25.0", "handwash_1": "near toilets in wards at gate", "allowed_ob": "allowed to see", "water_av_1": "water available", "sanitizer_": "sanitizer available", "soap_avail": "soap available", "water_conf": null, "sanitize_1": null, "soap_confi": null, "type_soap": "detergent", "other_ty_2": null, "soap_sourc": "ngo donation", "handwash_2": "health facility yard inside toilet", "other_hand": null, "handwash_3": "yes", "handwash_a": "non slip floors", "handwash_4": "yes", "handwash_5": "children friendly handles", "access_bat": "no", "num_bathin": null, "sep_bathin": "yes", "prob_bathi": "no problem", "signs_prom": "yes", "hygiene_pr": "yes", "when_hygie": "over 1 3 months", "kind_hygie": null, "notable_be": "yes", "behavior_c": "increased washing pracises improved handwashing techniques proper use toilet maintenance facilities cleanliness", "effect_dry": "no effect", "effect_rai": "no effect", "wash_needs": "waste management sanitation facilities menstrual management", "actions_im": "assist building renovating advocacy awareness community led sanitation", "menstrual_": "bathing areas mhm materials", "menstrua_1": "yes free", "type_dispo": "compost pits", "adequate_m": "Yes in some bathrooms", "when_waste": "weekly", "challeng_2": "lack awareness inadequate bins", "other_chal": null, "staff_inch": "yes", "waste_prot": "yes", "facility_w": "yes only disposal", "correct_wa": "yes", "how_waste_": null, "other_how_": null, "waste_segr": null, "other_wast": null, "staff_in_1": "cleaning department", "other_staf": null, "team_waste": "13", "protecti_1": "yes", "team_tra_1": "Yes", "traces_ani": "never visible", "waste_disp": "burned on premises", "infectious": "burning protectedpit", "other_infe": null, "sharpswast": "burning protectedpit", "other_shar": null, "duration_2": "weekly 5facility day", "reason_nt_": null, "protocol_a": "built withstand shocks staff trained", "enumerator": null, "uuid": "5aacbca2-d88b-4fe9-94ee-491c008b15a9", "longitude": "40.3107141", "latitude": "0.1255482", "sub_county": "Dadaab Sub County", "wash_nee_1": "0", "wash_nee_2": "1", "wash_nee_3": "0", "wash_nee_4": "1", "wash_nee_5": "0", "wash_nee_6": "1", "wash_nee_7": "0", "wash_nee_8": "0", "Population": "8.0", "male_toile": "10", "female_toi": "7", "Total_male": "8.0", "Total_fema": "10.0", "host_or_re": null, "ward": null, "area": null, "name_healt": null, "Total_pa_3": null, "cause_lack": null, "Total_pa_4": null, "reason_pto": null, "Total_st_1": null, "mixed_male": null, "Total_mixe": null, "ratio_mixe": null, "mixed_to_1": null, "health_f_1": null, "mixed_hcle": null, "reason_hmi": null, "items_mixe": null, "reason_war": null, "h_andwashi": null, "h_andwas_1": null, "allowed__1": null, "water_av_2": null, "sanitize_2": null, "soap_ava_1": null, "water_co_1": null, "sanitize_3": null, "soap_con_1": null, "h_andwas_2": null, "h_andwas_3": null, "h_andwash_": null, "h_andwas_4": null, "h_andwas_5": null, "signs_pr_1": null, "layer": "Camp Health Facilities", "path": "C:/Users/USER/OneDrive - ACTED/Desktop/Garissa County Capacity Building - REACH/Training Materials/Modules/Training Data/Garissa HF and Schools/Garissa HF and Schools/Camp Health Facilities.geojson", "Risk_Level": "Medium Risk", "Distance_to_Flood_km": "0.65", "Poverty_Rate": "0.78", "Food_Poverty_Rate": "0.58", "Avg_HH_Income": "5169", "Avg_HH_Expenditure": "6177", "HH_Cash_Gap": "-1008", "Post_Assistance_Income": "13927", "Post_Assistance_Expenditure": "11092", "Post_Assistance_Surplus": "2835", "Vulnerability_Index": "0.687", "Wasting_Rate": "0.17", "marker_emoji": "🏥", "Author": "Garissa GIS Directorate — James M. Mburu", "NN_Vulnerability_Score": "0.551", "NN_Risk_Class": "High", "tana_buffer_zone": false }, "geometry": { "type": "Point", "coordinates": [ 40.310714100000041, 0.125548200000026 ] } },
{ "type": "Feature", "properties": { "OBJECTID": "226", "county": "garissa", "camp": null, "camp_locat": null, "health_fac": null, "level_heal": "level 2", "type_healt": "out patient", "type_hea_1": null, "type_hea_2": null, "role_healt": "Head nurse", "other_role": null, "gender_res": "male", "duration_w": "Above5yrs", "male_staff": "2.0", "female_sta": "0.0", "total_num_": null, "avgnum_mal": "38", "avgnum_fem": "50", "total_nu_1": null, "total_pati": "91", "permission": "yes", "facility_d": "tap st and", "other_sour": null, "main_drink": "on premises", "facility_h": "tap st and", "other_so_1": null, "main_water": "on premises", "num_water_": "2.0", "availabili": "4 7 days", "condition_": "functional with minor damage", "other_cond": null, "what_damag": "taps leaking", "cause_dama": "insufficient maintenance floods", "efforts_ma": "engaged stakeholder", "access_lim": "yes", "adaptated_": "tap can be reached clear path without obstructions", "accesibili": "yes", "adapted_to": "children friendly h andles", "water_avai": "no", "days_water": null, "other_days": null, "storage_wa": "yes", "total_stor": "5000.0", "duration_1": "2 4weeks", "health_pur": "no", "treatment_": null, "waterborne": "no", "waterbor_1": null, "availabi_1": "flooding issues reduced water supply", "challenges": "waterpoints too far insufficient waterpoints waterpoints expensive", "source_coo": null, "other_so_2": null, "satisfied_": null, "methods_sa": null, "challenge_": null, "main_type_": "pit latrine slab", "other_main": null, "patientsta": "yes", "type_patie": "pit latrine slab", "other_type": null, "patients_t": "no", "total_pa_1": null, "female_pat": null, "male_patie": null, "Total_pa_2": null, "ratio_pati": null, "shared_pat": null, "patient_to": "within facility building", "patients_c": "2 4 days", "patients_s": "door walls solid structure lock", "items_pati": "water", "type_staff": "pit latrine slab", "other_ty_1": null, "staff_toil": "yes", "staff_to_1": null, "female_s_1": "0.0", "male_sta_1": "2.0", "Total_staf": "3", "ratio_staf": "1.5", "shared_sta": "0.0", "staff_to_2": "within facility building", "staff_hsan": "door walls lock", "staff_hcle": "2 4 days", "reason_hst": "lack appropriate materials", "items_staf": "water", "mixed_toil": "no", "accessible": "no", "modication": null, "septic_tan": "yes", "sludge_was": "dig another latrine", "challeng_1": "facilities crowded lack sanitation", "facility_a": "rely on less preferred", "sop_protoc": "yes", "cleaning_s": null, "cleaning_1": null, "reason_del": null, "cleaning_2": "2 4 days", "area_consu": null, "cleaning_3": "Daily", "rea_compou": null, "person_inc": "cleaning department", "other_pers": null, "sanitation": "13", "protective": "yes", "team_train": "Yes", "handwashin": null, "handwash_1": null, "allowed_ob": null, "water_av_1": null, "sanitizer_": null, "soap_avail": null, "water_conf": null, "sanitize_1": null, "soap_confi": null, "type_soap": null, "other_ty_2": null, "soap_sourc": null, "handwash_2": null, "other_hand": null, "handwash_3": null, "handwash_a": null, "handwash_4": null, "handwash_5": null, "access_bat": null, "num_bathin": null, "sep_bathin": null, "prob_bathi": null, "signs_prom": null, "hygiene_pr": "yes", "when_hygie": "over 1 3 months", "kind_hygie": null, "notable_be": "yes", "behavior_c": "improved h andwashing techniques proper use toilet proper disposal hygiene products", "effect_dry": "increased cost lack water", "effect_rai": "affected sanitation facilities cases waterborne affected water Infrastructure damage", "wash_needs": "sanitation facilities access to clean wataer menstrual management", "actions_im": "assist building renovating providing hygiene materials being part projects hygiene promotion campaigns", "menstrual_": "mhm education girls mhm education girls andboys", "menstrua_1": "no", "type_dispo": "compost pits", "adequate_m": "No", "when_waste": "weekly", "challeng_2": "inadequate bins", "other_chal": null, "staff_inch": "yes", "waste_prot": "yes", "facility_w": "yes only disposal", "correct_wa": null, "how_waste_": null, "other_how_": null, "waste_segr": null, "other_wast": null, "staff_in_1": "hosptial admin", "other_staf": null, "team_waste": "13", "protecti_1": "yes", "team_tra_1": "Yes", "traces_ani": "never visible", "waste_disp": "burned on premises", "infectious": "disposal off site", "other_infe": null, "sharpswast": "disposal off site", "other_shar": null, "duration_2": "after two-three days", "reason_nt_": null, "protocol_a": "waste nt stored premises appropriate st andards inplace staff trained", "enumerator": "No", "uuid": "f2a18173-7478-451e-8f0b-6bd225c6e873", "longitude": "40.2896593", "latitude": "0.1705623", "sub_county": "Dadaab Sub County", "wash_nee_1": "1", "wash_nee_2": "1", "wash_nee_3": "0", "wash_nee_4": "0", "wash_nee_5": "0", "wash_nee_6": "1", "wash_nee_7": "0", "wash_nee_8": "0", "Population": "46.0", "male_toile": "20", "female_toi": "0", "Total_male": "2.0", "Total_fema": "0.0", "host_or_re": "host", "ward": "labisigale", "area": "rural", "name_healt": "Labasigale Health Centre", "Total_pa_3": "88.0", "cause_lack": null, "Total_pa_4": "0.0", "reason_pto": "lack protective clothe lack appropriate materials lack of detergent", "Total_st_1": "2.0", "mixed_male": null, "Total_mixe": "0.0", "ratio_mixe": null, "mixed_to_1": null, "health_f_1": null, "mixed_hcle": null, "reason_hmi": null, "items_mixe": null, "reason_war": null, "h_andwashi": "1.0", "h_andwas_1": "Near lab station", "allowed__1": "allowed to see", "water_av_2": "water available", "sanitize_2": "sanitizer not available", "soap_ava_1": "soap not available", "water_co_1": null, "sanitize_3": null, "soap_con_1": null, "h_andwas_2": "toilets more5 metres", "h_andwas_3": "yes", "h_andwash_": "wide area", "h_andwas_4": "yes", "h_andwas_5": "lower taps", "signs_pr_1": "yes", "layer": "Garissa Health Facilities", "path": "C:/Users/USER/OneDrive - ACTED/Desktop/Garissa County Capacity Building - REACH/Training Materials/Modules/Training Data/Garissa HF and Schools/Garissa HF and Schools/Garissa Health Facilities.geojson", "Risk_Level": "Low Risk", "Distance_to_Flood_km": "1.89", "Poverty_Rate": "0.78", "Food_Poverty_Rate": "0.58", "Avg_HH_Income": "5169", "Avg_HH_Expenditure": "6177", "HH_Cash_Gap": "-1008", "Post_Assistance_Income": "13927", "Post_Assistance_Expenditure": "11092", "Post_Assistance_Surplus": "2835", "Vulnerability_Index": "0.602", "Wasting_Rate": "0.17", "marker_emoji": "🏥", "Author": "Garissa GIS Directorate — James M. Mburu", "NN_Vulnerability_Score": "0.551", "NN_Risk_Class": "High", "tana_buffer_zone": false }, "geometry": { "type": "Point", "coordinates": [ 40.289659300000039, 0.170562300000029 ] } },
{ "type": "Feature", "properties": { "OBJECTID": "248", "county": "garissa", "camp": null, "camp_locat": null, "health_fac": null, "level_heal": "level 3", "type_healt": "in patient out patient", "type_hea_1": null, "type_hea_2": null, "role_healt": "clinical officer", "other_role": null, "gender_res": "male", "duration_w": "Above5yrs", "male_staff": null, "female_sta": "0.0", "total_num_": null, "avgnum_mal": "15", "avgnum_fem": "20", "total_nu_1": null, "total_pati": "36", "permission": "yes", "facility_d": "Borehole", "other_sour": null, "main_drink": "approx 500m fromcompound", "facility_h": "Borehole", "other_so_1": null, "main_water": "approx 200m fromcompound", "num_water_": null, "availabili": null, "condition_": null, "other_cond": null, "what_damag": null, "cause_dama": null, "efforts_ma": null, "access_lim": "no", "adaptated_": null, "accesibili": "no", "adapted_to": null, "water_avai": "yes", "days_water": "Daily", "other_days": null, "storage_wa": "yes", "total_stor": "23000.0", "duration_1": "2 4weeks", "health_pur": "no", "treatment_": null, "waterborne": "no", "waterbor_1": null, "availabi_1": "no change", "challenges": "lack proper storage", "source_coo": "tap st and", "other_so_2": null, "satisfied_": "yes", "methods_sa": null, "challenge_": "lack storage facility", "main_type_": "pit latrine slab", "other_main": null, "patientsta": "yes", "type_patie": "pit latrine slab", "other_type": null, "patients_t": "yes", "total_pa_1": null, "female_pat": "2.0", "male_patie": "4.0", "Total_pa_2": null, "ratio_pati": "5.833333333", "shared_pat": "0.0", "patient_to": "within facility building", "patients_c": "Daily", "patients_s": "door walls lock", "items_pati": "water", "type_staff": "pit latrine slab", "other_ty_1": null, "staff_toil": "no", "staff_to_1": null, "female_s_1": null, "male_sta_1": null, "Total_staf": "1", "ratio_staf": null, "shared_sta": "6.0", "staff_to_2": "within facility building", "staff_hsan": "door lock walls", "staff_hcle": "Daily", "reason_hst": null, "items_staf": "water", "mixed_toil": "yes", "accessible": "no", "modication": null, "septic_tan": "yes", "sludge_was": "dig another latrine", "challeng_1": "facilities difficult toreach lack sanitation", "facility_a": "rely on less preferred facilities further thanusual", "sop_protoc": "yes", "cleaning_s": "Daily", "cleaning_1": "Daily", "reason_del": null, "cleaning_2": "Daily", "area_consu": null, "cleaning_3": "Daily", "rea_compou": null, "person_inc": "cleaning department", "other_pers": null, "sanitation": "13", "protective": "yes", "team_train": "Yes", "handwashin": null, "handwash_1": null, "allowed_ob": null, "water_av_1": null, "sanitizer_": null, "soap_avail": null, "water_conf": null, "sanitize_1": null, "soap_confi": null, "type_soap": null, "other_ty_2": null, "soap_sourc": null, "handwash_2": null, "other_hand": null, "handwash_3": null, "handwash_a": null, "handwash_4": null, "handwash_5": null, "access_bat": "no", "num_bathin": null, "sep_bathin": "no", "prob_bathi": "lack bathing facilities facilites not segregated disable no access", "signs_prom": null, "hygiene_pr": "yes", "when_hygie": "over 1 3 months", "kind_hygie": null, "notable_be": "yes", "behavior_c": "increased washing pracises proper use toilet maintenance facilities cleanliness", "effect_dry": "water shortage lack water infrastructure damage raised water quality health concerns", "effect_rai": "water Infrastructure damage disrupted hygiene practices cases waterborne affected", "wash_needs": "waste management h andwashing facilities infrastructure", "actions_im": "advocacy awareness hygiene promotion campaigns community mobilization form WASH committees", "menstrual_": "mhm education girls andboys", "menstrua_1": "no", "type_dispo": "incinerators", "adequate_m": "Yes in some bathrooms", "when_waste": "Daily", "challeng_2": "inadequate bins", "other_chal": null, "staff_inch": "no", "waste_prot": "yes", "facility_w": "yes segregation disposal", "correct_wa": null, "how_waste_": null, "other_how_": null, "waste_segr": null, "other_wast": null, "staff_in_1": "cleaning department", "other_staf": null, "team_waste": "13", "protecti_1": "yes", "team_tra_1": "Yes", "traces_ani": "never visible", "waste_disp": "burned on premises", "infectious": "dumping without treatment", "other_infe": null, "sharpswast": "dumping without treatment", "other_shar": null, "duration_2": "after two-three days", "reason_nt_": null, "protocol_a": "staff trained", "enumerator": null, "uuid": "3e12e7e8-9f48-4c6d-bd2a-fdd71e4fe8bc", "longitude": "39.7982023", "latitude": "0.272584", "sub_county": "Lagdera Sub County", "wash_nee_1": "0", "wash_nee_2": "0", "wash_nee_3": "0", "wash_nee_4": "1", "wash_nee_5": "1", "wash_nee_6": "0", "wash_nee_7": "0", "wash_nee_8": "1", "Population": "3.0", "male_toile": "4", "female_toi": "10", "Total_male": "4.0", "Total_fema": "2.0", "host_or_re": "host", "ward": "dertu", "area": "rural", "name_healt": "Dertu Health Centre", "Total_pa_3": "35.0", "cause_lack": null, "Total_pa_4": "6.0", "reason_pto": null, "Total_st_1": "0.0", "mixed_male": null, "Total_mixe": "0.0", "ratio_mixe": null, "mixed_to_1": null, "health_f_1": null, "mixed_hcle": null, "reason_hmi": null, "items_mixe": null, "reason_war": null, "h_andwashi": "1.0", "h_andwas_1": "consultation areas", "allowed__1": "allowed to see", "water_av_2": "water available", "sanitize_2": "sanitizer available", "soap_ava_1": "soap not available", "water_co_1": null, "sanitize_3": null, "soap_con_1": null, "h_andwas_2": "toilets 5metres fromtoilet", "h_andwas_3": "no", "h_andwash_": null, "h_andwas_4": "yes", "h_andwas_5": "children friendly h andles lower taps", "signs_pr_1": "yes", "layer": "Garissa Health Facilities", "path": "C:/Users/USER/OneDrive - ACTED/Desktop/Garissa County Capacity Building - REACH/Training Materials/Modules/Training Data/Garissa HF and Schools/Garissa HF and Schools/Garissa Health Facilities.geojson", "Risk_Level": "High Risk", "Distance_to_Flood_km": "0.54", "Poverty_Rate": "0.8", "Food_Poverty_Rate": "0.6", "Avg_HH_Income": "5169", "Avg_HH_Expenditure": "6177", "HH_Cash_Gap": "-1008", "Post_Assistance_Income": "13927", "Post_Assistance_Expenditure": "11092", "Post_Assistance_Surplus": "2835", "Vulnerability_Index": "0.789", "Wasting_Rate": "0.16", "marker_emoji": "🏥", "Author": "Garissa GIS Directorate — James M. Mburu", "NN_Vulnerability_Score": "0.551", "NN_Risk_Class": "High", "tana_buffer_zone": false }, "geometry": { "type": "Point", "coordinates": [ 39.798202300000071, 0.272584 ] } },
{ "type": "Feature", "properties": { "OBJECTID": "224", "county": "garissa", "camp": null, "camp_locat": null, "health_fac": null, "level_heal": "level 2", "type_healt": "out patient", "type_hea_1": null, "type_hea_2": null, "role_healt": "Head nurse", "other_role": null, "gender_res": "male", "duration_w": "Above5yrs", "male_staff": "2.0", "female_sta": "0.0", "total_num_": null, "avgnum_mal": "52", "avgnum_fem": "29", "total_nu_1": null, "total_pati": "84", "permission": "yes", "facility_d": "tap st and", "other_sour": null, "main_drink": "on premises", "facility_h": "tap st and", "other_so_1": null, "main_water": "on premises", "num_water_": "2.0", "availabili": "daily", "condition_": "functional with minor damage", "other_cond": null, "what_damag": "taps leaking", "cause_dama": "insufficient maintenance", "efforts_ma": "did assesment engaged stakeholder", "access_lim": "yes", "adaptated_": "clear path without obstructions taps can be opened", "accesibili": "yes", "adapted_to": "child proof features children friendly h andles", "water_avai": "yes", "days_water": "3 weeks", "other_days": null, "storage_wa": "yes", "total_stor": "5000.0", "duration_1": "2 4weeks", "health_pur": "no", "treatment_": null, "waterborne": "yes", "waterbor_1": "110", "availabi_1": "reduced water supply time decreased 30mins", "challenges": "waterpoints too far insufficient waterpoints waterpoints expensive", "source_coo": null, "other_so_2": null, "satisfied_": null, "methods_sa": null, "challenge_": null, "main_type_": "pit latrine slab", "other_main": null, "patientsta": "yes", "type_patie": "pit latrine slab", "other_type": null, "patients_t": "no", "total_pa_1": null, "female_pat": null, "male_patie": null, "Total_pa_2": null, "ratio_pati": null, "shared_pat": null, "patient_to": "within facility building", "patients_c": "2 4 days", "patients_s": "door walls lock proper drainage", "items_pati": "water", "type_staff": "pit latrine slab", "other_ty_1": null, "staff_toil": "no", "staff_to_1": null, "female_s_1": null, "male_sta_1": null, "Total_staf": "3", "ratio_staf": null, "shared_sta": "1.0", "staff_to_2": "within facility building", "staff_hsan": "door walls lock", "staff_hcle": "2 4 days", "reason_hst": "lack adequate water", "items_staf": "water", "mixed_toil": "no", "accessible": "no", "modication": null, "septic_tan": "yes", "sludge_was": "dig another latrine", "challeng_1": "facilities crowded facilities not functioning lack sanitation facilities difficult toreach", "facility_a": "rely on less preferred", "sop_protoc": "yes", "cleaning_s": null, "cleaning_1": null, "reason_del": null, "cleaning_2": "2 4 days", "area_consu": null, "cleaning_3": "Daily", "rea_compou": null, "person_inc": "cleaning department", "other_pers": null, "sanitation": "13", "protective": "no", "team_train": "Yes", "handwashin": null, "handwash_1": null, "allowed_ob": null, "water_av_1": null, "sanitizer_": null, "soap_avail": null, "water_conf": null, "sanitize_1": null, "soap_confi": null, "type_soap": null, "other_ty_2": null, "soap_sourc": null, "handwash_2": null, "other_hand": null, "handwash_3": null, "handwash_a": null, "handwash_4": null, "handwash_5": null, "access_bat": null, "num_bathin": null, "sep_bathin": null, "prob_bathi": null, "signs_prom": null, "hygiene_pr": "yes", "when_hygie": "over 1 3 months", "kind_hygie": null, "notable_be": "yes", "behavior_c": "increased washing pracises maintenance facilities cleanliness consumption drinking water proper disposal hygiene products better menstrual mangmt practices", "effect_dry": "water shortage increased patients infrastructure damage", "effect_rai": "floods affected management water Infrastructure damage toilet Infrastructure damage", "wash_needs": "hygiene promotion sanitation facilities menstrual management", "actions_im": "assist building renovating community led sanitation hygiene promotion campaigns providing hygiene materials form WASH committees", "menstrual_": "mhm education girls mhm education girls andboys", "menstrua_1": "no", "type_dispo": "compost pits", "adequate_m": "No", "when_waste": "monthly", "challeng_2": "lack awareness inadequate bins site disposal far", "other_chal": null, "staff_inch": "yes", "waste_prot": "yes", "facility_w": "no", "correct_wa": null, "how_waste_": null, "other_how_": null, "waste_segr": null, "other_wast": null, "staff_in_1": "cleaning department", "other_staf": null, "team_waste": "13", "protecti_1": "yes", "team_tra_1": "Yes", "traces_ani": "never visible", "waste_disp": "burned on premises", "infectious": "disposal off site", "other_infe": null, "sharpswast": "disposal off site", "other_shar": null, "duration_2": "weekly 5facility day", "reason_nt_": null, "protocol_a": "collected offsite treated disposed safely staff trained", "enumerator": "No comments", "uuid": "6dbe0ae6-30df-4b80-b288-29d60ead2f90", "longitude": "40.5278676", "latitude": "0.2023784", "sub_county": "Dadaab Sub County", "wash_nee_1": "0", "wash_nee_2": "1", "wash_nee_3": "1", "wash_nee_4": "0", "wash_nee_5": "0", "wash_nee_6": "1", "wash_nee_7": "0", "wash_nee_8": "0", "Population": "84.0", "male_toile": "0", "female_toi": "0", "Total_male": "0.0", "Total_fema": "0.0", "host_or_re": "host", "ward": "liboi", "area": "rural", "name_healt": "Maleyley Dispensary", "Total_pa_3": "81.0", "cause_lack": null, "Total_pa_4": "0.0", "reason_pto": "lack protective clothe lack appropriate materials lack of detergent", "Total_st_1": "0.0", "mixed_male": null, "Total_mixe": "0.0", "ratio_mixe": null, "mixed_to_1": null, "health_f_1": null, "mixed_hcle": null, "reason_hmi": null, "items_mixe": null, "reason_war": null, "h_andwashi": "0.0", "h_andwas_1": null, "allowed__1": null, "water_av_2": null, "sanitize_2": null, "soap_ava_1": null, "water_co_1": null, "sanitize_3": null, "soap_con_1": null, "h_andwas_2": null, "h_andwas_3": null, "h_andwash_": null, "h_andwas_4": null, "h_andwas_5": null, "signs_pr_1": "yes", "layer": "Garissa Health Facilities", "path": "C:/Users/USER/OneDrive - ACTED/Desktop/Garissa County Capacity Building - REACH/Training Materials/Modules/Training Data/Garissa HF and Schools/Garissa HF and Schools/Garissa Health Facilities.geojson", "Risk_Level": "Medium Risk", "Distance_to_Flood_km": "0.67", "Poverty_Rate": "0.78", "Food_Poverty_Rate": "0.58", "Avg_HH_Income": "5169", "Avg_HH_Expenditure": "6177", "HH_Cash_Gap": "-1008", "Post_Assistance_Income": "13927", "Post_Assistance_Expenditure": "11092", "Post_Assistance_Surplus": "2835", "Vulnerability_Index": "0.687", "Wasting_Rate": "0.17", "marker_emoji": "🏥", "Author": "Garissa GIS Directorate — James M. Mburu", "NN_Vulnerability_Score": "0.551", "NN_Risk_Class": "High", "tana_buffer_zone": false }, "geometry": { "type": "Point", "coordinates": [ 40.527867600000036, 0.202378400000043 ] } },
{ "type": "Feature", "properties": { "OBJECTID": "221", "county": "garissa", "camp": null, "camp_locat": null, "health_fac": null, "level_heal": "level 3", "type_healt": "in patient out patient", "type_hea_1": null, "type_hea_2": null, "role_healt": "Head nurse", "other_role": null, "gender_res": "male", "duration_w": "1 2yrs", "male_staff": "5.0", "female_sta": "2.0", "total_num_": null, "avgnum_mal": "25", "avgnum_fem": "30", "total_nu_1": null, "total_pati": "61", "permission": "yes", "facility_d": "tap st and", "other_sour": null, "main_drink": "on premises", "facility_h": "piped into school", "other_so_1": null, "main_water": "on premises", "num_water_": "1.0", "availabili": "4 7 days", "condition_": "functional with minor damage", "other_cond": null, "what_damag": "pipes leaking", "cause_dama": "normal wear tear", "efforts_ma": "did assesment", "access_lim": "no", "adaptated_": null, "accesibili": "yes", "adapted_to": "children friendly h andles", "water_avai": "yes", "days_water": "Daily", "other_days": null, "storage_wa": "yes", "total_stor": "20000.0", "duration_1": "more than one month", "health_pur": "yes", "treatment_": "water guard", "waterborne": "yes", "waterbor_1": "110", "availabi_1": "no change", "challenges": "waterpoints expensive", "source_coo": "tap st and", "other_so_2": null, "satisfied_": "yes", "methods_sa": null, "challenge_": "no challenge", "main_type_": "flush septic", "other_main": null, "patientsta": "no", "type_patie": null, "other_type": null, "patients_t": null, "total_pa_1": null, "female_pat": null, "male_patie": null, "Total_pa_2": null, "ratio_pati": null, "shared_pat": null, "patient_to": null, "patients_c": null, "patients_s": null, "items_pati": null, "type_staff": null, "other_ty_1": null, "staff_toil": null, "staff_to_1": null, "female_s_1": null, "male_sta_1": null, "Total_staf": "6", "ratio_staf": null, "shared_sta": null, "staff_to_2": null, "staff_hsan": null, "staff_hcle": null, "reason_hst": null, "items_staf": null, "mixed_toil": "no", "accessible": "no", "modication": null, "septic_tan": "yes", "sludge_was": "treated on site", "challeng_1": "lack sanitation facilities not functioning personsdisability noaccess", "facility_a": "facility no issue", "sop_protoc": "yes", "cleaning_s": "Daily", "cleaning_1": "Daily", "reason_del": null, "cleaning_2": "Daily", "area_consu": null, "cleaning_3": "Daily", "rea_compou": null, "person_inc": "hospital admin", "other_pers": null, "sanitation": "13", "protective": "yes", "team_train": "Yes", "handwashin": null, "handwash_1": null, "allowed_ob": null, "water_av_1": null, "sanitizer_": null, "soap_avail": null, "water_conf": null, "sanitize_1": null, "soap_confi": null, "type_soap": "bar liquid soap", "other_ty_2": null, "soap_sourc": "ngo donation", "handwash_2": null, "other_hand": null, "handwash_3": null, "handwash_a": null, "handwash_4": null, "handwash_5": null, "access_bat": "yes", "num_bathin": "2.0", "sep_bathin": "yes", "prob_bathi": "facilities not functioning", "signs_prom": null, "hygiene_pr": "yes", "when_hygie": "last 30days", "kind_hygie": "hygiene campaigns visit from healthworker distribute WASH materials", "notable_be": "yes", "behavior_c": "increased washing pracises proper use toilet maintenance facilities cleanliness reduced incidence diseases", "effect_dry": "increased patients health concerns", "effect_rai": "floods affected management cases waterborne affected toilet Infrastructure damage", "wash_needs": "waste management accessibility inclusivity sanitation facilities", "actions_im": "assist building renovating form WASH committees community mobilization hygiene promotion campaigns providing hygiene materials training staff", "menstrual_": "mhm materials", "menstrua_1": "no", "type_dispo": "disposal bags incinerators", "adequate_m": "No", "when_waste": "Daily", "challeng_2": "lack awareness inadequate bins", "other_chal": null, "staff_inch": "no", "waste_prot": "yes", "facility_w": "yes segregation disposal", "correct_wa": null, "how_waste_": null, "other_how_": null, "waste_segr": null, "other_wast": null, "staff_in_1": "Nurse", "other_staf": null, "team_waste": "13", "protecti_1": "yes", "team_tra_1": "Yes", "traces_ani": "never visible", "waste_disp": "burned on premises", "infectious": "incinerated other", "other_infe": null, "sharpswast": "incinerated other", "other_shar": null, "duration_2": "biweekly", "reason_nt_": "lack adequate water", "protocol_a": "staff trained", "enumerator": "Solar panel  not working facility  hospital need new water storage tank", "uuid": "d43b1221-1890-4139-a68a-34e429cbc527", "longitude": "40.6441853", "latitude": "0.2189502", "sub_county": "Dadaab Sub County", "wash_nee_1": "0", "wash_nee_2": "1", "wash_nee_3": "0", "wash_nee_4": "1", "wash_nee_5": "0", "wash_nee_6": "0", "wash_nee_7": "1", "wash_nee_8": "0", "Population": "15.0", "male_toile": "15", "female_toi": "16", "Total_male": "2.0", "Total_fema": "2.0", "host_or_re": "host", "ward": "liboi", "area": "rural", "name_healt": "Kulan Health Centre", "Total_pa_3": "55.0", "cause_lack": null, "Total_pa_4": "0.0", "reason_pto": null, "Total_st_1": "0.0", "mixed_male": "2.0", "Total_mixe": "2.0", "ratio_mixe": "30.5", "mixed_to_1": "within facility building", "health_f_1": "door walls inside light segregated toilets", "mixed_hcle": "Daily", "reason_hmi": null, "items_mixe": "water", "reason_war": null, "h_andwashi": "25.0", "h_andwas_1": "near toilets in wards at gate", "allowed__1": "allowed to see", "water_av_2": "water available", "sanitize_2": "sanitizer available", "soap_ava_1": "soap available", "water_co_1": null, "sanitize_3": null, "soap_con_1": null, "h_andwas_2": "inside toilet wards", "h_andwas_3": "no", "h_andwash_": null, "h_andwas_4": "no", "h_andwas_5": null, "signs_pr_1": "yes", "layer": "Garissa Health Facilities", "path": "C:/Users/USER/OneDrive - ACTED/Desktop/Garissa County Capacity Building - REACH/Training Materials/Modules/Training Data/Garissa HF and Schools/Garissa HF and Schools/Garissa Health Facilities.geojson", "Risk_Level": "High Risk", "Distance_to_Flood_km": "0.55", "Poverty_Rate": "0.78", "Food_Poverty_Rate": "0.58", "Avg_HH_Income": "5169", "Avg_HH_Expenditure": "6177", "HH_Cash_Gap": "-1008", "Post_Assistance_Income": "13927", "Post_Assistance_Expenditure": "11092", "Post_Assistance_Surplus": "2835", "Vulnerability_Index": "0.779", "Wasting_Rate": "0.17", "marker_emoji": "🏥", "Author": "Garissa GIS Directorate — James M. Mburu", "NN_Vulnerability_Score": "0.551", "NN_Risk_Class": "High", "tana_buffer_zone": false }, "geometry": { "type": "Point", "coordinates": [ 40.644185300000061, 0.218950200000052 ] } },
{ "type": "Feature", "properties": { "OBJECTID": "218", "county": "garissa", "camp": null, "camp_locat": null, "health_fac": null, "level_heal": "level 3", "type_healt": "out patient", "type_hea_1": null, "type_hea_2": null, "role_healt": "Head nurse", "other_role": null, "gender_res": "male", "duration_w": "Above5yrs", "male_staff": "3.0", "female_sta": "2.0", "total_num_": null, "avgnum_mal": "30", "avgnum_fem": "25", "total_nu_1": null, "total_pati": "59", "permission": "yes", "facility_d": "temporary stream", "other_sour": null, "main_drink": "on premises", "facility_h": "piped into school", "other_so_1": null, "main_water": "on premises", "num_water_": null, "availabili": null, "condition_": null, "other_cond": null, "what_damag": null, "cause_dama": null, "efforts_ma": null, "access_lim": "no", "adaptated_": null, "accesibili": "no", "adapted_to": null, "water_avai": "yes", "days_water": "Daily", "other_days": null, "storage_wa": "yes", "total_stor": "20000.0", "duration_1": "more than one month", "health_pur": "no", "treatment_": null, "waterborne": "no", "waterbor_1": null, "availabi_1": "flooding issues", "challenges": "no challenge", "source_coo": "tap st and", "other_so_2": null, "satisfied_": "yes", "methods_sa": null, "challenge_": "no challenge", "main_type_": "pit latrine slab", "other_main": null, "patientsta": "yes", "type_patie": "pit latrine slab", "other_type": null, "patients_t": "yes", "total_pa_1": null, "female_pat": "1.0", "male_patie": "2.0", "Total_pa_2": null, "ratio_pati": "18.33333333", "shared_pat": "0.0", "patient_to": "within facility building", "patients_c": "Daily", "patients_s": "door walls lock", "items_pati": "water", "type_staff": "pit latrine slab", "other_ty_1": null, "staff_toil": "no", "staff_to_1": null, "female_s_1": null, "male_sta_1": null, "Total_staf": "4", "ratio_staf": null, "shared_sta": "1.0", "staff_to_2": "within facility building", "staff_hsan": "door walls lock inside light outside light", "staff_hcle": "Daily", "reason_hst": null, "items_staf": "water", "mixed_toil": "no", "accessible": "no", "modication": null, "septic_tan": "yes", "sludge_was": "Toilet", "challeng_1": "no problem", "facility_a": "facility no issue", "sop_protoc": "yes", "cleaning_s": "Daily", "cleaning_1": "Daily", "reason_del": null, "cleaning_2": "Daily", "area_consu": null, "cleaning_3": "Daily", "rea_compou": null, "person_inc": "hospital admin", "other_pers": null, "sanitation": "13", "protective": "yes", "team_train": "Yes", "handwashin": null, "handwash_1": null, "allowed_ob": null, "water_av_1": null, "sanitizer_": null, "soap_avail": null, "water_conf": null, "sanitize_1": null, "soap_confi": null, "type_soap": "bar liquid soap", "other_ty_2": null, "soap_sourc": "Retailer", "handwash_2": null, "other_hand": null, "handwash_3": null, "handwash_a": null, "handwash_4": null, "handwash_5": null, "access_bat": null, "num_bathin": null, "sep_bathin": null, "prob_bathi": null, "signs_prom": null, "hygiene_pr": "yes", "when_hygie": "over 1year ago", "kind_hygie": null, "notable_be": "yes", "behavior_c": "increased washing pracises improved h andwashing techniques proper use toilet reducing open defecation maintenance facilities cleanliness consumption drinking water proper disposal hygiene products reduced incidence diseases better menstrual mangmt pract", "effect_dry": "no effect", "effect_rai": "flooding stagnant water floods affected management", "wash_needs": "infrastructure waste management h andwashing facilities", "actions_im": "assist building renovating form WASH committees volunteer in renovation providing hygiene materials hygiene promotion campaigns community mobilization", "menstrual_": "mhm materials", "menstrua_1": "no", "type_dispo": "compost pits", "adequate_m": "No", "when_waste": "Daily", "challeng_2": "lack awareness", "other_chal": null, "staff_inch": "no", "waste_prot": "yes", "facility_w": "yes segregation disposal", "correct_wa": null, "how_waste_": null, "other_how_": null, "waste_segr": null, "other_wast": null, "staff_in_1": "Facility incharge", "other_staf": null, "team_waste": "13", "protecti_1": "yes", "team_tra_1": "Yes", "traces_ani": "never visible", "waste_disp": "burned on premises", "infectious": "burning protectedpit", "other_infe": null, "sharpswast": "burning protectedpit", "other_shar": null, "duration_2": "everyday", "reason_nt_": null, "protocol_a": "waste nt stored premises appropriate st andards inplace collected offsite treated disposed safely staff trained built withst and shocks", "enumerator": null, "uuid": "a8a7e3ed-0159-47cd-8fba-aca231e9ed18", "longitude": "40.8728308", "latitude": "0.3523563", "sub_county": "Dadaab Sub County", "wash_nee_1": "0", "wash_nee_2": "0", "wash_nee_3": "0", "wash_nee_4": "1", "wash_nee_5": "1", "wash_nee_6": "0", "wash_nee_7": "0", "wash_nee_8": "1", "Population": "15.0", "male_toile": "17", "female_toi": "27", "Total_male": "2.0", "Total_fema": "1.0", "host_or_re": "host", "ward": "liboi", "area": "rural", "name_healt": "Liboi Health Centre", "Total_pa_3": "55.0", "cause_lack": null, "Total_pa_4": "3.0", "reason_pto": null, "Total_st_1": "0.0", "mixed_male": null, "Total_mixe": "0.0", "ratio_mixe": null, "mixed_to_1": null, "health_f_1": null, "mixed_hcle": null, "reason_hmi": null, "items_mixe": null, "reason_war": null, "h_andwashi": "25.0", "h_andwas_1": "consultation areas", "allowed__1": "allowed to see", "water_av_2": "water available", "sanitize_2": "sanitizer available", "soap_ava_1": "soap available", "water_co_1": null, "sanitize_3": null, "soap_con_1": null, "h_andwas_2": "delivery room", "h_andwas_3": "no", "h_andwash_": null, "h_andwas_4": "no", "h_andwas_5": null, "signs_pr_1": "no", "layer": "Garissa Health Facilities", "path": "C:/Users/USER/OneDrive - ACTED/Desktop/Garissa County Capacity Building - REACH/Training Materials/Modules/Training Data/Garissa HF and Schools/Garissa HF and Schools/Garissa Health Facilities.geojson", "Risk_Level": "High Risk", "Distance_to_Flood_km": "0.04", "Poverty_Rate": "0.78", "Food_Poverty_Rate": "0.58", "Avg_HH_Income": "5169", "Avg_HH_Expenditure": "6177", "HH_Cash_Gap": "-1008", "Post_Assistance_Income": "13927", "Post_Assistance_Expenditure": "11092", "Post_Assistance_Surplus": "2835", "Vulnerability_Index": "0.789", "Wasting_Rate": "0.17", "marker_emoji": "🏥", "Author": "Garissa GIS Directorate — James M. Mburu", "NN_Vulnerability_Score": "0.551", "NN_Risk_Class": "High", "tana_buffer_zone": false }, "geometry": { "type": "Point", "coordinates": [ 40.872830800000031, 0.352356300000054 ] } },
{ "type": "Feature", "properties": { "OBJECTID": "239", "county": "garissa", "camp": null, "camp_locat": null, "health_fac": null, "level_heal": "level 2", "type_healt": "out patient", "type_hea_1": null, "type_hea_2": null, "role_healt": "Head nurse", "other_role": null, "gender_res": "male", "duration_w": "1 2yrs", "male_staff": "2.0", "female_sta": "1.0", "total_num_": null, "avgnum_mal": "25", "avgnum_fem": "30", "total_nu_1": null, "total_pati": "58", "permission": "yes", "facility_d": "tanker trucks", "other_sour": null, "main_drink": "on premises", "facility_h": "tanker trucks", "other_so_1": null, "main_water": "on premises", "num_water_": null, "availabili": null, "condition_": null, "other_cond": null, "what_damag": null, "cause_dama": null, "efforts_ma": null, "access_lim": "no", "adaptated_": null, "accesibili": "no", "adapted_to": null, "water_avai": "no", "days_water": null, "other_days": null, "storage_wa": "yes", "total_stor": "10000.0", "duration_1": "2 4weeks", "health_pur": "yes", "treatment_": "chlorination", "waterborne": "yes", "waterbor_1": "1150", "availabi_1": "water sources increased", "challenges": "waterpoints too far children no access insufficient waterpoints", "source_coo": null, "other_so_2": null, "satisfied_": null, "methods_sa": null, "challenge_": null, "main_type_": "pit latrine slab", "other_main": null, "patientsta": "no", "type_patie": null, "other_type": null, "patients_t": null, "total_pa_1": null, "female_pat": null, "male_patie": null, "Total_pa_2": null, "ratio_pati": null, "shared_pat": null, "patient_to": null, "patients_c": null, "patients_s": null, "items_pati": null, "type_staff": null, "other_ty_1": null, "staff_toil": null, "staff_to_1": null, "female_s_1": null, "male_sta_1": null, "Total_staf": "3", "ratio_staf": null, "shared_sta": null, "staff_to_2": null, "staff_hsan": null, "staff_hcle": null, "reason_hst": null, "items_staf": null, "mixed_toil": "no", "accessible": "no", "modication": null, "septic_tan": "no", "sludge_was": "dig another latrine", "challeng_1": "lack sanitation facilities not segregated facilities difficult toreach community frmout using", "facility_a": "rely on less preferred", "sop_protoc": "yes", "cleaning_s": null, "cleaning_1": null, "reason_del": null, "cleaning_2": "Daily", "area_consu": null, "cleaning_3": "never cleaned", "rea_compou": null, "person_inc": "Head nurse", "other_pers": null, "sanitation": "13", "protective": "no", "team_train": "No", "handwashin": null, "handwash_1": null, "allowed_ob": null, "water_av_1": null, "sanitizer_": null, "soap_avail": null, "water_conf": null, "sanitize_1": null, "soap_confi": null, "type_soap": null, "other_ty_2": null, "soap_sourc": null, "handwash_2": null, "other_hand": null, "handwash_3": null, "handwash_a": null, "handwash_4": null, "handwash_5": null, "access_bat": null, "num_bathin": null, "sep_bathin": null, "prob_bathi": null, "signs_prom": null, "hygiene_pr": "yes", "when_hygie": "last 30days", "kind_hygie": "visit from healthworker", "notable_be": "yes", "behavior_c": "increased washing pracises consumption drinking water proper disposal hygiene products reduced incidence diseases", "effect_dry": "water shortage", "effect_rai": "increased water supply", "wash_needs": "access to clean wataer h andwashing facilities infrastructure", "actions_im": "assist building renovating", "menstrual_": "none above", "menstrua_1": "no", "type_dispo": "compost pits", "adequate_m": "No", "when_waste": "dont know", "challeng_2": "inadequate bins lack awareness", "other_chal": null, "staff_inch": "no", "waste_prot": "no", "facility_w": "yes only disposal", "correct_wa": null, "how_waste_": null, "other_how_": null, "waste_segr": null, "other_wast": null, "staff_in_1": "Head nurse", "other_staf": null, "team_waste": "13", "protecti_1": "no", "team_tra_1": "No", "traces_ani": "never visible", "waste_disp": "burned on premises", "infectious": "burning protectedpit", "other_infe": null, "sharpswast": "burning protectedpit", "other_shar": null, "duration_2": "everyday", "reason_nt_": null, "protocol_a": "waste nt stored premises", "enumerator": null, "uuid": "bd6d0c39-bc07-49a6-a658-d67c7ae21254", "longitude": "39.4979587", "latitude": "-0.0306024", "sub_county": "Garissa Sub County", "wash_nee_1": "1", "wash_nee_2": "0", "wash_nee_3": "0", "wash_nee_4": "0", "wash_nee_5": "1", "wash_nee_6": "0", "wash_nee_7": "0", "wash_nee_8": "1", "Population": "29.0", "male_toile": "27", "female_toi": "31", "Total_male": "1.0", "Total_fema": "1.0", "host_or_re": "host", "ward": "sankuri", "area": "rural", "name_healt": "Shimbirey Dispensary", "Total_pa_3": "55.0", "cause_lack": null, "Total_pa_4": "0.0", "reason_pto": null, "Total_st_1": "0.0", "mixed_male": "1.0", "Total_mixe": "1.0", "ratio_mixe": "58.0", "mixed_to_1": "outside school building", "health_f_1": "door walls lock solid structure", "mixed_hcle": "2 4 days", "reason_hmi": "lack adequate water", "items_mixe": "none", "reason_war": null, "h_andwashi": "0.0", "h_andwas_1": null, "allowed__1": null, "water_av_2": null, "sanitize_2": null, "soap_ava_1": null, "water_co_1": null, "sanitize_3": null, "soap_con_1": null, "h_andwas_2": null, "h_andwas_3": null, "h_andwash_": null, "h_andwas_4": null, "h_andwas_5": null, "signs_pr_1": "no", "layer": "Garissa Health Facilities", "path": "C:/Users/USER/OneDrive - ACTED/Desktop/Garissa County Capacity Building - REACH/Training Materials/Modules/Training Data/Garissa HF and Schools/Garissa HF and Schools/Garissa Health Facilities.geojson", "Risk_Level": "Safe", "Distance_to_Flood_km": "15.47", "Poverty_Rate": "0.48", "Food_Poverty_Rate": "0.35", "Avg_HH_Income": "5169", "Avg_HH_Expenditure": "6177", "HH_Cash_Gap": "-1008", "Post_Assistance_Income": "13927", "Post_Assistance_Expenditure": "11092", "Post_Assistance_Surplus": "2835", "Vulnerability_Index": "0.214", "Wasting_Rate": "0.1", "marker_emoji": "🏥", "Author": "Garissa GIS Directorate — James M. Mburu", "NN_Vulnerability_Score": "0.083", "NN_Risk_Class": "Safe", "tana_buffer_zone": false }, "geometry": { "type": "Point", "coordinates": [ 39.497958700000027, -0.030602399999964 ] } },
{ "type": "Feature", "properties": { "OBJECTID": "211", "county": "garissa", "camp": null, "camp_locat": null, "health_fac": null, "level_heal": "level 3", "type_healt": "out patient", "type_hea_1": null, "type_hea_2": null, "role_healt": "Laboratory officer", "other_role": null, "gender_res": "male", "duration_w": "Above5yrs", "male_staff": "5.0", "female_sta": "1.0", "total_num_": null, "avgnum_mal": "15", "avgnum_fem": "30", "total_nu_1": null, "total_pati": "51", "permission": "yes", "facility_d": "surface water", "other_sour": null, "main_drink": "morethan 500m fromcompound", "facility_h": "surface water", "other_so_1": null, "main_water": "approx 500m fromcompound", "num_water_": null, "availabili": null, "condition_": null, "other_cond": null, "what_damag": null, "cause_dama": null, "efforts_ma": null, "access_lim": "no", "adaptated_": null, "accesibili": "no", "adapted_to": null, "water_avai": "no", "days_water": null, "other_days": null, "storage_wa": "yes", "total_stor": "5000.0", "duration_1": "2 4weeks", "health_pur": "yes", "treatment_": "chlorination", "waterborne": "no", "waterbor_1": null, "availabi_1": "water sources increased", "challenges": "waterpoints too far disabled unable accesswaterpoints children no access insufficient access", "source_coo": "surface water", "other_so_2": null, "satisfied_": "no", "methods_sa": "chlorination", "challenge_": "limited access water contamination water", "main_type_": "pit latrine slab", "other_main": null, "patientsta": "no", "type_patie": null, "other_type": null, "patients_t": null, "total_pa_1": null, "female_pat": null, "male_patie": null, "Total_pa_2": null, "ratio_pati": null, "shared_pat": null, "patient_to": null, "patients_c": null, "patients_s": null, "items_pati": null, "type_staff": null, "other_ty_1": null, "staff_toil": null, "staff_to_1": null, "female_s_1": null, "male_sta_1": null, "Total_staf": "6", "ratio_staf": null, "shared_sta": null, "staff_to_2": null, "staff_hsan": null, "staff_hcle": null, "reason_hst": null, "items_staf": null, "mixed_toil": "no", "accessible": "no", "modication": null, "septic_tan": "no", "sludge_was": "treated on site", "challeng_1": "lack sanitation facilities crowded facilities not segregated", "facility_a": "rely on less preferred", "sop_protoc": "no", "cleaning_s": "dont know", "cleaning_1": "2 4 days", "reason_del": null, "cleaning_2": "2 4 days", "area_consu": null, "cleaning_3": "2 4 days", "rea_compou": null, "person_inc": "hospital admin", "other_pers": null, "sanitation": "13", "protective": "no", "team_train": "Yes", "handwashin": null, "handwash_1": null, "allowed_ob": null, "water_av_1": null, "sanitizer_": null, "soap_avail": null, "water_conf": null, "sanitize_1": null, "soap_confi": null, "type_soap": "bar liquid soap", "other_ty_2": null, "soap_sourc": "Retailer", "handwash_2": null, "other_hand": null, "handwash_3": null, "handwash_a": null, "handwash_4": null, "handwash_5": null, "access_bat": null, "num_bathin": null, "sep_bathin": null, "prob_bathi": null, "signs_prom": null, "hygiene_pr": "yes", "when_hygie": "over 1 3 months", "kind_hygie": null, "notable_be": "yes", "behavior_c": "increased washing pracises improved h andwashing techniques proper use toilet reducing open defecation", "effect_dry": "increased patients water shortage", "effect_rai": "increased water supply affected sanitation facilities flooding stagnant water", "wash_needs": "sanitation facilities access to clean wataer menstrual management", "actions_im": "community led sanitation providing hygiene materials hygiene promotion campaigns", "menstrual_": "mhm materials", "menstrua_1": "yes free", "type_dispo": "sanitary bins", "adequate_m": "No", "when_waste": "weekly", "challeng_2": "inadequate bins irregular collection", "other_chal": null, "staff_inch": "no", "waste_prot": "no", "facility_w": "yes segregation disposal", "correct_wa": null, "how_waste_": null, "other_how_": null, "waste_segr": null, "other_wast": null, "staff_in_1": "Public health officer", "other_staf": null, "team_waste": "13", "protecti_1": "yes", "team_tra_1": "Yes", "traces_ani": "never visible", "waste_disp": "buried  and premises", "infectious": "burning protectedpit", "other_infe": null, "sharpswast": "disposal off site", "other_shar": null, "duration_2": "weekly 5facility day", "reason_nt_": null, "protocol_a": "waste nt stored premises appropriate st andards inplace", "enumerator": null, "uuid": "4183006b-427e-4a26-b844-fd645ed0d3b4", "longitude": "38.7405066", "latitude": "0.0068137", "sub_county": "Balambala Sub County", "wash_nee_1": "1", "wash_nee_2": "1", "wash_nee_3": "0", "wash_nee_4": "0", "wash_nee_5": "0", "wash_nee_6": "1", "wash_nee_7": "0", "wash_nee_8": "0", "Population": "26.0", "male_toile": "0", "female_toi": "16", "Total_male": "0.0", "Total_fema": "2.0", "host_or_re": "host", "ward": "danyere", "area": "rural", "name_healt": "Danyere Health Centre", "Total_pa_3": "45.0", "cause_lack": null, "Total_pa_4": "0.0", "reason_pto": null, "Total_st_1": "0.0", "mixed_male": "0.0", "Total_mixe": "0.0", "ratio_mixe": null, "mixed_to_1": "outside school building", "health_f_1": "door lock walls", "mixed_hcle": "2 4 days", "reason_hmi": "lack adequate water", "items_mixe": "none", "reason_war": null, "h_andwashi": "1.0", "h_andwas_1": "consultation areas", "allowed__1": "allowed to see", "water_av_2": "water not available", "sanitize_2": "sanitizer available", "soap_ava_1": "soap available", "water_co_1": null, "sanitize_3": null, "soap_con_1": null, "h_andwas_2": "consultation room", "h_andwas_3": "yes", "h_andwash_": "low height taps", "h_andwas_4": "no", "h_andwas_5": null, "signs_pr_1": "yes", "layer": "Garissa Health Facilities", "path": "C:/Users/USER/OneDrive - ACTED/Desktop/Garissa County Capacity Building - REACH/Training Materials/Modules/Training Data/Garissa HF and Schools/Garissa HF and Schools/Garissa Health Facilities.geojson", "Risk_Level": "Safe", "Distance_to_Flood_km": "12.07", "Poverty_Rate": "0.82", "Food_Poverty_Rate": "0.62", "Avg_HH_Income": "5169", "Avg_HH_Expenditure": "6177", "HH_Cash_Gap": "-1008", "Post_Assistance_Income": "13927", "Post_Assistance_Expenditure": "11092", "Post_Assistance_Surplus": "2835", "Vulnerability_Index": "0.37", "Wasting_Rate": "0.15", "marker_emoji": "🏥", "Author": "Garissa GIS Directorate — James M. Mburu", "NN_Vulnerability_Score": "0.224", "NN_Risk_Class": "Low", "tana_buffer_zone": false }, "geometry": { "type": "Point", "coordinates": [ 38.74050660000006, 0.006813700000066 ] } },
{ "type": "Feature", "properties": { "OBJECTID": "240", "county": "garissa", "camp": null, "camp_locat": null, "health_fac": null, "level_heal": "level 2", "type_healt": "out patient", "type_hea_1": null, "type_hea_2": null, "role_healt": "Head nurse", "other_role": null, "gender_res": "male", "duration_w": "3 4yrs", "male_staff": "1.0", "female_sta": "0.0", "total_num_": null, "avgnum_mal": "13", "avgnum_fem": "9", "total_nu_1": null, "total_pati": "24", "permission": "yes", "facility_d": "surface water", "other_sour": null, "main_drink": "approx 50m fromcompound", "facility_h": "surface water", "other_so_1": null, "main_water": "approx 50m fromcompound", "num_water_": null, "availabili": null, "condition_": null, "other_cond": null, "what_damag": null, "cause_dama": null, "efforts_ma": null, "access_lim": "no", "adaptated_": null, "accesibili": "no", "adapted_to": null, "water_avai": "yes", "days_water": "2 weeks", "other_days": null, "storage_wa": "yes", "total_stor": "10000.0", "duration_1": "2 7day", "health_pur": "yes", "treatment_": "chlorination", "waterborne": "yes", "waterbor_1": "110", "availabi_1": "water sources decreased", "challenges": "children no access disabled unable accesswaterpoints", "source_coo": null, "other_so_2": null, "satisfied_": null, "methods_sa": null, "challenge_": null, "main_type_": "pit latrine without slab", "other_main": null, "patientsta": "no", "type_patie": null, "other_type": null, "patients_t": null, "total_pa_1": null, "female_pat": null, "male_patie": null, "Total_pa_2": null, "ratio_pati": null, "shared_pat": null, "patient_to": null, "patients_c": null, "patients_s": null, "items_pati": null, "type_staff": null, "other_ty_1": null, "staff_toil": null, "staff_to_1": null, "female_s_1": null, "male_sta_1": null, "Total_staf": "2", "ratio_staf": null, "shared_sta": null, "staff_to_2": null, "staff_hsan": null, "staff_hcle": null, "reason_hst": null, "items_staf": null, "mixed_toil": "no", "accessible": "no", "modication": null, "septic_tan": "yes", "sludge_was": "dig another latrine", "challeng_1": "lack sanitation facilities crowded", "facility_a": "rely on less preferred", "sop_protoc": "no", "cleaning_s": null, "cleaning_1": null, "reason_del": null, "cleaning_2": "Daily", "area_consu": null, "cleaning_3": "2 4 days", "rea_compou": null, "person_inc": "hospital admin", "other_pers": null, "sanitation": "0", "protective": "no", "team_train": "Yes", "handwashin": null, "handwash_1": null, "allowed_ob": null, "water_av_1": null, "sanitizer_": null, "soap_avail": null, "water_conf": null, "sanitize_1": null, "soap_confi": null, "type_soap": null, "other_ty_2": null, "soap_sourc": null, "handwash_2": null, "other_hand": null, "handwash_3": null, "handwash_a": null, "handwash_4": null, "handwash_5": null, "access_bat": null, "num_bathin": null, "sep_bathin": null, "prob_bathi": null, "signs_prom": null, "hygiene_pr": "yes", "when_hygie": "last 30days", "kind_hygie": "hygiene campaigns visit from healthworker", "notable_be": "yes", "behavior_c": "proper use toilet reducing open defecation", "effect_dry": "increased patients", "effect_rai": "toilet Infrastructure damage", "wash_needs": "access to clean wataer sanitation facilities h andwashing facilities", "actions_im": "training staff form WASH committees community mobilization", "menstrual_": "none above", "menstrua_1": "no", "type_dispo": "compost pits", "adequate_m": "No", "when_waste": "Daily", "challeng_2": "lack awareness inadequate bins too expensive", "other_chal": null, "staff_inch": "no", "waste_prot": "no", "facility_w": "no", "correct_wa": null, "how_waste_": null, "other_how_": null, "waste_segr": null, "other_wast": null, "staff_in_1": "none", "other_staf": null, "team_waste": "0", "protecti_1": "no", "team_tra_1": "No", "traces_ani": "never visible", "waste_disp": "buried away premises", "infectious": "burning protectedpit", "other_infe": null, "sharpswast": "burning protectedpit", "other_shar": null, "duration_2": "everyday", "reason_nt_": null, "protocol_a": "waste nt stored premises", "enumerator": null, "uuid": "8fb2aeba-f22c-4507-8d65-6c79992d6a3f", "longitude": "39.6550107", "latitude": "0.0488224", "sub_county": "Dadaab Sub County", "wash_nee_1": "1", "wash_nee_2": "1", "wash_nee_3": "0", "wash_nee_4": "0", "wash_nee_5": "1", "wash_nee_6": "0", "wash_nee_7": "0", "wash_nee_8": "0", "Population": "12.0", "male_toile": "14", "female_toi": "9", "Total_male": "1.0", "Total_fema": "1.0", "host_or_re": "host", "ward": "sankuri", "area": "rural", "name_healt": "Abdisamad Dispensary", "Total_pa_3": "22.0", "cause_lack": "lack adquate storage lack sufficient water", "Total_pa_4": "0.0", "reason_pto": null, "Total_st_1": "0.0", "mixed_male": "1.0", "Total_mixe": "1.0", "ratio_mixe": "24.0", "mixed_to_1": "outside school building", "health_f_1": "walls door", "mixed_hcle": "2 4 days", "reason_hmi": "lack adequate water", "items_mixe": "water", "reason_war": null, "h_andwashi": "1.0", "h_andwas_1": "at gate", "allowed__1": "allowed to see", "water_av_2": "water not available", "sanitize_2": "sanitizer not available", "soap_ava_1": "soap not available", "water_co_1": null, "sanitize_3": null, "soap_con_1": null, "h_andwas_2": "toilets 5metres fromtoilet", "h_andwas_3": "no", "h_andwash_": null, "h_andwas_4": "no", "h_andwas_5": null, "signs_pr_1": "yes", "layer": "Garissa Health Facilities", "path": "C:/Users/USER/OneDrive - ACTED/Desktop/Garissa County Capacity Building - REACH/Training Materials/Modules/Training Data/Garissa HF and Schools/Garissa HF and Schools/Garissa Health Facilities.geojson", "Risk_Level": "Safe", "Distance_to_Flood_km": "8.81", "Poverty_Rate": "0.78", "Food_Poverty_Rate": "0.58", "Avg_HH_Income": "5169", "Avg_HH_Expenditure": "6177", "HH_Cash_Gap": "-1008", "Post_Assistance_Income": "13927", "Post_Assistance_Expenditure": "11092", "Post_Assistance_Surplus": "2835", "Vulnerability_Index": "0.374", "Wasting_Rate": "0.17", "marker_emoji": "🏥", "Author": "Garissa GIS Directorate — James M. Mburu", "NN_Vulnerability_Score": "0.324", "NN_Risk_Class": "Medium", "tana_buffer_zone": false }, "geometry": { "type": "Point", "coordinates": [ 39.655010700000048, 0.048822400000063 ] } },
{ "type": "Feature", "properties": { "OBJECTID": "220", "county": "garissa", "camp": null, "camp_locat": null, "health_fac": null, "level_heal": "level 3", "type_healt": "out patient", "type_hea_1": null, "type_hea_2": null, "role_healt": "community health worker", "other_role": null, "gender_res": "male", "duration_w": "Above5yrs", "male_staff": "3.0", "female_sta": "0.0", "total_num_": null, "avgnum_mal": "20", "avgnum_fem": "40", "total_nu_1": null, "total_pati": "64", "permission": "yes", "facility_d": "h andpumps", "other_sour": null, "main_drink": "approx 200m fromcompound", "facility_h": "h andpumps", "other_so_1": null, "main_water": "approx 200m fromcompound", "num_water_": "0.0", "availabili": "2 3 days", "condition_": null, "other_cond": null, "what_damag": null, "cause_dama": null, "efforts_ma": null, "access_lim": "no", "adaptated_": null, "accesibili": "no", "adapted_to": null, "water_avai": "yes", "days_water": "2 weeks", "other_days": null, "storage_wa": "yes", "total_stor": "10000.0", "duration_1": "2 4weeks", "health_pur": "yes", "treatment_": "chlorination", "waterborne": "no", "waterbor_1": null, "availabi_1": "water sources increased", "challenges": "waterpoints too far insufficient waterpoints irregular water supply", "source_coo": "h andpumps", "other_so_2": null, "satisfied_": "yes", "methods_sa": null, "challenge_": "irregular water supply infrastructure issues", "main_type_": "pit latrine slab", "other_main": null, "patientsta": "no", "type_patie": null, "other_type": null, "patients_t": null, "total_pa_1": null, "female_pat": null, "male_patie": null, "Total_pa_2": null, "ratio_pati": null, "shared_pat": null, "patient_to": null, "patients_c": null, "patients_s": null, "items_pati": null, "type_staff": null, "other_ty_1": null, "staff_toil": null, "staff_to_1": null, "female_s_1": null, "male_sta_1": null, "Total_staf": "4", "ratio_staf": null, "shared_sta": null, "staff_to_2": null, "staff_hsan": null, "staff_hcle": null, "reason_hst": null, "items_staf": null, "mixed_toil": "yes", "accessible": "no", "modication": null, "septic_tan": "no", "sludge_was": "dig another latrine", "challeng_1": "facilities not private facilities are unclean facilities not segregated", "facility_a": "rely on less preferred", "sop_protoc": "no", "cleaning_s": "dont know", "cleaning_1": "2 4 days", "reason_del": null, "cleaning_2": "Daily", "area_consu": null, "cleaning_3": "2 4 days", "rea_compou": null, "person_inc": "clinical officer", "other_pers": null, "sanitation": "13", "protective": "no", "team_train": "No", "handwashin": null, "handwash_1": null, "allowed_ob": null, "water_av_1": null, "sanitizer_": null, "soap_avail": null, "water_conf": null, "sanitize_1": null, "soap_confi": null, "type_soap": null, "other_ty_2": null, "soap_sourc": null, "handwash_2": null, "other_hand": null, "handwash_3": null, "handwash_a": null, "handwash_4": null, "handwash_5": null, "access_bat": null, "num_bathin": null, "sep_bathin": null, "prob_bathi": null, "signs_prom": null, "hygiene_pr": "no", "when_hygie": null, "kind_hygie": null, "notable_be": null, "behavior_c": null, "effect_dry": "increased cost lack water", "effect_rai": "increased water supply", "wash_needs": "access to clean wataer sanitation facilities menstrual management", "actions_im": "providing hygiene materials assist building renovating", "menstrual_": "none above", "menstrua_1": "yes free", "type_dispo": "sanitary bins", "adequate_m": "No", "when_waste": "weekly", "challeng_2": "too expensive inadequate bins lack awareness", "other_chal": null, "staff_inch": "no", "waste_prot": "yes", "facility_w": "yes segregation disposal", "correct_wa": null, "how_waste_": null, "other_how_": null, "waste_segr": null, "other_wast": null, "staff_in_1": "Nurse", "other_staf": null, "team_waste": "13", "protecti_1": "no", "team_tra_1": "No", "traces_ani": "never visible", "waste_disp": "buried  and premises", "infectious": "burning protectedpit", "other_infe": null, "sharpswast": "buried protected pit", "other_shar": null, "duration_2": "after two-three days", "reason_nt_": null, "protocol_a": "appropriate st andards inplace", "enumerator": null, "uuid": "b7dc7ab0-9630-4cb2-8b65-3d0dad7fb865", "longitude": "38.8963421", "latitude": "0.1835189", "sub_county": "Balambala Sub County", "wash_nee_1": "1", "wash_nee_2": "1", "wash_nee_3": "0", "wash_nee_4": "0", "wash_nee_5": "0", "wash_nee_6": "1", "wash_nee_7": "0", "wash_nee_8": "0", "Population": "16.0", "male_toile": "12", "female_toi": "20", "Total_male": "2.0", "Total_fema": "2.0", "host_or_re": "host", "ward": "danyere", "area": "rural", "name_healt": "Libahlow Dispensary", "Total_pa_3": "60.0", "cause_lack": "water infrastructure damaged", "Total_pa_4": "0.0", "reason_pto": null, "Total_st_1": "0.0", "mixed_male": "2.0", "Total_mixe": "2.0", "ratio_mixe": "32.0", "mixed_to_1": "outside school building", "health_f_1": "walls proper drainage", "mixed_hcle": "2 4 days", "reason_hmi": "lack adequate water", "items_mixe": "none", "reason_war": null, "h_andwashi": "1.0", "h_andwas_1": "consultation areas", "allowed__1": "allowed to see", "water_av_2": "water not available", "sanitize_2": "sanitizer not available", "soap_ava_1": "soap not available", "water_co_1": null, "sanitize_3": null, "soap_con_1": null, "h_andwas_2": "consultation room", "h_andwas_3": "no", "h_andwash_": null, "h_andwas_4": "yes", "h_andwas_5": "lower taps", "signs_pr_1": "no", "layer": "Garissa Health Facilities", "path": "C:/Users/USER/OneDrive - ACTED/Desktop/Garissa County Capacity Building - REACH/Training Materials/Modules/Training Data/Garissa HF and Schools/Garissa HF and Schools/Garissa Health Facilities.geojson", "Risk_Level": "Safe", "Distance_to_Flood_km": "23.21", "Poverty_Rate": "0.82", "Food_Poverty_Rate": "0.62", "Avg_HH_Income": "5169", "Avg_HH_Expenditure": "6177", "HH_Cash_Gap": "-1008", "Post_Assistance_Income": "13927", "Post_Assistance_Expenditure": "11092", "Post_Assistance_Surplus": "2835", "Vulnerability_Index": "0.37", "Wasting_Rate": "0.15", "marker_emoji": "🏥", "Author": "Garissa GIS Directorate — James M. Mburu", "NN_Vulnerability_Score": "0.15", "NN_Risk_Class": "Low", "tana_buffer_zone": false }, "geometry": { "type": "Point", "coordinates": [ 38.896342100000027, 0.183518900000024 ] } },
{ "type": "Feature", "properties": { "OBJECTID": "236", "county": "garissa", "camp": null, "camp_locat": null, "health_fac": null, "level_heal": "level 3", "type_healt": "out patient", "type_hea_1": null, "type_hea_2": null, "role_healt": "Head nurse", "other_role": null, "gender_res": "male", "duration_w": "1 2yrs", "male_staff": "4.0", "female_sta": "0.0", "total_num_": null, "avgnum_mal": "25", "avgnum_fem": "40", "total_nu_1": null, "total_pati": "70", "permission": "yes", "facility_d": "tanker trucks", "other_sour": null, "main_drink": "approx 500m fromcompound", "facility_h": "tanker trucks", "other_so_1": null, "main_water": "morethan 500m fromcompound", "num_water_": null, "availabili": null, "condition_": null, "other_cond": null, "what_damag": null, "cause_dama": null, "efforts_ma": null, "access_lim": "no", "adaptated_": null, "accesibili": "no", "adapted_to": null, "water_avai": "yes", "days_water": "1 week", "other_days": null, "storage_wa": "yes", "total_stor": "30000.0", "duration_1": "2 4weeks", "health_pur": "yes", "treatment_": "chlorination", "waterborne": "no", "waterbor_1": null, "availabi_1": "water sources increased", "challenges": "disabled unable accesswaterpoints waterpoints too far insufficient waterpoints", "source_coo": "tanker trucks", "other_so_2": null, "satisfied_": "no", "methods_sa": "chlorination", "challenge_": "limited access water contamination water", "main_type_": "pit latrine slab", "other_main": null, "patientsta": "no", "type_patie": null, "other_type": null, "patients_t": null, "total_pa_1": null, "female_pat": null, "male_patie": null, "Total_pa_2": null, "ratio_pati": null, "shared_pat": null, "patient_to": null, "patients_c": null, "patients_s": null, "items_pati": null, "type_staff": null, "other_ty_1": null, "staff_toil": null, "staff_to_1": null, "female_s_1": null, "male_sta_1": null, "Total_staf": "5", "ratio_staf": null, "shared_sta": null, "staff_to_2": null, "staff_hsan": null, "staff_hcle": null, "reason_hst": null, "items_staf": null, "mixed_toil": "no", "accessible": "no", "modication": null, "septic_tan": "no", "sludge_was": "dig another latrine", "challeng_1": "lack sanitation facilities are unclean", "facility_a": "rely on less preferred", "sop_protoc": "no", "cleaning_s": "dont know", "cleaning_1": "Daily", "reason_del": null, "cleaning_2": "Daily", "area_consu": null, "cleaning_3": "2 4 days", "rea_compou": null, "person_inc": "hospital admin", "other_pers": null, "sanitation": "13", "protective": "yes", "team_train": "No", "handwashin": null, "handwash_1": null, "allowed_ob": null, "water_av_1": null, "sanitizer_": null, "soap_avail": null, "water_conf": null, "sanitize_1": null, "soap_confi": null, "type_soap": null, "other_ty_2": null, "soap_sourc": null, "handwash_2": null, "other_hand": null, "handwash_3": null, "handwash_a": null, "handwash_4": null, "handwash_5": null, "access_bat": null, "num_bathin": null, "sep_bathin": null, "prob_bathi": null, "signs_prom": null, "hygiene_pr": "no", "when_hygie": null, "kind_hygie": null, "notable_be": null, "behavior_c": null, "effect_dry": "water shortage", "effect_rai": "increased water supply", "wash_needs": "sanitation facilities access to clean wataer menstrual management", "actions_im": "assist building renovating community led sanitation providing hygiene materials", "menstrual_": "mhm materials", "menstrua_1": "yes free", "type_dispo": "disposal bags", "adequate_m": "No", "when_waste": "Daily", "challeng_2": "inadequate bins lack awareness irregular collection", "other_chal": null, "staff_inch": "no", "waste_prot": "no", "facility_w": "yes only disposal", "correct_wa": null, "how_waste_": null, "other_how_": null, "waste_segr": null, "other_wast": null, "staff_in_1": "hosptial admin", "other_staf": null, "team_waste": "13", "protecti_1": "yes", "team_tra_1": "No", "traces_ani": "never visible", "waste_disp": "burned on premises", "infectious": "disposal off site", "other_infe": null, "sharpswast": "buried protected pit", "other_shar": null, "duration_2": "after two-three days", "reason_nt_": null, "protocol_a": "appropriate st andards inplace", "enumerator": null, "uuid": "32af8038-63c8-4a0c-aead-3ac8d9046ece", "longitude": "39.3937799", "latitude": "0.2496487", "sub_county": "Lagdera Sub County", "wash_nee_1": "1", "wash_nee_2": "1", "wash_nee_3": "0", "wash_nee_4": "0", "wash_nee_5": "0", "wash_nee_6": "1", "wash_nee_7": "0", "wash_nee_8": "0", "Population": "14.0", "male_toile": "10", "female_toi": "20", "Total_male": "3.0", "Total_fema": "2.0", "host_or_re": "host", "ward": "balambala balambala", "area": "rural", "name_healt": "Dujis Dispensary", "Total_pa_3": "65.0", "cause_lack": "lack adquate storage", "Total_pa_4": "0.0", "reason_pto": null, "Total_st_1": "0.0", "mixed_male": "3.0", "Total_mixe": "3.0", "ratio_mixe": "23.33333333", "mixed_to_1": "outside school building", "health_f_1": "walls door solid structure", "mixed_hcle": "2 4 days", "reason_hmi": "lack adequate water", "items_mixe": "none", "reason_war": null, "h_andwashi": "1.0", "h_andwas_1": "consultation areas", "allowed__1": "allowed to see", "water_av_2": "water not available", "sanitize_2": "sanitizer not available", "soap_ava_1": "soap not available", "water_co_1": null, "sanitize_3": null, "soap_con_1": null, "h_andwas_2": "consultation room", "h_andwas_3": "no", "h_andwash_": null, "h_andwas_4": "no", "h_andwas_5": null, "signs_pr_1": "yes", "layer": "Garissa Health Facilities", "path": "C:/Users/USER/OneDrive - ACTED/Desktop/Garissa County Capacity Building - REACH/Training Materials/Modules/Training Data/Garissa HF and Schools/Garissa HF and Schools/Garissa Health Facilities.geojson", "Risk_Level": "Safe", "Distance_to_Flood_km": "12.65", "Poverty_Rate": "0.8", "Food_Poverty_Rate": "0.6", "Avg_HH_Income": "5169", "Avg_HH_Expenditure": "6177", "HH_Cash_Gap": "-1008", "Post_Assistance_Income": "13927", "Post_Assistance_Expenditure": "11092", "Post_Assistance_Surplus": "2835", "Vulnerability_Index": "0.36", "Wasting_Rate": "0.16", "marker_emoji": "🏥", "Author": "Garissa GIS Directorate — James M. Mburu", "NN_Vulnerability_Score": "0.205", "NN_Risk_Class": "Low", "tana_buffer_zone": false }, "geometry": { "type": "Point", "coordinates": [ 39.393779900000027, 0.249648700000023 ] } },
{ "type": "Feature", "properties": { "OBJECTID": "284", "county": "garissa", "camp": null, "camp_locat": null, "health_fac": null, "level_heal": "level 2", "type_healt": "out patient", "type_hea_1": null, "type_hea_2": null, "role_healt": "Head nurse", "other_role": null, "gender_res": "male", "duration_w": "Above5yrs", "male_staff": "3.0", "female_sta": "1.0", "total_num_": null, "avgnum_mal": "15", "avgnum_fem": "30", "total_nu_1": null, "total_pati": "49", "permission": "yes", "facility_d": "tanker trucks", "other_sour": null, "main_drink": "morethan 500m fromcompound", "facility_h": "tap st and", "other_so_1": null, "main_water": "on premises", "num_water_": "1.0", "availabili": "4 7 days", "condition_": "functional with minor damage", "other_cond": null, "what_damag": "taps broken", "cause_dama": "normal wear tear", "efforts_ma": "did assesment", "access_lim": "no", "adaptated_": null, "accesibili": "no", "adapted_to": null, "water_avai": "no", "days_water": null, "other_days": null, "storage_wa": "yes", "total_stor": "10000.0", "duration_1": "2 4weeks", "health_pur": "yes", "treatment_": "chlorination", "waterborne": "no", "waterbor_1": null, "availabi_1": "no change", "challenges": "seasonal variations", "source_coo": null, "other_so_2": null, "satisfied_": null, "methods_sa": null, "challenge_": null, "main_type_": "pit latrine slab", "other_main": null, "patientsta": "yes", "type_patie": "pit latrine slab", "other_type": null, "patients_t": "no", "total_pa_1": null, "female_pat": null, "male_patie": null, "Total_pa_2": null, "ratio_pati": null, "shared_pat": null, "patient_to": "within facility building", "patients_c": "2 4 days", "patients_s": "door walls lock", "items_pati": "water", "type_staff": "pit latrine slab", "other_ty_1": null, "staff_toil": "no", "staff_to_1": null, "female_s_1": null, "male_sta_1": null, "Total_staf": "4", "ratio_staf": null, "shared_sta": "1.0", "staff_to_2": "within facility building", "staff_hsan": "door walls lock", "staff_hcle": "2 4 days", "reason_hst": "lack adequate water", "items_staf": "water", "mixed_toil": "no", "accessible": "no", "modication": null, "septic_tan": "no", "sludge_was": "dig another latrine", "challeng_1": "lack sanitation", "facility_a": "rely on less preferred", "sop_protoc": "no", "cleaning_s": null, "cleaning_1": null, "reason_del": null, "cleaning_2": "Daily", "area_consu": null, "cleaning_3": "Daily", "rea_compou": null, "person_inc": "hospital admin", "other_pers": null, "sanitation": "13", "protective": "no", "team_train": "No", "handwashin": null, "handwash_1": null, "allowed_ob": null, "water_av_1": null, "sanitizer_": null, "soap_avail": null, "water_conf": null, "sanitize_1": null, "soap_confi": null, "type_soap": null, "other_ty_2": null, "soap_sourc": null, "handwash_2": null, "other_hand": null, "handwash_3": null, "handwash_a": null, "handwash_4": null, "handwash_5": null, "access_bat": null, "num_bathin": null, "sep_bathin": null, "prob_bathi": null, "signs_prom": null, "hygiene_pr": "no", "when_hygie": null, "kind_hygie": null, "notable_be": null, "behavior_c": null, "effect_dry": "increased cost infrastructure damage", "effect_rai": "increased water supply bathroom Infrastructure damage", "wash_needs": "access to clean wataer sanitation facilities infrastructure", "actions_im": "assist building renovating volunteer in renovation providing hygiene materials", "menstrual_": "none above", "menstrua_1": "no", "type_dispo": "sanitary bins", "adequate_m": "No", "when_waste": "Daily", "challeng_2": "inadequate bins irregular collection", "other_chal": null, "staff_inch": "no", "waste_prot": "no", "facility_w": "no", "correct_wa": null, "how_waste_": null, "other_how_": null, "waste_segr": null, "other_wast": null, "staff_in_1": "hosptial admin", "other_staf": null, "team_waste": "13", "protecti_1": "no", "team_tra_1": "No", "traces_ani": "never visible", "waste_disp": "burned on premises", "infectious": "dumping without treatment", "other_infe": null, "sharpswast": "dumping without treatment", "other_shar": null, "duration_2": "everyday", "reason_nt_": null, "protocol_a": "staff trained collected offsite", "enumerator": null, "uuid": "a1b97e99-feb2-495d-8049-3dafc00b2c74", "longitude": "39.3563347", "latitude": "0.353481", "sub_county": "Lagdera Sub County", "wash_nee_1": "1", "wash_nee_2": "1", "wash_nee_3": "0", "wash_nee_4": "0", "wash_nee_5": "0", "wash_nee_6": "0", "wash_nee_7": "0", "wash_nee_8": "1", "Population": "49.0", "male_toile": "0", "female_toi": "0", "Total_male": "0.0", "Total_fema": "0.0", "host_or_re": "host", "ward": "baraki", "area": "rural", "name_healt": "Afwein Dispensary", "Total_pa_3": "45.0", "cause_lack": null, "Total_pa_4": "0.0", "reason_pto": "lack adequate water", "Total_st_1": "0.0", "mixed_male": null, "Total_mixe": "0.0", "ratio_mixe": null, "mixed_to_1": null, "health_f_1": null, "mixed_hcle": null, "reason_hmi": null, "items_mixe": null, "reason_war": null, "h_andwashi": "1.0", "h_andwas_1": "consultation areas", "allowed__1": "allowed to see", "water_av_2": "water available", "sanitize_2": "sanitizer not available", "soap_ava_1": "soap not available", "water_co_1": null, "sanitize_3": null, "soap_con_1": null, "h_andwas_2": "other", "h_andwas_3": "no", "h_andwash_": null, "h_andwas_4": "no", "h_andwas_5": null, "signs_pr_1": "no", "layer": "Garissa Health Facilities", "path": "C:/Users/USER/OneDrive - ACTED/Desktop/Garissa County Capacity Building - REACH/Training Materials/Modules/Training Data/Garissa HF and Schools/Garissa HF and Schools/Garissa Health Facilities.geojson", "Risk_Level": "Safe", "Distance_to_Flood_km": "5.33", "Poverty_Rate": "0.8", "Food_Poverty_Rate": "0.6", "Avg_HH_Income": "5169", "Avg_HH_Expenditure": "6177", "HH_Cash_Gap": "-1008", "Post_Assistance_Income": "13927", "Post_Assistance_Expenditure": "11092", "Post_Assistance_Surplus": "2835", "Vulnerability_Index": "0.453", "Wasting_Rate": "0.16", "marker_emoji": "🏥", "Author": "Garissa GIS Directorate — James M. Mburu", "NN_Vulnerability_Score": "0.466", "NN_Risk_Class": "Medium", "tana_buffer_zone": false }, "geometry": { "type": "Point", "coordinates": [ 39.356334700000048, 0.353481 ] } },
{ "type": "Feature", "properties": { "OBJECTID": "285", "county": "garissa", "camp": null, "camp_locat": null, "health_fac": null, "level_heal": "level 2", "type_healt": "out patient", "type_hea_1": null, "type_hea_2": null, "role_healt": "Nurse", "other_role": null, "gender_res": "female", "duration_w": "0-6 months", "male_staff": "4.0", "female_sta": "1.0", "total_num_": null, "avgnum_mal": "15", "avgnum_fem": "26", "total_nu_1": null, "total_pati": "46", "permission": "yes", "facility_d": "surface water", "other_sour": null, "main_drink": "morethan 500m fromcompound", "facility_h": "surface water", "other_so_1": null, "main_water": "morethan 500m fromcompound", "num_water_": null, "availabili": null, "condition_": null, "other_cond": null, "what_damag": null, "cause_dama": null, "efforts_ma": null, "access_lim": "no", "adaptated_": null, "accesibili": "no", "adapted_to": null, "water_avai": "no", "days_water": null, "other_days": null, "storage_wa": "yes", "total_stor": "15000.0", "duration_1": "2 4weeks", "health_pur": "yes", "treatment_": "chlorination", "waterborne": "no", "waterbor_1": null, "availabi_1": "water sources increased", "challenges": "waterpoints too far disabled unable accesswaterpoints infrastructure damaged", "source_coo": null, "other_so_2": null, "satisfied_": null, "methods_sa": null, "challenge_": null, "main_type_": "pit latrine slab", "other_main": null, "patientsta": "no", "type_patie": null, "other_type": null, "patients_t": null, "total_pa_1": null, "female_pat": null, "male_patie": null, "Total_pa_2": null, "ratio_pati": null, "shared_pat": null, "patient_to": null, "patients_c": null, "patients_s": null, "items_pati": null, "type_staff": null, "other_ty_1": null, "staff_toil": null, "staff_to_1": null, "female_s_1": null, "male_sta_1": null, "Total_staf": "5", "ratio_staf": null, "shared_sta": null, "staff_to_2": null, "staff_hsan": null, "staff_hcle": null, "reason_hst": null, "items_staf": null, "mixed_toil": "no", "accessible": "no", "modication": null, "septic_tan": "no", "sludge_was": "manually by vacuumtank", "challeng_1": "lack sanitation facilities are unclean facilities difficult toreach personsdisability noaccess", "facility_a": "rely on less preferred", "sop_protoc": "no", "cleaning_s": null, "cleaning_1": null, "reason_del": null, "cleaning_2": "2 4 days", "area_consu": null, "cleaning_3": "2 4 days", "rea_compou": null, "person_inc": "Head nurse", "other_pers": null, "sanitation": "13", "protective": "yes", "team_train": "No", "handwashin": null, "handwash_1": null, "allowed_ob": null, "water_av_1": null, "sanitizer_": null, "soap_avail": null, "water_conf": null, "sanitize_1": null, "soap_confi": null, "type_soap": null, "other_ty_2": null, "soap_sourc": null, "handwash_2": null, "other_hand": null, "handwash_3": null, "handwash_a": null, "handwash_4": null, "handwash_5": null, "access_bat": null, "num_bathin": null, "sep_bathin": null, "prob_bathi": null, "signs_prom": null, "hygiene_pr": "no", "when_hygie": null, "kind_hygie": null, "notable_be": null, "behavior_c": null, "effect_dry": "water shortage reduced patients increased patients", "effect_rai": "affected sanitation facilities increased water supply floods affected management", "wash_needs": "sanitation facilities access to clean wataer menstrual management", "actions_im": "assist building renovating form WASH committees providing hygiene materials", "menstrual_": "mhm materials", "menstrua_1": "no", "type_dispo": "compost pits", "adequate_m": "No", "when_waste": "Daily", "challeng_2": "lack awareness irregular collection", "other_chal": null, "staff_inch": "no", "waste_prot": "no", "facility_w": "yes segregation disposal", "correct_wa": null, "how_waste_": null, "other_how_": null, "waste_segr": null, "other_wast": null, "staff_in_1": "Head nurse", "other_staf": null, "team_waste": "13", "protecti_1": "no", "team_tra_1": "No", "traces_ani": "never visible", "waste_disp": "buried  and premises", "infectious": "incinerated other", "other_infe": null, "sharpswast": "buried protected pit", "other_shar": null, "duration_2": "after two-three days", "reason_nt_": null, "protocol_a": "appropriate st andards inplace waste nt stored premises", "enumerator": null, "uuid": "5e3df5ec-6d78-4537-b0b5-e13f61b6f25a", "longitude": "39.344451", "latitude": "0.3875098", "sub_county": "Lagdera Sub County", "wash_nee_1": "1", "wash_nee_2": "1", "wash_nee_3": "0", "wash_nee_4": "0", "wash_nee_5": "0", "wash_nee_6": "1", "wash_nee_7": "0", "wash_nee_8": "0", "Population": "12.0", "male_toile": "10", "female_toi": "14", "Total_male": "2.0", "Total_fema": "2.0", "host_or_re": "host", "ward": "maalamin", "area": "rural", "name_healt": "Maalimin Dispensary", "Total_pa_3": "41.0", "cause_lack": null, "Total_pa_4": "0.0", "reason_pto": null, "Total_st_1": "0.0", "mixed_male": "2.0", "Total_mixe": "2.0", "ratio_mixe": "23.0", "mixed_to_1": "outside school building", "health_f_1": "door walls lock", "mixed_hcle": "2 4 days", "reason_hmi": "lack adequate water", "items_mixe": "none", "reason_war": null, "h_andwashi": "1.0", "h_andwas_1": "reception areas", "allowed__1": "not allowed see", "water_av_2": null, "sanitize_2": null, "soap_ava_1": null, "water_co_1": "water not available", "sanitize_3": "sanitizer not available", "soap_con_1": "soap not available", "h_andwas_2": "consultation room", "h_andwas_3": "no", "h_andwash_": null, "h_andwas_4": "yes", "h_andwas_5": "lower taps", "signs_pr_1": "no", "layer": "Garissa Health Facilities", "path": "C:/Users/USER/OneDrive - ACTED/Desktop/Garissa County Capacity Building - REACH/Training Materials/Modules/Training Data/Garissa HF and Schools/Garissa HF and Schools/Garissa Health Facilities.geojson", "Risk_Level": "Extreme Risk (Super El Niño)", "Distance_to_Flood_km": "4.46", "Poverty_Rate": "0.8", "Food_Poverty_Rate": "0.6", "Avg_HH_Income": "5169", "Avg_HH_Expenditure": "6177", "HH_Cash_Gap": "-1008", "Post_Assistance_Income": "13927", "Post_Assistance_Expenditure": "11092", "Post_Assistance_Surplus": "2835", "Vulnerability_Index": "0.771", "Wasting_Rate": "0.16", "marker_emoji": "🏥", "Author": "Garissa GIS Directorate — James M. Mburu", "NN_Vulnerability_Score": "0.502", "NN_Risk_Class": "High", "tana_buffer_zone": false }, "geometry": { "type": "Point", "coordinates": [ 39.344451, 0.387509800000032 ] } },
{ "type": "Feature", "properties": { "OBJECTID": "261", "county": "garissa", "camp": null, "camp_locat": null, "health_fac": null, "level_heal": "level 3", "type_healt": "out patient in patient", "type_hea_1": null, "type_hea_2": null, "role_healt": "Head nurse", "other_role": null, "gender_res": "male", "duration_w": "Above5yrs", "male_staff": "4.0", "female_sta": "3.0", "total_num_": null, "avgnum_mal": "20", "avgnum_fem": "45", "total_nu_1": null, "total_pati": "70", "permission": "yes", "facility_d": "surface water", "other_sour": null, "main_drink": "morethan 500m fromcompound", "facility_h": "h andpumps", "other_so_1": null, "main_water": "on premises", "num_water_": "1.0", "availabili": "daily", "condition_": null, "other_cond": null, "what_damag": null, "cause_dama": null, "efforts_ma": null, "access_lim": "no", "adaptated_": null, "accesibili": "no", "adapted_to": null, "water_avai": "yes", "days_water": "1 week", "other_days": null, "storage_wa": "yes", "total_stor": "8000.0", "duration_1": "2 7day", "health_pur": "yes", "treatment_": "chlorination", "waterborne": "yes", "waterbor_1": "110", "availabi_1": "water sources increased", "challenges": "waterpoints too far children no access disabled unable accesswaterpoints", "source_coo": "surface water", "other_so_2": null, "satisfied_": "no", "methods_sa": "chlorination", "challenge_": "limited access water", "main_type_": "pit latrine slab", "other_main": null, "patientsta": "no", "type_patie": null, "other_type": null, "patients_t": null, "total_pa_1": null, "female_pat": null, "male_patie": null, "Total_pa_2": null, "ratio_pati": null, "shared_pat": null, "patient_to": null, "patients_c": null, "patients_s": null, "items_pati": null, "type_staff": null, "other_ty_1": null, "staff_toil": null, "staff_to_1": null, "female_s_1": null, "male_sta_1": null, "Total_staf": "5", "ratio_staf": null, "shared_sta": null, "staff_to_2": null, "staff_hsan": null, "staff_hcle": null, "reason_hst": null, "items_staf": null, "mixed_toil": "yes", "accessible": "no", "modication": null, "septic_tan": "no", "sludge_was": "dig another latrine", "challeng_1": "lack sanitation facilities not functioning", "facility_a": "rely on less preferred", "sop_protoc": "no", "cleaning_s": "2 4 days", "cleaning_1": "Daily", "reason_del": null, "cleaning_2": "Daily", "area_consu": null, "cleaning_3": "2 4 days", "rea_compou": null, "person_inc": "Head nurse", "other_pers": null, "sanitation": "13", "protective": "no", "team_train": "No", "handwashin": null, "handwash_1": null, "allowed_ob": null, "water_av_1": null, "sanitizer_": null, "soap_avail": null, "water_conf": null, "sanitize_1": null, "soap_confi": null, "type_soap": "detergent", "other_ty_2": null, "soap_sourc": "ngo donation", "handwash_2": null, "other_hand": null, "handwash_3": null, "handwash_a": null, "handwash_4": null, "handwash_5": null, "access_bat": "no", "num_bathin": null, "sep_bathin": "no", "prob_bathi": "lack bathing facilities", "signs_prom": null, "hygiene_pr": "yes", "when_hygie": "last 30days", "kind_hygie": "visit from healthworker", "notable_be": "yes", "behavior_c": "proper use toilet maintenance facilities cleanliness consumption drinking water", "effect_dry": "water shortage", "effect_rai": "increased water supply", "wash_needs": "sanitation facilities hygiene promotion access to clean wataer", "actions_im": "assist building renovating", "menstrual_": "mhm materials", "menstrua_1": "no", "type_dispo": "compost pits", "adequate_m": "No", "when_waste": "weekly", "challeng_2": "inadequate bins lack awareness", "other_chal": null, "staff_inch": "no", "waste_prot": "no", "facility_w": "yes segregation disposal", "correct_wa": null, "how_waste_": null, "other_how_": null, "waste_segr": null, "other_wast": null, "staff_in_1": "hosptial admin", "other_staf": null, "team_waste": "13", "protecti_1": "no", "team_tra_1": "No", "traces_ani": "never visible", "waste_disp": "buried away premises", "infectious": "burning protectedpit", "other_infe": null, "sharpswast": "burning protectedpit", "other_shar": null, "duration_2": "after two-three days", "reason_nt_": null, "protocol_a": "waste nt stored premises collected offsite", "enumerator": null, "uuid": "5c86caa5-5017-4230-a786-23c179a62c03", "longitude": "38.6626499", "latitude": "0.5046066", "sub_county": "Lagdera Sub County", "wash_nee_1": "1", "wash_nee_2": "1", "wash_nee_3": "1", "wash_nee_4": "0", "wash_nee_5": "0", "wash_nee_6": "0", "wash_nee_7": "0", "wash_nee_8": "0", "Population": "12.0", "male_toile": "6", "female_toi": "24", "Total_male": "4.0", "Total_fema": "2.0", "host_or_re": "host", "ward": "benane", "area": "rural", "name_healt": "Benane Health Centre", "Total_pa_3": "65.0", "cause_lack": "lack adquate storage lack sufficient water water infrastructure damaged", "Total_pa_4": "0.0", "reason_pto": null, "Total_st_1": "0.0", "mixed_male": "4.0", "Total_mixe": "4.0", "ratio_mixe": "17.5", "mixed_to_1": "outside school building", "health_f_1": "door walls lock", "mixed_hcle": "2 4 days", "reason_hmi": "lack adequate water", "items_mixe": "water", "reason_war": null, "h_andwashi": "25.0", "h_andwas_1": "consultation areas", "allowed__1": "allowed to see", "water_av_2": "water available", "sanitize_2": "sanitizer available", "soap_ava_1": "soap available", "water_co_1": null, "sanitize_3": null, "soap_con_1": null, "h_andwas_2": "consultation room", "h_andwas_3": "no", "h_andwash_": null, "h_andwas_4": "no", "h_andwas_5": null, "signs_pr_1": "no", "layer": "Garissa Health Facilities", "path": "C:/Users/USER/OneDrive - ACTED/Desktop/Garissa County Capacity Building - REACH/Training Materials/Modules/Training Data/Garissa HF and Schools/Garissa HF and Schools/Garissa Health Facilities.geojson", "Risk_Level": "Safe", "Distance_to_Flood_km": "54.61", "Poverty_Rate": "0.8", "Food_Poverty_Rate": "0.6", "Avg_HH_Income": "5169", "Avg_HH_Expenditure": "6177", "HH_Cash_Gap": "-1008", "Post_Assistance_Income": "13927", "Post_Assistance_Expenditure": "11092", "Post_Assistance_Surplus": "2835", "Vulnerability_Index": "0.36", "Wasting_Rate": "0.16", "marker_emoji": "🏥", "Author": "Garissa GIS Directorate — James M. Mburu", "NN_Vulnerability_Score": "0.148", "NN_Risk_Class": "Low", "tana_buffer_zone": false }, "geometry": { "type": "Point", "coordinates": [ 38.662649900000076, 0.504606600000045 ] } },
{ "type": "Feature", "properties": { "OBJECTID": "282", "county": "garissa", "camp": null, "camp_locat": null, "health_fac": null, "level_heal": "level 2", "type_healt": "out patient", "type_hea_1": null, "type_hea_2": null, "role_healt": "Head nurse", "other_role": null, "gender_res": "male", "duration_w": "Above5yrs", "male_staff": "2.0", "female_sta": "1.0", "total_num_": null, "avgnum_mal": "20", "avgnum_fem": "30", "total_nu_1": null, "total_pati": "53", "permission": "yes", "facility_d": "surface water", "other_sour": null, "main_drink": "morethan 500m fromcompound", "facility_h": "surface water", "other_so_1": null, "main_water": "morethan 500m fromcompound", "num_water_": null, "availabili": null, "condition_": null, "other_cond": null, "what_damag": null, "cause_dama": null, "efforts_ma": null, "access_lim": "no", "adaptated_": null, "accesibili": "no", "adapted_to": null, "water_avai": "no", "days_water": null, "other_days": null, "storage_wa": "yes", "total_stor": "20000.0", "duration_1": "more than one month", "health_pur": "no", "treatment_": null, "waterborne": "no", "waterbor_1": null, "availabi_1": "water sources increased flooding issues", "challenges": "waterpoints too far disabled unable accesswaterpoints children no access", "source_coo": null, "other_so_2": null, "satisfied_": null, "methods_sa": null, "challenge_": null, "main_type_": "pit latrine slab", "other_main": null, "patientsta": "no", "type_patie": null, "other_type": null, "patients_t": null, "total_pa_1": null, "female_pat": null, "male_patie": null, "Total_pa_2": null, "ratio_pati": null, "shared_pat": null, "patient_to": null, "patients_c": null, "patients_s": null, "items_pati": null, "type_staff": null, "other_ty_1": null, "staff_toil": null, "staff_to_1": null, "female_s_1": null, "male_sta_1": null, "Total_staf": "3", "ratio_staf": null, "shared_sta": null, "staff_to_2": null, "staff_hsan": null, "staff_hcle": null, "reason_hst": null, "items_staf": null, "mixed_toil": "no", "accessible": "no", "modication": null, "septic_tan": "yes", "sludge_was": "dig another latrine", "challeng_1": "lack sanitation", "facility_a": "rely on less preferred", "sop_protoc": "no", "cleaning_s": null, "cleaning_1": null, "reason_del": null, "cleaning_2": "2 4 days", "area_consu": null, "cleaning_3": "2 4 days", "rea_compou": null, "person_inc": "hospital admin", "other_pers": null, "sanitation": "13", "protective": "yes", "team_train": "Yes", "handwashin": null, "handwash_1": null, "allowed_ob": null, "water_av_1": null, "sanitizer_": null, "soap_avail": null, "water_conf": null, "sanitize_1": null, "soap_confi": null, "type_soap": null, "other_ty_2": null, "soap_sourc": null, "handwash_2": null, "other_hand": null, "handwash_3": null, "handwash_a": null, "handwash_4": null, "handwash_5": null, "access_bat": null, "num_bathin": null, "sep_bathin": null, "prob_bathi": null, "signs_prom": null, "hygiene_pr": "yes", "when_hygie": "last 30days", "kind_hygie": "hygiene campaigns distribute WASH materials established hygiene clubs", "notable_be": "no", "behavior_c": null, "effect_dry": "increased cost", "effect_rai": "increased water supply", "wash_needs": "hygiene promotion h andwashing facilities accessibility inclusivity", "actions_im": "providing hygiene materials assist building renovating hygiene promotion campaigns", "menstrual_": "bathing areas", "menstrua_1": "no", "type_dispo": "compost pits", "adequate_m": "Yes in all the bathrooms", "when_waste": "Daily", "challeng_2": "inadequate bins too expensive", "other_chal": null, "staff_inch": "no", "waste_prot": "no", "facility_w": "no", "correct_wa": null, "how_waste_": null, "other_how_": null, "waste_segr": null, "other_wast": null, "staff_in_1": "hosptial admin", "other_staf": null, "team_waste": "13", "protecti_1": "no", "team_tra_1": "No", "traces_ani": "never visible", "waste_disp": "openly dumped premises", "infectious": "dumping without treatment", "other_infe": null, "sharpswast": "openburning", "other_shar": null, "duration_2": "everyday", "reason_nt_": null, "protocol_a": "waste nt stored premises appropriate st andards inplace collected offsite", "enumerator": "It ended successfully", "uuid": "11f128ca-340b-403e-9480-3b6a75259cea", "longitude": "39.2699787", "latitude": "0.5537082", "sub_county": "Lagdera Sub County", "wash_nee_1": "0", "wash_nee_2": "0", "wash_nee_3": "1", "wash_nee_4": "0", "wash_nee_5": "1", "wash_nee_6": "0", "wash_nee_7": "1", "wash_nee_8": "0", "Population": "53.0", "male_toile": "22", "female_toi": "0", "Total_male": "1.0", "Total_fema": "0.0", "host_or_re": "host", "ward": "sabena", "area": "rural", "name_healt": "Jilango Dispensary", "Total_pa_3": "50.0", "cause_lack": null, "Total_pa_4": "0.0", "reason_pto": null, "Total_st_1": "0.0", "mixed_male": "1.0", "Total_mixe": "1.0", "ratio_mixe": "53.0", "mixed_to_1": "outside school building", "health_f_1": "walls solid structure lock", "mixed_hcle": "2 4 days", "reason_hmi": "lack adequate water", "items_mixe": "none", "reason_war": null, "h_andwashi": "1.0", "h_andwas_1": "in wards", "allowed__1": "allowed to see", "water_av_2": "water not available", "sanitize_2": "sanitizer not available", "soap_ava_1": "soap not available", "water_co_1": null, "sanitize_3": null, "soap_con_1": null, "h_andwas_2": "delivery room", "h_andwas_3": "no", "h_andwash_": null, "h_andwas_4": "no", "h_andwas_5": null, "signs_pr_1": "no", "layer": "Garissa Health Facilities", "path": "C:/Users/USER/OneDrive - ACTED/Desktop/Garissa County Capacity Building - REACH/Training Materials/Modules/Training Data/Garissa HF and Schools/Garissa HF and Schools/Garissa Health Facilities.geojson", "Risk_Level": "Safe", "Distance_to_Flood_km": "17.82", "Poverty_Rate": "0.8", "Food_Poverty_Rate": "0.6", "Avg_HH_Income": "5169", "Avg_HH_Expenditure": "6177", "HH_Cash_Gap": "-1008", "Post_Assistance_Income": "13927", "Post_Assistance_Expenditure": "11092", "Post_Assistance_Surplus": "2835", "Vulnerability_Index": "0.36", "Wasting_Rate": "0.16", "marker_emoji": "🏥", "Author": "Garissa GIS Directorate — James M. Mburu", "NN_Vulnerability_Score": "0.148", "NN_Risk_Class": "Low", "tana_buffer_zone": false }, "geometry": { "type": "Point", "coordinates": [ 39.269978700000024, 0.553708200000074 ] } },
{ "type": "Feature", "properties": { "OBJECTID": "252", "county": "garissa", "camp": null, "camp_locat": null, "health_fac": null, "level_heal": "level 2", "type_healt": "out patient", "type_hea_1": null, "type_hea_2": null, "role_healt": "Head nurse", "other_role": null, "gender_res": "male", "duration_w": "Above5yrs", "male_staff": "3.0", "female_sta": null, "total_num_": null, "avgnum_mal": "35", "avgnum_fem": "40", "total_nu_1": null, "total_pati": "79", "permission": "yes", "facility_d": "piped into school", "other_sour": null, "main_drink": "morethan 500m fromcompound", "facility_h": "tap st and", "other_so_1": null, "main_water": "on premises", "num_water_": "2.0", "availabili": "4 7 days", "condition_": "functional with minor damage", "other_cond": null, "what_damag": "pipes leaking", "cause_dama": "normal wear tear", "efforts_ma": "did assesment", "access_lim": "no", "adaptated_": null, "accesibili": "no", "adapted_to": null, "water_avai": "yes", "days_water": "3 weeks", "other_days": null, "storage_wa": "yes", "total_stor": "10000.0", "duration_1": "more than one month", "health_pur": "yes", "treatment_": "chlorination", "waterborne": "no", "waterbor_1": null, "availabi_1": "no change", "challenges": "waterpoints expensive", "source_coo": null, "other_so_2": null, "satisfied_": null, "methods_sa": null, "challenge_": null, "main_type_": "pit latrine slab", "other_main": null, "patientsta": "yes", "type_patie": "pit latrine slab", "other_type": null, "patients_t": "yes", "total_pa_1": null, "female_pat": "1.0", "male_patie": "1.0", "Total_pa_2": null, "ratio_pati": "37.5", "shared_pat": "0.0", "patient_to": "within facility building", "patients_c": "Daily", "patients_s": "door walls lock", "items_pati": "water", "type_staff": "pit latrine slab", "other_ty_1": null, "staff_toil": "yes", "staff_to_1": null, "female_s_1": "1.0", "male_sta_1": "1.0", "Total_staf": "4", "ratio_staf": "2.0", "shared_sta": "0.0", "staff_to_2": "within facility building", "staff_hsan": "door walls lock", "staff_hcle": "2 4 days", "reason_hst": "lack of detergent", "items_staf": "water", "mixed_toil": "no", "accessible": "no", "modication": null, "septic_tan": "yes", "sludge_was": "openly dumped away", "challeng_1": "facilities crowded", "facility_a": "rely on less preferred", "sop_protoc": "yes", "cleaning_s": null, "cleaning_1": null, "reason_del": null, "cleaning_2": "Daily", "area_consu": null, "cleaning_3": "Daily", "rea_compou": null, "person_inc": "hospital admin", "other_pers": null, "sanitation": "13", "protective": "yes", "team_train": "Yes", "handwashin": null, "handwash_1": null, "allowed_ob": null, "water_av_1": null, "sanitizer_": null, "soap_avail": null, "water_conf": null, "sanitize_1": null, "soap_confi": null, "type_soap": null, "other_ty_2": null, "soap_sourc": null, "handwash_2": null, "other_hand": null, "handwash_3": null, "handwash_a": null, "handwash_4": null, "handwash_5": null, "access_bat": null, "num_bathin": null, "sep_bathin": null, "prob_bathi": null, "signs_prom": null, "hygiene_pr": "yes", "when_hygie": "last 30days", "kind_hygie": "hygiene campaigns established hygiene clubs wash workshop", "notable_be": "yes", "behavior_c": "proper use toilet reducing open defecation maintenance facilities cleanliness", "effect_dry": "infrastructure damage", "effect_rai": "flooding stagnant water water Infrastructure damage", "wash_needs": "hygiene promotion menstrual management h andwashing facilities", "actions_im": "assist building renovating community led sanitation providing hygiene materials", "menstrual_": "bathing areas", "menstrua_1": "yes free", "type_dispo": "sanitary bins", "adequate_m": "Yes in some bathrooms", "when_waste": "monthly", "challeng_2": "inadequate bins too expensive", "other_chal": null, "staff_inch": "yes", "waste_prot": "yes", "facility_w": "yes segregation disposal", "correct_wa": null, "how_waste_": null, "other_how_": null, "waste_segr": null, "other_wast": null, "staff_in_1": "hosptial admin", "other_staf": null, "team_waste": "13", "protecti_1": "yes", "team_tra_1": "Yes", "traces_ani": "never visible", "waste_disp": "openly dumpedaway premises", "infectious": "dumping without treatment", "other_infe": null, "sharpswast": "dumping without treatment", "other_shar": null, "duration_2": "everyday", "reason_nt_": null, "protocol_a": "waste nt stored premises", "enumerator": "Water stroge\n\nToilet \n\nIt ended successfully \n\n\n\n\n\n", "uuid": "b6aa5fcf-2a98-49a0-aaa6-e718065d51a1", "longitude": "39.5807332", "latitude": "0.6518695", "sub_county": "Lagdera Sub County", "wash_nee_1": "0", "wash_nee_2": "0", "wash_nee_3": "1", "wash_nee_4": "0", "wash_nee_5": "1", "wash_nee_6": "1", "wash_nee_7": "0", "wash_nee_8": "0", "Population": "20.0", "male_toile": "19", "female_toi": "20", "Total_male": "2.0", "Total_fema": "2.0", "host_or_re": "host", "ward": "baraki", "area": "rural", "name_healt": "Baraki Dispensary", "Total_pa_3": "75.0", "cause_lack": null, "Total_pa_4": "2.0", "reason_pto": null, "Total_st_1": "2.0", "mixed_male": null, "Total_mixe": "0.0", "ratio_mixe": null, "mixed_to_1": null, "health_f_1": null, "mixed_hcle": null, "reason_hmi": null, "items_mixe": null, "reason_war": null, "h_andwashi": "1.0", "h_andwas_1": "consultation areas", "allowed__1": "allowed to see", "water_av_2": "water not available", "sanitize_2": "sanitizer not available", "soap_ava_1": "soap not available", "water_co_1": null, "sanitize_3": null, "soap_con_1": null, "h_andwas_2": "toilets 5metres fromtoilet", "h_andwas_3": "no", "h_andwash_": null, "h_andwas_4": "no", "h_andwas_5": null, "signs_pr_1": "no", "layer": "Garissa Health Facilities", "path": "C:/Users/USER/OneDrive - ACTED/Desktop/Garissa County Capacity Building - REACH/Training Materials/Modules/Training Data/Garissa HF and Schools/Garissa HF and Schools/Garissa Health Facilities.geojson", "Risk_Level": "High Risk", "Distance_to_Flood_km": "0.0", "Poverty_Rate": "0.8", "Food_Poverty_Rate": "0.6", "Avg_HH_Income": "5169", "Avg_HH_Expenditure": "6177", "HH_Cash_Gap": "-1008", "Post_Assistance_Income": "13927", "Post_Assistance_Expenditure": "11092", "Post_Assistance_Surplus": "2835", "Vulnerability_Index": "0.8", "Wasting_Rate": "0.16", "marker_emoji": "🏥", "Author": "Garissa GIS Directorate — James M. Mburu", "NN_Vulnerability_Score": "0.551", "NN_Risk_Class": "High", "tana_buffer_zone": false }, "geometry": { "type": "Point", "coordinates": [ 39.580733200000054, 0.651869500000032 ] } },
{ "type": "Feature", "properties": { "OBJECTID": "244", "county": "garissa", "camp": null, "camp_locat": null, "health_fac": null, "level_heal": "level 2", "type_healt": "out patient", "type_hea_1": null, "type_hea_2": null, "role_healt": "Head nurse", "other_role": null, "gender_res": "male", "duration_w": "Above5yrs", "male_staff": "1.0", "female_sta": "0.0", "total_num_": null, "avgnum_mal": "10", "avgnum_fem": "12", "total_nu_1": null, "total_pati": "24", "permission": "yes", "facility_d": "h andpumps", "other_sour": null, "main_drink": "approx 200m fromcompound", "facility_h": "tap st and", "other_so_1": null, "main_water": "on premises", "num_water_": "3.0", "availabili": "daily", "condition_": "functional without damage", "other_cond": null, "what_damag": null, "cause_dama": null, "efforts_ma": null, "access_lim": "yes", "adaptated_": "adequate space tap can be reached", "accesibili": "yes", "adapted_to": "accessible water containers children friendly h andles", "water_avai": "yes", "days_water": "Daily", "other_days": null, "storage_wa": "yes", "total_stor": "15000.0", "duration_1": "more than one month", "health_pur": "yes", "treatment_": "chlorination", "waterborne": "yes", "waterbor_1": "1150", "availabi_1": "no change", "challenges": "irregular water supply lack proper storage", "source_coo": null, "other_so_2": null, "satisfied_": null, "methods_sa": null, "challenge_": null, "main_type_": "pit latrine slab", "other_main": null, "patientsta": "yes", "type_patie": "pit latrine slab", "other_type": null, "patients_t": "no", "total_pa_1": null, "female_pat": null, "male_patie": null, "Total_pa_2": null, "ratio_pati": null, "shared_pat": null, "patient_to": "within facility building", "patients_c": "2 4 days", "patients_s": "door walls lock", "items_pati": "water", "type_staff": "pit latrine slab", "other_ty_1": null, "staff_toil": "yes", "staff_to_1": null, "female_s_1": "2.0", "male_sta_1": "2.0", "Total_staf": "2", "ratio_staf": "0.5", "shared_sta": "0.0", "staff_to_2": "within facility building", "staff_hsan": "door walls lock", "staff_hcle": "2 4 days", "reason_hst": "lack adequate water", "items_staf": "water", "mixed_toil": "yes", "accessible": "yes", "modication": "door within reach", "septic_tan": "yes", "sludge_was": "dig another latrine openly dumped away", "challeng_1": "lack sanitation facilities not segregated facilities difficult toreach some groups no access", "facility_a": "rely on less preferred", "sop_protoc": "yes", "cleaning_s": null, "cleaning_1": null, "reason_del": null, "cleaning_2": "2 4 days", "area_consu": null, "cleaning_3": "2 4 days", "rea_compou": null, "person_inc": "hospital admin", "other_pers": null, "sanitation": "13", "protective": "yes", "team_train": "Yes", "handwashin": null, "handwash_1": null, "allowed_ob": null, "water_av_1": null, "sanitizer_": null, "soap_avail": null, "water_conf": null, "sanitize_1": null, "soap_confi": null, "type_soap": "bar liquid soap", "other_ty_2": null, "soap_sourc": "ngo donation", "handwash_2": null, "other_hand": null, "handwash_3": null, "handwash_a": null, "handwash_4": null, "handwash_5": null, "access_bat": null, "num_bathin": null, "sep_bathin": null, "prob_bathi": null, "signs_prom": null, "hygiene_pr": "yes", "when_hygie": "over 1 3 months", "kind_hygie": null, "notable_be": "yes", "behavior_c": "increased washing pracises proper use toilet", "effect_dry": "water shortage", "effect_rai": "increased water supply toilet Infrastructure damage", "wash_needs": "access to clean wataer h andwashing facilities infrastructure", "actions_im": "assist building renovating community led sanitation advocacy awareness providing hygiene materials training staff community mobilization", "menstrual_": "mhm materials", "menstrua_1": "yes free", "type_dispo": "sanitary bins", "adequate_m": "Yes in all the bathrooms", "when_waste": "Daily", "challeng_2": "lack awareness inadequate bins", "other_chal": null, "staff_inch": "yes", "waste_prot": "yes", "facility_w": "yes only disposal", "correct_wa": null, "how_waste_": null, "other_how_": null, "waste_segr": null, "other_wast": null, "staff_in_1": "hosptial admin", "other_staf": null, "team_waste": "0", "protecti_1": "yes", "team_tra_1": "Yes", "traces_ani": "never visible", "waste_disp": "burned on premises buried  and premises buried away premises openly dumped premises", "infectious": "burning protectedpit", "other_infe": null, "sharpswast": "incinerated other", "other_shar": null, "duration_2": "everyday", "reason_nt_": null, "protocol_a": "collected offsite staff trained", "enumerator": null, "uuid": "98ddfb9b-2584-4539-a0bb-fdefc116cad5", "longitude": "40.076504", "latitude": "0.3143047", "sub_county": "Dadaab Sub County", "wash_nee_1": "1", "wash_nee_2": "0", "wash_nee_3": "0", "wash_nee_4": "0", "wash_nee_5": "1", "wash_nee_6": "0", "wash_nee_7": "0", "wash_nee_8": "1", "Population": "6.0", "male_toile": "6", "female_toi": "6", "Total_male": "2.0", "Total_fema": "2.0", "host_or_re": "host", "ward": "abakaile", "area": "rural", "name_healt": "Kumahumato Dispensary", "Total_pa_3": "22.0", "cause_lack": null, "Total_pa_4": "0.0", "reason_pto": "lack appropriate materials lack of detergent", "Total_st_1": "4.0", "mixed_male": null, "Total_mixe": "0.0", "ratio_mixe": null, "mixed_to_1": null, "health_f_1": null, "mixed_hcle": null, "reason_hmi": null, "items_mixe": null, "reason_war": null, "h_andwashi": "1.0", "h_andwas_1": "consultation areas", "allowed__1": "allowed to see", "water_av_2": "water available", "sanitize_2": "sanitizer not available", "soap_ava_1": "soap available", "water_co_1": null, "sanitize_3": null, "soap_con_1": null, "h_andwas_2": "consultation room", "h_andwas_3": "yes", "h_andwash_": "low height taps", "h_andwas_4": "yes", "h_andwas_5": "children friendly h andles accessible water containers", "signs_pr_1": "yes", "layer": "Garissa Health Facilities", "path": "C:/Users/USER/OneDrive - ACTED/Desktop/Garissa County Capacity Building - REACH/Training Materials/Modules/Training Data/Garissa HF and Schools/Garissa HF and Schools/Garissa Health Facilities.geojson", "Risk_Level": "High Risk", "Distance_to_Flood_km": "0.11", "Poverty_Rate": "0.78", "Food_Poverty_Rate": "0.58", "Avg_HH_Income": "5169", "Avg_HH_Expenditure": "6177", "HH_Cash_Gap": "-1008", "Post_Assistance_Income": "13927", "Post_Assistance_Expenditure": "11092", "Post_Assistance_Surplus": "2835", "Vulnerability_Index": "0.788", "Wasting_Rate": "0.17", "marker_emoji": "🏥", "Author": "Garissa GIS Directorate — James M. Mburu", "NN_Vulnerability_Score": "0.551", "NN_Risk_Class": "High", "tana_buffer_zone": false }, "geometry": { "type": "Point", "coordinates": [ 40.076504, 0.314304700000037 ] } },
{ "type": "Feature", "properties": { "OBJECTID": "241", "county": "garissa", "camp": null, "camp_locat": null, "health_fac": null, "level_heal": "level 2", "type_healt": "out patient", "type_hea_1": null, "type_hea_2": null, "role_healt": "Head nurse", "other_role": null, "gender_res": "male", "duration_w": "Above5yrs", "male_staff": "4.0", "female_sta": "1.0", "total_num_": null, "avgnum_mal": "30", "avgnum_fem": "37", "total_nu_1": null, "total_pati": "72", "permission": "yes", "facility_d": "piped into school", "other_sour": null, "main_drink": "approx 200m fromcompound", "facility_h": "tap st and", "other_so_1": null, "main_water": "on premises", "num_water_": "2.0", "availabili": "4 7 days", "condition_": null, "other_cond": null, "what_damag": null, "cause_dama": null, "efforts_ma": null, "access_lim": "no", "adaptated_": null, "accesibili": "no", "adapted_to": null, "water_avai": "no", "days_water": null, "other_days": null, "storage_wa": "yes", "total_stor": "10000.0", "duration_1": "2 7day", "health_pur": "yes", "treatment_": "chlorination", "waterborne": "yes", "waterbor_1": "110", "availabi_1": "no change", "challenges": "waterpoints expensive lack proper storage", "source_coo": null, "other_so_2": null, "satisfied_": null, "methods_sa": null, "challenge_": null, "main_type_": "pit latrine slab", "other_main": null, "patientsta": "no", "type_patie": null, "other_type": null, "patients_t": null, "total_pa_1": null, "female_pat": null, "male_patie": null, "Total_pa_2": null, "ratio_pati": null, "shared_pat": null, "patient_to": null, "patients_c": null, "patients_s": null, "items_pati": null, "type_staff": null, "other_ty_1": null, "staff_toil": null, "staff_to_1": null, "female_s_1": null, "male_sta_1": null, "Total_staf": "5", "ratio_staf": null, "shared_sta": null, "staff_to_2": null, "staff_hsan": null, "staff_hcle": null, "reason_hst": null, "items_staf": null, "mixed_toil": "no", "accessible": "no", "modication": null, "septic_tan": "no", "sludge_was": "Open kit", "challeng_1": "facilities crowded", "facility_a": "rely on less preferred", "sop_protoc": "yes", "cleaning_s": null, "cleaning_1": null, "reason_del": null, "cleaning_2": "Daily", "area_consu": null, "cleaning_3": "Daily", "rea_compou": null, "person_inc": "hospital admin", "other_pers": null, "sanitation": "13", "protective": "no", "team_train": "Yes", "handwashin": null, "handwash_1": null, "allowed_ob": null, "water_av_1": null, "sanitizer_": null, "soap_avail": null, "water_conf": null, "sanitize_1": null, "soap_confi": null, "type_soap": "bar liquid soap", "other_ty_2": null, "soap_sourc": "local soap maker", "handwash_2": null, "other_hand": null, "handwash_3": null, "handwash_a": null, "handwash_4": null, "handwash_5": null, "access_bat": null, "num_bathin": null, "sep_bathin": null, "prob_bathi": null, "signs_prom": null, "hygiene_pr": "yes", "when_hygie": "last 30days", "kind_hygie": "wash workshop hygiene campaigns distribute WASH materials", "notable_be": "yes", "behavior_c": "improved h andwashing techniques proper use toilet maintenance facilities cleanliness reduced incidence diseases", "effect_dry": "increased patients", "effect_rai": "toilet Infrastructure damage", "wash_needs": "sanitation facilities access to clean wataer infrastructure", "actions_im": "assist building renovating providing hygiene materials hygiene promotion campaigns", "menstrual_": "bathing areas", "menstrua_1": "yes free", "type_dispo": "sanitary bins", "adequate_m": "Yes in all the bathrooms", "when_waste": "Daily", "challeng_2": "no challenge", "other_chal": null, "staff_inch": "yes", "waste_prot": "yes", "facility_w": "yes segregation disposal", "correct_wa": null, "how_waste_": null, "other_how_": null, "waste_segr": null, "other_wast": null, "staff_in_1": "hosptial admin", "other_staf": null, "team_waste": "13", "protecti_1": "no", "team_tra_1": "Yes", "traces_ani": "never visible", "waste_disp": "openly dumpedaway premises", "infectious": "dumping without treatment", "other_infe": null, "sharpswast": "openburning", "other_shar": null, "duration_2": "everyday", "reason_nt_": null, "protocol_a": "appropriate st andards inplace", "enumerator": "It's  ended successfully \n\n\n\n\n\n", "uuid": "5d788884-ae48-412d-8ed7-992dd62cbba1", "longitude": "40.0133037", "latitude": "0.3445652", "sub_county": "Dadaab Sub County", "wash_nee_1": "1", "wash_nee_2": "1", "wash_nee_3": "0", "wash_nee_4": "0", "wash_nee_5": "0", "wash_nee_6": "0", "wash_nee_7": "0", "wash_nee_8": "1", "Population": "36.0", "male_toile": "34", "female_toi": "38", "Total_male": "1.0", "Total_fema": "1.0", "host_or_re": "host", "ward": "abakaile", "area": "rural", "name_healt": "Alikune Dispensary", "Total_pa_3": "67.0", "cause_lack": null, "Total_pa_4": "0.0", "reason_pto": null, "Total_st_1": "0.0", "mixed_male": "1.0", "Total_mixe": "1.0", "ratio_mixe": "72.0", "mixed_to_1": "within facility building", "health_f_1": "door lock", "mixed_hcle": "2 4 days", "reason_hmi": "lack of detergent", "items_mixe": "water", "reason_war": null, "h_andwashi": "1.0", "h_andwas_1": "at gate", "allowed__1": "allowed to see", "water_av_2": "water not available", "sanitize_2": "sanitizer not available", "soap_ava_1": "soap available", "water_co_1": null, "sanitize_3": null, "soap_con_1": null, "h_andwas_2": "toilets more5 metres", "h_andwas_3": "no", "h_andwash_": null, "h_andwas_4": "no", "h_andwas_5": null, "signs_pr_1": "yes", "layer": "Garissa Health Facilities", "path": "C:/Users/USER/OneDrive - ACTED/Desktop/Garissa County Capacity Building - REACH/Training Materials/Modules/Training Data/Garissa HF and Schools/Garissa HF and Schools/Garissa Health Facilities.geojson", "Risk_Level": "High Risk", "Distance_to_Flood_km": "0.11", "Poverty_Rate": "0.78", "Food_Poverty_Rate": "0.58", "Avg_HH_Income": "5169", "Avg_HH_Expenditure": "6177", "HH_Cash_Gap": "-1008", "Post_Assistance_Income": "13927", "Post_Assistance_Expenditure": "11092", "Post_Assistance_Surplus": "2835", "Vulnerability_Index": "0.788", "Wasting_Rate": "0.17", "marker_emoji": "🏥", "Author": "Garissa GIS Directorate — James M. Mburu", "NN_Vulnerability_Score": "0.551", "NN_Risk_Class": "High", "tana_buffer_zone": false }, "geometry": { "type": "Point", "coordinates": [ 40.013303700000051, 0.344565200000034 ] } },
{ "type": "Feature", "properties": { "OBJECTID": "247", "county": "garissa", "camp": null, "camp_locat": null, "health_fac": null, "level_heal": "level 3", "type_healt": "out patient in patient", "type_hea_1": null, "type_hea_2": null, "role_healt": "Laboratory officer", "other_role": null, "gender_res": "male", "duration_w": "Above5yrs", "male_staff": "6.0", "female_sta": null, "total_num_": null, "avgnum_mal": "20", "avgnum_fem": "30", "total_nu_1": null, "total_pati": "57", "permission": "yes", "facility_d": "tap st and", "other_sour": null, "main_drink": "on premises", "facility_h": "tap st and", "other_so_1": null, "main_water": "on premises", "num_water_": "1.0", "availabili": "2 3 days", "condition_": "functional with minor damage", "other_cond": null, "what_damag": "taps leaking", "cause_dama": "insufficient maintenance equipment failure", "efforts_ma": "engaged stakeholder", "access_lim": "yes", "adaptated_": "adequate space", "accesibili": "yes", "adapted_to": "children friendly h andles", "water_avai": "no", "days_water": null, "other_days": null, "storage_wa": "yes", "total_stor": "5000.0", "duration_1": "more than one month", "health_pur": "no", "treatment_": null, "waterborne": "yes", "waterbor_1": "1150", "availabi_1": "reduced water supply", "challenges": "waterpoints too far waterpoints expensive", "source_coo": "tap st and", "other_so_2": null, "satisfied_": "yes", "methods_sa": null, "challenge_": "lack water treatment high costs infrastructure issues lack storage facility", "main_type_": "pit latrine slab", "other_main": null, "patientsta": "yes", "type_patie": "pit latrine slab", "other_type": null, "patients_t": "no", "total_pa_1": null, "female_pat": null, "male_patie": null, "Total_pa_2": null, "ratio_pati": null, "shared_pat": null, "patient_to": "within facility building", "patients_c": "2 4 days", "patients_s": "door walls lock solid structure", "items_pati": "water", "type_staff": "pit latrine slab", "other_ty_1": null, "staff_toil": "no", "staff_to_1": null, "female_s_1": null, "male_sta_1": null, "Total_staf": "7", "ratio_staf": null, "shared_sta": "2.0", "staff_to_2": "within facility building", "staff_hsan": "door walls lock solid structure", "staff_hcle": "2 4 days", "reason_hst": "lack appropriate materials", "items_staf": "water", "mixed_toil": "no", "accessible": "no", "modication": null, "septic_tan": "yes", "sludge_was": "dig another latrine", "challeng_1": "facilities crowded", "facility_a": "rely on less preferred", "sop_protoc": "yes", "cleaning_s": "Daily", "cleaning_1": "Daily", "reason_del": null, "cleaning_2": "Daily", "area_consu": null, "cleaning_3": "Daily", "rea_compou": null, "person_inc": "cleaning department", "other_pers": null, "sanitation": "812", "protective": "yes", "team_train": "Yes", "handwashin": null, "handwash_1": null, "allowed_ob": null, "water_av_1": null, "sanitizer_": null, "soap_avail": null, "water_conf": null, "sanitize_1": null, "soap_confi": null, "type_soap": "detergent", "other_ty_2": null, "soap_sourc": "ngo donation Retailer", "handwash_2": null, "other_hand": null, "handwash_3": null, "handwash_a": null, "handwash_4": null, "handwash_5": null, "access_bat": null, "num_bathin": null, "sep_bathin": "yes", "prob_bathi": "facilities not functioning facilites not segregated lack bathing facilities", "signs_prom": null, "hygiene_pr": "yes", "when_hygie": "last 30days", "kind_hygie": "distribute WASH materials visit from healthworker established hygiene clubs", "notable_be": "yes", "behavior_c": "increased washing pracises improved h andwashing techniques proper use toilet reducing open defecation maintenance facilities cleanliness proper disposal hygiene products", "effect_dry": "lack water infrastructure damage health concerns", "effect_rai": "cases waterborne affected floods affected management affected sanitation facilities water Infrastructure damage toilet Infrastructure damage", "wash_needs": "access to clean wataer sanitation facilities waste management", "actions_im": "assist building renovating providing hygiene materials hygiene promotion campaigns community mobilization", "menstrual_": "mhm education girls mhm education girls andboys", "menstrua_1": "yes free", "type_dispo": "compost pits disposal bags", "adequate_m": "No", "when_waste": "weekly", "challeng_2": "inadequate bins too expensive", "other_chal": null, "staff_inch": "yes", "waste_prot": "yes", "facility_w": "yes only disposal", "correct_wa": null, "how_waste_": null, "other_how_": null, "waste_segr": null, "other_wast": null, "staff_in_1": "cleaning department", "other_staf": null, "team_waste": "13", "protecti_1": "yes", "team_tra_1": "Yes", "traces_ani": "never visible", "waste_disp": "burned on premises", "infectious": "burning protectedpit", "other_infe": null, "sharpswast": "burning protectedpit", "other_shar": null, "duration_2": "after two-three days", "reason_nt_": null, "protocol_a": "collected offsite appropriate st andards inplace waste nt stored premises energy incineration", "enumerator": "No", "uuid": "64d685a1-87dd-4e63-b972-13a5adfd7966", "longitude": "39.741489", "latitude": "0.4581726", "sub_county": "Lagdera Sub County", "wash_nee_1": "1", "wash_nee_2": "1", "wash_nee_3": "0", "wash_nee_4": "1", "wash_nee_5": "0", "wash_nee_6": "0", "wash_nee_7": "0", "wash_nee_8": "0", "Population": "29.0", "male_toile": "0", "female_toi": "0", "Total_male": "0.0", "Total_fema": "0.0", "host_or_re": "host", "ward": "goreale", "area": "rural", "name_healt": "Shantaabaq Health Centre", "Total_pa_3": "50.0", "cause_lack": null, "Total_pa_4": "0.0", "reason_pto": "lack adequate water lack appropriate materials lack protective clothe", "Total_st_1": "0.0", "mixed_male": null, "Total_mixe": "0.0", "ratio_mixe": null, "mixed_to_1": null, "health_f_1": null, "mixed_hcle": null, "reason_hmi": null, "items_mixe": null, "reason_war": null, "h_andwashi": "1.0", "h_andwas_1": "consultation areas in wards", "allowed__1": "allowed to see", "water_av_2": "water available", "sanitize_2": "sanitizer not available", "soap_ava_1": "soap available", "water_co_1": null, "sanitize_3": null, "soap_con_1": null, "h_andwas_2": "toilets more5 metres", "h_andwas_3": "yes", "h_andwash_": "low height taps", "h_andwas_4": "yes", "h_andwas_5": "lower taps", "signs_pr_1": "yes", "layer": "Garissa Health Facilities", "path": "C:/Users/USER/OneDrive - ACTED/Desktop/Garissa County Capacity Building - REACH/Training Materials/Modules/Training Data/Garissa HF and Schools/Garissa HF and Schools/Garissa Health Facilities.geojson", "Risk_Level": "High Risk", "Distance_to_Flood_km": "0.44", "Poverty_Rate": "0.8", "Food_Poverty_Rate": "0.6", "Avg_HH_Income": "5169", "Avg_HH_Expenditure": "6177", "HH_Cash_Gap": "-1008", "Post_Assistance_Income": "13927", "Post_Assistance_Expenditure": "11092", "Post_Assistance_Surplus": "2835", "Vulnerability_Index": "0.791", "Wasting_Rate": "0.16", "marker_emoji": "🏥", "Author": "Garissa GIS Directorate — James M. Mburu", "NN_Vulnerability_Score": "0.551", "NN_Risk_Class": "High", "tana_buffer_zone": false }, "geometry": { "type": "Point", "coordinates": [ 39.741489, 0.458172600000069 ] } },
{ "type": "Feature", "properties": { "OBJECTID": "255", "county": "garissa", "camp": null, "camp_locat": null, "health_fac": null, "level_heal": "level 4", "type_healt": "in patient out patient", "type_hea_1": null, "type_hea_2": null, "role_healt": "Psychosocial counsellor", "other_role": null, "gender_res": "male", "duration_w": "Above5yrs", "male_staff": "19.0", "female_sta": "11.0", "total_num_": null, "avgnum_mal": "40", "avgnum_fem": "28", "total_nu_1": null, "total_pati": "88", "permission": "yes", "facility_d": "tap st and", "other_sour": null, "main_drink": "on premises", "facility_h": "water vendor", "other_so_1": null, "main_water": "on premises", "num_water_": null, "availabili": "2 3 days", "condition_": "functional with minor damage", "other_cond": null, "what_damag": "h and pump broken pipes leaking", "cause_dama": "equipment failure", "efforts_ma": "engaged stakeholder", "access_lim": "no", "adaptated_": null, "accesibili": "no", "adapted_to": null, "water_avai": "no", "days_water": null, "other_days": null, "storage_wa": "yes", "total_stor": "7000.0", "duration_1": "2 4weeks", "health_pur": "no", "treatment_": null, "waterborne": "yes", "waterbor_1": "110", "availabi_1": "no water facility", "challenges": "waterpoints too far insufficient waterpoints children no access irregular water supply water notsource functional insufficient access lack proper storage infrastructure damaged", "source_coo": "water vendor", "other_so_2": null, "satisfied_": "yes", "methods_sa": null, "challenge_": "lack water treatment high costs lack storage facility", "main_type_": "pit latrine slab", "other_main": null, "patientsta": "yes", "type_patie": "pit latrine slab", "other_type": null, "patients_t": "no", "total_pa_1": null, "female_pat": null, "male_patie": null, "Total_pa_2": null, "ratio_pati": null, "shared_pat": null, "patient_to": "within facility building", "patients_c": "2 4 days", "patients_s": "door walls lock solid structure", "items_pati": "water", "type_staff": "pit latrine slab", "other_ty_1": null, "staff_toil": "yes", "staff_to_1": null, "female_s_1": "1.0", "male_sta_1": "1.0", "Total_staf": "20", "ratio_staf": "10.0", "shared_sta": "0.0", "staff_to_2": "within facility building", "staff_hsan": "door walls lock solid structure", "staff_hcle": "2 4 days", "reason_hst": "lack adequate water", "items_staf": "water", "mixed_toil": "no", "accessible": "no", "modication": null, "septic_tan": "yes", "sludge_was": "dig another latrine", "challeng_1": "facilities crowded facilities not functioning personsdisability noaccess", "facility_a": "rely on less preferred", "sop_protoc": "yes", "cleaning_s": "2 4 days", "cleaning_1": "2 4 days", "reason_del": null, "cleaning_2": "2 4 days", "area_consu": null, "cleaning_3": "Daily", "rea_compou": null, "person_inc": "cleaning department", "other_pers": null, "sanitation": "13", "protective": "yes", "team_train": "Yes", "handwashin": null, "handwash_1": null, "allowed_ob": null, "water_av_1": null, "sanitizer_": null, "soap_avail": null, "water_conf": null, "sanitize_1": null, "soap_confi": null, "type_soap": null, "other_ty_2": null, "soap_sourc": null, "handwash_2": null, "other_hand": null, "handwash_3": null, "handwash_a": null, "handwash_4": null, "handwash_5": null, "access_bat": "yes", "num_bathin": "2.0", "sep_bathin": "no", "prob_bathi": "facilites not segregated lack bathing facilities", "signs_prom": null, "hygiene_pr": "yes", "when_hygie": "last 30days", "kind_hygie": "visit from healthworker established hygiene clubs hygiene campaigns", "notable_be": "yes", "behavior_c": "increased washing pracises improved h andwashing techniques proper use toilet maintenance facilities cleanliness consumption drinking water proper disposal hygiene products reduced incidence diseases better menstrual mangmt practices", "effect_dry": "increased cost lack water infrastructure damage", "effect_rai": "water Infrastructure damage floods affected management toilet Infrastructure damage", "wash_needs": "access to clean wataer hygiene promotion menstrual management", "actions_im": "assist building renovating providing hygiene materials being part projects community led sanitation", "menstrual_": "mhm education girls mhm education girls andboys", "menstrua_1": "no", "type_dispo": "disposal bags incinerators", "adequate_m": "Yes in some bathrooms", "when_waste": "weekly", "challeng_2": "too expensive inadequate bins", "other_chal": null, "staff_inch": "yes", "waste_prot": "yes", "facility_w": "yes segregation disposal", "correct_wa": null, "how_waste_": null, "other_how_": null, "waste_segr": null, "other_wast": null, "staff_in_1": "cleaning department", "other_staf": null, "team_waste": "13", "protecti_1": "yes", "team_tra_1": "Yes", "traces_ani": "never visible", "waste_disp": "burned on premises", "infectious": "incinerated other", "other_infe": null, "sharpswast": "incinerated other", "other_shar": null, "duration_2": "after two-three days", "reason_nt_": null, "protocol_a": "appropriate st andards inplace energy incineration collected offsite treated disposed safely staff trained", "enumerator": "No comments", "uuid": "5958f0d3-3292-4bfc-a218-c420cab0b6f7", "longitude": "39.1854354", "latitude": "0.732402", "sub_county": "Lagdera Sub County", "wash_nee_1": "1", "wash_nee_2": "0", "wash_nee_3": "1", "wash_nee_4": "0", "wash_nee_5": "0", "wash_nee_6": "1", "wash_nee_7": "0", "wash_nee_8": "0", "Population": "44.0", "male_toile": "59", "female_toi": "39", "Total_male": "1.0", "Total_fema": "1.0", "host_or_re": "host", "ward": "modogashe", "area": "rural", "name_healt": "Modogashe Sub-County Hospital", "Total_pa_3": "68.0", "cause_lack": null, "Total_pa_4": "0.0", "reason_pto": "lack adequate water lack of detergent lack protective clothe lack appropriate materials", "Total_st_1": "2.0", "mixed_male": null, "Total_mixe": "0.0", "ratio_mixe": null, "mixed_to_1": null, "health_f_1": null, "mixed_hcle": null, "reason_hmi": null, "items_mixe": null, "reason_war": null, "h_andwashi": "25.0", "h_andwas_1": "in wards consultation areas near toilets", "allowed__1": "allowed to see", "water_av_2": "water available", "sanitize_2": "sanitizer available", "soap_ava_1": "soap not available", "water_co_1": null, "sanitize_3": null, "soap_con_1": null, "h_andwas_2": "toilets 5metres fromtoilet", "h_andwas_3": "yes", "h_andwash_": "low height taps", "h_andwas_4": "yes", "h_andwas_5": "children friendly h andles", "signs_pr_1": "yes", "layer": "Garissa Health Facilities", "path": "C:/Users/USER/OneDrive - ACTED/Desktop/Garissa County Capacity Building - REACH/Training Materials/Modules/Training Data/Garissa HF and Schools/Garissa HF and Schools/Garissa Health Facilities.geojson", "Risk_Level": "Safe", "Distance_to_Flood_km": "22.15", "Poverty_Rate": "0.8", "Food_Poverty_Rate": "0.6", "Avg_HH_Income": "5169", "Avg_HH_Expenditure": "6177", "HH_Cash_Gap": "-1008", "Post_Assistance_Income": "13927", "Post_Assistance_Expenditure": "11092", "Post_Assistance_Surplus": "2835", "Vulnerability_Index": "0.36", "Wasting_Rate": "0.16", "marker_emoji": "🏥", "Author": "Garissa GIS Directorate — James M. Mburu", "NN_Vulnerability_Score": "0.148", "NN_Risk_Class": "Low", "tana_buffer_zone": false }, "geometry": { "type": "Point", "coordinates": [ 39.185435400000074, 0.732402 ] } },
{ "type": "Feature", "properties": { "OBJECTID": "254", "county": "garissa", "camp": null, "camp_locat": null, "health_fac": null, "level_heal": "level 2", "type_healt": "out patient", "type_hea_1": null, "type_hea_2": null, "role_healt": "community health assistant", "other_role": null, "gender_res": "male", "duration_w": "Above5yrs", "male_staff": "2.0", "female_sta": "1.0", "total_num_": null, "avgnum_mal": "30", "avgnum_fem": "19", "total_nu_1": null, "total_pati": "52", "permission": "yes", "facility_d": "no water source", "other_sour": null, "main_drink": null, "facility_h": "no water source", "other_so_1": null, "main_water": null, "num_water_": null, "availabili": null, "condition_": null, "other_cond": null, "what_damag": null, "cause_dama": null, "efforts_ma": null, "access_lim": "no", "adaptated_": null, "accesibili": "no", "adapted_to": null, "water_avai": "no", "days_water": null, "other_days": null, "storage_wa": "no", "total_stor": null, "duration_1": null, "health_pur": "yes", "treatment_": "chlorination", "waterborne": "no", "waterbor_1": null, "availabi_1": "no water facility", "challenges": "waterpoints expensive lack proper storage waterpoints too far disabled unable accesswaterpoints children no access", "source_coo": null, "other_so_2": null, "satisfied_": null, "methods_sa": null, "challenge_": null, "main_type_": "pit latrine slab", "other_main": null, "patientsta": "no", "type_patie": null, "other_type": null, "patients_t": null, "total_pa_1": null, "female_pat": null, "male_patie": null, "Total_pa_2": null, "ratio_pati": null, "shared_pat": null, "patient_to": null, "patients_c": null, "patients_s": null, "items_pati": null, "type_staff": null, "other_ty_1": null, "staff_toil": null, "staff_to_1": null, "female_s_1": null, "male_sta_1": null, "Total_staf": "3", "ratio_staf": null, "shared_sta": null, "staff_to_2": null, "staff_hsan": null, "staff_hcle": null, "reason_hst": null, "items_staf": null, "mixed_toil": "no", "accessible": "no", "modication": null, "septic_tan": "yes", "sludge_was": "dig another latrine", "challeng_1": "personsdisability noaccess facilities not segregated", "facility_a": "rely on communal", "sop_protoc": "yes", "cleaning_s": null, "cleaning_1": null, "reason_del": null, "cleaning_2": "Daily", "area_consu": null, "cleaning_3": "2 4 days", "rea_compou": null, "person_inc": "In charge", "other_pers": null, "sanitation": "13", "protective": "yes", "team_train": "Yes", "handwashin": null, "handwash_1": null, "allowed_ob": null, "water_av_1": null, "sanitizer_": null, "soap_avail": null, "water_conf": null, "sanitize_1": null, "soap_confi": null, "type_soap": null, "other_ty_2": null, "soap_sourc": null, "handwash_2": null, "other_hand": null, "handwash_3": null, "handwash_a": null, "handwash_4": null, "handwash_5": null, "access_bat": null, "num_bathin": null, "sep_bathin": null, "prob_bathi": null, "signs_prom": null, "hygiene_pr": "yes", "when_hygie": "last 30days", "kind_hygie": "visit from healthworker", "notable_be": "yes", "behavior_c": "proper disposal hygiene products", "effect_dry": "water shortage", "effect_rai": "toilet Infrastructure damage", "wash_needs": "access to clean wataer sanitation facilities h andwashing facilities", "actions_im": "form WASH committees community mobilization", "menstrual_": "mhm education girls", "menstrua_1": "yes free", "type_dispo": "sanitary bins", "adequate_m": "Yes in some bathrooms", "when_waste": "monthly", "challeng_2": "inadequate bins", "other_chal": null, "staff_inch": "yes", "waste_prot": "yes", "facility_w": "yes only disposal", "correct_wa": null, "how_waste_": null, "other_how_": null, "waste_segr": null, "other_wast": null, "staff_in_1": "none", "other_staf": null, "team_waste": "13", "protecti_1": "yes", "team_tra_1": "Yes", "traces_ani": "never visible", "waste_disp": "burned on premises", "infectious": "incinerated other", "other_infe": null, "sharpswast": "dumping without treatment", "other_shar": null, "duration_2": "biweekly", "reason_nt_": "lack adequate water", "protocol_a": "staff trained", "enumerator": null, "uuid": "939e5b79-e7c6-4e1b-83b5-8b8f4155625a", "longitude": "39.3095361", "latitude": "0.7642716", "sub_county": "Lagdera Sub County", "wash_nee_1": "1", "wash_nee_2": "1", "wash_nee_3": "0", "wash_nee_4": "0", "wash_nee_5": "1", "wash_nee_6": "0", "wash_nee_7": "0", "wash_nee_8": "0", "Population": "26.0", "male_toile": "32", "female_toi": "20", "Total_male": "1.0", "Total_fema": "1.0", "host_or_re": "host", "ward": "maalamin", "area": "rural", "name_healt": "Ilan Dispensary", "Total_pa_3": "49.0", "cause_lack": null, "Total_pa_4": "0.0", "reason_pto": null, "Total_st_1": "0.0", "mixed_male": "1.0", "Total_mixe": "1.0", "ratio_mixe": "52.0", "mixed_to_1": "within facility building", "health_f_1": "walls door lock", "mixed_hcle": "Daily", "reason_hmi": null, "items_mixe": "water", "reason_war": null, "h_andwashi": "0.0", "h_andwas_1": null, "allowed__1": null, "water_av_2": null, "sanitize_2": null, "soap_ava_1": null, "water_co_1": null, "sanitize_3": null, "soap_con_1": null, "h_andwas_2": null, "h_andwas_3": null, "h_andwash_": null, "h_andwas_4": null, "h_andwas_5": null, "signs_pr_1": "yes", "layer": "Garissa Health Facilities", "path": "C:/Users/USER/OneDrive - ACTED/Desktop/Garissa County Capacity Building - REACH/Training Materials/Modules/Training Data/Garissa HF and Schools/Garissa HF and Schools/Garissa Health Facilities.geojson", "Risk_Level": "Safe", "Distance_to_Flood_km": "8.04", "Poverty_Rate": "0.8", "Food_Poverty_Rate": "0.6", "Avg_HH_Income": "5169", "Avg_HH_Expenditure": "6177", "HH_Cash_Gap": "-1008", "Post_Assistance_Income": "13927", "Post_Assistance_Expenditure": "11092", "Post_Assistance_Surplus": "2835", "Vulnerability_Index": "0.399", "Wasting_Rate": "0.16", "marker_emoji": "🏥", "Author": "Garissa GIS Directorate — James M. Mburu", "NN_Vulnerability_Score": "0.357", "NN_Risk_Class": "Medium", "tana_buffer_zone": false }, "geometry": { "type": "Point", "coordinates": [ 39.309536100000059, 0.764271600000029 ] } },
{ "type": "Feature", "properties": { "OBJECTID": "253", "county": "garissa", "camp": null, "camp_locat": null, "health_fac": null, "level_heal": "level 2", "type_healt": "out patient", "type_hea_1": null, "type_hea_2": null, "role_healt": "community health assistant", "other_role": null, "gender_res": "male", "duration_w": "Above5yrs", "male_staff": "3.0", "female_sta": null, "total_num_": null, "avgnum_mal": "12", "avgnum_fem": "28", "total_nu_1": null, "total_pati": "44", "permission": "yes", "facility_d": "h andpumps", "other_sour": null, "main_drink": "approx 200m fromcompound", "facility_h": "tap st and", "other_so_1": null, "main_water": "on premises", "num_water_": "1.0", "availabili": "daily", "condition_": "functional without damage", "other_cond": null, "what_damag": null, "cause_dama": null, "efforts_ma": null, "access_lim": "yes", "adaptated_": "adequate space", "accesibili": "yes", "adapted_to": "accessible water containers children friendly h andles", "water_avai": "yes", "days_water": "Daily", "other_days": null, "storage_wa": "yes", "total_stor": "5000.0", "duration_1": "more than one month", "health_pur": "yes", "treatment_": "chlorination", "waterborne": "yes", "waterbor_1": "110", "availabi_1": "water sources decreased", "challenges": "insufficient waterpoints waterpoints expensive lack proper storage infrastructure damaged", "source_coo": null, "other_so_2": null, "satisfied_": null, "methods_sa": null, "challenge_": null, "main_type_": "pit latrine slab", "other_main": null, "patientsta": "no", "type_patie": null, "other_type": null, "patients_t": null, "total_pa_1": null, "female_pat": null, "male_patie": null, "Total_pa_2": null, "ratio_pati": null, "shared_pat": null, "patient_to": null, "patients_c": null, "patients_s": null, "items_pati": null, "type_staff": null, "other_ty_1": null, "staff_toil": null, "staff_to_1": null, "female_s_1": null, "male_sta_1": null, "Total_staf": "4", "ratio_staf": null, "shared_sta": null, "staff_to_2": null, "staff_hsan": null, "staff_hcle": null, "reason_hst": null, "items_staf": null, "mixed_toil": "no", "accessible": "no", "modication": null, "septic_tan": "yes", "sludge_was": "dig another latrine", "challeng_1": "lack sanitation facilities not functioning facilities not private facilities not segregated facilities difficult toreach", "facility_a": "defecate in open rely on less preferred", "sop_protoc": "yes", "cleaning_s": null, "cleaning_1": null, "reason_del": null, "cleaning_2": "Daily", "area_consu": null, "cleaning_3": "2 4 days", "rea_compou": null, "person_inc": "hospital admin", "other_pers": null, "sanitation": "13", "protective": "yes", "team_train": "Yes", "handwashin": null, "handwash_1": null, "allowed_ob": null, "water_av_1": null, "sanitizer_": null, "soap_avail": null, "water_conf": null, "sanitize_1": null, "soap_confi": null, "type_soap": null, "other_ty_2": null, "soap_sourc": null, "handwash_2": null, "other_hand": null, "handwash_3": null, "handwash_a": null, "handwash_4": null, "handwash_5": null, "access_bat": null, "num_bathin": null, "sep_bathin": null, "prob_bathi": null, "signs_prom": null, "hygiene_pr": "yes", "when_hygie": "over 1 3 months", "kind_hygie": null, "notable_be": "yes", "behavior_c": "increased washing pracises improved h andwashing techniques proper use toilet maintenance facilities cleanliness proper disposal hygiene products reduced incidence diseases reduced absenteeism", "effect_dry": "water shortage increased cost raised water quality", "effect_rai": "water Infrastructure damage toilet Infrastructure damage affected sanitation facilities floods affected management cases waterborne affected", "wash_needs": "access to clean wataer infrastructure h andwashing facilities", "actions_im": "assist building renovating advocacy awareness providing hygiene materials hygiene promotion campaigns training staff form WASH committees community mobilization", "menstrual_": "mhm materials", "menstrua_1": "yes free", "type_dispo": "sanitary bins", "adequate_m": "Yes in all the bathrooms", "when_waste": "weekly", "challeng_2": "inadequate bins", "other_chal": null, "staff_inch": "yes", "waste_prot": "yes", "facility_w": "yes only disposal", "correct_wa": null, "how_waste_": null, "other_how_": null, "waste_segr": null, "other_wast": null, "staff_in_1": "hosptial admin", "other_staf": null, "team_waste": "0", "protecti_1": "yes", "team_tra_1": "Yes", "traces_ani": "never visible", "waste_disp": "burned on premises buried  and premises buried away premises openly dumped premises openly dumpedaway premises", "infectious": "burning protectedpit", "other_infe": null, "sharpswast": "burning protectedpit", "other_shar": null, "duration_2": "everyday", "reason_nt_": null, "protocol_a": "staff trained waste nt stored premises", "enumerator": "Lack of toilet", "uuid": "19ff719a-59d0-4222-b725-a3f5cf4297a7", "longitude": "39.46175", "latitude": "0.7991647", "sub_county": "Lagdera Sub County", "wash_nee_1": "1", "wash_nee_2": "0", "wash_nee_3": "0", "wash_nee_4": "0", "wash_nee_5": "1", "wash_nee_6": "0", "wash_nee_7": "0", "wash_nee_8": "1", "Population": "44.0", "male_toile": "0", "female_toi": "28", "Total_male": "0.0", "Total_fema": "1.0", "host_or_re": "host", "ward": "sabena", "area": "rural", "name_healt": "Gurufa Dispensary", "Total_pa_3": "40.0", "cause_lack": null, "Total_pa_4": "0.0", "reason_pto": null, "Total_st_1": "0.0", "mixed_male": null, "Total_mixe": "0.0", "ratio_mixe": null, "mixed_to_1": "within facility building", "health_f_1": "door walls", "mixed_hcle": "2 4 days", "reason_hmi": "lack protective clothe", "items_mixe": "water", "reason_war": null, "h_andwashi": "1.0", "h_andwas_1": "consultation areas", "allowed__1": "allowed to see", "water_av_2": "water available", "sanitize_2": "sanitizer available", "soap_ava_1": "soap not available", "water_co_1": null, "sanitize_3": null, "soap_con_1": null, "h_andwas_2": "consultation room", "h_andwas_3": "no", "h_andwash_": null, "h_andwas_4": "no", "h_andwas_5": null, "signs_pr_1": "yes", "layer": "Garissa Health Facilities", "path": "C:/Users/USER/OneDrive - ACTED/Desktop/Garissa County Capacity Building - REACH/Training Materials/Modules/Training Data/Garissa HF and Schools/Garissa HF and Schools/Garissa Health Facilities.geojson", "Risk_Level": "High Risk", "Distance_to_Flood_km": "0.0", "Poverty_Rate": "0.8", "Food_Poverty_Rate": "0.6", "Avg_HH_Income": "5169", "Avg_HH_Expenditure": "6177", "HH_Cash_Gap": "-1008", "Post_Assistance_Income": "13927", "Post_Assistance_Expenditure": "11092", "Post_Assistance_Surplus": "2835", "Vulnerability_Index": "0.8", "Wasting_Rate": "0.16", "marker_emoji": "🏥", "Author": "Garissa GIS Directorate — James M. Mburu", "NN_Vulnerability_Score": "0.551", "NN_Risk_Class": "High", "tana_buffer_zone": false }, "geometry": { "type": "Point", "coordinates": [ 39.46175, 0.799164700000063 ] } }
]
}
