{
"type": "FeatureCollection",
"name": "Ifo",
"crs": { "type": "name", "properties": { "name": "urn:ogc:def:crs:OGC:1.3:CRS84" } },
"features": [
{ "type": "Feature", "properties": { "OBJECTID_1": 1, "ID": 1.0, "CAMPID": 1091.0, "CAMPADM1ID": "IFO-B", "CAMPADM2ID": "B-14", "CAMPADM2NA": "IFO-B14", "CAMPADM20": "IFO B-14", "UPDATEBY": "RSAL", "UPDATEDATE": "2010-01-29T00:00:00", "CREATEBY": "RSAL", "CREATEDATE": "2010-01-29T00:00:00", "COMMENT": null, "MALE": 0.0, "FEMALE": 0.0, "TOTPOP": 469.0, "AREAPP": 52, "Perimeter": 644.86261635400001, "Area": 24179.913605599999, "Shape_Leng": 14946.5977081, "Shape_Area": 628818.68615099997 }, "geometry": { "type": "MultiPolygon", "coordinates": [ [ [ [ 40.318819000192889, 0.115358000327612 ], [ 40.318996999613752, 0.115304000299666 ], [ 40.319097999714373, 0.11533499969474 ], [ 40.319340000152053, 0.115320000099252 ], [ 40.319614000002062, 0.115222999777789 ], [ 40.319646999930413, 0.114956999559734 ], [ 40.319672000379882, 0.11473400006716 ], [ 40.319673999653965, 0.11450399999006 ], [ 40.319684999577866, 0.114276000228281 ], [ 40.319567000044422, 0.114281000278892 ], [ 40.319364999741715, 0.114235000031407 ], [ 40.318978000191422, 0.114182000333381 ], [ 40.318761000068605, 0.114187000428403 ], [ 40.318688999778018, 0.114177000093303 ], [ 40.318653000152686, 0.114212999558108 ], [ 40.318638000370605, 0.114381999708654 ], [ 40.318597999979815, 0.114613999662272 ], [ 40.318573999728116, 0.114783999698367 ], [ 40.318563999698412, 0.115049000401053 ], [ 40.318544000349767, 0.115261000257776 ], [ 40.318548999732407, 0.115329999960927 ], [ 40.318636999652483, 0.115364999624082 ], [ 40.318819000192889, 0.115358000327612 ] ] ], [ [ [ 40.319790999815744, 0.114275999847307 ], [ 40.319728999609353, 0.114276000001929 ], [ 40.31970999983232, 0.114618000207516 ], [ 40.31968099969027, 0.114864000151164 ], [ 40.319651000202917, 0.115200999956825 ], [ 40.319633999749726, 0.115351999888233 ], [ 40.319651000158295, 0.115551000407855 ], [ 40.319629999845432, 0.115739999952842 ], [ 40.319584000000162, 0.115955999693943 ], [ 40.319501999616861, 0.116128999881167 ], [ 40.319366000017723, 0.11636899999397 ], [ 40.319510000433063, 0.116462999551252 ], [ 40.319658000075755, 0.116486000080612 ], [ 40.319943000364106, 0.11650600028373 ], [ 40.320138999755514, 0.116526999617416 ], [ 40.320372999783366, 0.11653700036952 ], [ 40.320553999760719, 0.116538999792903 ], [ 40.32056700038968, 0.116448000307782 ], [ 40.320563999809366, 0.116200999765076 ], [ 40.320589000219101, 0.116037999647159 ], [ 40.320607000006277, 0.115797000312809 ], [ 40.320627000088962, 0.115621999670633 ], [ 40.320652000350343, 0.11545499991054 ], [ 40.320687999929213, 0.11510699955779 ], [ 40.32073500018204, 0.11460599980627 ], [ 40.320734999967101, 0.11440499965865 ], [ 40.32068199999788, 0.114397999558162 ], [ 40.319790999815744, 0.114275999847307 ] ] ], [ [ [ 40.320878999882524, 0.114413000428319 ], [ 40.320776000238929, 0.114407999758551 ], [ 40.320738999945753, 0.114722000380582 ], [ 40.320739000201726, 0.114982000368578 ], [ 40.320710000186757, 0.115171000199569 ], [ 40.320710000370809, 0.115369999618656 ], [ 40.320670000111569, 0.11552399985016 ], [ 40.32065499963543, 0.115694999697667 ], [ 40.320634999756379, 0.116009999920345 ], [ 40.320599999671039, 0.116209999549222 ], [ 40.320588999791362, 0.116376999564852 ], [ 40.320587000224641, 0.116539000044113 ], [ 40.321006999599895, 0.11658200043747 ], [ 40.321276999819943, 0.116609999711292 ], [ 40.321624000230194, 0.116632999842841 ], [ 40.321653999639878, 0.116531000102124 ], [ 40.321669000056431, 0.116166999547847 ], [ 40.321685000435146, 0.115956999963137 ], [ 40.321727999552337, 0.115549000142082 ], [ 40.321729999892916, 0.115421999844392 ], [ 40.321745999710778, 0.115178999988884 ], [ 40.321761999576864, 0.114917000440942 ], [ 40.321769000297174, 0.114665000440302 ], [ 40.32177000018185, 0.114585000152628 ], [ 40.321655999924516, 0.114556000294366 ], [ 40.321399999668401, 0.114479000360517 ], [ 40.321223999638626, 0.114459000321089 ], [ 40.321058000042775, 0.114438000353379 ], [ 40.320878999882524, 0.114413000428319 ] ] ], [ [ [ 40.3175370002797, 0.114077000338034 ], [ 40.317204999937779, 0.11406000036353 ], [ 40.317084000334319, 0.114102999999899 ], [ 40.316925999609836, 0.114148999732847 ], [ 40.316978000270275, 0.114424999968851 ], [ 40.317227999822975, 0.115530000106296 ], [ 40.317217999694087, 0.115810999586095 ], [ 40.317255000223277, 0.116183999841555 ], [ 40.317269999755624, 0.116360999812365 ], [ 40.317322999583851, 0.116460000148797 ], [ 40.317511999763383, 0.116564999892333 ], [ 40.317683999607183, 0.116610000140124 ], [ 40.317874999932343, 0.116642999610452 ], [ 40.318020999939023, 0.116669999903541 ], [ 40.31825899982438, 0.116675999919297 ], [ 40.318342000123877, 0.116636999811555 ], [ 40.318408000069404, 0.116575999687918 ], [ 40.318465999978493, 0.116313999612369 ], [ 40.318510999655544, 0.115879999594589 ], [ 40.318536999836226, 0.115517000243771 ], [ 40.318513999782091, 0.115339999827775 ], [ 40.318539000112011, 0.115055999604661 ], [ 40.318551999730062, 0.11476500009493 ], [ 40.318590000263214, 0.114456000076862 ], [ 40.318604000333103, 0.114194000292779 ], [ 40.318528999792406, 0.114175999879875 ], [ 40.318419000284294, 0.114170000048494 ], [ 40.318212999561837, 0.114132999625333 ], [ 40.317977000018182, 0.114115999764737 ], [ 40.317790000230453, 0.114096999619801 ], [ 40.317592999968831, 0.114079000298328 ], [ 40.3175370002797, 0.114077000338034 ] ] ], [ [ [ 40.322154999798059, 0.114587999639605 ], [ 40.321992000276751, 0.114569999744229 ], [ 40.321883999563397, 0.114595000313176 ], [ 40.321832999637337, 0.114648999768905 ], [ 40.321805000362986, 0.114815999581643 ], [ 40.321802999731695, 0.11503499997029 ], [ 40.32180899989671, 0.115161000430091 ], [ 40.321790000034774, 0.11534200041419 ], [ 40.321780999709802, 0.115541000167769 ], [ 40.321749999624146, 0.115803000421878 ], [ 40.32171899965779, 0.116066999603176 ], [ 40.321709999559005, 0.116231000163166 ], [ 40.321701999788672, 0.116421999673837 ], [ 40.321673999553859, 0.116643000222805 ], [ 40.321802999988073, 0.116668999989347 ], [ 40.322041999690796, 0.116698999624337 ], [ 40.322198000317677, 0.116733999576963 ], [ 40.322717000055682, 0.11672400030125 ], [ 40.322749000330184, 0.116584999688388 ], [ 40.322751999613878, 0.116475999623239 ], [ 40.322748999755994, 0.116187000275029 ], [ 40.322767000068374, 0.115939000407374 ], [ 40.322804999671057, 0.11569300033331 ], [ 40.322832000107482, 0.115513000409801 ], [ 40.322850000005104, 0.115312999955361 ], [ 40.322890000274896, 0.115081999844006 ], [ 40.322904999552009, 0.114825999936833 ], [ 40.322907999769996, 0.114676999778403 ], [ 40.322756999551849, 0.114634000179644 ], [ 40.322344000108252, 0.114587999901059 ], [ 40.322154999798059, 0.114587999639605 ] ] ], [ [ [ 40.323390999938908, 0.114765000299695 ], [ 40.323176999898145, 0.114727000044947 ], [ 40.323024000084175, 0.114807999592951 ], [ 40.322936000264406, 0.114928000379763 ], [ 40.322919999840678, 0.115157999903073 ], [ 40.322796999555301, 0.1159739999916 ], [ 40.322782000110671, 0.116107999779987 ], [ 40.322790000328112, 0.116254999604465 ], [ 40.322779000380862, 0.116419999648589 ], [ 40.322794999761335, 0.116575000200022 ], [ 40.322827000344915, 0.116711999764155 ], [ 40.322872999649256, 0.116757000414761 ], [ 40.323048999855864, 0.11682100001444 ], [ 40.323335999837731, 0.116901999624299 ], [ 40.323604999674622, 0.116907000437482 ], [ 40.323706000055736, 0.116908999989591 ], [ 40.323744000423261, 0.116527999694448 ], [ 40.323758000434694, 0.116482999837228 ], [ 40.323748999944065, 0.116098000316174 ], [ 40.323759000258022, 0.115843000186437 ], [ 40.323759000424651, 0.115711000075965 ], [ 40.323936999571096, 0.11491999961119 ], [ 40.323873999954202, 0.114792999744119 ], [ 40.323721000125595, 0.11477500032322 ], [ 40.323390999938908, 0.114765000299695 ] ] ], [ [ [ 40.324520999873826, 0.114795000153305 ], [ 40.324310999736717, 0.114776000321056 ], [ 40.32411899958538, 0.114793000081117 ], [ 40.323994999754348, 0.114800999728358 ], [ 40.323950000362636, 0.114988000234724 ], [ 40.323880000146644, 0.115426000107193 ], [ 40.323843999884858, 0.115581999781845 ], [ 40.32381799985523, 0.115868000179329 ], [ 40.323783999988343, 0.116304000385109 ], [ 40.323775999558535, 0.116614999999898 ], [ 40.323770999732545, 0.116864000423076 ], [ 40.323785999596559, 0.116932000041519 ], [ 40.323993000302643, 0.116977999716385 ], [ 40.324255000112338, 0.117016000188774 ], [ 40.324531999655143, 0.117023999880521 ], [ 40.324727000109789, 0.117036000399136 ], [ 40.324820000266179, 0.117026999940135 ], [ 40.324853999895147, 0.116973000398928 ], [ 40.324913999999318, 0.116510999638487 ], [ 40.32493299990788, 0.116353000093621 ], [ 40.324940000166308, 0.116230000273765 ], [ 40.324926999645115, 0.116072000433207 ], [ 40.324937000053644, 0.115916000234508 ], [ 40.324953999797017, 0.115655000431489 ], [ 40.324985000310342, 0.115383999958324 ], [ 40.32502200002336, 0.115119999946694 ], [ 40.325050000398754, 0.11499800042113 ], [ 40.325069999827626, 0.114886999843129 ], [ 40.32495199992993, 0.114858999696671 ], [ 40.324520999873826, 0.114795000153305 ] ] ], [ [ [ 40.327299999842595, 0.117124999733726 ], [ 40.32737800043806, 0.116845999788937 ], [ 40.327429000052135, 0.11667400013419 ], [ 40.327423999905456, 0.116532000450868 ], [ 40.327406000421703, 0.116392000299025 ], [ 40.327398999949743, 0.116336999686317 ], [ 40.327476999996129, 0.116082999794786 ], [ 40.327457000385408, 0.116014999606846 ], [ 40.327282999904725, 0.116017000410368 ], [ 40.32714399994704, 0.116004999910293 ], [ 40.327000999561797, 0.115960999749461 ], [ 40.326829999892865, 0.115925999646034 ], [ 40.326675999777422, 0.115878000349792 ], [ 40.326489999986251, 0.115826999657136 ], [ 40.326236000160989, 0.115771000343189 ], [ 40.326145002929891, 0.115862944865298 ], [ 40.326153000312971, 0.115813999963437 ], [ 40.326144999591506, 0.115617000277437 ], [ 40.326148000138652, 0.115398999685863 ], [ 40.326121999862309, 0.11527200002431 ], [ 40.325945999625134, 0.115085000069847 ], [ 40.325727000279997, 0.114975000215052 ], [ 40.325556000106424, 0.114950000031947 ], [ 40.325333999825752, 0.114915000402368 ], [ 40.325113000036602, 0.114891999652528 ], [ 40.325104999892751, 0.114978999989719 ], [ 40.324968999682632, 0.115763000092651 ], [ 40.324962999780311, 0.11601100007742 ], [ 40.324967000366499, 0.116278000166161 ], [ 40.324927000277597, 0.116644000338725 ], [ 40.324896999905491, 0.116801000044797 ], [ 40.324871000290862, 0.117035000423202 ], [ 40.324910999973454, 0.11704500034717 ], [ 40.325133000285071, 0.117098000004416 ], [ 40.325376000312254, 0.117126000420455 ], [ 40.32567199967621, 0.117149999564754 ], [ 40.325831000397784, 0.11713699993202 ], [ 40.325963000196538, 0.117061000418293 ], [ 40.325975506102722, 0.116978080937486 ], [ 40.325970999855997, 0.117061000037432 ], [ 40.326007000238832, 0.117139999872756 ], [ 40.326209999620957, 0.117158000352522 ], [ 40.326451999723261, 0.117207999727717 ], [ 40.326685999671753, 0.117267000024523 ], [ 40.326920000031031, 0.117296999738695 ], [ 40.327134000095555, 0.117322000396229 ], [ 40.327299999842595, 0.117124999733726 ] ] ], [ [ [ 40.328568999902288, 0.116154000094787 ], [ 40.327565000043535, 0.116049999955043 ], [ 40.327368000086643, 0.117325999714922 ], [ 40.328367000335895, 0.117524999618932 ], [ 40.328568999902288, 0.116154000094787 ] ] ], [ [ [ 40.319566000382537, 0.117528999628428 ], [ 40.31936199988921, 0.117479000087489 ], [ 40.319327000378813, 0.117497999656662 ], [ 40.319338000000762, 0.117595000245064 ], [ 40.319320000417136, 0.11781800036671 ], [ 40.319299999686557, 0.118166999645622 ], [ 40.319271999557692, 0.118407000141361 ], [ 40.319248000383332, 0.118689000438907 ], [ 40.319198999863197, 0.118939999648983 ], [ 40.319150999659747, 0.119197999572741 ], [ 40.319122999842108, 0.119386000062835 ], [ 40.319127000208731, 0.119622999751683 ], [ 40.319147000292773, 0.119679000278077 ], [ 40.319171999548388, 0.119702999707728 ], [ 40.319330999957899, 0.11973100043944 ], [ 40.319480000421379, 0.119751999995646 ], [ 40.319541999747614, 0.119751999704217 ], [ 40.319950000313519, 0.119803999839009 ], [ 40.320153999662629, 0.11981099973761 ], [ 40.320177999805125, 0.119759000372985 ], [ 40.320195999910133, 0.119625999738302 ], [ 40.320220000168895, 0.119406999949385 ], [ 40.320250999974554, 0.119184000174107 ], [ 40.320281999766301, 0.119017000064097 ], [ 40.320292999850096, 0.118838999614827 ], [ 40.320300000257404, 0.118720999575793 ], [ 40.320312999953245, 0.118574000411072 ], [ 40.320334000044227, 0.118403999696124 ], [ 40.320345000312592, 0.118229000349392 ], [ 40.320355000116656, 0.118024000039956 ], [ 40.320385999880052, 0.117682999691275 ], [ 40.320348000146076, 0.117637000070976 ], [ 40.320167999782115, 0.117609000221943 ], [ 40.319957000032616, 0.117587000418699 ], [ 40.319798000168554, 0.11756899959778 ], [ 40.319566000382537, 0.117528999628428 ] ] ], [ [ [ 40.318459000384493, 0.117127000044562 ], [ 40.318300000043507, 0.117043000330163 ], [ 40.318198999803279, 0.117067999794547 ], [ 40.318178000406334, 0.117217000187887 ], [ 40.318212999877481, 0.117311999856697 ], [ 40.318271999742898, 0.117378000425744 ], [ 40.318262000136919, 0.117608000111022 ], [ 40.318227000111044, 0.117865000024014 ], [ 40.318203000060635, 0.118092000189602 ], [ 40.318172000444342, 0.118360000334931 ], [ 40.31816500033591, 0.11848500032443 ], [ 40.318112999706692, 0.118865000000297 ], [ 40.318068000046566, 0.119080999880972 ], [ 40.318046999704833, 0.119321000167603 ], [ 40.318022999602732, 0.119449999738758 ], [ 40.31803299976314, 0.119537000373075 ], [ 40.318054000353627, 0.119641999832382 ], [ 40.318112999952461, 0.119794999655743 ], [ 40.318306999951623, 0.119822999608472 ], [ 40.318496999759297, 0.119843999899833 ], [ 40.318666000132978, 0.119840999655105 ], [ 40.318805000257527, 0.119826999551421 ], [ 40.318932999843611, 0.119774000181347 ], [ 40.319091999598825, 0.11969400028934 ], [ 40.319091999831294, 0.119585999666053 ], [ 40.319085000085245, 0.119416000212369 ], [ 40.319113000407661, 0.119182000073694 ], [ 40.319206000348167, 0.118653000139411 ], [ 40.319258000405995, 0.11824200014717 ], [ 40.319278999568738, 0.117918000010195 ], [ 40.319289000325782, 0.117655999565719 ], [ 40.319244000326236, 0.117503000005245 ], [ 40.319091999701364, 0.117398999931717 ], [ 40.318909000098458, 0.117329000191053 ], [ 40.318745999692354, 0.117259000394743 ], [ 40.318579999827762, 0.117178999782872 ], [ 40.318459000384493, 0.117127000044562 ] ] ], [ [ [ 40.320959999954852, 0.117700000242949 ], [ 40.320435000235371, 0.117637000448503 ], [ 40.320420999628062, 0.117783999648926 ], [ 40.320407000154866, 0.117992999795556 ], [ 40.320399999755764, 0.118187999921319 ], [ 40.320390000012175, 0.118336999665874 ], [ 40.320344999840472, 0.118466000114837 ], [ 40.320351000415059, 0.118616000365039 ], [ 40.320351000213257, 0.118839000441418 ], [ 40.32032000023657, 0.119059000011803 ], [ 40.320282000294299, 0.119198000175668 ], [ 40.320274999638116, 0.119348000151754 ], [ 40.320230000328777, 0.11977600044558 ], [ 40.320371999665909, 0.119824999702764 ], [ 40.320601000105562, 0.119839000034221 ], [ 40.320811999933277, 0.119863000364691 ], [ 40.32098100006462, 0.119876999982839 ], [ 40.321067999886893, 0.11985299965763 ], [ 40.321244000291962, 0.119804000358279 ], [ 40.321348000085798, 0.119793999799343 ], [ 40.321340999584343, 0.119665000090103 ], [ 40.321371999926583, 0.119472999967274 ], [ 40.321323999643766, 0.119351000273947 ], [ 40.321302999964679, 0.119207999746561 ], [ 40.321338000380315, 0.118887999749173 ], [ 40.321393000267783, 0.118629999719495 ], [ 40.321402999880206, 0.118326999908956 ], [ 40.321531000290676, 0.117780000390267 ], [ 40.320959999954852, 0.117700000242949 ] ] ], [ [ [ 40.317710999998603, 0.119766999817258 ], [ 40.317755999682625, 0.119722000143766 ], [ 40.317843000060655, 0.119726000112725 ], [ 40.317925999980574, 0.119735999759458 ], [ 40.31804000000038, 0.119735999668308 ], [ 40.317977999762626, 0.119453999759176 ], [ 40.318004999658136, 0.119341999937181 ], [ 40.318023000025647, 0.119118999686888 ], [ 40.318053999994113, 0.118878999823551 ], [ 40.318123000192486, 0.118447000175958 ], [ 40.318195999556679, 0.117788999896133 ], [ 40.318233999857028, 0.117405999821127 ], [ 40.318137000419597, 0.117298000142502 ], [ 40.317970999912809, 0.117109000280147 ], [ 40.317859999909999, 0.116976999682125 ], [ 40.317752999805137, 0.116980999875659 ], [ 40.317549000099255, 0.117047000244527 ], [ 40.317319999861546, 0.11715800021348 ], [ 40.31708200008633, 0.117290999650085 ], [ 40.316850000097517, 0.117443999830195 ], [ 40.316825999869309, 0.117726000392666 ], [ 40.316793999951592, 0.1181410003822 ], [ 40.316769999889637, 0.118481999988418 ], [ 40.316773999836194, 0.118920999836099 ], [ 40.316766999609115, 0.119081000073678 ], [ 40.316829000211428, 0.119220000139949 ], [ 40.316967000047732, 0.119367000373441 ], [ 40.317088999667767, 0.11940200008926 ], [ 40.317189000355356, 0.11951700034741 ], [ 40.317368999843566, 0.119691000267852 ], [ 40.317593999688818, 0.119928000267964 ], [ 40.317710999998603, 0.119766999817258 ] ] ], [ [ [ 40.322561999766123, 0.117902000139245 ], [ 40.322393000068978, 0.117741999639706 ], [ 40.321563000073716, 0.117784000322085 ], [ 40.321528000441944, 0.117894999986746 ], [ 40.321489999935636, 0.118117999967276 ], [ 40.321461999750277, 0.118336999824161 ], [ 40.321423999813959, 0.11864699991065 ], [ 40.321357999748152, 0.11902399957967 ], [ 40.321331999715959, 0.119283999854179 ], [ 40.321448000435318, 0.119378999971434 ], [ 40.321607000378926, 0.119532000165185 ], [ 40.321805000409199, 0.119720000359739 ], [ 40.321988000128904, 0.11987000005553 ], [ 40.322247999958421, 0.119957000143879 ], [ 40.322271999964578, 0.11988400039937 ], [ 40.322330999743016, 0.119535999998829 ], [ 40.322357999866703, 0.119354999634993 ], [ 40.322431000197909, 0.11891599978059 ], [ 40.322447999608322, 0.118577999663493 ], [ 40.322472999926234, 0.118379000089042 ], [ 40.322520999833905, 0.118190999807573 ], [ 40.322561999766123, 0.117902000139245 ] ] ], [ [ [ 40.323426000330734, 0.120077000071511 ], [ 40.323467999740949, 0.119914000178318 ], [ 40.323480999957248, 0.119779999596751 ], [ 40.323481000432118, 0.11964000017678 ], [ 40.323491999736078, 0.11939100033289 ], [ 40.323499999642003, 0.119302000101367 ], [ 40.323508999891551, 0.119221000021358 ], [ 40.323536999926674, 0.118907000116301 ], [ 40.323539999628672, 0.118808999565774 ], [ 40.323568999822477, 0.118536000076495 ], [ 40.323587999938219, 0.118233000100935 ], [ 40.323595000161653, 0.117978000089983 ], [ 40.323607000329609, 0.117878000192949 ], [ 40.323609000351126, 0.117766000024256 ], [ 40.323085000288401, 0.117742000048954 ], [ 40.32259200030316, 0.117730000233363 ], [ 40.32256400031568, 0.117763000031338 ], [ 40.322565000160132, 0.117932000076453 ], [ 40.322568999845672, 0.118080999923929 ], [ 40.322547000185367, 0.118258999829815 ], [ 40.322502000352074, 0.11847000020987 ], [ 40.322485999806823, 0.118634000158919 ], [ 40.322473000200098, 0.118839000439062 ], [ 40.322442999803911, 0.119068999801768 ], [ 40.322422000440156, 0.119214999769934 ], [ 40.322394999581661, 0.119362000395671 ], [ 40.322375999701563, 0.119461000323086 ], [ 40.322364000436465, 0.119559999912521 ], [ 40.322336000214499, 0.119644000237762 ], [ 40.322315000318909, 0.119721999846387 ], [ 40.322306000221431, 0.119806000156328 ], [ 40.322302999832829, 0.119888999810544 ], [ 40.322322000294378, 0.119970999838807 ], [ 40.322350999902106, 0.120025000024774 ], [ 40.32242399974357, 0.120083999889093 ], [ 40.322504999658747, 0.120113999642931 ], [ 40.32260200024848, 0.120096999574411 ], [ 40.322665999980792, 0.120033999726482 ], [ 40.322738999803192, 0.120018000290251 ], [ 40.322867000049008, 0.120057999586777 ], [ 40.323324999553144, 0.120141999722158 ], [ 40.323426000330734, 0.120077000071511 ] ] ], [ [ [ 40.324351000344905, 0.120037000114673 ], [ 40.324490000376592, 0.11989700030546 ], [ 40.324587000173516, 0.119378000399629 ], [ 40.32467299967773, 0.11927400001745 ], [ 40.324731999704689, 0.119176000417815 ], [ 40.324711000047209, 0.119033000089303 ], [ 40.324701999655872, 0.118885000074049 ], [ 40.324731999801436, 0.118706999930763 ], [ 40.324801000159773, 0.118511000413872 ], [ 40.324797999882676, 0.118388999617181 ], [ 40.324832000092279, 0.118291000340645 ], [ 40.324846000003305, 0.118093000041995 ], [ 40.324759999880506, 0.11799500019373 ], [ 40.324689999606875, 0.117907999953795 ], [ 40.324545000353375, 0.117852000101167 ], [ 40.324395999980979, 0.117845000166261 ], [ 40.324116000349989, 0.117813999575892 ], [ 40.32396700009707, 0.117771999560883 ], [ 40.323822000044842, 0.117757000131229 ], [ 40.323681999585325, 0.117756999589112 ], [ 40.323655999660438, 0.117925999945727 ], [ 40.323628000161193, 0.118120999917781 ], [ 40.323618000301849, 0.118267000185012 ], [ 40.323610999952507, 0.118443000377197 ], [ 40.323590000422215, 0.118567000402669 ], [ 40.32357600042171, 0.11870600012714 ], [ 40.32356899980482, 0.118837999680385 ], [ 40.32353800005275, 0.119099000327714 ], [ 40.323520999688498, 0.119340000257158 ], [ 40.323528000251542, 0.119433000312662 ], [ 40.323519000293977, 0.119595000036592 ], [ 40.323528000298268, 0.119808999729694 ], [ 40.323576000441335, 0.119946999699368 ], [ 40.323676999965009, 0.120042999880036 ], [ 40.323731999652466, 0.120084000365482 ], [ 40.323833999876243, 0.119990000071977 ], [ 40.323923999788171, 0.120010000252027 ], [ 40.324074999946497, 0.120199999618645 ], [ 40.324243999970726, 0.120179000009057 ], [ 40.324351000344905, 0.120037000114673 ] ] ], [ [ [ 40.325188000301651, 0.119214000282685 ], [ 40.324963999663687, 0.119209999732696 ], [ 40.324861999901614, 0.119238000381736 ], [ 40.324731000349047, 0.119245000229306 ], [ 40.324675000044721, 0.119320999825751 ], [ 40.324662000235655, 0.119445000322118 ], [ 40.324641000348969, 0.119579000322403 ], [ 40.324597000041067, 0.119814999643927 ], [ 40.324554000194219, 0.120005000285601 ], [ 40.324519999950041, 0.120157000241477 ], [ 40.324642999678048, 0.120221000324613 ], [ 40.324760999738814, 0.120269000254629 ], [ 40.324902000306381, 0.120328999799388 ], [ 40.325314999563666, 0.120376000297021 ], [ 40.325451000276381, 0.120397999825537 ], [ 40.325589999561096, 0.120356000376955 ], [ 40.325670000429994, 0.119941000391846 ], [ 40.325692000327315, 0.119734000110541 ], [ 40.325670000059297, 0.119577999692577 ], [ 40.325548000093377, 0.119396000109252 ], [ 40.325416999899097, 0.119294999620334 ], [ 40.325188000301651, 0.119214000282685 ] ] ], [ [ [ 40.319274999834008, 0.119757000001108 ], [ 40.319120000074385, 0.119745999869335 ], [ 40.319011999917052, 0.119841000066991 ], [ 40.318981000299416, 0.120010999560462 ], [ 40.31898099960538, 0.120109000147188 ], [ 40.318999000286752, 0.120213000245081 ], [ 40.318999000389091, 0.120290000382451 ], [ 40.319002000374937, 0.120367000373733 ], [ 40.318964000112487, 0.12040499984923 ], [ 40.318902000319191, 0.120432999548996 ], [ 40.318818999894731, 0.120468000121903 ], [ 40.318746000146298, 0.120543999840396 ], [ 40.318708000219218, 0.120644999770882 ], [ 40.318729000213651, 0.120773999836054 ], [ 40.318808000432881, 0.120954999813987 ], [ 40.318897999955652, 0.121055999811672 ], [ 40.318898000317773, 0.121174999946528 ], [ 40.318895000019062, 0.12135199974715 ], [ 40.318928999655533, 0.121501999606668 ], [ 40.318963999601294, 0.121659000165373 ], [ 40.319060999939325, 0.121707999752923 ], [ 40.319289000371448, 0.121718000323357 ], [ 40.319482999562098, 0.121749000296104 ], [ 40.319725000150427, 0.121755999975006 ], [ 40.319845999860931, 0.121682999885042 ], [ 40.3198809996764, 0.121523000270278 ], [ 40.31993300032493, 0.121394000302854 ], [ 40.319977999995409, 0.12110899973979 ], [ 40.320016000342171, 0.120905999653618 ], [ 40.319964000356883, 0.120676999894898 ], [ 40.319994999783475, 0.120522999976651 ], [ 40.320039999571854, 0.120070000440756 ], [ 40.32002300034744, 0.119847000256899 ], [ 40.319943000232712, 0.119834000291091 ], [ 40.319624999727921, 0.119802000397719 ], [ 40.319274999834008, 0.119757000001108 ] ] ], [ [ [ 40.32209199980489, 0.121790999990542 ], [ 40.322289000127661, 0.12175999976105 ], [ 40.322556000315068, 0.121766999979634 ], [ 40.322697000044641, 0.121787999762953 ], [ 40.323050000239668, 0.121795000245231 ], [ 40.323116000430041, 0.12178100002378 ], [ 40.323047000403406, 0.121593000070972 ], [ 40.323036999929059, 0.121463999699712 ], [ 40.323070999953892, 0.121289999762566 ], [ 40.323001999971289, 0.121027999968373 ], [ 40.322909000444341, 0.120902999694665 ], [ 40.322658999936252, 0.120623999822229 ], [ 40.322600999880635, 0.120498999612766 ], [ 40.322402999732141, 0.12023400042065 ], [ 40.322264999572219, 0.120056999597894 ], [ 40.322068000231361, 0.119958999680368 ], [ 40.32191199986908, 0.119930999769001 ], [ 40.321781000384377, 0.119923999967315 ], [ 40.321528000440395, 0.119879000368697 ], [ 40.32146599960565, 0.119809000448509 ], [ 40.321371999830092, 0.119808999586201 ], [ 40.321286000421367, 0.119861000129999 ], [ 40.321215999965922, 0.119885999993203 ], [ 40.321123000248377, 0.119907000419419 ], [ 40.320936000207425, 0.119916999589023 ], [ 40.320790999858666, 0.11990000042516 ], [ 40.320662999894623, 0.119868000381062 ], [ 40.320469000184524, 0.119861000006991 ], [ 40.32026800017718, 0.119860999814648 ], [ 40.320092000278123, 0.119846999622115 ], [ 40.320077999927321, 0.119902999965846 ], [ 40.32005400017124, 0.12029999970811 ], [ 40.320011999672396, 0.120684000108337 ], [ 40.320033000254348, 0.120788000011189 ], [ 40.320060999932608, 0.120879000245116 ], [ 40.320047000087236, 0.120944999727915 ], [ 40.319985000243541, 0.121324000199274 ], [ 40.319980999810959, 0.12146000036107 ], [ 40.319942999676215, 0.121536999624149 ], [ 40.319905000247225, 0.121610000140714 ], [ 40.319915000237287, 0.121654999817666 ], [ 40.3200990002629, 0.121659000356978 ], [ 40.320331000438514, 0.121668999817306 ], [ 40.320535000282923, 0.121631000304361 ], [ 40.32072499973102, 0.121666000108337 ], [ 40.320849999896254, 0.121735999610939 ], [ 40.321292999822624, 0.121770000117938 ], [ 40.321521000098933, 0.121781000115 ], [ 40.321703999657032, 0.121776999571 ], [ 40.321835999585041, 0.121812000394387 ], [ 40.32209199980489, 0.121790999990542 ] ] ], [ [ [ 40.320703000256174, 0.121713999729779 ], [ 40.320543000157784, 0.12167200041584 ], [ 40.320408999714473, 0.12170000006409 ], [ 40.320283999824611, 0.121709999929575 ], [ 40.320103999846779, 0.12170999975594 ], [ 40.319968999854801, 0.121710000077177 ], [ 40.319883000377025, 0.121724000387869 ], [ 40.319786000218883, 0.121752000028502 ], [ 40.319734000060436, 0.121780000166167 ], [ 40.319674999797833, 0.12187400036202 ], [ 40.319629999569912, 0.122016999699267 ], [ 40.3195850001214, 0.122139000406971 ], [ 40.319529999747111, 0.122289000095507 ], [ 40.319516000054676, 0.122431000260051 ], [ 40.31951899997857, 0.122486999788316 ], [ 40.319646999746631, 0.122622999757526 ], [ 40.319712999556565, 0.122856000271338 ], [ 40.319758000293156, 0.122998999665655 ], [ 40.319779000335124, 0.123090000233575 ], [ 40.319755000179036, 0.123176999772377 ], [ 40.319758000195158, 0.123344000080509 ], [ 40.319792999566786, 0.123396000159175 ], [ 40.319916999880682, 0.123539000110234 ], [ 40.320169999676544, 0.123703000356083 ], [ 40.320339000118949, 0.123775999568926 ], [ 40.320526000036558, 0.123834999989378 ], [ 40.320615999943236, 0.123779000345485 ], [ 40.32063299965678, 0.123677999685411 ], [ 40.320685000007593, 0.123327000030431 ], [ 40.32074099961735, 0.122761999819366 ], [ 40.320819999713741, 0.122204999607501 ], [ 40.320834000133559, 0.121783000378445 ], [ 40.320703000256174, 0.121713999729779 ] ] ], [ [ [ 40.321709999808576, 0.121822000315811 ], [ 40.321591999575965, 0.121811000320585 ], [ 40.321460000079036, 0.121821999998492 ], [ 40.321300999893296, 0.121814999867135 ], [ 40.32108999966168, 0.121800999745045 ], [ 40.320857999847547, 0.121796999784328 ], [ 40.320850999695423, 0.122082999649953 ], [ 40.320816999547425, 0.12243799982369 ], [ 40.320782000293732, 0.122846000418407 ], [ 40.320758000131733, 0.123152000307465 ], [ 40.320720000421204, 0.123454999806845 ], [ 40.320695999886674, 0.123752000040146 ], [ 40.321082999747318, 0.123828000242607 ], [ 40.321419000427071, 0.123879999644974 ], [ 40.321554000145888, 0.123893999783741 ], [ 40.321589999839503, 0.123880999563811 ], [ 40.321636999602312, 0.123823999923367 ], [ 40.321703000347156, 0.123184000094205 ], [ 40.321761000324507, 0.122848000346033 ], [ 40.321847999997438, 0.122528999947202 ], [ 40.32188199961351, 0.12236600030753 ], [ 40.321914000219195, 0.122202999866851 ], [ 40.32196699979341, 0.122072999573292 ], [ 40.321802999583525, 0.121894999740297 ], [ 40.321709999808576, 0.121822000315811 ] ] ] ] } },
{ "type": "Feature", "properties": { "OBJECTID_1": 10, "ID": 10.0, "CAMPID": 1091.0, "CAMPADM1ID": "IFO-N", "CAMPADM2ID": "N-27", "CAMPADM2NA": "IFO-N27", "CAMPADM20": "IFO N-27", "UPDATEBY": "RSAL", "UPDATEDATE": "2010-01-29T00:00:00", "CREATEBY": "RSAL", "CREATEDATE": "2010-01-29T00:00:00", "COMMENT": null, "MALE": 0.0, "FEMALE": 0.0, "TOTPOP": 336.0, "AREAPP": 94, "Perimeter": 899.14256880999994, "Area": 31700.148308600001, "Shape_Leng": 20619.9089097, "Shape_Area": 872986.18258499994 }, "geometry": { "type": "MultiPolygon", "coordinates": [ [ [ [ 40.304207000257911, 0.122624999876991 ], [ 40.302198999749734, 0.122537000381332 ], [ 40.302130999907028, 0.123697999554608 ], [ 40.302175999778768, 0.123744000003276 ], [ 40.304197999870446, 0.123829999808882 ], [ 40.304226999637081, 0.123697999936987 ], [ 40.304206999779097, 0.123336999638768 ], [ 40.304193999570288, 0.122916999661437 ], [ 40.304207000257911, 0.122624999876991 ] ] ], [ [ [ 40.32269600005003, 0.124539000183204 ], [ 40.322706000359602, 0.124337000232331 ], [ 40.322744000228944, 0.123968000426348 ], [ 40.322743999811955, 0.123724000150438 ], [ 40.322743999698332, 0.123521999803357 ], [ 40.322733999735213, 0.123278000027523 ], [ 40.322706999631471, 0.122980000413555 ], [ 40.32200000010895, 0.122107000390661 ], [ 40.321938000023778, 0.12221899999102 ], [ 40.321888999929477, 0.122525000069281 ], [ 40.321797999579346, 0.12290000028724 ], [ 40.321713000375368, 0.123466000268985 ], [ 40.32169200029039, 0.12364700042324 ], [ 40.321677999970177, 0.123737999955016 ], [ 40.321647000025273, 0.123876999764401 ], [ 40.321619999614235, 0.123900999927648 ], [ 40.321554000145888, 0.123893999783741 ], [ 40.321419000427071, 0.123879999644974 ], [ 40.321082999747318, 0.123828000242607 ], [ 40.320695999886674, 0.123752000040146 ], [ 40.32068499982212, 0.123887000152622 ], [ 40.320689000010226, 0.124183999890124 ], [ 40.320699000111787, 0.124375000406335 ], [ 40.320761000408986, 0.124413000306707 ], [ 40.32120100005249, 0.124454999789474 ], [ 40.321626999743629, 0.12445199981845 ], [ 40.321982999609567, 0.124487000047936 ], [ 40.322263000331048, 0.124514000279414 ], [ 40.322537000418386, 0.12454200026491 ], [ 40.32269600005003, 0.124539000183204 ] ] ], [ [ [ 40.32519899992446, 0.124275999619391 ], [ 40.325205999782867, 0.124242999936144 ], [ 40.325368000408886, 0.124284000319982 ], [ 40.325460000377433, 0.124379000337494 ], [ 40.325499000182631, 0.124444000271481 ], [ 40.325623999857932, 0.124452999929501 ], [ 40.325709999874775, 0.124364000336394 ], [ 40.325676000218188, 0.124215999855348 ], [ 40.325639999699504, 0.124120999728137 ], [ 40.325602999931739, 0.123985999590409 ], [ 40.32555399962537, 0.123866000074927 ], [ 40.32543200034884, 0.12375899990536 ], [ 40.325269999639531, 0.123715999666098 ], [ 40.324929000410869, 0.123606000341972 ], [ 40.324787000314195, 0.123484000201868 ], [ 40.32457799961194, 0.123383999647323 ], [ 40.324161999985002, 0.123095000371492 ], [ 40.323909999781279, 0.123005999573106 ], [ 40.323747000296422, 0.123097999596154 ], [ 40.323612000434061, 0.123206000437 ], [ 40.323520000230957, 0.123233999857019 ], [ 40.323448999639254, 0.12281600044591 ], [ 40.323247000104075, 0.122801999990078 ], [ 40.322983999868555, 0.122722999692863 ], [ 40.322828000019484, 0.122887999746549 ], [ 40.322788999602956, 0.123065999620647 ], [ 40.322770999838134, 0.123420000174612 ], [ 40.322800999822199, 0.123717000165377 ], [ 40.322803000321919, 0.123909999841175 ], [ 40.322732000170639, 0.12457100007608 ], [ 40.322951999929437, 0.1246209999366 ], [ 40.323279000306442, 0.1246820001872 ], [ 40.323530999550982, 0.12478499960873 ], [ 40.32388899982702, 0.124889000326653 ], [ 40.324169999847882, 0.124888999641929 ], [ 40.324592000403356, 0.124927999651321 ], [ 40.324790999631709, 0.124935000235497 ], [ 40.324857999920091, 0.124907000221939 ], [ 40.324950000038044, 0.12471699974821 ], [ 40.324949999729476, 0.124584999702437 ], [ 40.325091999717614, 0.124559999706893 ], [ 40.325205999676257, 0.124348999564486 ], [ 40.32519899992446, 0.124275999619391 ] ] ], [ [ [ 40.301873000073755, 0.122453000394833 ], [ 40.301483000083422, 0.122375999788207 ], [ 40.301371000345576, 0.122697000176512 ], [ 40.301177000140605, 0.123656000246255 ], [ 40.301054999626231, 0.124411000357325 ], [ 40.301009000360203, 0.124889999579676 ], [ 40.30205600010143, 0.124954000178225 ], [ 40.302150999796666, 0.122616999984923 ], [ 40.301873000073755, 0.122453000394833 ] ] ], [ [ [ 40.304243000218477, 0.123867999952181 ], [ 40.302176000030371, 0.123786000279897 ], [ 40.302159999761443, 0.123825000229762 ], [ 40.30209800023227, 0.124875000294545 ], [ 40.302157000396647, 0.124953999660286 ], [ 40.304100000092028, 0.125029999626648 ], [ 40.30417800003459, 0.124497999582187 ], [ 40.304200999875412, 0.12441899981091 ], [ 40.304243000218477, 0.123867999952181 ] ] ], [ [ [ 40.30911199996229, 0.124048000287418 ], [ 40.309098999645144, 0.123958999669495 ], [ 40.308588000411611, 0.123899000177854 ], [ 40.308467000436103, 0.123959000365925 ], [ 40.308464000026838, 0.124039999746446 ], [ 40.308093000263639, 0.124016999746036 ], [ 40.307607000033961, 0.123977000058563 ], [ 40.307397000444901, 0.124001000399799 ], [ 40.307310999846955, 0.124055999735234 ], [ 40.307226000278938, 0.124278999791315 ], [ 40.307154000403251, 0.124614000029405 ], [ 40.30710199968653, 0.124654000270808 ], [ 40.307055999964483, 0.124863999924608 ], [ 40.307030999953703, 0.124918999859333 ], [ 40.307014999673044, 0.124993000057093 ], [ 40.306977000095671, 0.125210999575402 ], [ 40.307011000164245, 0.125217999559552 ], [ 40.309351000301241, 0.125335999795994 ], [ 40.309423000162298, 0.124075999671284 ], [ 40.30911199996229, 0.124048000287418 ] ] ], [ [ [ 40.303855000179183, 0.125138999967788 ], [ 40.301862999786245, 0.125057000270563 ], [ 40.301886000349462, 0.126244999717493 ], [ 40.302391999561152, 0.126271999640849 ], [ 40.30348700032313, 0.12630800029246 ], [ 40.303874999904657, 0.126324000215481 ], [ 40.303920000103602, 0.126304000451602 ], [ 40.303939999834881, 0.12524400040144 ], [ 40.303855000179183, 0.125138999967788 ] ] ], [ [ [ 40.306062000428859, 0.125235000125025 ], [ 40.304009000389321, 0.125119999664969 ], [ 40.303998999554793, 0.125786000060343 ], [ 40.303983000001857, 0.12627199983809 ], [ 40.30403499991138, 0.126305000441115 ], [ 40.305212000378184, 0.126350999647795 ], [ 40.305983999685253, 0.126377000084649 ], [ 40.306083999560101, 0.126281000096233 ], [ 40.306102000120468, 0.125329000441704 ], [ 40.306062000428859, 0.125235000125025 ] ] ], [ [ [ 40.30182800037197, 0.125064000105632 ], [ 40.300972999731151, 0.125018000296978 ], [ 40.30091200027934, 0.125044000380141 ], [ 40.300700000172164, 0.126428999723802 ], [ 40.300892000042019, 0.12651400005305 ], [ 40.301224000087878, 0.126530999582937 ], [ 40.301658000180034, 0.126543999695154 ], [ 40.301821000131554, 0.126541000290425 ], [ 40.301827999981697, 0.125128999918211 ], [ 40.30182800037197, 0.125064000105632 ] ] ], [ [ [ 40.317324999580855, 0.124812000248851 ], [ 40.31639300026179, 0.124788999900263 ], [ 40.31622999987168, 0.124817999762709 ], [ 40.31619700003575, 0.124832000232997 ], [ 40.316193999608039, 0.126971000426056 ], [ 40.316336999880527, 0.126978000187014 ], [ 40.316663000231912, 0.126947999600307 ], [ 40.317187999944629, 0.126915999839168 ], [ 40.317353999940934, 0.126883000032669 ], [ 40.317392999763072, 0.126322000417722 ], [ 40.31738399957711, 0.124894000198138 ], [ 40.317324999580855, 0.124812000248851 ] ] ], [ [ [ 40.318850999663617, 0.12698400000145 ], [ 40.318954999645904, 0.126957999616298 ], [ 40.319483000372777, 0.126957999626595 ], [ 40.319551999650017, 0.126908999869574 ], [ 40.319522000007851, 0.124855000056637 ], [ 40.31887300021446, 0.124795000031693 ], [ 40.318322999563662, 0.124799000312928 ], [ 40.318326000080688, 0.124955999767299 ], [ 40.318332000397781, 0.126240000228673 ], [ 40.318290000151457, 0.126256000091605 ], [ 40.318231000410542, 0.12635799975757 ], [ 40.318253999607442, 0.126538000284462 ], [ 40.318189000370985, 0.126573999609804 ], [ 40.318081000271768, 0.126701999562132 ], [ 40.318309999560007, 0.12684700022829 ], [ 40.318341999890535, 0.126896000249418 ], [ 40.318781999882532, 0.126987999582855 ], [ 40.318850999663617, 0.12698400000145 ] ] ], [ [ [ 40.320783999757658, 0.127011000039073 ], [ 40.320771000264294, 0.124850999669488 ], [ 40.320745000111053, 0.124827000359679 ], [ 40.320134999925926, 0.12483799994413 ], [ 40.319578000281908, 0.124851000286421 ], [ 40.319596999844578, 0.126948000061356 ], [ 40.319756999818786, 0.126983999574951 ], [ 40.319949000126925, 0.126981000366503 ], [ 40.320200000047983, 0.127016999712743 ], [ 40.320751000330304, 0.127066999576818 ], [ 40.320783999757658, 0.127011000039073 ] ] ], [ [ [ 40.321237000097206, 0.127039999974606 ], [ 40.321374000172788, 0.126991000363494 ], [ 40.321814000117818, 0.127003999640749 ], [ 40.321993000132913, 0.126987999964052 ], [ 40.322018999795759, 0.126896000347841 ], [ 40.322008999754892, 0.126515000296506 ], [ 40.321990000209631, 0.126081999826946 ], [ 40.321990000008725, 0.125756999783115 ], [ 40.321977000378432, 0.125432000400386 ], [ 40.321976999828713, 0.12520600028236 ], [ 40.321973999631091, 0.12507400022947 ], [ 40.321950999549344, 0.124838000341592 ], [ 40.321814000222382, 0.124811999600522 ], [ 40.321648000167649, 0.124838000300975 ], [ 40.321438999993816, 0.124844999864253 ], [ 40.321247000114262, 0.124817999723703 ], [ 40.321126000054065, 0.124808999845 ], [ 40.320823000122004, 0.12481800036448 ], [ 40.320803000226427, 0.124857999702829 ], [ 40.320815999763681, 0.127001000167548 ], [ 40.320848999908847, 0.127083000374836 ], [ 40.321021999912169, 0.12709599983148 ], [ 40.321237000097206, 0.127039999974606 ] ] ], [ [ [ 40.322991000327811, 0.124804999873889 ], [ 40.322755999785947, 0.124798999638684 ], [ 40.322709999694524, 0.125028999858463 ], [ 40.32269699974443, 0.125359999941785 ], [ 40.322651999856603, 0.125826000208991 ], [ 40.322625999824787, 0.126125000160732 ], [ 40.322616000351587, 0.126394000122657 ], [ 40.322600000130102, 0.126695999759546 ], [ 40.322579999957327, 0.126941999999109 ], [ 40.322634999964059, 0.127003999863951 ], [ 40.322886000091124, 0.127066999934909 ], [ 40.323074999685794, 0.12707000032728 ], [ 40.323384999752555, 0.127144999892095 ], [ 40.323576999899053, 0.127161999789345 ], [ 40.323718000251759, 0.127141999701489 ], [ 40.323770000046153, 0.126649999736024 ], [ 40.323809000277464, 0.12624299973776 ], [ 40.323858000124375, 0.125764000171132 ], [ 40.323896999597643, 0.125357000201085 ], [ 40.323915999689341, 0.125087999925358 ], [ 40.323870999940361, 0.125001999854971 ], [ 40.323672000429077, 0.124936999860481 ], [ 40.323385000243853, 0.124893999663069 ], [ 40.32316300029747, 0.124837999564259 ], [ 40.322991000327811, 0.124804999873889 ] ] ], [ [ [ 40.327229000280234, 0.125337000403205 ], [ 40.327100999749817, 0.125306999672835 ], [ 40.326929000106006, 0.125310999946898 ], [ 40.32667100019421, 0.12525500002256 ], [ 40.326361000133566, 0.125242000249122 ], [ 40.326342000112149, 0.125421999615381 ], [ 40.326334999796266, 0.125605999823003 ], [ 40.32633500035773, 0.125724000139971 ], [ 40.326341999910262, 0.125810000242706 ], [ 40.326339000406392, 0.125924000165723 ], [ 40.326329000332407, 0.126003000407499 ], [ 40.326315999730035, 0.126068999703353 ], [ 40.326286000348198, 0.126268999667522 ], [ 40.326270000054116, 0.126426999952144 ], [ 40.326237999821394, 0.126555000122442 ], [ 40.326211000111769, 0.12671499989594 ], [ 40.326207999567728, 0.12689599972587 ], [ 40.32618100043306, 0.127013999634828 ], [ 40.326167000059641, 0.127136000326188 ], [ 40.326372999990006, 0.127146999995754 ], [ 40.326684000264066, 0.127182000222724 ], [ 40.327137999772489, 0.127199000072284 ], [ 40.327372000201059, 0.127191999889135 ], [ 40.327473000003067, 0.125788000383661 ], [ 40.327456999928785, 0.125399000389374 ], [ 40.327365000260549, 0.125363000175874 ], [ 40.327229000280234, 0.125337000403205 ] ] ], [ [ [ 40.31559399988484, 0.12472700018844 ], [ 40.315055999650319, 0.124727000125944 ], [ 40.314987999762771, 0.124785999906425 ], [ 40.314968000391097, 0.124910000360771 ], [ 40.314912999944227, 0.126600999700058 ], [ 40.314970999572772, 0.126921999852446 ], [ 40.315221999958915, 0.12727699986323 ], [ 40.315291000346704, 0.127283000333834 ], [ 40.315425000126673, 0.127237000070391 ], [ 40.315616999759911, 0.127213999855173 ], [ 40.316121999688825, 0.12700700014644 ], [ 40.316158000303538, 0.126921999661092 ], [ 40.316131999675399, 0.126800999991733 ], [ 40.316155000398368, 0.124824999780042 ], [ 40.315867999607697, 0.124769000009551 ], [ 40.31559399988484, 0.12472700018844 ] ] ], [ [ [ 40.325517000159515, 0.127322999658935 ], [ 40.325640999705044, 0.127293000432589 ], [ 40.325744999821431, 0.127292999571956 ], [ 40.325879000343001, 0.127272999844567 ], [ 40.326000000282527, 0.127231000039571 ], [ 40.326130000245939, 0.127108999673689 ], [ 40.326145999994885, 0.126993999609569 ], [ 40.326150000049459, 0.126610000197741 ], [ 40.326185000118677, 0.126498999707655 ], [ 40.3262279997737, 0.12635099985052 ], [ 40.326240999885762, 0.126239999592795 ], [ 40.326264000352467, 0.126019999960592 ], [ 40.326303000202863, 0.125872000321206 ], [ 40.326286000243961, 0.125733999944408 ], [ 40.326285999590596, 0.125632000005674 ], [ 40.326272999703257, 0.125444999726049 ], [ 40.326267000200495, 0.12530699968831 ], [ 40.3262050003637, 0.125258000437879 ], [ 40.326057999782236, 0.125212000271567 ], [ 40.325930999749097, 0.125175999998472 ], [ 40.325794000143205, 0.125175999736672 ], [ 40.325578999664046, 0.125147000145608 ], [ 40.325168000308629, 0.125120000389109 ], [ 40.325144999998479, 0.125201999703232 ], [ 40.325144999864015, 0.125395999659126 ], [ 40.325106000119725, 0.125671999751454 ], [ 40.325090000187011, 0.125855999607784 ], [ 40.325054000443323, 0.126097999864475 ], [ 40.325044000138078, 0.126279000138014 ], [ 40.325018000189047, 0.126489000017972 ], [ 40.325009000086752, 0.126745000371071 ], [ 40.324996000131087, 0.127052999935275 ], [ 40.325017999956934, 0.127191000117603 ], [ 40.325050999801675, 0.12739099965108 ], [ 40.325198000174616, 0.127377999978206 ], [ 40.325340999684762, 0.127344999577586 ], [ 40.325517000159515, 0.127322999658935 ] ] ], [ [ [ 40.324502999989512, 0.125024999649347 ], [ 40.32410199959277, 0.124988999679309 ], [ 40.324001000293379, 0.12500900032571 ], [ 40.323916000059732, 0.125631999821482 ], [ 40.323863999862162, 0.126262000215562 ], [ 40.323805999877827, 0.126676000112207 ], [ 40.323798999799422, 0.127040000000668 ], [ 40.323907000172355, 0.127135000059552 ], [ 40.32402399970767, 0.127167999695871 ], [ 40.32416100035897, 0.127204000291176 ], [ 40.324256000012603, 0.127203999905356 ], [ 40.324370000046109, 0.127226999667649 ], [ 40.324445000409462, 0.127259999653597 ], [ 40.324541999773935, 0.127308999796045 ], [ 40.324637000199218, 0.127341999646395 ], [ 40.324714999686371, 0.127377999655608 ], [ 40.324800000216968, 0.127404999645626 ], [ 40.32493400001519, 0.127404999943868 ], [ 40.325008999688414, 0.127372000346289 ], [ 40.324979000261067, 0.127164999918496 ], [ 40.324955999696115, 0.126993999547951 ], [ 40.324986000149984, 0.126744999746819 ], [ 40.324992000349276, 0.126453000027095 ], [ 40.325017999770417, 0.126196999705868 ], [ 40.325043999983293, 0.125884999838661 ], [ 40.325090000252594, 0.125589999709019 ], [ 40.325116000199486, 0.125307000447681 ], [ 40.325112999628189, 0.125149999617757 ], [ 40.325069999870209, 0.12510100027607 ], [ 40.324678999939543, 0.125044999790713 ], [ 40.324502999989512, 0.125024999649347 ] ] ], [ [ [ 40.30387499985175, 0.12637700003316 ], [ 40.301909000441299, 0.126298000226311 ], [ 40.301886000434948, 0.126336999644785 ], [ 40.301846999739581, 0.127430000273579 ], [ 40.30303700032885, 0.127483000130936 ], [ 40.303872000203597, 0.127512000018586 ], [ 40.303916999549521, 0.126398999762795 ], [ 40.30387499985175, 0.12637700003316 ] ] ], [ [ [ 40.305116999549135, 0.126413999819076 ], [ 40.303995000243958, 0.126374999555387 ], [ 40.303936999722403, 0.127473999753791 ], [ 40.303956000397797, 0.127500000316037 ], [ 40.306003000265044, 0.127582999919353 ], [ 40.306051000144663, 0.127523999990325 ], [ 40.306057000099358, 0.127045000094897 ], [ 40.306072000025665, 0.126443999692012 ], [ 40.305116999549135, 0.126413999819076 ] ] ], [ [ [ 40.308418000093667, 0.126544000079296 ], [ 40.306523999855223, 0.126444999775827 ], [ 40.306422999583774, 0.126477999950782 ], [ 40.306364000287708, 0.12668500014524 ], [ 40.306341000359751, 0.12702899960192 ], [ 40.306321999984739, 0.127097999939761 ], [ 40.306208000295605, 0.127473000179364 ], [ 40.306218000007377, 0.127580999946641 ], [ 40.308385000372539, 0.127669000357229 ], [ 40.308418000093667, 0.126544000079296 ] ] ], [ [ [ 40.308718999640128, 0.126566999634328 ], [ 40.308473999675947, 0.126557000238485 ], [ 40.308447999830932, 0.127702000300256 ], [ 40.30861800010986, 0.12771899968786 ], [ 40.308843000337518, 0.127737999705189 ], [ 40.309029000063276, 0.127738000115719 ], [ 40.309238999684666, 0.127753000319227 ], [ 40.309533999775972, 0.127784000263251 ], [ 40.309700000162323, 0.127783999882952 ], [ 40.30992500022996, 0.127784000090462 ], [ 40.31012099972024, 0.12778799964521 ], [ 40.310335999868698, 0.12780099973772 ], [ 40.31046000018938, 0.127771000376988 ], [ 40.310512000370601, 0.12667199971907 ], [ 40.310287000003051, 0.126628999811186 ], [ 40.31002299982233, 0.126616000300735 ], [ 40.309726000243309, 0.126609999623871 ], [ 40.309448999963983, 0.12658699977944 ], [ 40.309022000024676, 0.12657300002541 ], [ 40.308718999640128, 0.126566999634328 ] ] ], [ [ [ 40.31065500035767, 0.126649000224618 ], [ 40.310570000019339, 0.126635000286131 ], [ 40.310533999683443, 0.127778000066315 ], [ 40.310599999795215, 0.12782700030067 ], [ 40.3107889998183, 0.127873000337036 ], [ 40.311045999560591, 0.127909000411825 ], [ 40.311356000138169, 0.127928999985361 ], [ 40.311969000162293, 0.127996999842577 ], [ 40.312070000151827, 0.128034000142358 ], [ 40.31255199955033, 0.128121999591983 ], [ 40.312627000185643, 0.127906000245831 ], [ 40.312683000200835, 0.126757000000754 ], [ 40.311294000373593, 0.126661999614819 ], [ 40.31065500035767, 0.126649000224618 ] ] ], [ [ [ 40.31369999990315, 0.128221000306428 ], [ 40.313839999702388, 0.128142999643433 ], [ 40.314064999863298, 0.1282049999804 ], [ 40.314234000041495, 0.128208999954292 ], [ 40.314510999592777, 0.128156999980756 ], [ 40.314616000373341, 0.128091000135325 ], [ 40.314745999868187, 0.127982999844293 ], [ 40.314752999937085, 0.127530000273175 ], [ 40.314752999895575, 0.127351999956662 ], [ 40.314811000138675, 0.127115999765029 ], [ 40.314818000285115, 0.12689299973698 ], [ 40.312745000023689, 0.126781000252271 ], [ 40.312682999821469, 0.127904000242995 ], [ 40.312832999858657, 0.128084000040252 ], [ 40.312917000380956, 0.12820799978007 ], [ 40.313145999624368, 0.128217999779167 ], [ 40.31329200000328, 0.12820800031498 ], [ 40.31354700043925, 0.128261000323546 ], [ 40.31369999990315, 0.128221000306428 ] ] ], [ [ [ 40.300886000033607, 0.126528000153818 ], [ 40.300771999753422, 0.126484999808691 ], [ 40.300679999755495, 0.12649800025905 ], [ 40.300660999985134, 0.128211000287534 ], [ 40.300644000007608, 0.128502999812207 ], [ 40.300702999551348, 0.128549000390819 ], [ 40.301766000052979, 0.128630999942989 ], [ 40.301791999778224, 0.128589000133693 ], [ 40.301772000423988, 0.12844699977213 ], [ 40.301765999602267, 0.128266999899177 ], [ 40.301801999754929, 0.128043999935132 ], [ 40.301804999854205, 0.127834000177109 ], [ 40.301792000209353, 0.127367999854757 ], [ 40.301828000350511, 0.126784000084538 ], [ 40.301847000081779, 0.12662900012761 ], [ 40.301795000225205, 0.126579999864037 ], [ 40.301230999611484, 0.126543999556838 ], [ 40.301045000212177, 0.126543999905277 ], [ 40.300886000033607, 0.126528000153818 ] ] ], [ [ [ 40.30326200013009, 0.12869300041376 ], [ 40.303444999956433, 0.128667000316576 ], [ 40.303825999913187, 0.128666999709222 ], [ 40.303887999837031, 0.127551000143434 ], [ 40.302857999589449, 0.127512000151816 ], [ 40.301866999999497, 0.127466000014199 ], [ 40.301838000353769, 0.128168000004348 ], [ 40.301854000164475, 0.128654000379947 ], [ 40.302590999670464, 0.128709999649782 ], [ 40.302868000117464, 0.12875599982122 ], [ 40.303212999740758, 0.128742000372494 ], [ 40.30326200013009, 0.12869300041376 ] ] ], [ [ [ 40.306727000323242, 0.128852999751343 ], [ 40.307424999718279, 0.128820000307011 ], [ 40.308338000003495, 0.128850000412072 ], [ 40.308403000409704, 0.128285000447138 ], [ 40.308402999571882, 0.127789999908439 ], [ 40.308379999886768, 0.127727000377431 ], [ 40.306182999637727, 0.127638999741777 ], [ 40.306136999651201, 0.12787500012963 ], [ 40.306114000012215, 0.128557999710541 ], [ 40.306299999883613, 0.128804000001269 ], [ 40.306547999941664, 0.128866000249934 ], [ 40.306727000323242, 0.128852999751343 ] ] ], [ [ [ 40.305940999954998, 0.127624000216557 ], [ 40.303938999835907, 0.127549000415781 ], [ 40.303868000193951, 0.128699999874983 ], [ 40.303907000421873, 0.128729999982521 ], [ 40.304373000079948, 0.128746000025506 ], [ 40.304678999954653, 0.128786000033926 ], [ 40.304881999580246, 0.128842000431614 ], [ 40.305289000427607, 0.128881000258079 ], [ 40.305490999768558, 0.128914000280244 ], [ 40.305816999923309, 0.128798999550435 ], [ 40.305948000159262, 0.12869700015663 ], [ 40.306006000343949, 0.127818000156338 ], [ 40.306008999846, 0.127650000058795 ], [ 40.305940999954998, 0.127624000216557 ] ] ] ] } },
{ "type": "Feature", "properties": { "OBJECTID_1": 50, "ID": 50.0, "CAMPID": 1091.0, "CAMPADM1ID": "IFO-C", "CAMPADM2ID": "C-19", "CAMPADM2NA": "IFO-C19", "CAMPADM20": "IFO C-19", "UPDATEBY": "RSAL", "UPDATEDATE": "2007-01-08T00:00:00", "CREATEBY": "IRD", "CREATEDATE": "1999-05-28T00:00:00", "COMMENT": null, "MALE": 0.0, "FEMALE": 0.0, "TOTPOP": 1214.0, "AREAPP": 39, "Perimeter": 842.74746963200005, "Area": 47125.05216, "Shape_Leng": 19486.479389100001, "Shape_Area": 798596.69156900002 }, "geometry": { "type": "MultiPolygon", "coordinates": [ [ [ [ 40.318521000181754, 0.106483999659525 ], [ 40.318371000177287, 0.10647000008765 ], [ 40.318361999999446, 0.106731999638081 ], [ 40.318316999570541, 0.106995999671354 ], [ 40.318294000390708, 0.107141000403857 ], [ 40.318245999666402, 0.10756200019465 ], [ 40.318200000249348, 0.107784000292044 ], [ 40.318128999691808, 0.108101999568995 ], [ 40.31810799966371, 0.108311000161397 ], [ 40.318133000014228, 0.108529000226668 ], [ 40.318146000235977, 0.108629000104844 ], [ 40.319170000074479, 0.108696999891521 ], [ 40.319153999594107, 0.108609000055443 ], [ 40.319170000160341, 0.108471000418432 ], [ 40.319212000051195, 0.108278999786341 ], [ 40.319233000226532, 0.108157000362426 ], [ 40.319249000435619, 0.108030999695785 ], [ 40.319266000007602, 0.107891000196946 ], [ 40.319283000012355, 0.107740000293905 ], [ 40.319298999547193, 0.107556000122894 ], [ 40.319309999688613, 0.10744400027972 ], [ 40.319361999595003, 0.107280999900164 ], [ 40.319365999730124, 0.107141000071902 ], [ 40.319393000108484, 0.10692299966106 ], [ 40.319408000341916, 0.106731999699602 ], [ 40.319412000129134, 0.106561999755537 ], [ 40.318691000148974, 0.106494999982711 ], [ 40.318521000181754, 0.106483999659525 ] ] ], [ [ [ 40.320586000353366, 0.106670999775035 ], [ 40.320438000095216, 0.106628999869395 ], [ 40.320290000077129, 0.106635000312659 ], [ 40.320004999785588, 0.106631000302649 ], [ 40.319713999707737, 0.106606000105316 ], [ 40.319554999668476, 0.106580999632381 ], [ 40.319450999797532, 0.106570000095197 ], [ 40.319424000269983, 0.106956000440528 ], [ 40.319414000365931, 0.107159000052058 ], [ 40.319392999589205, 0.107288999671547 ], [ 40.31934499990944, 0.107460999549551 ], [ 40.319314000029685, 0.107644000004167 ], [ 40.319296999907287, 0.10785500014595 ], [ 40.319282999623788, 0.10802299980539 ], [ 40.319260000300197, 0.10816299956677 ], [ 40.319227000267055, 0.108381000265723 ], [ 40.319198999866025, 0.108573999744739 ], [ 40.319226999789514, 0.108680999671442 ], [ 40.319304000405843, 0.108724999718056 ], [ 40.319545000004624, 0.108793999876381 ], [ 40.319836999684206, 0.108830000178852 ], [ 40.320077999597345, 0.108866000004607 ], [ 40.320284000239333, 0.108865999968298 ], [ 40.320296999827391, 0.108786000010433 ], [ 40.320306999621408, 0.108563000392577 ], [ 40.320328000352788, 0.10833000025778 ], [ 40.320359999841187, 0.107973999927365 ], [ 40.320388999849797, 0.107647000383264 ], [ 40.320425999574972, 0.107319999594569 ], [ 40.320461000063787, 0.10704999982815 ], [ 40.320523999780335, 0.10680900040775 ], [ 40.320576000026819, 0.10671699982561 ], [ 40.320586000353366, 0.106670999775035 ] ] ], [ [ [ 40.320869000188061, 0.106684999894369 ], [ 40.320633999896188, 0.106663999666549 ], [ 40.320549000002572, 0.106817000439698 ], [ 40.320467000164172, 0.107163000149806 ], [ 40.320460999777445, 0.107316000229826 ], [ 40.320435999878804, 0.107504000357671 ], [ 40.320436000238978, 0.107595999599792 ], [ 40.320407000333304, 0.107862999827307 ], [ 40.320386000269131, 0.10815400033929 ], [ 40.32036299975497, 0.108349000237671 ], [ 40.320349000148305, 0.108573000390917 ], [ 40.320332000205937, 0.108724000235049 ], [ 40.320334000211254, 0.108850000057981 ], [ 40.32037599961015, 0.108895999637657 ], [ 40.320474000009, 0.108914000082623 ], [ 40.320586000444514, 0.108945999595281 ], [ 40.320698999762271, 0.108974000312997 ], [ 40.320905000272305, 0.109033999561056 ], [ 40.321066999896061, 0.109073999772237 ], [ 40.321144000011785, 0.109087000210352 ], [ 40.321292999727305, 0.108972999950487 ], [ 40.321345999696334, 0.108918999608233 ], [ 40.321367000406937, 0.108728000425054 ], [ 40.321398000040233, 0.108541999916606 ], [ 40.321447999599201, 0.108205999914851 ], [ 40.321504000351467, 0.107944000438278 ], [ 40.321524999941836, 0.107433000277435 ], [ 40.321562999795887, 0.107110000152711 ], [ 40.321574999598759, 0.106906999726203 ], [ 40.321582999829893, 0.106815000180085 ], [ 40.321428999871834, 0.106794000088174 ], [ 40.321241999635554, 0.106735000212536 ], [ 40.320869000188061, 0.106684999894369 ] ] ], [ [ [ 40.321894000226536, 0.109200000125013 ], [ 40.322164000261068, 0.109106000020684 ], [ 40.322376999891787, 0.109113999843295 ], [ 40.322429000434873, 0.109114000255323 ], [ 40.322453999893227, 0.108939999938157 ], [ 40.322479000158957, 0.108743000285234 ], [ 40.322548999696487, 0.108282000111996 ], [ 40.322585999845678, 0.107863999895579 ], [ 40.322611999980857, 0.107516999818487 ], [ 40.322614000310047, 0.107213000183605 ], [ 40.322676000065911, 0.106953000415242 ], [ 40.32236200017914, 0.106839999975927 ], [ 40.322236999798022, 0.106772999956814 ], [ 40.322123000109421, 0.106753999773345 ], [ 40.321948000063131, 0.106814999750124 ], [ 40.321789999992184, 0.106808000421222 ], [ 40.321640000180032, 0.106815000425446 ], [ 40.321618999927296, 0.10695699978242 ], [ 40.321594000320736, 0.107151999660142 ], [ 40.32157299958012, 0.107345000446946 ], [ 40.321551999590099, 0.107575999726996 ], [ 40.321538999702426, 0.107878999609045 ], [ 40.321465999942703, 0.108313999645658 ], [ 40.321427000036593, 0.108589999877772 ], [ 40.321393999721387, 0.108778999758799 ], [ 40.321387999614345, 0.108936000340682 ], [ 40.321238000109986, 0.109094999879647 ], [ 40.321575000185064, 0.109125000447704 ], [ 40.321894000226536, 0.109200000125013 ] ] ], [ [ [ 40.323507000106609, 0.109248999870379 ], [ 40.323571999883065, 0.108358000014357 ], [ 40.323633999795035, 0.107835000444899 ], [ 40.323663000154738, 0.107580000410097 ], [ 40.323695000352032, 0.107427999757514 ], [ 40.323748999824581, 0.107133999825696 ], [ 40.323798999637305, 0.107032000321012 ], [ 40.323778000131945, 0.10700200026299 ], [ 40.323552999989566, 0.106967000007923 ], [ 40.323400999768744, 0.10696000044113 ], [ 40.323152999911777, 0.106910000230799 ], [ 40.322903000115296, 0.106902000021727 ], [ 40.322718000415101, 0.106918000309526 ], [ 40.322706000102343, 0.106961999679971 ], [ 40.322660000235977, 0.107192999938637 ], [ 40.322655999734991, 0.107511999694979 ], [ 40.322623999566574, 0.107790000205764 ], [ 40.322607999920052, 0.108156999898884 ], [ 40.32253900009043, 0.108529999594531 ], [ 40.322513999927359, 0.108770999902823 ], [ 40.32251200030926, 0.108881000290025 ], [ 40.322474999828124, 0.109082000121816 ], [ 40.322485999871311, 0.109114000445988 ], [ 40.322646999674177, 0.109180000188502 ], [ 40.322924000307971, 0.109169999650836 ], [ 40.323040000365374, 0.109178999599664 ], [ 40.3231299999429, 0.109214000220806 ], [ 40.323305000442382, 0.109228000275859 ], [ 40.323423999633555, 0.109240999733701 ], [ 40.323507000106609, 0.109248999870379 ] ] ], [ [ [ 40.324218999756233, 0.107090999912602 ], [ 40.323966999716134, 0.107030999891322 ], [ 40.323798999772919, 0.107097999923277 ], [ 40.323710999832365, 0.107514999977439 ], [ 40.323648999764224, 0.107931999826218 ], [ 40.323632000083741, 0.108172000209979 ], [ 40.323592999757302, 0.108706000064664 ], [ 40.323565999750187, 0.108989000276251 ], [ 40.323555000207932, 0.109174000282927 ], [ 40.323559000121492, 0.109257999936426 ], [ 40.323901000090736, 0.109318000270471 ], [ 40.3240839998277, 0.109385000245145 ], [ 40.324179999732102, 0.109352000254445 ], [ 40.324519000183393, 0.10933999982591 ], [ 40.324525000083881, 0.10928200017276 ], [ 40.324594000252489, 0.108776999781573 ], [ 40.324635999617655, 0.108597000304848 ], [ 40.324696000126288, 0.108087999800433 ], [ 40.324747000398368, 0.107603999759251 ], [ 40.324793999742852, 0.107363999987593 ], [ 40.324810999791644, 0.107173000352081 ], [ 40.324641999851274, 0.107153999897759 ], [ 40.324457000061066, 0.107123000293983 ], [ 40.324218999756233, 0.107090999912602 ] ] ], [ [ [ 40.325231000075647, 0.107176999792546 ], [ 40.324925000256592, 0.107171000086998 ], [ 40.324846000193176, 0.107195999953911 ], [ 40.324767000032743, 0.107635999666092 ], [ 40.324717000276891, 0.108112000369073 ], [ 40.324636000430012, 0.108759999883687 ], [ 40.324622999969385, 0.108881000140642 ], [ 40.324586000364853, 0.109101000381103 ], [ 40.324560999944097, 0.109252000326834 ], [ 40.324551999797436, 0.109363000393344 ], [ 40.324917000301724, 0.109398999974414 ], [ 40.325298000248061, 0.109439000282123 ], [ 40.325519999667236, 0.109456999657856 ], [ 40.325652000215868, 0.10947500032155 ], [ 40.325674999879972, 0.109244000413912 ], [ 40.325705999693177, 0.10892100020613 ], [ 40.325722999988088, 0.108614999563258 ], [ 40.325765999617047, 0.108214999818947 ], [ 40.325786999739464, 0.107907000095336 ], [ 40.325829000191852, 0.107688999581437 ], [ 40.325844999900127, 0.107489999875423 ], [ 40.325861999828426, 0.107254999717632 ], [ 40.325732999871519, 0.107231999703806 ], [ 40.325570999689354, 0.107192000376819 ], [ 40.325231000075647, 0.107176999792546 ] ] ], [ [ [ 40.326751000393095, 0.109570999775789 ], [ 40.32677599979133, 0.109356999716553 ], [ 40.326786000009122, 0.10908500009004 ], [ 40.326820000006364, 0.108830999601217 ], [ 40.326827999609513, 0.108520999852464 ], [ 40.326855000009424, 0.108206000168586 ], [ 40.326881999703012, 0.107935999629527 ], [ 40.326912999973615, 0.107745000441706 ], [ 40.326942999577952, 0.107454000306129 ], [ 40.326906999582903, 0.1074179996762 ], [ 40.326796000394822, 0.107387999976968 ], [ 40.326136999638777, 0.107315999917604 ], [ 40.325987999993771, 0.107279999681088 ], [ 40.325899999582766, 0.107308000121168 ], [ 40.325890999812195, 0.107492000399852 ], [ 40.325856999795683, 0.107665999952024 ], [ 40.325833000065089, 0.107876999844658 ], [ 40.325817999737502, 0.108061999852731 ], [ 40.325800000146195, 0.108240000166273 ], [ 40.325774999794305, 0.108414000242766 ], [ 40.325761999768659, 0.108607000362122 ], [ 40.325743000294551, 0.108826999701497 ], [ 40.325732999778467, 0.109011000041627 ], [ 40.325708000091751, 0.109240000208612 ], [ 40.325693000144476, 0.109370000155753 ], [ 40.325692999890471, 0.109487000141653 ], [ 40.325826999841745, 0.109514000363202 ], [ 40.326243000429727, 0.109565000346329 ], [ 40.326515999889374, 0.10955399956197 ], [ 40.326751000393095, 0.109570999775789 ] ] ], [ [ [ 40.327761000306459, 0.107440999606674 ], [ 40.327376000114327, 0.107401999598002 ], [ 40.327119999721226, 0.107405999578969 ], [ 40.32700700039269, 0.107432999839946 ], [ 40.326962999781081, 0.107561999710615 ], [ 40.326913999619386, 0.107966000060659 ], [ 40.326891000220463, 0.108288000288279 ], [ 40.326876000228864, 0.108623999819672 ], [ 40.326846999642093, 0.108911000290863 ], [ 40.32683199999493, 0.109089000403444 ], [ 40.326827999603665, 0.109322000082056 ], [ 40.326805000123798, 0.109577000448996 ], [ 40.326720000389344, 0.110110999893138 ], [ 40.327259000354836, 0.110189999858078 ], [ 40.327742000100962, 0.110393999653832 ], [ 40.327807000388113, 0.110079000171501 ], [ 40.327823000168536, 0.109744000171605 ], [ 40.327791999550705, 0.109576999833727 ], [ 40.327864999657983, 0.109467999592074 ], [ 40.327886000078315, 0.109293999829283 ], [ 40.327922999833632, 0.109018000390858 ], [ 40.327933999694892, 0.108799999609483 ], [ 40.327998000234224, 0.108505999704993 ], [ 40.327994000303626, 0.108317999608816 ], [ 40.327973000376204, 0.108153999910924 ], [ 40.328029000036665, 0.107747000144597 ], [ 40.328055999851564, 0.107499999930106 ], [ 40.327761000306459, 0.107440999606674 ] ] ], [ [ [ 40.318889000321946, 0.109784000336541 ], [ 40.318231000397596, 0.109761999786878 ], [ 40.318066999908176, 0.109786999941863 ], [ 40.317918000304914, 0.109804999582221 ], [ 40.317847999840652, 0.110141000076146 ], [ 40.317868999591994, 0.110235999577938 ], [ 40.31792400000468, 0.110560000056463 ], [ 40.31782400042956, 0.110948000165611 ], [ 40.317701999621953, 0.111247000337948 ], [ 40.317531999878199, 0.111446000420698 ], [ 40.317532000064368, 0.111631999853731 ], [ 40.317617000037295, 0.111767000271227 ], [ 40.317758000210254, 0.111834999825308 ], [ 40.318356000399369, 0.11190599969244 ], [ 40.318604000027655, 0.111916999731937 ], [ 40.318824999759272, 0.111946999803291 ], [ 40.318886000321214, 0.11157099962801 ], [ 40.318958999884124, 0.1108779996038 ], [ 40.31901399988211, 0.110358000414002 ], [ 40.319073999851049, 0.10986000002992 ], [ 40.319034999766941, 0.109802000438713 ], [ 40.318889000321946, 0.109784000336541 ] ] ], [ [ [ 40.320160999841541, 0.109976000419875 ], [ 40.320108999792097, 0.109927000202971 ], [ 40.320043999767954, 0.109927999843653 ], [ 40.319732999842259, 0.109869000251959 ], [ 40.319413999741307, 0.109820000132887 ], [ 40.319155999941948, 0.109814000358136 ], [ 40.319122999686634, 0.109859999660883 ], [ 40.319099999982789, 0.110029999571137 ], [ 40.319016000207831, 0.11063200019087 ], [ 40.318990000422858, 0.110978999897965 ], [ 40.318973999970638, 0.111238000424829 ], [ 40.318938000104019, 0.11153200019386 ], [ 40.318892000223137, 0.111816000381898 ], [ 40.31888199983532, 0.111898999553642 ], [ 40.318917999958472, 0.111953999962435 ], [ 40.319682999637607, 0.112028999965503 ], [ 40.319870000152882, 0.11204800024001 ], [ 40.319938999841412, 0.111681000433961 ], [ 40.320006000025614, 0.111301999969908 ], [ 40.320063999970635, 0.110968999558276 ], [ 40.320112000228754, 0.110571999735758 ], [ 40.320146000443742, 0.110221000179464 ], [ 40.320160999841541, 0.109976000419875 ] ] ], [ [ [ 40.320615999626398, 0.109982000435725 ], [ 40.320378999973407, 0.109955000223433 ], [ 40.320221999673066, 0.109966999841328 ], [ 40.320166999838492, 0.110409999573559 ], [ 40.320139999599277, 0.110684999983167 ], [ 40.320096999636831, 0.110950999637131 ], [ 40.320076000240412, 0.111148000224745 ], [ 40.320058000070716, 0.111329999720312 ], [ 40.319999999892772, 0.11169699990631 ], [ 40.319935999962823, 0.112063000015975 ], [ 40.320528000153374, 0.112140000376012 ], [ 40.32097499960355, 0.112171999894082 ], [ 40.320989999567253, 0.111903999947228 ], [ 40.320961999825087, 0.111824000044721 ], [ 40.3209439997676, 0.11174600041795 ], [ 40.320928999595957, 0.111506999751872 ], [ 40.320943999957152, 0.111428000075674 ], [ 40.321007999890639, 0.111364000048605 ], [ 40.321061999786657, 0.111290000442671 ], [ 40.32110599980836, 0.11114900034675 ], [ 40.321115000322351, 0.11100699965611 ], [ 40.321114000209164, 0.110882000195171 ], [ 40.321139000288277, 0.110704000117305 ], [ 40.321137999689626, 0.110588000325135 ], [ 40.321163999644426, 0.110428000446828 ], [ 40.321190000314374, 0.110284000081187 ], [ 40.321189999985201, 0.110195000153484 ], [ 40.321190000311553, 0.110079999779365 ], [ 40.321166000166485, 0.110034000338099 ], [ 40.320977000033956, 0.11001899966996 ], [ 40.320773999558661, 0.110003999622217 ], [ 40.320615999626398, 0.109982000435725 ] ] ], [ [ [ 40.32144800013986, 0.110071000360935 ], [ 40.321266000376475, 0.110049999910275 ], [ 40.321207999747521, 0.110410000047483 ], [ 40.321181999689692, 0.110588000162299 ], [ 40.321157000248633, 0.110739999789191 ], [ 40.321148999633266, 0.110961999788584 ], [ 40.321128999798042, 0.111089000018694 ], [ 40.321107000130439, 0.111238000232353 ], [ 40.321090000032719, 0.111300999577999 ], [ 40.321053000120571, 0.111370000208635 ], [ 40.320989999880446, 0.111427999807859 ], [ 40.320956000293485, 0.111507000340987 ], [ 40.320961999647714, 0.111639000330519 ], [ 40.320964999811032, 0.111746000371637 ], [ 40.320997000384466, 0.111787999786206 ], [ 40.321033000384638, 0.111861000387493 ], [ 40.321034999965477, 0.111994000014113 ], [ 40.321028999696445, 0.112162999580685 ], [ 40.321480999569687, 0.112231000232098 ], [ 40.321879000279743, 0.112269999967925 ], [ 40.322094000379593, 0.112288999822672 ], [ 40.322108000256073, 0.11213899965773 ], [ 40.322161999547731, 0.111631000091829 ], [ 40.32219900013898, 0.111113999841186 ], [ 40.322256000059177, 0.110658999607271 ], [ 40.322243000403851, 0.110186999942234 ], [ 40.321890999646108, 0.110125999751153 ], [ 40.32144800013986, 0.110071000360935 ] ] ], [ [ [ 40.322507000270733, 0.110186999901776 ], [ 40.32232199970381, 0.110183999840484 ], [ 40.32229500044226, 0.110318000156631 ], [ 40.322288999981133, 0.110687999654804 ], [ 40.322248999695503, 0.111109999747523 ], [ 40.32220399989734, 0.11157700020776 ], [ 40.322175999893226, 0.111993000309611 ], [ 40.322152000104765, 0.112176000295255 ], [ 40.32214000032797, 0.112309999958969 ], [ 40.322623000160149, 0.112349999771055 ], [ 40.322891999710855, 0.112388000450326 ], [ 40.323026999993282, 0.112399000109876 ], [ 40.323115999934046, 0.112400000032493 ], [ 40.323146000160101, 0.112213000194159 ], [ 40.323176000049067, 0.111917999915225 ], [ 40.323197000020912, 0.111676000361229 ], [ 40.32322700041771, 0.111391000119017 ], [ 40.32325699964489, 0.111078999999438 ], [ 40.323311999722719, 0.11066700033312 ], [ 40.323342000201286, 0.110300000101939 ], [ 40.323025999730056, 0.110276000077687 ], [ 40.322792999797748, 0.110221000411132 ], [ 40.322507000270733, 0.110186999901776 ] ] ], [ [ [ 40.323611999906646, 0.11032499982765 ], [ 40.323421000261284, 0.110315000218096 ], [ 40.323387000429399, 0.110368000237665 ], [ 40.323362999865417, 0.110556000130646 ], [ 40.323305999953298, 0.110949999652161 ], [ 40.323300999796757, 0.111164000028348 ], [ 40.323269999582379, 0.111352000251833 ], [ 40.323246999762851, 0.111555999613797 ], [ 40.32324199970239, 0.111771000360457 ], [ 40.32318599971417, 0.112020000433715 ], [ 40.323190999770894, 0.112226000166403 ], [ 40.323166000327156, 0.112414999597369 ], [ 40.323625999892975, 0.112472000262802 ], [ 40.323931000033014, 0.112518999821121 ], [ 40.324085999871983, 0.112540000379748 ], [ 40.324233999811568, 0.112536999759377 ], [ 40.32426400019142, 0.112393999729499 ], [ 40.324272999573758, 0.112228999893008 ], [ 40.324313000100958, 0.111837999645146 ], [ 40.324327999736724, 0.111563000228526 ], [ 40.324366999570771, 0.111254000025279 ], [ 40.32437399998993, 0.111027999808516 ], [ 40.324425000247508, 0.11069799958154 ], [ 40.324436999904286, 0.110498999923086 ], [ 40.324443000070417, 0.110406999656801 ], [ 40.324356000113596, 0.110386000442194 ], [ 40.323978999827546, 0.110346000074457 ], [ 40.323611999906646, 0.11032499982765 ] ] ], [ [ [ 40.324853000320644, 0.110459000169933 ], [ 40.324627999891341, 0.110417000422123 ], [ 40.324503999780745, 0.110418000017052 ], [ 40.324462999855086, 0.110623999901046 ], [ 40.324440000282763, 0.11079400035894 ], [ 40.324428000391293, 0.110966999606373 ], [ 40.324409999583992, 0.111173999735232 ], [ 40.324382999568897, 0.11140999996922 ], [ 40.324374000208252, 0.111656999775304 ], [ 40.324352000338614, 0.111939999702309 ], [ 40.324330000406789, 0.112100999573925 ], [ 40.324317999887505, 0.112298000330057 ], [ 40.324294999881964, 0.112436000025993 ], [ 40.324264000441637, 0.112559000060203 ], [ 40.324558999668191, 0.112597999850414 ], [ 40.324905000072626, 0.112631999998545 ], [ 40.325137999695094, 0.112662999695108 ], [ 40.325324000026797, 0.112666000407638 ], [ 40.325338999861792, 0.112576999942935 ], [ 40.325372000385357, 0.112281000324311 ], [ 40.325387000135784, 0.111989999731813 ], [ 40.325409000259739, 0.111633000170462 ], [ 40.32544200000499, 0.111296999607162 ], [ 40.325493999936633, 0.110942000337801 ], [ 40.325521000018973, 0.110706999673213 ], [ 40.32555399988604, 0.110593999648549 ], [ 40.32549399973707, 0.110533000083798 ], [ 40.325241999967282, 0.110498999956021 ], [ 40.325009999723463, 0.110474000383753 ], [ 40.324853000320644, 0.110459000169933 ] ] ], [ [ [ 40.325719000412946, 0.110561999600305 ], [ 40.325640000190312, 0.110562000438435 ], [ 40.325576999682255, 0.110571000208565 ], [ 40.325563000282592, 0.110732999991914 ], [ 40.325508000214477, 0.111001999796306 ], [ 40.325473999610111, 0.111378999911414 ], [ 40.325440000098375, 0.111719000161193 ], [ 40.325405999778262, 0.112059999879128 ], [ 40.325403999962738, 0.112222000039018 ], [ 40.325392000131892, 0.112373999736108 ], [ 40.325388000015437, 0.112527000336528 ], [ 40.325360000023849, 0.112660000196643 ], [ 40.325489999940508, 0.112681000062867 ], [ 40.325997000310828, 0.112730000050418 ], [ 40.326294999834609, 0.112763000172943 ], [ 40.326380000101665, 0.112769999718662 ], [ 40.326380000237542, 0.112455000262751 ], [ 40.326465000340647, 0.112339000405744 ], [ 40.326482999724995, 0.112182999953779 ], [ 40.326483000068976, 0.111950999878869 ], [ 40.326483000437833, 0.111678999759815 ], [ 40.326518999598456, 0.111433999666416 ], [ 40.326532000351442, 0.111201999911064 ], [ 40.32653700043037, 0.11098700035687 ], [ 40.32655900000114, 0.110817000085578 ], [ 40.326557999937457, 0.110753999882174 ], [ 40.32653799974991, 0.110690000171594 ], [ 40.32645699993558, 0.110635999598749 ], [ 40.325772999804222, 0.110580000091967 ], [ 40.325719000412946, 0.110561999600305 ] ] ], [ [ [ 40.327135999731858, 0.110704000017405 ], [ 40.326661999625593, 0.110686000371231 ], [ 40.326603999738559, 0.110693000096545 ], [ 40.326634000153454, 0.110792000295596 ], [ 40.326610999912397, 0.110946000228109 ], [ 40.326569000357473, 0.111277999584406 ], [ 40.326557000202115, 0.111483999806066 ], [ 40.326531999631179, 0.111727999938055 ], [ 40.326526999885189, 0.111888999797309 ], [ 40.326529999680972, 0.112167000142834 ], [ 40.326491999636012, 0.112369000109141 ], [ 40.326434000345202, 0.11244900013711 ], [ 40.326434000035086, 0.112641000171673 ], [ 40.326431000428443, 0.112766000449551 ], [ 40.327029000158426, 0.1128519996754 ], [ 40.327269000173779, 0.112862999874343 ], [ 40.327429999986229, 0.112854000067632 ], [ 40.327509000285225, 0.112837000224723 ], [ 40.32757599959114, 0.112746999800664 ], [ 40.327696999714277, 0.112567999925092 ], [ 40.327800000020801, 0.1122959997525 ], [ 40.327831000374076, 0.111715000364563 ], [ 40.327775999788358, 0.111388000145924 ], [ 40.327785000004987, 0.111080000284714 ], [ 40.32766399996526, 0.110820000169608 ], [ 40.327514999648201, 0.110727999775616 ], [ 40.327135999731858, 0.110704000017405 ] ] ], [ [ [ 40.317518999825865, 0.11183699960242 ], [ 40.317262000189885, 0.111780000267469 ], [ 40.317216000137897, 0.111819000363702 ], [ 40.317135000331092, 0.112013999550074 ], [ 40.316948999787392, 0.11258200011517 ], [ 40.316819999899522, 0.113052000199982 ], [ 40.316782000047596, 0.113361000415439 ], [ 40.316814999808983, 0.113562999737834 ], [ 40.316852999907653, 0.113816000346574 ], [ 40.316937999943711, 0.113969000093772 ], [ 40.317936999808708, 0.114056999893363 ], [ 40.31817399986187, 0.114085999586807 ], [ 40.318380000437749, 0.114099999732921 ], [ 40.318515999678361, 0.11410299998297 ], [ 40.318615000255896, 0.114123000022654 ], [ 40.318669000317733, 0.113498999749081 ], [ 40.318708999857826, 0.113046999788203 ], [ 40.318724000024979, 0.112665000373315 ], [ 40.318748999677375, 0.11223899977955 ], [ 40.318740000199249, 0.112061999617899 ], [ 40.318730000024409, 0.112008999665157 ], [ 40.318668000341681, 0.111981000364534 ], [ 40.318336999975742, 0.111940000340266 ], [ 40.31815700032557, 0.111928999935875 ], [ 40.317961999954825, 0.111908999623725 ], [ 40.317863999783604, 0.111899000393098 ], [ 40.317773000370991, 0.111872000042344 ], [ 40.317660000292641, 0.111851000169217 ], [ 40.317518999825865, 0.11183699960242 ] ] ], [ [ [ 40.31973000007239, 0.112100999738918 ], [ 40.318881000436868, 0.111992000169142 ], [ 40.318801999852759, 0.112009000020982 ], [ 40.318792999979237, 0.112043999672043 ], [ 40.318793999993858, 0.112266000383069 ], [ 40.318760000342714, 0.112603999921537 ], [ 40.318762000058705, 0.112879000090405 ], [ 40.318755000248544, 0.113136000413543 ], [ 40.318746999987567, 0.113322000121126 ], [ 40.3187209998745, 0.113514999600677 ], [ 40.318709999578964, 0.113696999794741 ], [ 40.318704000349349, 0.113866999889855 ], [ 40.31868999998143, 0.113985000314071 ], [ 40.318690000246889, 0.114128999661597 ], [ 40.319024999783743, 0.114155000040702 ], [ 40.31933299994521, 0.114172000173174 ], [ 40.319422999939597, 0.114171999632784 ], [ 40.31950600013333, 0.114189999667241 ], [ 40.319736999856779, 0.114189999844394 ], [ 40.319731999593792, 0.114101000095493 ], [ 40.319770000215811, 0.113594999660637 ], [ 40.319814999600148, 0.112986000156599 ], [ 40.319823000005805, 0.112762999665764 ], [ 40.319824999548651, 0.112495000183014 ], [ 40.319845999716001, 0.11211700032435 ], [ 40.31973000007239, 0.112100999738918 ] ] ], [ [ [ 40.320055000276177, 0.112136999956537 ], [ 40.319915999950929, 0.112125000071584 ], [ 40.319900999821193, 0.112269000029627 ], [ 40.319895999835879, 0.112504999700765 ], [ 40.319886000423381, 0.112629000263084 ], [ 40.319875999717951, 0.112784000401054 ], [ 40.31985099991725, 0.113045000180954 ], [ 40.319835999689118, 0.113284999970313 ], [ 40.319814999778686, 0.113545999575549 ], [ 40.319793999667674, 0.113802000070582 ], [ 40.319778000333656, 0.113999999936406 ], [ 40.3197650003154, 0.114205000416494 ], [ 40.320091999908797, 0.114248000108809 ], [ 40.320488000402158, 0.114294000401417 ], [ 40.320767000266365, 0.114322000424122 ], [ 40.320792000366296, 0.113991999949405 ], [ 40.320831999913963, 0.113503999882126 ], [ 40.320850000105267, 0.113346000147073 ], [ 40.320873000072659, 0.11308799984707 ], [ 40.320907999841765, 0.112796000155101 ], [ 40.320955999965825, 0.112443000217298 ], [ 40.320971999901133, 0.112235999882396 ], [ 40.320852000112389, 0.112212000192692 ], [ 40.320649000003932, 0.112185999923726 ], [ 40.320055000276177, 0.112136999956537 ] ] ], [ [ [ 40.32116299993497, 0.11224999992476 ], [ 40.321025000259048, 0.112231999629646 ], [ 40.320997000185493, 0.112485000117303 ], [ 40.320942999590933, 0.11282199990902 ], [ 40.320900000241295, 0.113115999789692 ], [ 40.320850999643511, 0.113614000285612 ], [ 40.32083200002721, 0.114099000093577 ], [ 40.320815999725731, 0.114333999823657 ], [ 40.321413000214335, 0.114423999583521 ], [ 40.321711000253082, 0.114474999845651 ], [ 40.321799000032179, 0.114490000329084 ], [ 40.321829999783439, 0.114315999636023 ], [ 40.321868000402127, 0.11410799978839 ], [ 40.321921000232507, 0.113737999861185 ], [ 40.321998999869628, 0.113186999718588 ], [ 40.322021999862734, 0.112869999729145 ], [ 40.322037999832808, 0.112625000093475 ], [ 40.32206500018173, 0.112358000076791 ], [ 40.321875000309767, 0.112347000198101 ], [ 40.321647000048905, 0.112312999986601 ], [ 40.321396999993397, 0.112283999879513 ], [ 40.32116299993497, 0.11224999992476 ] ] ], [ [ [ 40.322548999810145, 0.112414000241351 ], [ 40.322133000258198, 0.11236200024611 ], [ 40.322100999997701, 0.112725999678069 ], [ 40.322062000226012, 0.113132999745826 ], [ 40.321979000046966, 0.113647999636049 ], [ 40.321913999557559, 0.113993000033614 ], [ 40.321929000152565, 0.11417700042594 ], [ 40.321921000025633, 0.114285000391758 ], [ 40.322038999998512, 0.114508000274932 ], [ 40.322318999817234, 0.114519999787694 ], [ 40.32263800034108, 0.114544000047408 ], [ 40.322788000311625, 0.114561000175925 ], [ 40.322912000038862, 0.11456900004025 ], [ 40.322941000196124, 0.11416699966076 ], [ 40.322964000287875, 0.113874999846032 ], [ 40.32298299982903, 0.113685000297572 ], [ 40.322996000438003, 0.113572000136829 ], [ 40.32302000021231, 0.113411000074025 ], [ 40.323073999805999, 0.113193999943469 ], [ 40.32309300003871, 0.112899000148212 ], [ 40.323106999945537, 0.112690999715788 ], [ 40.323128999815161, 0.112549000349481 ], [ 40.323140999936463, 0.112483000181682 ], [ 40.322930000341643, 0.112457000340202 ], [ 40.322548999810145, 0.112414000241351 ] ] ], [ [ [ 40.323298000323817, 0.11249699992182 ], [ 40.323174999556201, 0.112485999722289 ], [ 40.323154999906116, 0.112574999587495 ], [ 40.323121999817047, 0.112881000403161 ], [ 40.323099000198667, 0.113285000286711 ], [ 40.323066000035901, 0.113547999926177 ], [ 40.323026999875324, 0.113805000377373 ], [ 40.323013000016729, 0.113952999767521 ], [ 40.322991000407015, 0.114098999705583 ], [ 40.322971000082219, 0.114230999879947 ], [ 40.322959000091153, 0.114397000313949 ], [ 40.322954000115153, 0.114588999947366 ], [ 40.323036999573439, 0.114613000308579 ], [ 40.323313999654765, 0.114649999994011 ], [ 40.323595999799082, 0.114674000129638 ], [ 40.323787999572858, 0.114687000444702 ], [ 40.323940000014808, 0.114698000082722 ], [ 40.324012000019479, 0.114705000180859 ], [ 40.324017000403117, 0.114581000048921 ], [ 40.324013999844517, 0.114330999662394 ], [ 40.324038000098724, 0.113945999550429 ], [ 40.324057999807408, 0.113622999578861 ], [ 40.324099999807935, 0.113484000428229 ], [ 40.324140000080625, 0.113349000116286 ], [ 40.324158000358359, 0.113153999792956 ], [ 40.32418800017242, 0.11290000006813 ], [ 40.324217000383641, 0.112713000349825 ], [ 40.324231999550108, 0.112608999815142 ], [ 40.324002999811576, 0.112581000099108 ], [ 40.323867999802609, 0.112555000425944 ], [ 40.323758999646181, 0.112549999969556 ], [ 40.3234750000926, 0.112515999662019 ], [ 40.323298000323817, 0.11249699992182 ] ] ], [ [ [ 40.324850000033734, 0.112698999739898 ], [ 40.324276999952389, 0.112619999949604 ], [ 40.324254999916548, 0.11273799956484 ], [ 40.324217000211796, 0.113026999718815 ], [ 40.324179999891221, 0.113362000291178 ], [ 40.324130000176538, 0.113579000145524 ], [ 40.324110000244112, 0.113641000110812 ], [ 40.324083000026597, 0.113906999557785 ], [ 40.324064999813523, 0.114220000319229 ], [ 40.324062000052237, 0.114398999565335 ], [ 40.324056999631679, 0.114718000101628 ], [ 40.324178000228834, 0.114724000264974 ], [ 40.324308999685854, 0.114733999607376 ], [ 40.324450000144758, 0.114736000094577 ], [ 40.324656000161937, 0.11474899974179 ], [ 40.324856999704757, 0.114766999627339 ], [ 40.325023999724195, 0.114783999826653 ], [ 40.325089999675406, 0.114784999824596 ], [ 40.325120999944602, 0.114447999810549 ], [ 40.325173999842406, 0.114083000366846 ], [ 40.325183999889539, 0.113758999736949 ], [ 40.325234000011932, 0.113393999550934 ], [ 40.325264000224003, 0.113129999917161 ], [ 40.325292000373885, 0.112881999864199 ], [ 40.32530500040378, 0.112735999579521 ], [ 40.324850000033734, 0.112698999739898 ] ] ], [ [ [ 40.326366999834818, 0.112850999865487 ], [ 40.32533299962212, 0.112744999757665 ], [ 40.325322000217717, 0.112986000098489 ], [ 40.325283999643098, 0.113392999596344 ], [ 40.325229000236007, 0.113769000385694 ], [ 40.325201000151473, 0.114153999591805 ], [ 40.325176000262317, 0.114349000165674 ], [ 40.325142999618564, 0.114559000236145 ], [ 40.325128000325385, 0.114794999877209 ], [ 40.325266999877037, 0.114834999786588 ], [ 40.325783000359884, 0.114930999706658 ], [ 40.32604899971232, 0.114929000114613 ], [ 40.326178000354808, 0.11492600023097 ], [ 40.326223000058945, 0.114493000137364 ], [ 40.326268000129417, 0.113869999833549 ], [ 40.326298999848539, 0.11357800004395 ], [ 40.326356000082441, 0.112965000140225 ], [ 40.326366999834818, 0.112850999865487 ] ] ], [ [ [ 40.327914999799034, 0.11493899966221 ], [ 40.327951999904776, 0.114528000075047 ], [ 40.327924999586145, 0.1134560000597 ], [ 40.327937000199128, 0.113184999909665 ], [ 40.327632999663003, 0.113020999709049 ], [ 40.327436000051378, 0.112980000243692 ], [ 40.326990999889347, 0.112909000386543 ], [ 40.326434999613788, 0.112851000361413 ], [ 40.326329000218912, 0.113633999989243 ], [ 40.32629899986032, 0.114010999829669 ], [ 40.326268000066015, 0.114359000053008 ], [ 40.326245999590341, 0.114913999931999 ], [ 40.326998000197626, 0.114905999855791 ], [ 40.327418999821106, 0.114941000086619 ], [ 40.327914999799034, 0.11493899966221 ] ] ] ] } },
{ "type": "Feature", "properties": { "OBJECTID_1": 69, "ID": 69.0, "CAMPID": 1091.0, "CAMPADM1ID": "IFO-F", "CAMPADM2ID": "F-2", "CAMPADM2NA": "IFO-F2", "CAMPADM20": "IFO F-2", "UPDATEBY": "RSAL", "UPDATEDATE": "2008-01-08T00:00:00", "CREATEBY": "DA", "CREATEDATE": "2008-01-08T00:00:00", "COMMENT": null, "MALE": 0.0, "FEMALE": 0.0, "TOTPOP": 801.0, "AREAPP": 95, "Perimeter": 1204.80225819, "Area": 76144.747026500001, "Shape_Leng": 2928.3950519599998, "Shape_Area": 186659.80260900001 }, "geometry": { "type": "MultiPolygon", "coordinates": [ [ [ [ 40.33046799963499, 0.121721999654778 ], [ 40.330967000137512, 0.121707000199657 ], [ 40.33143999973862, 0.12170700021069 ], [ 40.331435000355924, 0.121108999925363 ], [ 40.331294000171155, 0.120496000011796 ], [ 40.331329000442068, 0.120293000096001 ], [ 40.330936999707895, 0.119954000055584 ], [ 40.330835999930173, 0.11984699982765 ], [ 40.330645000182749, 0.119695000398061 ], [ 40.330524000009284, 0.119580000040735 ], [ 40.330287000109045, 0.119476000256132 ], [ 40.329922000030649, 0.119382000348105 ], [ 40.329665000093222, 0.119315999850902 ], [ 40.329305000250677, 0.119176999646145 ], [ 40.32910900002058, 0.119067999578888 ], [ 40.328953000308331, 0.118969000267586 ], [ 40.328766999703298, 0.118917999871751 ], [ 40.328539999801777, 0.118806999628291 ], [ 40.328438999909523, 0.118735999612213 ], [ 40.328368000039106, 0.118673999589627 ], [ 40.328250999820916, 0.118656999994237 ], [ 40.328085999813069, 0.118581999796357 ], [ 40.327696999848499, 0.119564000002073 ], [ 40.328066999753403, 0.119819999646762 ], [ 40.328303999653698, 0.119938000059232 ], [ 40.328693999817602, 0.120274000420933 ], [ 40.328888000404035, 0.120535000348249 ], [ 40.329133999899604, 0.120820000024225 ], [ 40.329440999736079, 0.121185000237671 ], [ 40.329848999937361, 0.121611000216151 ], [ 40.330004999944563, 0.121733000395455 ], [ 40.33046799963499, 0.121721999654778 ] ] ], [ [ [ 40.328550000386798, 0.122640999760199 ], [ 40.328646000443186, 0.12236199978664 ], [ 40.328746999891138, 0.12236700017777 ], [ 40.328982999882108, 0.121880999765765 ], [ 40.32867600000943, 0.121738999792396 ], [ 40.328721000131736, 0.121414000213154 ], [ 40.328897999608245, 0.121413999594556 ], [ 40.328892999686637, 0.121227000001424 ], [ 40.328328999806956, 0.120983999560537 ], [ 40.32819799999524, 0.120908000198592 ], [ 40.32814699987329, 0.120896999630782 ], [ 40.328037000069877, 0.120876999611918 ], [ 40.327906000395117, 0.120729999835245 ], [ 40.32777999989041, 0.120699999682395 ], [ 40.327946000299036, 0.119965000198175 ], [ 40.327935999826678, 0.119852999906598 ], [ 40.327745000223082, 0.119671000259864 ], [ 40.327366000066768, 0.119420999549567 ], [ 40.327115000029949, 0.119195000346622 ], [ 40.326828000416171, 0.11900200033722 ], [ 40.326737999648486, 0.119281000088953 ], [ 40.326309999600014, 0.11931100009287 ], [ 40.326319999628709, 0.119432999568594 ], [ 40.326114000289095, 0.119731999638631 ], [ 40.326002999560288, 0.119898999652343 ], [ 40.325925000417271, 0.11996000028049 ], [ 40.325917000298801, 0.120136999820358 ], [ 40.325981999656065, 0.120274000259757 ], [ 40.325857000118702, 0.120304000083193 ], [ 40.325484000234873, 0.120426000242215 ], [ 40.325222000266962, 0.120421000397667 ], [ 40.324867000016525, 0.120366999949445 ], [ 40.324573000016137, 0.12027900041534 ], [ 40.324335999803452, 0.120217999755478 ], [ 40.324272000188301, 0.12030099960933 ], [ 40.32422000011556, 0.120328999674159 ], [ 40.324036999963113, 0.120298000050509 ], [ 40.324001999593619, 0.120465000122165 ], [ 40.323928999945409, 0.120520999652224 ], [ 40.323980999993701, 0.120604000177022 ], [ 40.324157999610073, 0.120730000266989 ], [ 40.324222999549882, 0.120858999691298 ], [ 40.32431700037246, 0.120993999866026 ], [ 40.324430999587122, 0.121112999557841 ], [ 40.324323999782735, 0.12121000031022 ], [ 40.32427499996097, 0.121300999648014 ], [ 40.324268000145139, 0.121464999958577 ], [ 40.324434000168843, 0.121533999679758 ], [ 40.324722000335093, 0.121545000312695 ], [ 40.324980999965682, 0.121575999693318 ], [ 40.325018999860262, 0.121625000250299 ], [ 40.325306000185499, 0.121694999739762 ], [ 40.325555000161494, 0.121743999793905 ], [ 40.325690999561196, 0.121739000290549 ], [ 40.326395000239884, 0.121738999802469 ], [ 40.32694399969261, 0.122022999636665 ], [ 40.327260999667452, 0.122280999649388 ], [ 40.327594000152899, 0.122600000098821 ], [ 40.328324000369214, 0.122788000069956 ], [ 40.328550000386798, 0.122640999760199 ] ] ] ] } },
{ "type": "Feature", "properties": { "OBJECTID_1": 80, "ID": 80.0, "CAMPID": 1091.0, "CAMPADM1ID": "IFO-A", "CAMPADM2ID": "A-5", "CAMPADM2NA": "IFO-A5", "CAMPADM20": "IFO A-5", "UPDATEBY": "RSAL", "UPDATEDATE": "2007-01-08T00:00:00", "CREATEBY": "IRD", "CREATEDATE": "1999-05-28T00:00:00", "COMMENT": "Formerly A10 (changed in 2004)", "MALE": 0.0, "FEMALE": 0.0, "TOTPOP": 2555.0, "AREAPP": 40, "Perimeter": 1608.9054761100001, "Area": 101223.329876, "Shape_Leng": 9430.7909326400004, "Shape_Area": 658573.74188400002 }, "geometry": { "type": "MultiPolygon", "coordinates": [ [ [ [ 40.31832700032885, 0.106707000133791 ], [ 40.318350000242901, 0.106473000281407 ], [ 40.318212999825818, 0.106504000348227 ], [ 40.318096000063669, 0.106527000243943 ], [ 40.318024999660409, 0.106578000276916 ], [ 40.317920999623759, 0.106627999559701 ], [ 40.317804000386687, 0.106727000176191 ], [ 40.317613000255363, 0.106883999927753 ], [ 40.317521000198212, 0.106965999587005 ], [ 40.317515000043464, 0.107019999740656 ], [ 40.317583999926228, 0.107039000102183 ], [ 40.318055999713806, 0.107071999909594 ], [ 40.318017000014933, 0.10718999960081 ], [ 40.317985999703865, 0.107301000002195 ], [ 40.317977000406174, 0.107392999726247 ], [ 40.317958999592278, 0.107545999577704 ], [ 40.31792299959033, 0.107721999596659 ], [ 40.317909000085017, 0.107846000412699 ], [ 40.317870999655007, 0.10811399986442 ], [ 40.317976999948684, 0.108113999754244 ], [ 40.31806900036198, 0.108104000210429 ], [ 40.318100999711618, 0.10803499976734 ], [ 40.318150999648829, 0.107870999923228 ], [ 40.31818199988961, 0.107759000060195 ], [ 40.318194000291946, 0.107653999972776 ], [ 40.318215000429333, 0.10757199977846 ], [ 40.318243999857245, 0.107375999997146 ], [ 40.318250000342267, 0.107246000063282 ], [ 40.318292000396895, 0.106970999737737 ], [ 40.31832700032885, 0.106707000133791 ] ] ], [ [ [ 40.317129999641203, 0.108414999703824 ], [ 40.317234000375031, 0.108276999724562 ], [ 40.317355000206391, 0.108071000315005 ], [ 40.317400999599847, 0.107743999635085 ], [ 40.317429999708125, 0.107480000186854 ], [ 40.317454999659141, 0.107207999794527 ], [ 40.31748399976896, 0.10702700002925 ], [ 40.317490000011816, 0.106954000146406 ], [ 40.317605999892763, 0.106869000159553 ], [ 40.317802000432877, 0.106683999882648 ], [ 40.318078999804257, 0.106505000153202 ], [ 40.318289999900912, 0.106451000234614 ], [ 40.318346000372827, 0.106430000083234 ], [ 40.318390000001294, 0.106272000028721 ], [ 40.318414999954292, 0.106145999849791 ], [ 40.318046999716387, 0.106134000394036 ], [ 40.318037999802513, 0.10561700042731 ], [ 40.318001999660275, 0.105600999720911 ], [ 40.317882000296855, 0.105566999622162 ], [ 40.317685999840094, 0.105521000172755 ], [ 40.317515000025175, 0.105450000435121 ], [ 40.317340000240478, 0.105311999810897 ], [ 40.317223999794628, 0.105278000420871 ], [ 40.316994999976906, 0.105303000334965 ], [ 40.316615999781533, 0.105478999625122 ], [ 40.316565999696962, 0.105579999921011 ], [ 40.316324000227233, 0.105624000156529 ], [ 40.316271999750462, 0.105926999621753 ], [ 40.316234000283011, 0.106371999969625 ], [ 40.316284000243769, 0.106818999983577 ], [ 40.316280000122077, 0.106918000313159 ], [ 40.316167999657061, 0.106888999929191 ], [ 40.315976000122845, 0.106830000118508 ], [ 40.315706000208039, 0.106818000116852 ], [ 40.315567999938658, 0.106854999757592 ], [ 40.315218999778423, 0.106830000190133 ], [ 40.314493999651845, 0.106679000316089 ], [ 40.314351999903728, 0.106684000122065 ], [ 40.31420299999774, 0.106657999678733 ], [ 40.313977999977325, 0.10664600041342 ], [ 40.313660999606704, 0.106670999722496 ], [ 40.313619999611554, 0.106972999592645 ], [ 40.313614999847857, 0.107542999790138 ], [ 40.313724000023427, 0.107999999561016 ], [ 40.313776999992697, 0.108067000205804 ], [ 40.313911000132542, 0.108105000213428 ], [ 40.314131999822209, 0.108146999704778 ], [ 40.314282000218434, 0.108122000250436 ], [ 40.314394000419469, 0.108226000153329 ], [ 40.314660999571615, 0.108192999885434 ], [ 40.314914999549636, 0.108209999574394 ], [ 40.315141999754964, 0.108313000383931 ], [ 40.315451999911026, 0.108301999982078 ], [ 40.315747000223062, 0.108407000325429 ], [ 40.315918000187359, 0.108413999936431 ], [ 40.31624200034959, 0.108417999887978 ], [ 40.316605999598494, 0.108438000336203 ], [ 40.316893000154806, 0.10848200028749 ], [ 40.317055000081922, 0.10846099995914 ], [ 40.317129999641203, 0.108414999703824 ] ] ], [ [ [ 40.319969999946764, 0.109351000251314 ], [ 40.320518999937832, 0.109284000306448 ], [ 40.320735999549129, 0.10929199995369 ], [ 40.32084399980463, 0.109234000221032 ], [ 40.320853000071381, 0.109124999815003 ], [ 40.320657000230206, 0.109028000183591 ], [ 40.320295000128453, 0.108915000203246 ], [ 40.319820000283805, 0.108890000251832 ], [ 40.319532999573774, 0.108835000023022 ], [ 40.319412000310116, 0.108801999613722 ], [ 40.319264000110913, 0.108764000368952 ], [ 40.319041000225681, 0.108747000344079 ], [ 40.318103999770294, 0.108642000379922 ], [ 40.318088000186471, 0.108553999600431 ], [ 40.317787999836256, 0.108478999754975 ], [ 40.31733799961065, 0.108458000025601 ], [ 40.317133999921012, 0.10852899972486 ], [ 40.316962999616763, 0.108532999644102 ], [ 40.316497000235266, 0.108479000255305 ], [ 40.316113999704072, 0.10847500018508 ], [ 40.315697000421231, 0.108450000215742 ], [ 40.315467999600571, 0.108642000271489 ], [ 40.315813999761154, 0.108767999715478 ], [ 40.315621999838456, 0.10913699986355 ], [ 40.315864000132663, 0.109359000173756 ], [ 40.316217999888018, 0.109380000395455 ], [ 40.316947000212082, 0.109606999894975 ], [ 40.317166999866032, 0.10963200022516 ], [ 40.318167000199075, 0.109719999906571 ], [ 40.318665999733042, 0.109710999797153 ], [ 40.318811999590814, 0.109614999787478 ], [ 40.31907500030816, 0.109502000142264 ], [ 40.319549000253204, 0.109421999628339 ], [ 40.319969999946764, 0.109351000251314 ] ] ], [ [ [ 40.314733999980611, 0.111027000292105 ], [ 40.314795999691391, 0.110890999978438 ], [ 40.314764999897527, 0.110337999757746 ], [ 40.31479100031639, 0.109836999835683 ], [ 40.314889000135366, 0.109404000037967 ], [ 40.314873999878337, 0.108992000297228 ], [ 40.314878999647945, 0.108763000014356 ], [ 40.314811999677168, 0.108537999831958 ], [ 40.314448999649258, 0.108381999952557 ], [ 40.314282999891034, 0.108324000342753 ], [ 40.314075999720721, 0.108282999723284 ], [ 40.313869000400892, 0.108282999712028 ], [ 40.313629999779749, 0.10822499964426 ], [ 40.313339999964413, 0.108224999625779 ], [ 40.312656000092673, 0.108131000226231 ], [ 40.312311000247071, 0.10810599969683 ], [ 40.312060000363125, 0.108078999757504 ], [ 40.311785999807661, 0.108016999659325 ], [ 40.311152999655675, 0.107927999740479 ], [ 40.310899999818361, 0.107902999681653 ], [ 40.310655999968446, 0.107906999985701 ], [ 40.310672000028269, 0.108027000191577 ], [ 40.310810999820731, 0.108203999813833 ], [ 40.310909999771496, 0.108413000310333 ], [ 40.310982000269803, 0.10865299984606 ], [ 40.310956999866832, 0.108892999997165 ], [ 40.310976999867066, 0.109180000153097 ], [ 40.310976999954256, 0.109472000317072 ], [ 40.310981999903198, 0.109722999596184 ], [ 40.310993000049457, 0.109983000122425 ], [ 40.310997999990256, 0.110170999658272 ], [ 40.310935999950843, 0.110385000007039 ], [ 40.310904999953976, 0.110646000059366 ], [ 40.311158999848089, 0.110672000163582 ], [ 40.311449000014228, 0.110734999646719 ], [ 40.311837000043539, 0.110776000196645 ], [ 40.312122000050209, 0.110791999722748 ], [ 40.312370999815982, 0.110833999578184 ], [ 40.31262499959157, 0.110881000137938 ], [ 40.312838000147181, 0.110890999739525 ], [ 40.31312800029427, 0.110916999982504 ], [ 40.313350999989773, 0.110916999968813 ], [ 40.313645999640798, 0.110917000353693 ], [ 40.313847999655586, 0.110948000020352 ], [ 40.314116999879182, 0.111001000255064 ], [ 40.314318999636917, 0.111026999875623 ], [ 40.314541999550464, 0.111013999584871 ], [ 40.314733999980611, 0.111027000292105 ] ] ], [ [ [ 40.314686999916866, 0.113619000272168 ], [ 40.314729000405649, 0.113327000434777 ], [ 40.31475499993946, 0.113239000359658 ], [ 40.314831999647737, 0.113217999977239 ], [ 40.314837999981947, 0.112931000023091 ], [ 40.31484799987529, 0.112716999589491 ], [ 40.314765000319582, 0.112576000366948 ], [ 40.314811999892051, 0.112446000188781 ], [ 40.314863999789651, 0.112246999749932 ], [ 40.314817000090926, 0.112132999765951 ], [ 40.31491000001833, 0.111929000167632 ], [ 40.314853000157001, 0.111762000141716 ], [ 40.314698000340186, 0.111328999879801 ], [ 40.314677000023735, 0.111121000322048 ], [ 40.314308999619051, 0.111078999551567 ], [ 40.313889000041627, 0.111052999742958 ], [ 40.313339999588514, 0.110980000141451 ], [ 40.313075999855386, 0.110985000217013 ], [ 40.312952000044895, 0.111005999928021 ], [ 40.312464000029451, 0.11093800029432 ], [ 40.311965999597085, 0.110895000341911 ], [ 40.31144899962986, 0.110808000352183 ], [ 40.311122000363248, 0.110754999885069 ], [ 40.310966999789734, 0.110735000309422 ], [ 40.310884000408784, 0.110781999650073 ], [ 40.310801000173939, 0.111543000330212 ], [ 40.310760000019329, 0.111991999730545 ], [ 40.310728999744413, 0.112122000288996 ], [ 40.31073900033298, 0.112446000087718 ], [ 40.310615000179212, 0.112884000122741 ], [ 40.310634999796996, 0.112972000057074 ], [ 40.310850999887307, 0.113109999592523 ], [ 40.310956999867614, 0.113176000143108 ], [ 40.311023000188989, 0.113236999758924 ], [ 40.311189999859586, 0.113325999676875 ], [ 40.311308000338379, 0.113433000319345 ], [ 40.311328000325432, 0.113469000029027 ], [ 40.311308000076806, 0.113506999588856 ], [ 40.311418000432909, 0.113505000160193 ], [ 40.312211000068437, 0.113608999572155 ], [ 40.313217000241899, 0.113728000091489 ], [ 40.313800999751685, 0.113786000105896 ], [ 40.314205000289583, 0.11381799968176 ], [ 40.314496000020334, 0.113817999896612 ], [ 40.314609999571637, 0.113764999597742 ], [ 40.314686999916866, 0.113619000272168 ] ] ], [ [ [ 40.314806999764556, 0.114724999775628 ], [ 40.314723999985723, 0.114344999578316 ], [ 40.314703000325871, 0.114157000166144 ], [ 40.314428000352095, 0.114125000150703 ], [ 40.314273000338829, 0.113995000164608 ], [ 40.314107000400568, 0.113916999898775 ], [ 40.313759999710179, 0.113870000340324 ], [ 40.312785999802607, 0.113739000368076 ], [ 40.312050000074194, 0.113655999843035 ], [ 40.311577999625882, 0.113577999887699 ], [ 40.310603999728933, 0.113645000377809 ], [ 40.310557999954618, 0.11381199993987 ], [ 40.310505999992763, 0.114088999710319 ], [ 40.310474999648768, 0.114630999629651 ], [ 40.310454000260727, 0.11510099963873 ], [ 40.310696999712974, 0.115263000281014 ], [ 40.310852999653811, 0.115111000244962 ], [ 40.311019000149109, 0.114860999767523 ], [ 40.311189999940872, 0.114776999758982 ], [ 40.311485000144749, 0.114683999764472 ], [ 40.311634999813862, 0.114797999624071 ], [ 40.311941000384486, 0.115117000019239 ], [ 40.312370999619219, 0.115408999994801 ], [ 40.312055000120758, 0.115576000274668 ], [ 40.31187400039142, 0.115847000100744 ], [ 40.311754999818412, 0.116070999631184 ], [ 40.311635000293528, 0.116374999797812 ], [ 40.312283000156157, 0.116461999714695 ], [ 40.312744000019329, 0.116498999873949 ], [ 40.313159000417301, 0.116550999554986 ], [ 40.313511000344107, 0.116581999867977 ], [ 40.313868000375791, 0.116601000039167 ], [ 40.314054999854918, 0.116645000204454 ], [ 40.31421100030721, 0.11653000031223 ], [ 40.314252000440568, 0.116002999899627 ], [ 40.314515999716512, 0.115423999847929 ], [ 40.314542000114862, 0.115278000122798 ], [ 40.314677000096083, 0.115173999929098 ], [ 40.314734000390381, 0.115012000131374 ], [ 40.314806999565185, 0.114818999961897 ], [ 40.314806999764556, 0.114724999775628 ] ] ], [ [ [ 40.314448999571603, 0.117883000107603 ], [ 40.314383000430865, 0.117021000062561 ], [ 40.314061999941224, 0.116730000396362 ], [ 40.313492999957958, 0.116655999917693 ], [ 40.312554000101137, 0.116581000112521 ], [ 40.311925999906954, 0.116482000306454 ], [ 40.311743999877045, 0.116647000052599 ], [ 40.311900999976487, 0.116986999586156 ], [ 40.311810999747756, 0.117161999627017 ], [ 40.311662999811162, 0.117277999648015 ], [ 40.311391000019213, 0.117203000181732 ], [ 40.311276000111029, 0.117152999813457 ], [ 40.311103000044838, 0.117228000373105 ], [ 40.310821999888006, 0.117119999972232 ], [ 40.310592000067579, 0.117310999938154 ], [ 40.310492999559209, 0.117493000375708 ], [ 40.310247999873766, 0.117501999894103 ], [ 40.310239999794717, 0.117783000074643 ], [ 40.310222999560246, 0.11826400040969 ], [ 40.310107999816289, 0.118621000309659 ], [ 40.310115999812652, 0.118837000147835 ], [ 40.310354999801113, 0.119076999607316 ], [ 40.310898999737809, 0.119416999599733 ], [ 40.311869000153976, 0.119491999662182 ], [ 40.312165000378435, 0.119574999748745 ], [ 40.313230000365209, 0.119441999894196 ], [ 40.313937999698311, 0.119002000188295 ], [ 40.31428399987248, 0.118521000224469 ], [ 40.314448999571603, 0.117883000107603 ] ] ] ] } },
{ "type": "Feature", "properties": { "OBJECTID_1": 82, "ID": 82.0, "CAMPID": 1091.0, "CAMPADM1ID": "IFO-D", "CAMPADM2ID": "D-5", "CAMPADM2NA": "IFO-D5", "CAMPADM20": "IFO D-5", "UPDATEBY": "RSAL", "UPDATEDATE": "2007-01-08T00:00:00", "CREATEBY": "IRD", "CREATEDATE": "1999-05-28T00:00:00", "COMMENT": "Formerly A9 (changed in 2004)", "MALE": 0.0, "FEMALE": 0.0, "TOTPOP": 4027.0, "AREAPP": 35, "Perimeter": 1512.37439586, "Area": 140859.57798, "Shape_Leng": 10202.630340899999, "Shape_Area": 807310.71415500005 }, "geometry": { "type": "MultiPolygon", "coordinates": [ [ [ [ 40.310659000061122, 0.100477000155002 ], [ 40.310386000003717, 0.100470999919679 ], [ 40.310118999848534, 0.100558999803011 ], [ 40.309913999671743, 0.100748999620499 ], [ 40.309686999853412, 0.100927999911316 ], [ 40.309624999584081, 0.101133999896821 ], [ 40.309639999753344, 0.101330999762008 ], [ 40.309659000188404, 0.101694000232108 ], [ 40.309599999764487, 0.102052999701915 ], [ 40.309614999562299, 0.102372000349752 ], [ 40.30998200003755, 0.102403999795858 ], [ 40.31048200039227, 0.102422000339474 ], [ 40.310711999757473, 0.102438000396268 ], [ 40.310910999715105, 0.102462999621368 ], [ 40.311158999635168, 0.102510000419466 ], [ 40.311208999948207, 0.102496999891485 ], [ 40.311166000430347, 0.102182000267545 ], [ 40.311193000263657, 0.102003000023192 ], [ 40.311243000418351, 0.101874999573527 ], [ 40.311243000002101, 0.101708999813261 ], [ 40.311255999948763, 0.101586000015508 ], [ 40.311223000214888, 0.101473000359993 ], [ 40.311183999904145, 0.101339999895591 ], [ 40.311094000000999, 0.101236999913734 ], [ 40.311144000363512, 0.100888999674323 ], [ 40.311096999978055, 0.100655999691713 ], [ 40.310942000173597, 0.100562000205138 ], [ 40.310659000061122, 0.100477000155002 ] ] ], [ [ [ 40.313795000402493, 0.105125000228459 ], [ 40.313770999854562, 0.105004000126609 ], [ 40.313672999555081, 0.104885999731618 ], [ 40.313670000363345, 0.10468699987194 ], [ 40.313673000073855, 0.104617999672924 ], [ 40.313734000349747, 0.104420999665208 ], [ 40.313776999691953, 0.104292999588192 ], [ 40.313684000277952, 0.103982999737691 ], [ 40.313618999623451, 0.103754999935584 ], [ 40.313591000011741, 0.103586000398531 ], [ 40.313540999720836, 0.103357999952589 ], [ 40.313464000330988, 0.103235999848134 ], [ 40.313324000382337, 0.103020000300709 ], [ 40.313217000342227, 0.102875999647372 ], [ 40.313127999870424, 0.102760000408767 ], [ 40.31305099988375, 0.102754999944899 ], [ 40.312930000331761, 0.102742000163022 ], [ 40.31285800023204, 0.102739000227712 ], [ 40.312799000007388, 0.102745000356778 ], [ 40.312703000277061, 0.102751000207799 ], [ 40.312554000250415, 0.102744999638076 ], [ 40.312461000153, 0.102744999866865 ], [ 40.312388999795722, 0.102713999558369 ], [ 40.312301999835348, 0.10270100017202 ], [ 40.31215900033645, 0.10269200005132 ], [ 40.312044000026759, 0.102689000079925 ], [ 40.31192599970155, 0.102683000029897 ], [ 40.311798999665861, 0.102675999981836 ], [ 40.311674999797241, 0.102675999677411 ], [ 40.311476000141177, 0.102656999982201 ], [ 40.311386000138839, 0.102640999603394 ], [ 40.311286000015869, 0.102612999729765 ], [ 40.311200000149711, 0.102559999998194 ], [ 40.311007000361045, 0.102522000261488 ], [ 40.31083900028198, 0.102521999951054 ], [ 40.310674999560156, 0.102487999581632 ], [ 40.31050700023539, 0.102484999968008 ], [ 40.310283000016469, 0.102476000442916 ], [ 40.310083999719744, 0.102466000420204 ], [ 40.309848000262271, 0.102488000178501 ], [ 40.309603000376065, 0.102757000279275 ], [ 40.309584000281909, 0.102870000332669 ], [ 40.309568999601268, 0.103191999712247 ], [ 40.309559999630068, 0.103447999768662 ], [ 40.309544000215787, 0.103667000004997 ], [ 40.309546999991525, 0.103839000162857 ], [ 40.309553000288282, 0.104026000314197 ], [ 40.309524999989918, 0.10436399983407 ], [ 40.309534999999357, 0.104655000283697 ], [ 40.309521000226425, 0.104842999836892 ], [ 40.309526000020398, 0.105080000427976 ], [ 40.309704000254186, 0.1050900002295 ], [ 40.30979999958479, 0.105050000384976 ], [ 40.309877999794182, 0.105037000428389 ], [ 40.309997999640267, 0.105009000392506 ], [ 40.310133999853029, 0.105004000042251 ], [ 40.310236999844562, 0.105007999887287 ], [ 40.310335999811912, 0.105008000231713 ], [ 40.310566000147858, 0.105003000435642 ], [ 40.310698999577468, 0.105042000178837 ], [ 40.310738000207422, 0.105069999826528 ], [ 40.3108439998554, 0.10506900040646 ], [ 40.310973000196881, 0.105061999608297 ], [ 40.311127000232936, 0.105069999672892 ], [ 40.311203000345081, 0.105097000095314 ], [ 40.311349999686477, 0.10510400008279 ], [ 40.311472999971038, 0.105133999620535 ], [ 40.311684000344414, 0.105136999943444 ], [ 40.312002000406729, 0.105164000065227 ], [ 40.312296999785822, 0.105198000113242 ], [ 40.312631000110692, 0.105225999904922 ], [ 40.312924999851454, 0.105248000075102 ], [ 40.313065000235106, 0.105275999931939 ], [ 40.313188999586629, 0.105308000127826 ], [ 40.313328999934029, 0.105314000016504 ], [ 40.313569000158985, 0.105322000014886 ], [ 40.313711999994268, 0.105319000078119 ], [ 40.313774000207246, 0.105315999960695 ], [ 40.313795000402493, 0.105125000228459 ] ] ], [ [ [ 40.313828999609441, 0.105416000058598 ], [ 40.313762000290531, 0.105350000320933 ], [ 40.313549999650107, 0.105357000138677 ], [ 40.313357999738216, 0.105357000147686 ], [ 40.313149999871584, 0.105343999664521 ], [ 40.312960000205358, 0.105287999759362 ], [ 40.312603999955016, 0.105241000245154 ], [ 40.312232000065933, 0.105211000422287 ], [ 40.311916999961781, 0.105184999648713 ], [ 40.311613999790076, 0.105169000237882 ], [ 40.311390000331805, 0.105155000025877 ], [ 40.311171999839132, 0.105121999779135 ], [ 40.310983000180066, 0.105092000311622 ], [ 40.310775000429267, 0.10510799963243 ], [ 40.310640999848957, 0.105062000064867 ], [ 40.310552999911515, 0.105028999733459 ], [ 40.31042100026508, 0.105028999879173 ], [ 40.310272999609055, 0.105033999833537 ], [ 40.310119999983797, 0.105037999629288 ], [ 40.309974999575111, 0.105052000069465 ], [ 40.309834000202116, 0.105073000215681 ], [ 40.309716000192331, 0.105099000336561 ], [ 40.30962800027644, 0.105131999971666 ], [ 40.30950400003497, 0.105168999895126 ], [ 40.309479999805795, 0.105529999629176 ], [ 40.309452000251433, 0.105881000364748 ], [ 40.309423999579522, 0.106247000323712 ], [ 40.309443000271116, 0.10642899988253 ], [ 40.309456999887665, 0.106666000092054 ], [ 40.309456999713106, 0.106852999596082 ], [ 40.309479999972311, 0.107006000010721 ], [ 40.309577000373686, 0.107182999779612 ], [ 40.309650999843811, 0.107276000223675 ], [ 40.309725000124246, 0.107388000449912 ], [ 40.309847999648966, 0.107524000188229 ], [ 40.310012000297107, 0.107615999968068 ], [ 40.310252000003324, 0.107709000432715 ], [ 40.310502000352351, 0.107784000127018 ], [ 40.310742000319848, 0.107820999773014 ], [ 40.310862999595436, 0.107844999771006 ], [ 40.311126000307198, 0.107857000031041 ], [ 40.311782999955042, 0.107933999927903 ], [ 40.311954000105352, 0.107980999884547 ], [ 40.312423000070595, 0.108010999604404 ], [ 40.312876999831602, 0.10806699958748 ], [ 40.313280999595264, 0.108080999821987 ], [ 40.313473000135502, 0.108115999825772 ], [ 40.313604999718933, 0.108118000239153 ], [ 40.313678999638576, 0.108034999930492 ], [ 40.313644000125812, 0.107826999961992 ], [ 40.313611999875796, 0.107687999931572 ], [ 40.313573000155642, 0.107534000105829 ], [ 40.313580000131026, 0.107245000144027 ], [ 40.313576999547223, 0.107080999597182 ], [ 40.313577000287125, 0.106866000044912 ], [ 40.313604999713668, 0.106686999878827 ], [ 40.313618999808696, 0.106616999739497 ], [ 40.31365600043987, 0.106559000317198 ], [ 40.313729999790112, 0.106418999880067 ], [ 40.313811000095811, 0.106243999837441 ], [ 40.313912999628151, 0.106112000260201 ], [ 40.313963999547589, 0.106007000144204 ], [ 40.313957000275543, 0.105889999901227 ], [ 40.313961000127414, 0.105761999663429 ], [ 40.313991000052674, 0.105595000249474 ], [ 40.313956999668655, 0.105554999640319 ], [ 40.313828999609441, 0.105416000058598 ] ] ], [ [ [ 40.310839000314729, 0.11063999987571 ], [ 40.310937999822265, 0.110055000192613 ], [ 40.310917000128839, 0.109631999619747 ], [ 40.310916999924558, 0.109317000002149 ], [ 40.310893000120295, 0.108886000214947 ], [ 40.310864000024921, 0.108483999586293 ], [ 40.310809999745587, 0.108306000435727 ], [ 40.310669999765565, 0.108103000305786 ], [ 40.310455999554897, 0.107956999995383 ], [ 40.310304000150296, 0.107883000055153 ], [ 40.310097999970175, 0.107828999885699 ], [ 40.30998600011781, 0.107778999827186 ], [ 40.309888000092627, 0.107757999927153 ], [ 40.309789000438002, 0.10780800008339 ], [ 40.309693999908191, 0.107841000116725 ], [ 40.309612000359159, 0.107844999720877 ], [ 40.309258000130846, 0.107749999815805 ], [ 40.309027000256407, 0.107705000398202 ], [ 40.308891000109725, 0.10767100003019 ], [ 40.308644000391098, 0.107638000301413 ], [ 40.308495999625251, 0.1076219998682 ], [ 40.308269000223085, 0.107592999839191 ], [ 40.307944000145262, 0.107551000121678 ], [ 40.30778300039718, 0.107548999995551 ], [ 40.3075410003527, 0.107514999644827 ], [ 40.307289999615037, 0.10750000038446 ], [ 40.30726399961101, 0.10760499972287 ], [ 40.307225000094171, 0.107836999667696 ], [ 40.307170000347831, 0.108154999631682 ], [ 40.307097000351078, 0.108597999700173 ], [ 40.307066999846526, 0.108708000181496 ], [ 40.307059999725432, 0.108783000253277 ], [ 40.306909999935385, 0.108873999835875 ], [ 40.306890000223355, 0.109051999781216 ], [ 40.306885000196644, 0.109297000400519 ], [ 40.306861000297495, 0.109528999747768 ], [ 40.306802999628424, 0.109736000369039 ], [ 40.306893999705103, 0.110017999632108 ], [ 40.306901999830913, 0.110213000132101 ], [ 40.306917999679655, 0.110345999899329 ], [ 40.307108000346553, 0.110328999663858 ], [ 40.307552999924759, 0.110328999875604 ], [ 40.307944000301063, 0.110408000074405 ], [ 40.308286000002283, 0.110474000315993 ], [ 40.308648000040513, 0.11052400005779 ], [ 40.309204000214592, 0.110594000373826 ], [ 40.309702000023663, 0.110590000291232 ], [ 40.31004400021574, 0.110611000092031 ], [ 40.310430999991652, 0.110660999549538 ], [ 40.310706999959685, 0.110664999603042 ], [ 40.310839000314729, 0.11063999987571 ] ] ], [ [ [ 40.305955000123475, 0.109375000437893 ], [ 40.305682999678005, 0.109374999690632 ], [ 40.305539000370985, 0.109442000125924 ], [ 40.305377999996985, 0.109553999937713 ], [ 40.305316000317944, 0.109677999873746 ], [ 40.305340999626708, 0.109826999850131 ], [ 40.305382000191564, 0.109913999607835 ], [ 40.305451999757857, 0.110000999894319 ], [ 40.305485000288805, 0.110184000374718 ], [ 40.305517999692505, 0.110278999827552 ], [ 40.305514000229856, 0.110350000140782 ], [ 40.305447999839494, 0.110433000416355 ], [ 40.305448000024491, 0.110498999602372 ], [ 40.305485000235301, 0.110676999851255 ], [ 40.30553099999392, 0.110871999676951 ], [ 40.305604999850885, 0.111050000077857 ], [ 40.305719999893242, 0.111162000367333 ], [ 40.305786000388913, 0.111306999704876 ], [ 40.305871999864301, 0.111424000410524 ], [ 40.305929999911129, 0.111592999953283 ], [ 40.306040999780258, 0.111717999778888 ], [ 40.30616499971633, 0.111875000031819 ], [ 40.30630500020164, 0.111995999760072 ], [ 40.306422999854149, 0.112161999972109 ], [ 40.306522999562318, 0.112153000279303 ], [ 40.306646999849427, 0.112095000327938 ], [ 40.306675000179602, 0.11194200021004 ], [ 40.306687999835766, 0.111659999955991 ], [ 40.306720999748393, 0.111399000269027 ], [ 40.306778000370926, 0.1110500003505 ], [ 40.306761999912908, 0.11082199971891 ], [ 40.306823999831281, 0.110602999868789 ], [ 40.306843999748324, 0.110390999961114 ], [ 40.306851999639619, 0.11029199997928 ], [ 40.306864999691214, 0.110180000383457 ], [ 40.306857000279365, 0.110022000033633 ], [ 40.306819999562926, 0.109830999576044 ], [ 40.306769999880487, 0.109652999982718 ], [ 40.306618000367145, 0.109645000077475 ], [ 40.306567999764113, 0.109486999744126 ], [ 40.306304999808432, 0.109421000360913 ], [ 40.305955000123475, 0.109375000437893 ] ] ], [ [ [ 40.307304999813979, 0.113036000251333 ], [ 40.307516000012029, 0.113086000170038 ], [ 40.307708999931435, 0.113135999991072 ], [ 40.307935999890518, 0.113194000317887 ], [ 40.30804300027291, 0.113227000444327 ], [ 40.308273000234358, 0.113267999748657 ], [ 40.30847100028317, 0.113306000292773 ], [ 40.308697000307156, 0.113305999964154 ], [ 40.308956999631583, 0.113317999813425 ], [ 40.309314999808542, 0.113368000206622 ], [ 40.309571000112271, 0.113380000222975 ], [ 40.309995000242267, 0.113484000350443 ], [ 40.310261999991752, 0.113534000315834 ], [ 40.310505000361424, 0.113559000270172 ], [ 40.310524000202996, 0.113510999763807 ], [ 40.310534000410605, 0.113244000185585 ], [ 40.310574999717581, 0.112821000377769 ], [ 40.310670000026064, 0.112443000290077 ], [ 40.310678000382772, 0.11205400008832 ], [ 40.310731999865446, 0.111762999641703 ], [ 40.310834999697597, 0.110868000120182 ], [ 40.310834999789208, 0.110726999614904 ], [ 40.310670000091363, 0.1107190003878 ], [ 40.310485000390386, 0.110714999908229 ], [ 40.309744000322389, 0.110651999636905 ], [ 40.309410000018993, 0.110636000424786 ], [ 40.309039000431802, 0.110606999847566 ], [ 40.308725999611887, 0.110578000300628 ], [ 40.308421000002213, 0.110542999975867 ], [ 40.308194999671016, 0.110495000367697 ], [ 40.307882000175852, 0.11043699999519 ], [ 40.30749100015678, 0.110386999690828 ], [ 40.306979000094827, 0.110384000436651 ], [ 40.306861000152644, 0.110640000190538 ], [ 40.306836000410271, 0.110871999597155 ], [ 40.306781999616504, 0.111219999903574 ], [ 40.306782000318286, 0.111440000087553 ], [ 40.30671200033629, 0.111791999900465 ], [ 40.306692000440279, 0.112083000186998 ], [ 40.306699999615269, 0.112252999564215 ], [ 40.306770000076305, 0.112459999918957 ], [ 40.306840000412414, 0.112684000234586 ], [ 40.306967999957756, 0.112875000148449 ], [ 40.307186000147318, 0.112970000173386 ], [ 40.307304999813979, 0.113036000251333 ] ] ], [ [ [ 40.307304999813979, 0.113036000251333 ], [ 40.307115999985726, 0.113032000098362 ], [ 40.306976000148062, 0.112966000060968 ], [ 40.30682099997972, 0.112740000151982 ], [ 40.306720999800064, 0.112596999573109 ], [ 40.306596999689241, 0.112476999550495 ], [ 40.306522999622622, 0.112377000160878 ], [ 40.306382999949207, 0.112234000443691 ], [ 40.306245999882904, 0.112124999624079 ], [ 40.306112999715381, 0.111955999861742 ], [ 40.305987000106164, 0.111805000116967 ], [ 40.305862000422096, 0.111652999940443 ], [ 40.305800000341847, 0.111520999837292 ], [ 40.305723999818518, 0.111530999708712 ], [ 40.30570799993589, 0.111623000211002 ], [ 40.30566600037897, 0.111762999801388 ], [ 40.305624999809787, 0.111961999551661 ], [ 40.305558999827745, 0.11219500039408 ], [ 40.305525999936165, 0.112434999649013 ], [ 40.305525999900844, 0.112717000355472 ], [ 40.305502000077375, 0.113065000427827 ], [ 40.305542999944883, 0.113454999584234 ], [ 40.305601000319484, 0.11382799978049 ], [ 40.305674999935256, 0.1142350000932 ], [ 40.305708000283708, 0.114566000276582 ], [ 40.305774000308219, 0.114815000146683 ], [ 40.305880999549309, 0.114938999650148 ], [ 40.306029000128028, 0.115162999997528 ], [ 40.306177000355227, 0.115379000062276 ], [ 40.306349999681331, 0.115594000380672 ], [ 40.306408000077532, 0.115686000169263 ], [ 40.306514999706479, 0.115817999855597 ], [ 40.306663000361134, 0.115826999942171 ], [ 40.30677000027201, 0.115926000032566 ], [ 40.306843999772717, 0.115892999733118 ], [ 40.306935000062353, 0.11585099983117 ], [ 40.307009000172307, 0.115851000012424 ], [ 40.307264000230852, 0.115850999926571 ], [ 40.307354999734564, 0.115851000221717 ], [ 40.307469999574565, 0.115817999835375 ], [ 40.307734000369891, 0.115743999954963 ], [ 40.30821199973029, 0.115785000176549 ], [ 40.308309999849286, 0.115785000145766 ], [ 40.30847500023436, 0.115686000151716 ], [ 40.308557000253018, 0.11565200004044 ], [ 40.308656000322372, 0.115651999967267 ], [ 40.308730000380734, 0.115652000149905 ], [ 40.30879600003351, 0.115734999760301 ], [ 40.308903000433546, 0.115826999885265 ], [ 40.308977999917929, 0.115835000261867 ], [ 40.309027000364324, 0.115785000288642 ], [ 40.309133999797602, 0.115718999843895 ], [ 40.309249000288112, 0.115701999970772 ], [ 40.309307000004658, 0.115701999989324 ], [ 40.309462999793197, 0.115701999976245 ], [ 40.309537999708958, 0.11566100032552 ], [ 40.30962000022344, 0.115618999982216 ], [ 40.309710999717744, 0.115502999906738 ], [ 40.309718999636402, 0.115429000218859 ], [ 40.309866999728627, 0.115370999957232 ], [ 40.310039999639777, 0.115328999933632 ], [ 40.310188000079712, 0.115278999926134 ], [ 40.310279000341886, 0.115179999836852 ], [ 40.310327999942594, 0.114756999585697 ], [ 40.310371000249688, 0.114561000270265 ], [ 40.310394000127403, 0.114358999664436 ], [ 40.310394000397913, 0.114126999889387 ], [ 40.310492999988689, 0.113820000441509 ], [ 40.310477000403289, 0.113636999606483 ], [ 40.310295000325596, 0.113587999765747 ], [ 40.310147000443223, 0.113571000240115 ], [ 40.310015000017579, 0.113555000351247 ], [ 40.309884000175764, 0.113512999849509 ], [ 40.3096609998764, 0.113447000090598 ], [ 40.309373000282847, 0.113405000395151 ], [ 40.309075999946991, 0.113380000149743 ], [ 40.308771999691572, 0.113372000173341 ], [ 40.308483000122422, 0.113371999757167 ], [ 40.308169999798849, 0.113396999737952 ], [ 40.308070999717927, 0.113396999719828 ], [ 40.307997000097259, 0.113346999944462 ], [ 40.307874000141247, 0.11333099961085 ], [ 40.307755999918314, 0.113252999595872 ], [ 40.307593999899247, 0.113164999673953 ], [ 40.30742099962427, 0.113123000100701 ], [ 40.307304999813979, 0.113036000251333 ] ] ], [ [ [ 40.310025999805795, 0.118787000439955 ], [ 40.310050000268731, 0.118413999843405 ], [ 40.310156999959219, 0.118049000081923 ], [ 40.310157000310944, 0.117460000430664 ], [ 40.309704000205301, 0.117260999799333 ], [ 40.309556000245344, 0.117185999843481 ], [ 40.309317000260542, 0.117078999559158 ], [ 40.309004000280929, 0.11689599993645 ], [ 40.308749000301539, 0.11679699968848 ], [ 40.308460999860991, 0.116838000328012 ], [ 40.308395000024582, 0.116888000225203 ], [ 40.308387000038998, 0.11692100015446 ], [ 40.308336999634882, 0.116971000208636 ], [ 40.308246999591624, 0.117036999926839 ], [ 40.308229999925935, 0.11707000028126 ], [ 40.308188999724656, 0.117170000342886 ], [ 40.308139000219136, 0.117220000405624 ], [ 40.308122999992399, 0.117261000060185 ], [ 40.30809800013067, 0.117302999604662 ], [ 40.307999000249453, 0.11732699958524 ], [ 40.307957999790546, 0.117343999671176 ], [ 40.307851000078429, 0.117327000219907 ], [ 40.307810000146382, 0.117278000278866 ], [ 40.307769000274007, 0.11726899977803 ], [ 40.307670000163768, 0.117268999912297 ], [ 40.307621000089625, 0.117269000408012 ], [ 40.307529999954397, 0.117294000384393 ], [ 40.30743900018728, 0.117326999709013 ], [ 40.307356999621263, 0.117369000138833 ], [ 40.307341000289142, 0.117409999806714 ], [ 40.307307999648422, 0.117526000034621 ], [ 40.307299000123002, 0.117626000439009 ], [ 40.307316000436593, 0.117742000120007 ], [ 40.307315999821178, 0.117882999919391 ], [ 40.307324000101126, 0.118048999561049 ], [ 40.307390000158406, 0.118215000070166 ], [ 40.307522000145639, 0.118255999960215 ], [ 40.307744000061184, 0.118248000034348 ], [ 40.307891999869042, 0.11824000000032 ], [ 40.307958000238841, 0.118239999583116 ], [ 40.308040999605851, 0.118289000225456 ], [ 40.308048999890865, 0.118397000045176 ], [ 40.308081999922663, 0.118480000271224 ], [ 40.30818099969833, 0.118588000281103 ], [ 40.308304000118007, 0.118613000066095 ], [ 40.308418999641148, 0.118613000019063 ], [ 40.308501999771018, 0.11862099993374 ], [ 40.308591999868497, 0.118538000203653 ], [ 40.308716000178194, 0.11844700042444 ], [ 40.308732000068098, 0.118629000083835 ], [ 40.308848000055598, 0.118811999863814 ], [ 40.309036999647276, 0.118869999642334 ], [ 40.309102999988276, 0.118870000110168 ], [ 40.309193999677483, 0.118836999841295 ], [ 40.309309000400354, 0.118787000282621 ], [ 40.309374999690228, 0.118803000337587 ], [ 40.309390999856454, 0.118895000129931 ], [ 40.309374999744897, 0.1190520001622 ], [ 40.309366999737762, 0.119159999782438 ], [ 40.309504999666196, 0.119167999753955 ], [ 40.309723000306739, 0.119213999991982 ], [ 40.309934999727119, 0.119267999846495 ], [ 40.309960000063711, 0.119084999757579 ], [ 40.310025999805795, 0.118787000439955 ] ] ] ] } },
{ "type": "Feature", "properties": { "OBJECTID_1": 83, "ID": 83.0, "CAMPID": 1091.0, "CAMPADM1ID": "IFO-E", "CAMPADM2ID": "E-1", "CAMPADM2NA": "IFO-E1", "CAMPADM20": "IFO E-1", "UPDATEBY": "RSAL", "UPDATEDATE": "2007-01-08T00:00:00", "CREATEBY": "IRD", "CREATEDATE": "1999-05-28T00:00:00", "COMMENT": null, "MALE": 0.0, "FEMALE": 0.0, "TOTPOP": 526.0, "AREAPP": 53, "Perimeter": 742.83143256699998, "Area": 27690.377174000001, "Shape_Leng": 1466.63367085, "Shape_Area": 57304.806387299999 }, "geometry": { "type": "MultiPolygon", "coordinates": [ [ [ [ 40.308664999990413, 0.106352999574071 ], [ 40.308675000136617, 0.106300999800802 ], [ 40.308745999801651, 0.106310999567437 ], [ 40.308799999978902, 0.106275999687518 ], [ 40.30885600025443, 0.106181000134381 ], [ 40.308945000088642, 0.106060999879546 ], [ 40.308944999810869, 0.106033000373702 ], [ 40.308919999821782, 0.105969000370156 ], [ 40.308860000441996, 0.105867999920812 ], [ 40.308728000398212, 0.10577500005715 ], [ 40.30858399967277, 0.105634000110892 ], [ 40.308436000219679, 0.105520000362841 ], [ 40.308300000437463, 0.105429999934071 ], [ 40.308184999583069, 0.105396999815403 ], [ 40.308096000406849, 0.105361999662373 ], [ 40.30795400027673, 0.105345000272801 ], [ 40.307828999764496, 0.105311999662286 ], [ 40.307618000336902, 0.105317999944486 ], [ 40.307452000008574, 0.105298000448673 ], [ 40.307241999787649, 0.105264999796866 ], [ 40.307161000119137, 0.105311999835485 ], [ 40.307109999858689, 0.105478000215274 ], [ 40.307001000443485, 0.105615000446218 ], [ 40.307013999653599, 0.105779000100564 ], [ 40.307021000204529, 0.105841000178733 ], [ 40.3071809997777, 0.106030000137124 ], [ 40.307265999843082, 0.10614599972299 ], [ 40.307359000385091, 0.106280000204165 ], [ 40.307426999754895, 0.106364999863391 ], [ 40.307581000204792, 0.106547999597327 ], [ 40.307746000311418, 0.106732000111934 ], [ 40.307886000043347, 0.106885999605978 ], [ 40.307836999865046, 0.107073999894017 ], [ 40.308039000383836, 0.107425000009471 ], [ 40.308070999913106, 0.107483000211264 ], [ 40.3081310003829, 0.107480999596599 ], [ 40.308367999794974, 0.107286000394963 ], [ 40.308479000063599, 0.10713200011375 ], [ 40.308549000289112, 0.107026999844798 ], [ 40.308595000113783, 0.106977000165513 ], [ 40.308630000340514, 0.106651000110746 ], [ 40.30864200007489, 0.106442000029782 ], [ 40.308664999990413, 0.106352999574071 ] ] ], [ [ [ 40.30801400007887, 0.107418000303395 ], [ 40.307858999820922, 0.107155000009879 ], [ 40.307811999771246, 0.107072000226918 ], [ 40.307850999769023, 0.10693500026346 ], [ 40.307850999671778, 0.10686900023636 ], [ 40.307754000004557, 0.106773999952789 ], [ 40.307620999855857, 0.106615999566752 ], [ 40.307447999809774, 0.106447999878542 ], [ 40.307298999661278, 0.106254999826365 ], [ 40.307198000417962, 0.106081000229858 ], [ 40.307025000360198, 0.105890999552775 ], [ 40.306990000419368, 0.105820000039226 ], [ 40.306980000309437, 0.105766000340145 ], [ 40.306977999875947, 0.105624999700901 ], [ 40.306933000275066, 0.10553199968368 ], [ 40.306747000215665, 0.105395000157652 ], [ 40.306603000116247, 0.105421999974653 ], [ 40.306431000338684, 0.105498000161902 ], [ 40.306390999727441, 0.105708000170983 ], [ 40.306340000299215, 0.106000999792311 ], [ 40.306239000398264, 0.106390000094088 ], [ 40.306235000014539, 0.106527000450755 ], [ 40.306253000033585, 0.106648999728546 ], [ 40.306357000356059, 0.106679000083903 ], [ 40.306417999920178, 0.106698000003034 ], [ 40.306435000041922, 0.106715000156202 ], [ 40.306423999872273, 0.106787000204 ], [ 40.306415999948769, 0.106845999823343 ], [ 40.306395000428687, 0.106925000184258 ], [ 40.306394999710434, 0.106993000087459 ], [ 40.306387000289988, 0.107085000193267 ], [ 40.306378999626794, 0.107189999696022 ], [ 40.306357999955168, 0.107243999830189 ], [ 40.306358000355985, 0.107316999780475 ], [ 40.306396999741004, 0.107376999560891 ], [ 40.306461000140033, 0.107418000259216 ], [ 40.306513000363886, 0.107444999896484 ], [ 40.306570000071808, 0.107463999967643 ], [ 40.30664700023631, 0.107467999944038 ], [ 40.306704000287354, 0.107473999714275 ], [ 40.30679899973012, 0.107475999981678 ], [ 40.306875000390413, 0.107490999556385 ], [ 40.30699300038831, 0.107482999646055 ], [ 40.307069000405093, 0.107482999989209 ], [ 40.307121999609933, 0.107466000448026 ], [ 40.307161000436977, 0.107390999908381 ], [ 40.307225000350179, 0.107421000132664 ], [ 40.307434999801828, 0.107456000439939 ], [ 40.307490999779937, 0.107481000055148 ], [ 40.307749999825077, 0.107507999797311 ], [ 40.307829000052593, 0.107516000258456 ], [ 40.308044999771511, 0.10747899985108 ], [ 40.30801400007887, 0.107418000303395 ] ] ] ] } },
{ "type": "Feature", "properties": { "OBJECTID_1": 86, "ID": 86.0, "CAMPID": 1091.0, "CAMPADM1ID": "IFO-S", "CAMPADM2ID": "S-4", "CAMPADM2NA": "IFO-S4", "CAMPADM20": "IFO S-4", "UPDATEBY": "RSAL", "UPDATEDATE": "2007-01-08T00:00:00", "CREATEBY": "IRD", "CREATEDATE": "1999-05-28T00:00:00", "COMMENT": "formelry S-2", "MALE": 0.0, "FEMALE": 0.0, "TOTPOP": 43.0, "AREAPP": 217, "Perimeter": 391.62577499600002, "Area": 9351.4306474799996, "Shape_Leng": 1383.5282108700001, "Shape_Area": 54154.717627500002 }, "geometry": { "type": "MultiPolygon", "coordinates": [ [ [ [ 40.312705999716385, 0.10031200042086 ], [ 40.312682999781657, 0.0994539999466 ], [ 40.311307000096328, 0.099497999800512 ], [ 40.311305000102585, 0.100514999836967 ], [ 40.312705999716385, 0.10031200042086 ] ] ], [ [ [ 40.312255000055224, 0.101376999716773 ], [ 40.312215000202933, 0.100559000059931 ], [ 40.311331000132547, 0.100674999944101 ], [ 40.311351000027464, 0.100938000312398 ], [ 40.311369000153498, 0.101315999779545 ], [ 40.311357000205284, 0.101573999600876 ], [ 40.31132100040692, 0.10249999999947 ], [ 40.311332999623097, 0.102580000083749 ], [ 40.311827000177104, 0.102626000282095 ], [ 40.312426000329005, 0.102651000132844 ], [ 40.31317500005229, 0.102698000050618 ], [ 40.313234999577944, 0.102654000359207 ], [ 40.313263999846349, 0.102423000019469 ], [ 40.31326400018898, 0.101856000155358 ], [ 40.313248999784797, 0.101386999908758 ], [ 40.312255000055224, 0.101376999716773 ] ] ] ] } },
{ "type": "Feature", "properties": { "OBJECTID_1": 89, "ID": 89.0, "CAMPID": 1091.0, "CAMPADM1ID": "IFO-G", "CAMPADM2ID": "G-1", "CAMPADM2NA": "IFO-G1", "CAMPADM20": "IFO G-1", "UPDATEBY": "RSAL", "UPDATEDATE": "2010-01-28T00:00:00", "CREATEBY": "IRD", "CREATEDATE": "1999-05-28T00:00:00", "COMMENT": null, "MALE": 0.0, "FEMALE": 0.0, "TOTPOP": 584.0, "AREAPP": 26, "Perimeter": 659.63174192999998, "Area": 15119.971681700001, "Shape_Leng": 2136.4214126699999, "Shape_Area": 60178.0789219 }, "geometry": { "type": "MultiPolygon", "coordinates": [ [ [ [ 40.311986000242207, 0.098155999618374 ], [ 40.31188999954761, 0.098138000389584 ], [ 40.311814999925737, 0.098512999661939 ], [ 40.311671999967821, 0.09858399986457 ], [ 40.311293999857497, 0.09865700018899 ], [ 40.311311999993627, 0.099044000289765 ], [ 40.313718999983131, 0.098975999583305 ], [ 40.31363999969129, 0.098685999999338 ], [ 40.313603999881742, 0.098609999683776 ], [ 40.31347700042307, 0.098568999583716 ], [ 40.313246999841425, 0.098559999975125 ], [ 40.312769000427018, 0.098524999720978 ], [ 40.312489000180079, 0.098477999836536 ], [ 40.312222000233774, 0.098360000382654 ], [ 40.311986000242207, 0.098155999618374 ] ] ], [ [ [ 40.313825999888543, 0.099714000098393 ], [ 40.313703000371667, 0.099015999568335 ], [ 40.311359000164039, 0.099069999871647 ], [ 40.311307000096328, 0.099497999800512 ], [ 40.312682999781657, 0.0994539999466 ], [ 40.312701999686304, 0.100329999979205 ], [ 40.313285999978852, 0.100260999815668 ], [ 40.313857999588663, 0.100256999658585 ], [ 40.313825999888543, 0.099714000098393 ] ] ], [ [ [ 40.310641999568354, 0.098168000127617 ], [ 40.310605999770516, 0.098138999882664 ], [ 40.31026500006238, 0.098422999773683 ], [ 40.310049999999677, 0.098494999609925 ], [ 40.309975999926436, 0.099088999565114 ], [ 40.309867000110181, 0.099789999804753 ], [ 40.309792999551235, 0.100387000045762 ], [ 40.310096999951156, 0.100406000232083 ], [ 40.310631000001031, 0.100427000005455 ], [ 40.310765000105611, 0.100396000333521 ], [ 40.310820999802893, 0.100304999747369 ], [ 40.310817000119393, 0.099902000344918 ], [ 40.310764999963475, 0.09925799979533 ], [ 40.310724000259818, 0.099226999933141 ], [ 40.310641999568354, 0.098168000127617 ] ] ] ] } }
]
}
