{
  "type": "FeatureCollection",
  "name": "Schools at Flood Risk — Garissa County",
  "metadata": {
    "analysis_date": "2026-07-03",
    "method": "Spatial proximity to UNOSAT 2024 flood extents + concentric buffer zones",
    "total_at_risk": 88,
    "risk_breakdown": {
      "Extreme Risk (Super El Niño)": 15,
      "Medium Risk": 36,
      "High Risk": 37
    },
    "total_pupils_at_risk": 28094
  },
  "features": [
    {
      "type": "Feature",
      "properties": {
        "OBJECTID": "516",
        "county": "garissa",
        "camp": null,
        "camp_locat": null,
        "school_nam": "Gerille Primary School",
        "school_typ": "day school",
        "school_lev": "pre primary lower primary upper primary Junior secondary",
        "role_respo": null,
        "other_role": null,
        "resp_gende": null,
        "other_gend": null,
        "allow_obse": null,
        "duration_w": null,
        "num_malest": "5.0",
        "num_female": "1.0",
        "Total_staf": "6",
        "gender_pup": "boys girls",
        "num_childb": "102.0",
        "num_chilgi": "105.0",
        "Total_chil": null,
        "drinking_w": "surface water",
        "other_sour": null,
        "main_water": "morethan 500m fromcompound",
        "hygiene_wa": "surface water",
        "other_so_1": null,
        "main_wat_1": null,
        "num_water_": null,
        "availabili": null,
        "condition_": null,
        "other_cond": null,
        "reason_not": null,
        "what_damag": null,
        "other_what": null,
        "reason_cit": null,
        "efforts_ma": null,
        "accesibili": "no",
        "adaptated_": null,
        "accesibi_1": "no",
        "adapted_to": null,
        "water_avai": "no",
        "days_water": null,
        "cause_of_l": null,
        "other_caus": null,
        "adaptation": "fetch outside school",
        "other_adap": null,
        "storage_fa": "yes",
        "total_capa": "10000.0",
        "num_litres": "50.0",
        "school_pur": "yes",
        "treatment_": "filtration",
        "other_trea": null,
        "waterborne": "no",
        "waterbor_1": null,
        "availabi_1": "water sources decreased",
        "other_avai": null,
        "challenges": "irregular water supply waterpoints too far insufficient access",
        "other_chal": null,
        "main_sourc": "surface water",
        "satisfied_": "yes",
        "methods_wa": null,
        "other_meth": null,
        "challenge_": "irregular water supply",
        "main_type_": "pit latrine slab",
        "other_main": null,
        "studentsta": "no",
        "type_stude": null,
        "other_type": null,
        "pupils_sep": null,
        "total_at_s": null,
        "girls_toil": null,
        "boys_toile": null,
        "Total_pupi": null,
        "ratio_pupi": null,
        "pupils_sha": null,
        "pupils_toi": null,
        "student_cl": null,
        "reason_toi": null,
        "pupils_san": null,
        "items_pupi": null,
        "type_staff": null,
        "other_ty_1": null,
        "teachers_s": null,
        "total_toil": null,
        "female_onl": null,
        "male_only_": null,
        "Total_st_1": "0",
        "ratio_staf": null,
        "shared_toi": null,
        "staff_toil": null,
        "staff_clea": null,
        "reason_sta": null,
        "staff_sani": null,
        "items_staf": null,
        "mixed_fema": "1.0",
        "mixed_male": null,
        "Toilets_mi": null,
        "Total_pu_1": null,
        "ratio_mixe": null,
        "mixed_hcle": "2 4 days",
        "reason_hmi": null,
        "school_san": null,
        "items_mixe": null,
        "usable_toi": null,
        "modificati": null,
        "accessible": "no",
        "modication": null,
        "septic_tan": "no",
        "sludge_was": "Burned",
        "classrooms": "Daily",
        "compound_c": "2 4 days",
        "reason_com": "lack dedicated personnel lack adequate water",
        "waste_gene": "Paper",
        "collection": "burned away premises",
        "waste_disp": "general waste bins",
        "challeng_1": "lack bins",
        "challeng_2": null,
        "traces_dea": "less 10days",
        "challeng_3": "sanitation dangerous lack sanitation facilities sanitation not functioning sanitation not segrgated",
        "other_ch_1": null,
        "adaptati_1": "sanitation in dangerous place",
        "adaptati_2": null,
        "num_handwa": null,
        "show_pupil": null,
        "water_av_1": null,
        "soap_avail": null,
        "water_av_2": null,
        "soap_ava_1": null,
        "reason_no_": null,
        "other_reas": null,
        "handwashin": null,
        "clear_sign": null,
        "accesible_": null,
        "handwash_1": null,
        "handwash_a": "no",
        "handwash_2": null,
        "items_avai": "water",
        "waste_segr": "toilets more5metres",
        "solidwaste": "burned away premises",
        "times_scho": "every two three",
        "hygiene_pr": "no",
        "when_promo": null,
        "kind_hygie": null,
        "changes_du": null,
        "notable_be": null,
        "dryspell_e": "reduced water supply increased water cost disrupted water practices",
        "march_may_": "toilets Infrastructure damage disrupted hygiene practices",
        "effects_fl": "children commuting",
        "wash_needs": "access to clean wataer sanitation facilities handwashing facilities",
        "improve_to": "assist building renovating hygiene materials schools",
        "type_dispo": "none",
        "adequate_m": "No",
        "when_waste": "monthly",
        "water_soap": "no",
        "challeng_4": "inadequate bins irregular collection",
        "provisions": "MHM materials",
        "menstrual_": "no",
        "challeng_5": "lack menstrual supplies lack of privacy",
        "adapt_mens": "less preferred product",
        "improve_me": "provision sanitary pads safe sanitation facilities",
        "teacher_in": "yes",
        "enumerator": "Most of the Toilets are not in good conditions",
        "uuid": "effbfafb-5673-45b7-b6da-cf6b1a6a72d5",
        "longitude": "40.5014846",
        "latitude": "-1.5826774",
        "sub_county": "Ijara Sub County",
        "wash_nee_1": "1",
        "wash_nee_2": "1",
        "wash_nee_3": "0",
        "wash_nee_4": "0",
        "wash_nee_5": "1",
        "wash_nee_6": "0",
        "wash_nee_7": "0",
        "wash_nee_8": "0",
        "Population": "420",
        "female_toi": "106",
        "male_toile": "0",
        "Total_male": "0.0",
        "Total_fema": "1.0",
        "host_or_re": "host",
        "ward": "ijara ijara",
        "Total_pu_2": "207.0",
        "Total_st_2": "213.0",
        "other_wate": null,
        "adapted__1": null,
        "other_ad_1": null,
        "Total_stud": "0.0",
        "ratio_stud": null,
        "items_pu_1": null,
        "items_pu_2": null,
        "items_pu_3": null,
        "items_pu_4": null,
        "items_pu_5": null,
        "items_pu_6": null,
        "other_item": null,
        "Total_mixe": "1.0",
        "ratio_mi_1": "213.0",
        "other_modi": null,
        "other_slud": null,
        "reason_cla": null,
        "other_wast": null,
        "other_coll": null,
        "other_wa_1": null,
        "challeng_6": null,
        "other_ch_2": null,
        "challeng_7": null,
        "challeng_8": null,
        "other_ad_2": null,
        "type_of_so": null,
        "other_ty_2": null,
        "source_of_": null,
        "other_so_2": null,
        "other_hand": null,
        "other_ha_1": null,
        "other_ha_2": null,
        "other_wa_2": null,
        "other_soli": null,
        "other_drys": null,
        "other_marc": null,
        "other_wash": null,
        "other_impr": null,
        "type_dis_1": null,
        "other_ty_3": null,
        "other_ch_3": null,
        "other_prov": null,
        "other_ch_4": null,
        "other_ad_3": null,
        "other_im_1": null,
        "kind_insti": null,
        "layer": "Garissa Schools",
        "path": "C:/Users/USER/OneDrive - ACTED/Desktop/Garissa County Capacity Building - REACH/Training Materials/Modules/Training Data/Garissa HF and Schools/Garissa HF and Schools/Garissa Schools.geojson",
        "Risk_Level": "Extreme Risk (Super El Niño)",
        "Distance_to_Flood_km": "5.0",
        "Poverty_Rate": "0.62",
        "Food_Poverty_Rate": "0.45",
        "Avg_HH_Income": "5169",
        "Avg_HH_Expenditure": "6177",
        "HH_Cash_Gap": "-1008",
        "Post_Assistance_Income": "13927",
        "Post_Assistance_Expenditure": "11092",
        "Post_Assistance_Surplus": "2835",
        "Vulnerability_Index": "0.676",
        "Wasting_Rate": "0.12",
        "marker_emoji": "🏫",
        "Author": "Garissa GIS Directorate — James M. Mburu",
        "NN_Vulnerability_Score": "0.395",
        "NN_Risk_Class": "Medium",
        "tana_buffer_zone": false
      },
      "geometry": {
        "type": "Point",
        "coordinates": [
          40.501484600000026,
          -1.582677399999966
        ]
      }
    },
    {
      "type": "Feature",
      "properties": {
        "OBJECTID": "502",
        "county": "garissa",
        "camp": null,
        "camp_locat": null,
        "school_nam": "Ruqa Pre School",
        "school_typ": "day and boarding",
        "school_lev": "pre primary lower primary upper primary Junior secondary",
        "role_respo": null,
        "other_role": null,
        "resp_gende": null,
        "other_gend": null,
        "allow_obse": null,
        "duration_w": null,
        "num_malest": "5.0",
        "num_female": "2.0",
        "Total_staf": "7",
        "gender_pup": "boys girls",
        "num_childb": "132.0",
        "num_chilgi": "124.0",
        "Total_chil": null,
        "drinking_w": "surface water",
        "other_sour": null,
        "main_water": "morethan 500m fromcompound",
        "hygiene_wa": "surface water",
        "other_so_1": null,
        "main_wat_1": null,
        "num_water_": null,
        "availabili": null,
        "condition_": null,
        "other_cond": null,
        "reason_not": null,
        "what_damag": null,
        "other_what": null,
        "reason_cit": null,
        "efforts_ma": null,
        "accesibili": "no",
        "adaptated_": null,
        "accesibi_1": "no",
        "adapted_to": null,
        "water_avai": "yes",
        "days_water": "2 weeks",
        "cause_of_l": "lack adquate storage lack sufficient water",
        "other_caus": null,
        "adaptation": null,
        "other_adap": null,
        "storage_fa": "no",
        "total_capa": null,
        "num_litres": null,
        "school_pur": "no",
        "treatment_": null,
        "other_trea": null,
        "waterborne": "yes",
        "waterbor_1": "110",
        "availabi_1": "children cover moredistance children bring water home",
        "other_avai": null,
        "challenges": "waterpoints too far disabled unable accesswaterpoints irregular water supply",
        "other_chal": null,
        "main_sourc": "surface water",
        "satisfied_": "no",
        "methods_wa": "boiling",
        "other_meth": null,
        "challenge_": "irregular water supply lack water treatment lack storage facility",
        "main_type_": "pit latrine slab",
        "other_main": null,
        "studentsta": "no",
        "type_stude": null,
        "other_type": null,
        "pupils_sep": null,
        "total_at_s": null,
        "girls_toil": null,
        "boys_toile": null,
        "Total_pupi": null,
        "ratio_pupi": null,
        "pupils_sha": null,
        "pupils_toi": null,
        "student_cl": null,
        "reason_toi": null,
        "pupils_san": null,
        "items_pupi": null,
        "type_staff": null,
        "other_ty_1": null,
        "teachers_s": null,
        "total_toil": null,
        "female_onl": null,
        "male_only_": null,
        "Total_st_1": "0",
        "ratio_staf": null,
        "shared_toi": null,
        "staff_toil": null,
        "staff_clea": null,
        "reason_sta": null,
        "staff_sani": null,
        "items_staf": null,
        "mixed_fema": "3.0",
        "mixed_male": "3.0",
        "Toilets_mi": null,
        "Total_pu_1": null,
        "ratio_mixe": null,
        "mixed_hcle": "2 4 days",
        "reason_hmi": null,
        "school_san": null,
        "items_mixe": null,
        "usable_toi": null,
        "modificati": null,
        "accessible": "no",
        "modication": null,
        "septic_tan": "no",
        "sludge_was": "openly dumped away",
        "classrooms": "Daily",
        "compound_c": "Daily",
        "reason_com": null,
        "waste_gene": "Plastic Paper",
        "collection": "burned away premises",
        "waste_disp": "composit pit",
        "challeng_1": "lack staff lack bins",
        "challeng_2": null,
        "traces_dea": "less 10days",
        "challeng_3": "lack sanitation facilities sanitation not segrgated sanitation difficult reach",
        "other_ch_1": null,
        "adaptati_1": "less preferred sanitation",
        "adaptati_2": null,
        "num_handwa": "0",
        "show_pupil": null,
        "water_av_1": null,
        "soap_avail": null,
        "water_av_2": null,
        "soap_ava_1": null,
        "reason_no_": null,
        "other_reas": null,
        "handwashin": null,
        "clear_sign": null,
        "accesible_": null,
        "handwash_1": null,
        "handwash_a": "no",
        "handwash_2": null,
        "items_avai": "water",
        "waste_segr": "playground outdoor",
        "solidwaste": "burned away premises",
        "times_scho": "everyday",
        "hygiene_pr": "no",
        "when_promo": null,
        "kind_hygie": null,
        "changes_du": null,
        "notable_be": null,
        "dryspell_e": "reduced water supply increased water cost disrupted water practices raised water quality",
        "march_may_": "disrupted hygiene practices",
        "effects_fl": "children commuting",
        "wash_needs": "access to clean wataer sanitation facilities handwashing facilities",
        "improve_to": "assist building renovating hygiene materials schools",
        "type_dispo": "compost pits",
        "adequate_m": "No",
        "when_waste": "weekly",
        "water_soap": "no",
        "challeng_4": "inadequate bins lack awareness",
        "provisions": "MHM materials",
        "menstrual_": "yes free",
        "challeng_5": "lack menstrual supplies rely on donations lack menstruation hygiene",
        "adapt_mens": "less preferred product",
        "improve_me": "provision sanitary pads safe sanitation facilities quality comp teaching",
        "teacher_in": "yes",
        "enumerator": "There is one Toilets that needs repair that girls were using previously.",
        "uuid": "569d68cd-2d4a-427a-832e-5745bf4f38f0",
        "longitude": "40.4488259",
        "latitude": "-1.5551687",
        "sub_county": "Ijara Sub County",
        "wash_nee_1": "1",
        "wash_nee_2": "1",
        "wash_nee_3": "0",
        "wash_nee_4": "0",
        "wash_nee_5": "1",
        "wash_nee_6": "0",
        "wash_nee_7": "0",
        "wash_nee_8": "0",
        "Population": "87",
        "female_toi": "42",
        "male_toile": "46",
        "Total_male": "3.0",
        "Total_fema": "3.0",
        "host_or_re": "host",
        "ward": "ijara ijara",
        "Total_pu_2": "256.0",
        "Total_st_2": "263.0",
        "other_wate": null,
        "adapted__1": null,
        "other_ad_1": null,
        "Total_stud": "0.0",
        "ratio_stud": null,
        "items_pu_1": null,
        "items_pu_2": null,
        "items_pu_3": null,
        "items_pu_4": null,
        "items_pu_5": null,
        "items_pu_6": null,
        "other_item": null,
        "Total_mixe": "6.0",
        "ratio_mi_1": "43.83333333",
        "other_modi": null,
        "other_slud": null,
        "reason_cla": null,
        "other_wast": null,
        "other_coll": null,
        "other_wa_1": null,
        "challeng_6": null,
        "other_ch_2": null,
        "challeng_7": null,
        "challeng_8": null,
        "other_ad_2": null,
        "type_of_so": null,
        "other_ty_2": null,
        "source_of_": null,
        "other_so_2": null,
        "other_hand": null,
        "other_ha_1": null,
        "other_ha_2": null,
        "other_wa_2": null,
        "other_soli": null,
        "other_drys": null,
        "other_marc": null,
        "other_wash": null,
        "other_impr": null,
        "type_dis_1": null,
        "other_ty_3": null,
        "other_ch_3": null,
        "other_prov": null,
        "other_ch_4": null,
        "other_ad_3": null,
        "other_im_1": null,
        "kind_insti": null,
        "layer": "Garissa Schools",
        "path": "C:/Users/USER/OneDrive - ACTED/Desktop/Garissa County Capacity Building - REACH/Training Materials/Modules/Training Data/Garissa HF and Schools/Garissa HF and Schools/Garissa Schools.geojson",
        "Risk_Level": "Extreme Risk (Super El Niño)",
        "Distance_to_Flood_km": "4.99",
        "Poverty_Rate": "0.62",
        "Food_Poverty_Rate": "0.45",
        "Avg_HH_Income": "5169",
        "Avg_HH_Expenditure": "6177",
        "HH_Cash_Gap": "-1008",
        "Post_Assistance_Income": "13927",
        "Post_Assistance_Expenditure": "11092",
        "Post_Assistance_Surplus": "2835",
        "Vulnerability_Index": "0.676",
        "Wasting_Rate": "0.12",
        "marker_emoji": "🏫",
        "Author": "Garissa GIS Directorate — James M. Mburu",
        "NN_Vulnerability_Score": "0.395",
        "NN_Risk_Class": "Medium",
        "tana_buffer_zone": false
      },
      "geometry": {
        "type": "Point",
        "coordinates": [
          40.44882590000003,
          -1.555168699999967
        ]
      }
    },
    {
      "type": "Feature",
      "properties": {
        "OBJECTID": "544",
        "county": "garissa",
        "camp": null,
        "camp_locat": null,
        "school_nam": "Elmaan",
        "school_typ": "day school",
        "school_lev": "pre primary lower primary",
        "role_respo": null,
        "other_role": null,
        "resp_gende": null,
        "other_gend": null,
        "allow_obse": null,
        "duration_w": null,
        "num_malest": "3.0",
        "num_female": "0.0",
        "Total_staf": "3",
        "gender_pup": "boys girls",
        "num_childb": "162.0",
        "num_chilgi": "93.0",
        "Total_chil": null,
        "drinking_w": "surface water",
        "other_sour": null,
        "main_water": "approx 500m fromcompound",
        "hygiene_wa": "surface water",
        "other_so_1": null,
        "main_wat_1": null,
        "num_water_": null,
        "availabili": null,
        "condition_": null,
        "other_cond": null,
        "reason_not": null,
        "what_damag": null,
        "other_what": null,
        "reason_cit": null,
        "efforts_ma": null,
        "accesibili": "no",
        "adaptated_": null,
        "accesibi_1": "no",
        "adapted_to": null,
        "water_avai": "no",
        "days_water": null,
        "cause_of_l": null,
        "other_caus": null,
        "adaptation": "surface water fetch outside school",
        "other_adap": null,
        "storage_fa": "no",
        "total_capa": null,
        "num_litres": null,
        "school_pur": "no",
        "treatment_": null,
        "other_trea": null,
        "waterborne": "yes",
        "waterbor_1": "110",
        "availabi_1": "no water school",
        "other_avai": null,
        "challenges": "disabled unable accesswaterpoints",
        "other_chal": null,
        "main_sourc": "surface water",
        "satisfied_": "no",
        "methods_wa": "boiling",
        "other_meth": null,
        "challenge_": "lack storage facility contamination water",
        "main_type_": "no facility",
        "other_main": null,
        "studentsta": null,
        "type_stude": null,
        "other_type": null,
        "pupils_sep": null,
        "total_at_s": null,
        "girls_toil": null,
        "boys_toile": null,
        "Total_pupi": null,
        "ratio_pupi": null,
        "pupils_sha": null,
        "pupils_toi": null,
        "student_cl": null,
        "reason_toi": null,
        "pupils_san": null,
        "items_pupi": null,
        "type_staff": null,
        "other_ty_1": null,
        "teachers_s": null,
        "total_toil": null,
        "female_onl": null,
        "male_only_": null,
        "Total_st_1": "0",
        "ratio_staf": null,
        "shared_toi": null,
        "staff_toil": null,
        "staff_clea": null,
        "reason_sta": null,
        "staff_sani": null,
        "items_staf": null,
        "mixed_fema": null,
        "mixed_male": null,
        "Toilets_mi": null,
        "Total_pu_1": null,
        "ratio_mixe": null,
        "mixed_hcle": null,
        "reason_hmi": null,
        "school_san": null,
        "items_mixe": null,
        "usable_toi": null,
        "modificati": null,
        "accessible": null,
        "modication": null,
        "septic_tan": null,
        "sludge_was": "openly dumped away",
        "classrooms": "2 4 days",
        "compound_c": "2 4 days",
        "reason_com": "lack of detergent lack adequate water",
        "waste_gene": "Paper",
        "collection": "burned on premises",
        "waste_disp": "composit pit",
        "challeng_1": "lack bins lack staff",
        "challeng_2": "0",
        "traces_dea": "never visible",
        "challeng_3": "damages sanitation facilities",
        "other_ch_1": null,
        "adaptati_1": "defecate in open",
        "adaptati_2": null,
        "num_handwa": "0",
        "show_pupil": null,
        "water_av_1": null,
        "soap_avail": null,
        "water_av_2": null,
        "soap_ava_1": null,
        "reason_no_": null,
        "other_reas": null,
        "handwashin": null,
        "clear_sign": null,
        "accesible_": null,
        "handwash_1": null,
        "handwash_a": "no",
        "handwash_2": null,
        "items_avai": "none",
        "waste_segr": "within compound premises",
        "solidwaste": "burned on premises",
        "times_scho": "weekly",
        "hygiene_pr": "no",
        "when_promo": null,
        "kind_hygie": null,
        "changes_du": null,
        "notable_be": null,
        "dryspell_e": "disrupted water practices",
        "march_may_": "flooding stagnant water",
        "effects_fl": "children commuting",
        "wash_needs": "access to clean wataer sanitation facilities handwashing facilities",
        "improve_to": "hygiene materials schools hygiene promotion WASH communities training teachers",
        "type_dispo": "compost pits",
        "adequate_m": "No",
        "when_waste": "monthly",
        "water_soap": "no",
        "challeng_4": "inadequate bins",
        "provisions": "none above",
        "menstrual_": "no",
        "challeng_5": "lack menstrual supplies inadequately safe lack menstruation hygiene lack water soap",
        "adapt_mens": "less preferred product soap substitute girls to sort issue",
        "improve_me": "safe sanitation facilities quality comp teaching",
        "teacher_in": "no",
        "enumerator": null,
        "uuid": "d1d4e918-d9d2-4579-8d1b-96306f1086d2",
        "longitude": "40.6240635",
        "latitude": "-1.479777",
        "sub_county": "Ijara Sub County",
        "wash_nee_1": "1",
        "wash_nee_2": "1",
        "wash_nee_3": "0",
        "wash_nee_4": "0",
        "wash_nee_5": "1",
        "wash_nee_6": "0",
        "wash_nee_7": "0",
        "wash_nee_8": "0",
        "Population": "0",
        "female_toi": "0",
        "male_toile": "0",
        "Total_male": "0.0",
        "Total_fema": "0.0",
        "host_or_re": "host",
        "ward": "ijara ijara",
        "Total_pu_2": "255.0",
        "Total_st_2": "258.0",
        "other_wate": null,
        "adapted__1": null,
        "other_ad_1": null,
        "Total_stud": "0.0",
        "ratio_stud": null,
        "items_pu_1": null,
        "items_pu_2": null,
        "items_pu_3": null,
        "items_pu_4": null,
        "items_pu_5": null,
        "items_pu_6": null,
        "other_item": null,
        "Total_mixe": "0.0",
        "ratio_mi_1": null,
        "other_modi": null,
        "other_slud": null,
        "reason_cla": "lack adequate water lack of detergent",
        "other_wast": null,
        "other_coll": null,
        "other_wa_1": null,
        "challeng_6": null,
        "other_ch_2": null,
        "challeng_7": null,
        "challeng_8": null,
        "other_ad_2": null,
        "type_of_so": null,
        "other_ty_2": null,
        "source_of_": null,
        "other_so_2": null,
        "other_hand": null,
        "other_ha_1": null,
        "other_ha_2": null,
        "other_wa_2": "Within  School Compound",
        "other_soli": null,
        "other_drys": null,
        "other_marc": null,
        "other_wash": null,
        "other_impr": null,
        "type_dis_1": "0.0",
        "other_ty_3": null,
        "other_ch_3": null,
        "other_prov": null,
        "other_ch_4": null,
        "other_ad_3": null,
        "other_im_1": null,
        "kind_insti": null,
        "layer": "Garissa Schools",
        "path": "C:/Users/USER/OneDrive - ACTED/Desktop/Garissa County Capacity Building - REACH/Training Materials/Modules/Training Data/Garissa HF and Schools/Garissa HF and Schools/Garissa Schools.geojson",
        "Risk_Level": "Extreme Risk (Super El Niño)",
        "Distance_to_Flood_km": "3.85",
        "Poverty_Rate": "0.62",
        "Food_Poverty_Rate": "0.45",
        "Avg_HH_Income": "5169",
        "Avg_HH_Expenditure": "6177",
        "HH_Cash_Gap": "-1008",
        "Post_Assistance_Income": "13927",
        "Post_Assistance_Expenditure": "11092",
        "Post_Assistance_Surplus": "2835",
        "Vulnerability_Index": "0.699",
        "Wasting_Rate": "0.12",
        "marker_emoji": "🏫",
        "Author": "Garissa GIS Directorate — James M. Mburu",
        "NN_Vulnerability_Score": "0.442",
        "NN_Risk_Class": "Medium",
        "tana_buffer_zone": false
      },
      "geometry": {
        "type": "Point",
        "coordinates": [
          40.624063500000034,
          -1.479777
        ]
      }
    },
    {
      "type": "Feature",
      "properties": {
        "OBJECTID": "585",
        "county": "garissa",
        "camp": null,
        "camp_locat": null,
        "school_nam": "Gedilun Primary School",
        "school_typ": "day school",
        "school_lev": "lower primary pre primary upper primary Junior secondary",
        "role_respo": null,
        "other_role": null,
        "resp_gende": null,
        "other_gend": null,
        "allow_obse": null,
        "duration_w": null,
        "num_malest": "4.0",
        "num_female": "0.0",
        "Total_staf": "4",
        "gender_pup": "boys girls",
        "num_childb": "276.0",
        "num_chilgi": "228.0",
        "Total_chil": null,
        "drinking_w": "water pan",
        "other_sour": null,
        "main_water": "morethan 500m fromcompound",
        "hygiene_wa": "water pan",
        "other_so_1": null,
        "main_wat_1": null,
        "num_water_": null,
        "availabili": null,
        "condition_": null,
        "other_cond": null,
        "reason_not": null,
        "what_damag": null,
        "other_what": null,
        "reason_cit": null,
        "efforts_ma": null,
        "accesibili": "no",
        "adaptated_": null,
        "accesibi_1": "yes",
        "adapted_to": "supervision",
        "water_avai": "yes",
        "days_water": "Daily",
        "cause_of_l": null,
        "other_caus": null,
        "adaptation": null,
        "other_adap": null,
        "storage_fa": "yes",
        "total_capa": "10000.0",
        "num_litres": "110.0",
        "school_pur": "yes",
        "treatment_": "chlorination",
        "other_trea": null,
        "waterborne": "yes",
        "waterbor_1": "110",
        "availabi_1": "water sources decreased",
        "other_avai": null,
        "challenges": "waterpoints too far disabled unable accesswaterpoints children no access",
        "other_chal": null,
        "main_sourc": "water pan",
        "satisfied_": "no",
        "methods_wa": "chlorination",
        "other_meth": null,
        "challenge_": "limited access water",
        "main_type_": "pit latrine without slab",
        "other_main": null,
        "studentsta": "no",
        "type_stude": null,
        "other_type": null,
        "pupils_sep": null,
        "total_at_s": null,
        "girls_toil": null,
        "boys_toile": null,
        "Total_pupi": null,
        "ratio_pupi": null,
        "pupils_sha": null,
        "pupils_toi": null,
        "student_cl": null,
        "reason_toi": null,
        "pupils_san": null,
        "items_pupi": null,
        "type_staff": null,
        "other_ty_1": null,
        "teachers_s": null,
        "total_toil": null,
        "female_onl": null,
        "male_only_": null,
        "Total_st_1": "0",
        "ratio_staf": null,
        "shared_toi": null,
        "staff_toil": null,
        "staff_clea": null,
        "reason_sta": null,
        "staff_sani": null,
        "items_staf": null,
        "mixed_fema": "2.0",
        "mixed_male": "2.0",
        "Toilets_mi": null,
        "Total_pu_1": null,
        "ratio_mixe": null,
        "mixed_hcle": "Daily",
        "reason_hmi": null,
        "school_san": null,
        "items_mixe": null,
        "usable_toi": null,
        "modificati": null,
        "accessible": "no",
        "modication": null,
        "septic_tan": "no",
        "sludge_was": "openly dumped away",
        "classrooms": "Daily",
        "compound_c": "Daily",
        "reason_com": null,
        "waste_gene": "Plastic Paper",
        "collection": "burned on premises",
        "waste_disp": "composit pit",
        "challeng_1": "lack bins",
        "challeng_2": "0",
        "traces_dea": "less 10days",
        "challeng_3": "damages sanitation facilities lack sanitation facilities",
        "other_ch_1": null,
        "adaptati_1": "less preferred sanitation",
        "adaptati_2": null,
        "num_handwa": "1",
        "show_pupil": "allow",
        "water_av_1": "water available",
        "soap_avail": "soap available",
        "water_av_2": null,
        "soap_ava_1": null,
        "reason_no_": null,
        "other_reas": null,
        "handwashin": "five metres toilet",
        "clear_sign": "yes",
        "accesible_": "no",
        "handwash_1": null,
        "handwash_a": "yes",
        "handwash_2": "supervision",
        "items_avai": "water",
        "waste_segr": "playground outdoor",
        "solidwaste": "burned on premises",
        "times_scho": "everyday",
        "hygiene_pr": "yes",
        "when_promo": "last 30days",
        "kind_hygie": null,
        "changes_du": "yes",
        "notable_be": "increased hand practices improved hand techniques proper use toilets reduced open defaction maintenance facilities",
        "dryspell_e": "increased water cost",
        "march_may_": "increased water supply flooding stagnant water access sanitation affected waste management system",
        "effects_fl": "not school regularly caused evacuation red enrollment rate",
        "wash_needs": "sanitation facilities hygiene promotion waste management",
        "improve_to": "advocacy awareness creation assist building renovating community sanitation hygiene materials schools",
        "type_dispo": "compost pits",
        "adequate_m": "all bathrooms toilets",
        "when_waste": "Daily",
        "water_soap": "water and soap",
        "challeng_4": "inadequate bins",
        "provisions": "MHM materials",
        "menstrual_": "yes free",
        "challeng_5": "rely on donations",
        "adapt_mens": "less preferred product",
        "improve_me": "safe sanitation facilities",
        "teacher_in": "yes",
        "enumerator": null,
        "uuid": "41c443c2-fe7e-49a1-9f7a-bcedf0a0f393",
        "longitude": "40.6383807",
        "latitude": "-1.3729369",
        "sub_county": "Hulugho Sub County",
        "wash_nee_1": "0",
        "wash_nee_2": "1",
        "wash_nee_3": "1",
        "wash_nee_4": "1",
        "wash_nee_5": "0",
        "wash_nee_6": "0",
        "wash_nee_7": "0",
        "wash_nee_8": "0",
        "Population": "253",
        "female_toi": "114",
        "male_toile": "140",
        "Total_male": "2.0",
        "Total_fema": "2.0",
        "host_or_re": "host",
        "ward": "sangailu",
        "Total_pu_2": "504.0",
        "Total_st_2": "508.0",
        "other_wate": null,
        "adapted__1": "0.0",
        "other_ad_1": null,
        "Total_stud": "0.0",
        "ratio_stud": null,
        "items_pu_1": null,
        "items_pu_2": null,
        "items_pu_3": null,
        "items_pu_4": null,
        "items_pu_5": null,
        "items_pu_6": null,
        "other_item": null,
        "Total_mixe": "4.0",
        "ratio_mi_1": "127.0",
        "other_modi": null,
        "other_slud": null,
        "reason_cla": null,
        "other_wast": null,
        "other_coll": null,
        "other_wa_1": null,
        "challeng_6": null,
        "other_ch_2": null,
        "challeng_7": null,
        "challeng_8": null,
        "other_ad_2": null,
        "type_of_so": "bar liquid soap",
        "other_ty_2": null,
        "source_of_": "Retailer",
        "other_so_2": null,
        "other_hand": null,
        "other_ha_1": null,
        "other_ha_2": null,
        "other_wa_2": null,
        "other_soli": null,
        "other_drys": null,
        "other_marc": null,
        "other_wash": null,
        "other_impr": null,
        "type_dis_1": "0.0",
        "other_ty_3": null,
        "other_ch_3": null,
        "other_prov": null,
        "other_ch_4": null,
        "other_ad_3": null,
        "other_im_1": null,
        "kind_insti": null,
        "layer": "Garissa Schools",
        "path": "C:/Users/USER/OneDrive - ACTED/Desktop/Garissa County Capacity Building - REACH/Training Materials/Modules/Training Data/Garissa HF and Schools/Garissa HF and Schools/Garissa Schools.geojson",
        "Risk_Level": "Extreme Risk (Super El Niño)",
        "Distance_to_Flood_km": "4.55",
        "Poverty_Rate": "0.65",
        "Food_Poverty_Rate": "0.48",
        "Avg_HH_Income": "5169",
        "Avg_HH_Expenditure": "6177",
        "HH_Cash_Gap": "-1008",
        "Post_Assistance_Income": "13927",
        "Post_Assistance_Expenditure": "11092",
        "Post_Assistance_Surplus": "2835",
        "Vulnerability_Index": "0.7",
        "Wasting_Rate": "0.11",
        "marker_emoji": "🏫",
        "Author": "Garissa GIS Directorate — James M. Mburu",
        "NN_Vulnerability_Score": "0.428",
        "NN_Risk_Class": "Medium",
        "tana_buffer_zone": false
      },
      "geometry": {
        "type": "Point",
        "coordinates": [
          40.63838070000003,
          -1.372936899999956
        ]
      }
    },
    {
      "type": "Feature",
      "properties": {
        "OBJECTID": "545",
        "county": "garissa",
        "camp": null,
        "camp_locat": null,
        "school_nam": "Mare Ecd",
        "school_typ": "day school",
        "school_lev": "upper primary lower primary pre primary",
        "role_respo": null,
        "other_role": null,
        "resp_gende": null,
        "other_gend": null,
        "allow_obse": null,
        "duration_w": null,
        "num_malest": "2.0",
        "num_female": "0.0",
        "Total_staf": "2",
        "gender_pup": "boys girls",
        "num_childb": "129.0",
        "num_chilgi": "102.0",
        "Total_chil": null,
        "drinking_w": "tap stand",
        "other_sour": null,
        "main_water": "on premises",
        "hygiene_wa": "tap stand",
        "other_so_1": null,
        "main_wat_1": null,
        "num_water_": "1.0",
        "availabili": "daily",
        "condition_": null,
        "other_cond": null,
        "reason_not": null,
        "what_damag": null,
        "other_what": null,
        "reason_cit": null,
        "efforts_ma": null,
        "accesibili": "no",
        "adaptated_": null,
        "accesibi_1": "no",
        "adapted_to": null,
        "water_avai": "yes",
        "days_water": "Daily",
        "cause_of_l": null,
        "other_caus": null,
        "adaptation": null,
        "other_adap": null,
        "storage_fa": "yes",
        "total_capa": "10000.0",
        "num_litres": "120.0",
        "school_pur": "no",
        "treatment_": null,
        "other_trea": null,
        "waterborne": "no",
        "waterbor_1": null,
        "availabi_1": "no change",
        "other_avai": null,
        "challenges": "insufficient waterpoints",
        "other_chal": null,
        "main_sourc": "tap stand",
        "satisfied_": "no",
        "methods_wa": "no method",
        "other_meth": null,
        "challenge_": "lack water treatment",
        "main_type_": "pit latrine without slab",
        "other_main": null,
        "studentsta": "no",
        "type_stude": null,
        "other_type": null,
        "pupils_sep": null,
        "total_at_s": null,
        "girls_toil": null,
        "boys_toile": null,
        "Total_pupi": null,
        "ratio_pupi": null,
        "pupils_sha": null,
        "pupils_toi": null,
        "student_cl": null,
        "reason_toi": null,
        "pupils_san": null,
        "items_pupi": null,
        "type_staff": null,
        "other_ty_1": null,
        "teachers_s": null,
        "total_toil": null,
        "female_onl": null,
        "male_only_": null,
        "Total_st_1": "0",
        "ratio_staf": null,
        "shared_toi": null,
        "staff_toil": null,
        "staff_clea": null,
        "reason_sta": null,
        "staff_sani": null,
        "items_staf": null,
        "mixed_fema": "1.0",
        "mixed_male": "1.0",
        "Toilets_mi": null,
        "Total_pu_1": null,
        "ratio_mixe": null,
        "mixed_hcle": "2 4 days",
        "reason_hmi": null,
        "school_san": null,
        "items_mixe": null,
        "usable_toi": null,
        "modificati": null,
        "accessible": "no",
        "modication": null,
        "septic_tan": "no",
        "sludge_was": "openly dumped away",
        "classrooms": "Daily",
        "compound_c": "Daily",
        "reason_com": null,
        "waste_gene": "Paper Plastic",
        "collection": "burned on premises",
        "waste_disp": "general waste bins",
        "challeng_1": "lack bins",
        "challeng_2": "0",
        "traces_dea": "less 10days",
        "challeng_3": "lack sanitation facilities damages sanitation facilities sanitation not functioning sanitation not segrgated",
        "other_ch_1": null,
        "adaptati_1": "less preferred sanitation",
        "adaptati_2": null,
        "num_handwa": "0",
        "show_pupil": null,
        "water_av_1": null,
        "soap_avail": null,
        "water_av_2": null,
        "soap_ava_1": null,
        "reason_no_": null,
        "other_reas": null,
        "handwashin": null,
        "clear_sign": null,
        "accesible_": null,
        "handwash_1": null,
        "handwash_a": "no",
        "handwash_2": null,
        "items_avai": "water",
        "waste_segr": "playground outdoor",
        "solidwaste": "burned on premises",
        "times_scho": "weekly",
        "hygiene_pr": "yes",
        "when_promo": "last 30days",
        "kind_hygie": null,
        "changes_du": "yes",
        "notable_be": "increased hand practices improved hand techniques proper use toilets reduced open defaction maintenance facilities consumption safe water",
        "dryspell_e": "reduced water supply",
        "march_may_": "flooding stagnant water access sanitation affected waste management system toilets Infrastructure damage",
        "effects_fl": "waterborne cases increased reduced extracurricula children commuting",
        "wash_needs": "access to clean wataer handwashing facilities infrastructure",
        "improve_to": "assist building renovating hygiene materials schools hygiene promotion WASH communities community mobilization",
        "type_dispo": "compost pits",
        "adequate_m": "No",
        "when_waste": "monthly",
        "water_soap": "water but nosoap",
        "challeng_4": "inadequate bins",
        "provisions": "none above",
        "menstrual_": "no",
        "challeng_5": "lack menstrual supplies",
        "adapt_mens": "less preferred product",
        "improve_me": "provision sanitary pads safe sanitation facilities",
        "teacher_in": "no",
        "enumerator": null,
        "uuid": "0835b48d-e6d4-4f8f-bd0f-3128aac91dbb",
        "longitude": "40.7054764",
        "latitude": "-1.3031714",
        "sub_county": "Hulugho Sub County",
        "wash_nee_1": "1",
        "wash_nee_2": "0",
        "wash_nee_3": "0",
        "wash_nee_4": "0",
        "wash_nee_5": "1",
        "wash_nee_6": "0",
        "wash_nee_7": "0",
        "wash_nee_8": "1",
        "Population": "232",
        "female_toi": "102",
        "male_toile": "131",
        "Total_male": "1.0",
        "Total_fema": "1.0",
        "host_or_re": "host",
        "ward": "sangailu",
        "Total_pu_2": "231.0",
        "Total_st_2": "233.0",
        "other_wate": null,
        "adapted__1": null,
        "other_ad_1": null,
        "Total_stud": "0.0",
        "ratio_stud": null,
        "items_pu_1": null,
        "items_pu_2": null,
        "items_pu_3": null,
        "items_pu_4": null,
        "items_pu_5": null,
        "items_pu_6": null,
        "other_item": null,
        "Total_mixe": "2.0",
        "ratio_mi_1": "116.5",
        "other_modi": null,
        "other_slud": null,
        "reason_cla": null,
        "other_wast": null,
        "other_coll": null,
        "other_wa_1": null,
        "challeng_6": null,
        "other_ch_2": null,
        "challeng_7": null,
        "challeng_8": null,
        "other_ad_2": null,
        "type_of_so": null,
        "other_ty_2": null,
        "source_of_": null,
        "other_so_2": null,
        "other_hand": null,
        "other_ha_1": null,
        "other_ha_2": null,
        "other_wa_2": null,
        "other_soli": null,
        "other_drys": null,
        "other_marc": null,
        "other_wash": null,
        "other_impr": null,
        "type_dis_1": "0.0",
        "other_ty_3": null,
        "other_ch_3": null,
        "other_prov": null,
        "other_ch_4": null,
        "other_ad_3": null,
        "other_im_1": null,
        "kind_insti": null,
        "layer": "Garissa Schools",
        "path": "C:/Users/USER/OneDrive - ACTED/Desktop/Garissa County Capacity Building - REACH/Training Materials/Modules/Training Data/Garissa HF and Schools/Garissa HF and Schools/Garissa Schools.geojson",
        "Risk_Level": "Extreme Risk (Super El Niño)",
        "Distance_to_Flood_km": "3.71",
        "Poverty_Rate": "0.65",
        "Food_Poverty_Rate": "0.48",
        "Avg_HH_Income": "5169",
        "Avg_HH_Expenditure": "6177",
        "HH_Cash_Gap": "-1008",
        "Post_Assistance_Income": "13927",
        "Post_Assistance_Expenditure": "11092",
        "Post_Assistance_Surplus": "2835",
        "Vulnerability_Index": "0.717",
        "Wasting_Rate": "0.11",
        "marker_emoji": "🏫",
        "Author": "Garissa GIS Directorate — James M. Mburu",
        "NN_Vulnerability_Score": "0.463",
        "NN_Risk_Class": "Medium",
        "tana_buffer_zone": false
      },
      "geometry": {
        "type": "Point",
        "coordinates": [
          40.705476400000066,
          -1.30317139999994
        ]
      }
    },
    {
      "type": "Feature",
      "properties": {
        "OBJECTID": "541",
        "county": "garissa",
        "camp": null,
        "camp_locat": null,
        "school_nam": "Wakabharey Ecd",
        "school_typ": "day school",
        "school_lev": "pre primary Junior secondary upper primary lower primary",
        "role_respo": null,
        "other_role": null,
        "resp_gende": null,
        "other_gend": null,
        "allow_obse": null,
        "duration_w": null,
        "num_malest": "5.0",
        "num_female": "2.0",
        "Total_staf": "7",
        "gender_pup": "boys girls",
        "num_childb": "218.0",
        "num_chilgi": "153.0",
        "Total_chil": null,
        "drinking_w": "rain water collection",
        "other_sour": null,
        "main_water": "on premises",
        "hygiene_wa": "rain water collection",
        "other_so_1": null,
        "main_wat_1": null,
        "num_water_": null,
        "availabili": null,
        "condition_": null,
        "other_cond": null,
        "reason_not": null,
        "what_damag": null,
        "other_what": null,
        "reason_cit": null,
        "efforts_ma": null,
        "accesibili": "yes",
        "adaptated_": "tap can be reached",
        "accesibi_1": "yes",
        "adapted_to": "lower taps",
        "water_avai": "yes",
        "days_water": "Daily",
        "cause_of_l": null,
        "other_caus": null,
        "adaptation": null,
        "other_adap": null,
        "storage_fa": "yes",
        "total_capa": "10000.0",
        "num_litres": "100.0",
        "school_pur": "yes",
        "treatment_": "chlorination",
        "other_trea": null,
        "waterborne": "no",
        "waterbor_1": null,
        "availabi_1": "water sources decreased",
        "other_avai": null,
        "challenges": "no challenge",
        "other_chal": null,
        "main_sourc": "rain water collection",
        "satisfied_": "yes",
        "methods_wa": null,
        "other_meth": null,
        "challenge_": "no challenge",
        "main_type_": "pit latrine without slab",
        "other_main": null,
        "studentsta": "no",
        "type_stude": null,
        "other_type": null,
        "pupils_sep": null,
        "total_at_s": null,
        "girls_toil": null,
        "boys_toile": null,
        "Total_pupi": null,
        "ratio_pupi": null,
        "pupils_sha": null,
        "pupils_toi": null,
        "student_cl": null,
        "reason_toi": null,
        "pupils_san": null,
        "items_pupi": null,
        "type_staff": null,
        "other_ty_1": null,
        "teachers_s": null,
        "total_toil": null,
        "female_onl": null,
        "male_only_": null,
        "Total_st_1": "0",
        "ratio_staf": null,
        "shared_toi": null,
        "staff_toil": null,
        "staff_clea": null,
        "reason_sta": null,
        "staff_sani": null,
        "items_staf": null,
        "mixed_fema": "1.0",
        "mixed_male": "1.0",
        "Toilets_mi": null,
        "Total_pu_1": null,
        "ratio_mixe": null,
        "mixed_hcle": "2 4 days",
        "reason_hmi": null,
        "school_san": null,
        "items_mixe": null,
        "usable_toi": null,
        "modificati": null,
        "accessible": "no",
        "modication": null,
        "septic_tan": "no",
        "sludge_was": "openly dumped away",
        "classrooms": "Daily",
        "compound_c": "Daily",
        "reason_com": null,
        "waste_gene": "Plastic Paper",
        "collection": "burned away premises",
        "waste_disp": "composit pit",
        "challeng_1": "lack bins",
        "challeng_2": "0",
        "traces_dea": "more 10days",
        "challeng_3": "lack sanitation facilities damages sanitation facilities sanitation not functioning unclean unhygienic toilets sanitation not segrgated sanitation difficult reach",
        "other_ch_1": null,
        "adaptati_1": "less preferred sanitation",
        "adaptati_2": null,
        "num_handwa": "0",
        "show_pupil": null,
        "water_av_1": null,
        "soap_avail": null,
        "water_av_2": null,
        "soap_ava_1": null,
        "reason_no_": null,
        "other_reas": null,
        "handwashin": null,
        "clear_sign": null,
        "accesible_": null,
        "handwash_1": null,
        "handwash_a": "no",
        "handwash_2": null,
        "items_avai": "water",
        "waste_segr": "playground outdoor",
        "solidwaste": "burned away premises",
        "times_scho": "everyday",
        "hygiene_pr": "no",
        "when_promo": null,
        "kind_hygie": null,
        "changes_du": null,
        "notable_be": null,
        "dryspell_e": "reduced water supply increased water cost",
        "march_may_": "flooding stagnant water access sanitation affected waste management system toilets Infrastructure damage",
        "effects_fl": "red enrollment rate",
        "wash_needs": "access to clean wataer sanitation facilities handwashing facilities",
        "improve_to": "assist building renovating hygiene materials schools hygiene promotion",
        "type_dispo": "sanitary bins",
        "adequate_m": "all bathrooms toilets",
        "when_waste": "Daily",
        "water_soap": "no",
        "challeng_4": "inadequate bins",
        "provisions": "none above",
        "menstrual_": "no",
        "challeng_5": "lack menstrual supplies",
        "adapt_mens": "girls to sort issue",
        "improve_me": "safe sanitation facilities provision sanitary pads",
        "teacher_in": "yes",
        "enumerator": null,
        "uuid": "b1c3f9ef-387e-4121-a936-47e0d61ec62c",
        "longitude": "40.7055105",
        "latitude": "-1.3031645",
        "sub_county": "Hulugho Sub County",
        "wash_nee_1": "1",
        "wash_nee_2": "1",
        "wash_nee_3": "0",
        "wash_nee_4": "0",
        "wash_nee_5": "1",
        "wash_nee_6": "0",
        "wash_nee_7": "0",
        "wash_nee_8": "0",
        "Population": "375",
        "female_toi": "155",
        "male_toile": "223",
        "Total_male": "1.0",
        "Total_fema": "1.0",
        "host_or_re": "host",
        "ward": "sangailu",
        "Total_pu_2": "371.0",
        "Total_st_2": "378.0",
        "other_wate": null,
        "adapted__1": "0.0",
        "other_ad_1": null,
        "Total_stud": "0.0",
        "ratio_stud": null,
        "items_pu_1": null,
        "items_pu_2": null,
        "items_pu_3": null,
        "items_pu_4": null,
        "items_pu_5": null,
        "items_pu_6": null,
        "other_item": null,
        "Total_mixe": "2.0",
        "ratio_mi_1": "189.0",
        "other_modi": null,
        "other_slud": null,
        "reason_cla": null,
        "other_wast": null,
        "other_coll": null,
        "other_wa_1": null,
        "challeng_6": null,
        "other_ch_2": null,
        "challeng_7": null,
        "challeng_8": null,
        "other_ad_2": null,
        "type_of_so": null,
        "other_ty_2": null,
        "source_of_": null,
        "other_so_2": null,
        "other_hand": null,
        "other_ha_1": null,
        "other_ha_2": null,
        "other_wa_2": null,
        "other_soli": null,
        "other_drys": null,
        "other_marc": null,
        "other_wash": null,
        "other_impr": null,
        "type_dis_1": "0.0",
        "other_ty_3": null,
        "other_ch_3": null,
        "other_prov": null,
        "other_ch_4": null,
        "other_ad_3": null,
        "other_im_1": null,
        "kind_insti": null,
        "layer": "Garissa Schools",
        "path": "C:/Users/USER/OneDrive - ACTED/Desktop/Garissa County Capacity Building - REACH/Training Materials/Modules/Training Data/Garissa HF and Schools/Garissa HF and Schools/Garissa Schools.geojson",
        "Risk_Level": "Extreme Risk (Super El Niño)",
        "Distance_to_Flood_km": "3.72",
        "Poverty_Rate": "0.65",
        "Food_Poverty_Rate": "0.48",
        "Avg_HH_Income": "5169",
        "Avg_HH_Expenditure": "6177",
        "HH_Cash_Gap": "-1008",
        "Post_Assistance_Income": "13927",
        "Post_Assistance_Expenditure": "11092",
        "Post_Assistance_Surplus": "2835",
        "Vulnerability_Index": "0.717",
        "Wasting_Rate": "0.11",
        "marker_emoji": "🏫",
        "Author": "Garissa GIS Directorate — James M. Mburu",
        "NN_Vulnerability_Score": "0.463",
        "NN_Risk_Class": "Medium",
        "tana_buffer_zone": false
      },
      "geometry": {
        "type": "Point",
        "coordinates": [
          40.70551050000006,
          -1.30316449999998
        ]
      }
    },
    {
      "type": "Feature",
      "properties": {
        "OBJECTID": "584",
        "county": "garissa",
        "camp": null,
        "camp_locat": null,
        "school_nam": "Manderdoo Mobile Primary School",
        "school_typ": "day school",
        "school_lev": "pre primary lower primary",
        "role_respo": null,
        "other_role": null,
        "resp_gende": null,
        "other_gend": null,
        "allow_obse": null,
        "duration_w": null,
        "num_malest": "1.0",
        "num_female": "0.0",
        "Total_staf": "1",
        "gender_pup": "boys girls",
        "num_childb": "48.0",
        "num_chilgi": "37.0",
        "Total_chil": null,
        "drinking_w": "water pan",
        "other_sour": null,
        "main_water": "approx 200m fromcompound",
        "hygiene_wa": "water pan",
        "other_so_1": null,
        "main_wat_1": null,
        "num_water_": null,
        "availabili": null,
        "condition_": null,
        "other_cond": null,
        "reason_not": null,
        "what_damag": null,
        "other_what": null,
        "reason_cit": null,
        "efforts_ma": null,
        "accesibili": "no",
        "adaptated_": null,
        "accesibi_1": "yes",
        "adapted_to": "accessible water containers",
        "water_avai": "yes",
        "days_water": "Daily",
        "cause_of_l": null,
        "other_caus": null,
        "adaptation": null,
        "other_adap": null,
        "storage_fa": "no",
        "total_capa": null,
        "num_litres": null,
        "school_pur": "no",
        "treatment_": null,
        "other_trea": null,
        "waterborne": "no",
        "waterbor_1": null,
        "availabi_1": "water sources increased",
        "other_avai": null,
        "challenges": "disabled unable accesswaterpoints water not quality irregular water supply",
        "other_chal": null,
        "main_sourc": "water pan",
        "satisfied_": "no",
        "methods_wa": "boiling",
        "other_meth": null,
        "challenge_": "limited access water irregular water supply",
        "main_type_": "no facility",
        "other_main": null,
        "studentsta": null,
        "type_stude": null,
        "other_type": null,
        "pupils_sep": null,
        "total_at_s": null,
        "girls_toil": null,
        "boys_toile": null,
        "Total_pupi": null,
        "ratio_pupi": null,
        "pupils_sha": null,
        "pupils_toi": null,
        "student_cl": null,
        "reason_toi": null,
        "pupils_san": null,
        "items_pupi": null,
        "type_staff": null,
        "other_ty_1": null,
        "teachers_s": null,
        "total_toil": null,
        "female_onl": null,
        "male_only_": null,
        "Total_st_1": "0",
        "ratio_staf": null,
        "shared_toi": null,
        "staff_toil": null,
        "staff_clea": null,
        "reason_sta": null,
        "staff_sani": null,
        "items_staf": null,
        "mixed_fema": null,
        "mixed_male": null,
        "Toilets_mi": null,
        "Total_pu_1": null,
        "ratio_mixe": null,
        "mixed_hcle": null,
        "reason_hmi": null,
        "school_san": null,
        "items_mixe": null,
        "usable_toi": null,
        "modificati": null,
        "accessible": null,
        "modication": null,
        "septic_tan": null,
        "sludge_was": "treated on site",
        "classrooms": "Daily",
        "compound_c": "Daily",
        "reason_com": null,
        "waste_gene": "Paper",
        "collection": "burned away premises",
        "waste_disp": "composit pit",
        "challeng_1": "lack staff lack bins",
        "challeng_2": "0",
        "traces_dea": "never visible",
        "challeng_3": "no access sanitation",
        "other_ch_1": null,
        "adaptati_1": "less preferred sanitation",
        "adaptati_2": null,
        "num_handwa": "0",
        "show_pupil": null,
        "water_av_1": null,
        "soap_avail": null,
        "water_av_2": null,
        "soap_ava_1": null,
        "reason_no_": null,
        "other_reas": null,
        "handwashin": null,
        "clear_sign": null,
        "accesible_": null,
        "handwash_1": null,
        "handwash_a": "no",
        "handwash_2": null,
        "items_avai": "water",
        "waste_segr": "toilets more5metres",
        "solidwaste": "burned away premises",
        "times_scho": "every two three",
        "hygiene_pr": "no",
        "when_promo": null,
        "kind_hygie": null,
        "changes_du": null,
        "notable_be": null,
        "dryspell_e": "reduced water supply raised water quality",
        "march_may_": "increased water supply",
        "effects_fl": "not school regularly children commuting",
        "wash_needs": "access to clean wataer sanitation facilities handwashing facilities",
        "improve_to": "advocacy awareness creation assist building renovating",
        "type_dispo": "compost pits",
        "adequate_m": "No",
        "when_waste": "weekly",
        "water_soap": "no",
        "challeng_4": "lack awareness inadequate bins",
        "provisions": "none above",
        "menstrual_": "no",
        "challeng_5": "rely on donations inadequately safe lack of privacy",
        "adapt_mens": "less preferred product",
        "improve_me": "safe sanitation facilities provision sanitary pads quality comp teaching",
        "teacher_in": "no",
        "enumerator": "No",
        "uuid": "f6572cb1-f78e-4f56-9618-410204c765d4",
        "longitude": "40.6844903",
        "latitude": "-1.2913884",
        "sub_county": "Hulugho Sub County",
        "wash_nee_1": "1",
        "wash_nee_2": "1",
        "wash_nee_3": "0",
        "wash_nee_4": "0",
        "wash_nee_5": "1",
        "wash_nee_6": "0",
        "wash_nee_7": "0",
        "wash_nee_8": "0",
        "Population": "0",
        "female_toi": "0",
        "male_toile": "0",
        "Total_male": "0.0",
        "Total_fema": "0.0",
        "host_or_re": "host",
        "ward": "sangailu",
        "Total_pu_2": "85.0",
        "Total_st_2": "86.0",
        "other_wate": null,
        "adapted__1": "0.0",
        "other_ad_1": null,
        "Total_stud": "0.0",
        "ratio_stud": null,
        "items_pu_1": null,
        "items_pu_2": null,
        "items_pu_3": null,
        "items_pu_4": null,
        "items_pu_5": null,
        "items_pu_6": null,
        "other_item": null,
        "Total_mixe": "0.0",
        "ratio_mi_1": null,
        "other_modi": null,
        "other_slud": null,
        "reason_cla": null,
        "other_wast": null,
        "other_coll": null,
        "other_wa_1": null,
        "challeng_6": null,
        "other_ch_2": null,
        "challeng_7": null,
        "challeng_8": null,
        "other_ad_2": null,
        "type_of_so": null,
        "other_ty_2": null,
        "source_of_": null,
        "other_so_2": null,
        "other_hand": null,
        "other_ha_1": null,
        "other_ha_2": null,
        "other_wa_2": null,
        "other_soli": null,
        "other_drys": null,
        "other_marc": null,
        "other_wash": null,
        "other_impr": null,
        "type_dis_1": "0.0",
        "other_ty_3": null,
        "other_ch_3": null,
        "other_prov": null,
        "other_ch_4": null,
        "other_ad_3": null,
        "other_im_1": null,
        "kind_insti": null,
        "layer": "Garissa Schools",
        "path": "C:/Users/USER/OneDrive - ACTED/Desktop/Garissa County Capacity Building - REACH/Training Materials/Modules/Training Data/Garissa HF and Schools/Garissa HF and Schools/Garissa Schools.geojson",
        "Risk_Level": "Medium Risk",
        "Distance_to_Flood_km": "1.4",
        "Poverty_Rate": "0.65",
        "Food_Poverty_Rate": "0.48",
        "Avg_HH_Income": "5169",
        "Avg_HH_Expenditure": "6177",
        "HH_Cash_Gap": "-1008",
        "Post_Assistance_Income": "13927",
        "Post_Assistance_Expenditure": "11092",
        "Post_Assistance_Surplus": "2835",
        "Vulnerability_Index": "0.613",
        "Wasting_Rate": "0.11",
        "marker_emoji": "🏫",
        "Author": "Garissa GIS Directorate — James M. Mburu",
        "NN_Vulnerability_Score": "0.52",
        "NN_Risk_Class": "High",
        "tana_buffer_zone": false
      },
      "geometry": {
        "type": "Point",
        "coordinates": [
          40.68449030000005,
          -1.29138839999996
        ]
      }
    },
    {
      "type": "Feature",
      "properties": {
        "OBJECTID": "553",
        "county": "garissa",
        "camp": null,
        "camp_locat": null,
        "school_nam": "Tumtush Primary School",
        "school_typ": "day school",
        "school_lev": "pre primary lower primary upper primary",
        "role_respo": null,
        "other_role": null,
        "resp_gende": null,
        "other_gend": null,
        "allow_obse": null,
        "duration_w": null,
        "num_malest": "2.0",
        "num_female": "0.0",
        "Total_staf": "2",
        "gender_pup": "boys girls",
        "num_childb": "141.0",
        "num_chilgi": "136.0",
        "Total_chil": null,
        "drinking_w": "surface water",
        "other_sour": null,
        "main_water": "morethan 500m fromcompound",
        "hygiene_wa": "surface water",
        "other_so_1": null,
        "main_wat_1": null,
        "num_water_": null,
        "availabili": null,
        "condition_": null,
        "other_cond": null,
        "reason_not": null,
        "what_damag": null,
        "other_what": null,
        "reason_cit": null,
        "efforts_ma": null,
        "accesibili": "no",
        "adaptated_": null,
        "accesibi_1": "no",
        "adapted_to": null,
        "water_avai": "yes",
        "days_water": "Daily",
        "cause_of_l": null,
        "other_caus": null,
        "adaptation": null,
        "other_adap": null,
        "storage_fa": "no",
        "total_capa": null,
        "num_litres": null,
        "school_pur": "yes",
        "treatment_": "chlorination",
        "other_trea": null,
        "waterborne": "no",
        "waterbor_1": null,
        "availabi_1": "water sources increased",
        "other_avai": null,
        "challenges": "waterpoints too far",
        "other_chal": null,
        "main_sourc": "surface water",
        "satisfied_": "no",
        "methods_wa": "chlorination",
        "other_meth": null,
        "challenge_": "limited access water",
        "main_type_": "pit latrine without slab",
        "other_main": null,
        "studentsta": "no",
        "type_stude": null,
        "other_type": null,
        "pupils_sep": null,
        "total_at_s": null,
        "girls_toil": null,
        "boys_toile": null,
        "Total_pupi": null,
        "ratio_pupi": null,
        "pupils_sha": null,
        "pupils_toi": null,
        "student_cl": null,
        "reason_toi": null,
        "pupils_san": null,
        "items_pupi": null,
        "type_staff": null,
        "other_ty_1": null,
        "teachers_s": null,
        "total_toil": null,
        "female_onl": null,
        "male_only_": null,
        "Total_st_1": "0",
        "ratio_staf": null,
        "shared_toi": null,
        "staff_toil": null,
        "staff_clea": null,
        "reason_sta": null,
        "staff_sani": null,
        "items_staf": null,
        "mixed_fema": "1.0",
        "mixed_male": "1.0",
        "Toilets_mi": null,
        "Total_pu_1": null,
        "ratio_mixe": null,
        "mixed_hcle": "2 4 days",
        "reason_hmi": null,
        "school_san": null,
        "items_mixe": null,
        "usable_toi": null,
        "modificati": null,
        "accessible": "no",
        "modication": null,
        "septic_tan": "no",
        "sludge_was": "openly dumped away",
        "classrooms": "Daily",
        "compound_c": "Daily",
        "reason_com": null,
        "waste_gene": "Paper Plastic",
        "collection": "burned on premises",
        "waste_disp": "composit pit",
        "challeng_1": "lack bins",
        "challeng_2": "0",
        "traces_dea": "more 10days",
        "challeng_3": "lack sanitation facilities sanitation not functioning damages sanitation facilities",
        "other_ch_1": null,
        "adaptati_1": "less preferred sanitation",
        "adaptati_2": null,
        "num_handwa": "1",
        "show_pupil": "allow",
        "water_av_1": "water available",
        "soap_avail": "soap available",
        "water_av_2": null,
        "soap_ava_1": null,
        "reason_no_": null,
        "other_reas": null,
        "handwashin": "five metres toilet",
        "clear_sign": "yes",
        "accesible_": "no",
        "handwash_1": null,
        "handwash_a": "yes",
        "handwash_2": "lower taps",
        "items_avai": "water",
        "waste_segr": "toilets within5metres",
        "solidwaste": "burned on premises",
        "times_scho": "everyday",
        "hygiene_pr": "yes",
        "when_promo": "last 30days",
        "kind_hygie": null,
        "changes_du": "yes",
        "notable_be": "improved hand techniques increased hand practices proper use toilets reduced open defaction maintenance facilities",
        "dryspell_e": "reduced water supply",
        "march_may_": "flooding stagnant water access sanitation affected waste management system",
        "effects_fl": "red enrollment rate waterborne cases increased not school regularly",
        "wash_needs": "access to clean wataer sanitation facilities waste management",
        "improve_to": "assist building renovating community mobilization hygiene promotion",
        "type_dispo": "compost pits",
        "adequate_m": "No",
        "when_waste": "Daily",
        "water_soap": "water and soap",
        "challeng_4": "inadequate bins",
        "provisions": "MHM materials",
        "menstrual_": "yes free",
        "challeng_5": "rely on donations",
        "adapt_mens": "less preferred product",
        "improve_me": "safe sanitation facilities provision sanitary pads",
        "teacher_in": "yes",
        "enumerator": null,
        "uuid": "7f0a5699-6fc8-4ee7-b78f-b1caa3d896be",
        "longitude": "40.8564588",
        "latitude": "-1.2000746",
        "sub_county": "Hulugho Sub County",
        "wash_nee_1": "1",
        "wash_nee_2": "1",
        "wash_nee_3": "0",
        "wash_nee_4": "1",
        "wash_nee_5": "0",
        "wash_nee_6": "0",
        "wash_nee_7": "0",
        "wash_nee_8": "0",
        "Population": "278",
        "female_toi": "136",
        "male_toile": "143",
        "Total_male": "1.0",
        "Total_fema": "1.0",
        "host_or_re": "host",
        "ward": "hulugho",
        "Total_pu_2": "277.0",
        "Total_st_2": "279.0",
        "other_wate": null,
        "adapted__1": null,
        "other_ad_1": null,
        "Total_stud": "0.0",
        "ratio_stud": null,
        "items_pu_1": null,
        "items_pu_2": null,
        "items_pu_3": null,
        "items_pu_4": null,
        "items_pu_5": null,
        "items_pu_6": null,
        "other_item": null,
        "Total_mixe": "2.0",
        "ratio_mi_1": "139.5",
        "other_modi": null,
        "other_slud": null,
        "reason_cla": null,
        "other_wast": null,
        "other_coll": null,
        "other_wa_1": null,
        "challeng_6": null,
        "other_ch_2": null,
        "challeng_7": null,
        "challeng_8": null,
        "other_ad_2": null,
        "type_of_so": "bar liquid soap",
        "other_ty_2": null,
        "source_of_": "Retailer",
        "other_so_2": null,
        "other_hand": null,
        "other_ha_1": null,
        "other_ha_2": null,
        "other_wa_2": null,
        "other_soli": null,
        "other_drys": null,
        "other_marc": null,
        "other_wash": null,
        "other_impr": null,
        "type_dis_1": "0.0",
        "other_ty_3": null,
        "other_ch_3": null,
        "other_prov": null,
        "other_ch_4": null,
        "other_ad_3": null,
        "other_im_1": null,
        "kind_insti": null,
        "layer": "Garissa Schools",
        "path": "C:/Users/USER/OneDrive - ACTED/Desktop/Garissa County Capacity Building - REACH/Training Materials/Modules/Training Data/Garissa HF and Schools/Garissa HF and Schools/Garissa Schools.geojson",
        "Risk_Level": "Extreme Risk (Super El Niño)",
        "Distance_to_Flood_km": "3.9",
        "Poverty_Rate": "0.65",
        "Food_Poverty_Rate": "0.48",
        "Avg_HH_Income": "5169",
        "Avg_HH_Expenditure": "6177",
        "HH_Cash_Gap": "-1008",
        "Post_Assistance_Income": "13927",
        "Post_Assistance_Expenditure": "11092",
        "Post_Assistance_Surplus": "2835",
        "Vulnerability_Index": "0.713",
        "Wasting_Rate": "0.11",
        "marker_emoji": "🏫",
        "Author": "Garissa GIS Directorate — James M. Mburu",
        "NN_Vulnerability_Score": "0.455",
        "NN_Risk_Class": "Medium",
        "tana_buffer_zone": false
      },
      "geometry": {
        "type": "Point",
        "coordinates": [
          40.85645880000004,
          -1.200074599999937
        ]
      }
    },
    {
      "type": "Feature",
      "properties": {
        "OBJECTID": "558",
        "county": "garissa",
        "camp": null,
        "camp_locat": null,
        "school_nam": "Haririderow Primary School",
        "school_typ": "day school",
        "school_lev": "pre primary lower primary upper primary",
        "role_respo": null,
        "other_role": null,
        "resp_gende": null,
        "other_gend": null,
        "allow_obse": null,
        "duration_w": null,
        "num_malest": "3.0",
        "num_female": "0.0",
        "Total_staf": "3",
        "gender_pup": "boys girls",
        "num_childb": "80.0",
        "num_chilgi": "45.0",
        "Total_chil": null,
        "drinking_w": "surface water",
        "other_sour": null,
        "main_water": "approx 200m fromcompound",
        "hygiene_wa": "surface water",
        "other_so_1": null,
        "main_wat_1": null,
        "num_water_": null,
        "availabili": null,
        "condition_": null,
        "other_cond": null,
        "reason_not": null,
        "what_damag": null,
        "other_what": null,
        "reason_cit": null,
        "efforts_ma": null,
        "accesibili": "no",
        "adaptated_": null,
        "accesibi_1": "no",
        "adapted_to": null,
        "water_avai": "yes",
        "days_water": "2 weeks",
        "cause_of_l": "lack adquate storage lack sufficient water",
        "other_caus": null,
        "adaptation": null,
        "other_adap": null,
        "storage_fa": "no",
        "total_capa": null,
        "num_litres": null,
        "school_pur": "no",
        "treatment_": null,
        "other_trea": null,
        "waterborne": "no",
        "waterbor_1": null,
        "availabi_1": "water sources increased",
        "other_avai": null,
        "challenges": "irregular water supply",
        "other_chal": null,
        "main_sourc": "surface water",
        "satisfied_": "yes",
        "methods_wa": null,
        "other_meth": null,
        "challenge_": "limited access water",
        "main_type_": "pit latrine slab",
        "other_main": null,
        "studentsta": "no",
        "type_stude": null,
        "other_type": null,
        "pupils_sep": null,
        "total_at_s": null,
        "girls_toil": null,
        "boys_toile": null,
        "Total_pupi": null,
        "ratio_pupi": null,
        "pupils_sha": null,
        "pupils_toi": null,
        "student_cl": null,
        "reason_toi": null,
        "pupils_san": null,
        "items_pupi": null,
        "type_staff": null,
        "other_ty_1": null,
        "teachers_s": null,
        "total_toil": null,
        "female_onl": null,
        "male_only_": null,
        "Total_st_1": "0",
        "ratio_staf": null,
        "shared_toi": null,
        "staff_toil": null,
        "staff_clea": null,
        "reason_sta": null,
        "staff_sani": null,
        "items_staf": null,
        "mixed_fema": "1.0",
        "mixed_male": "0.0",
        "Toilets_mi": null,
        "Total_pu_1": null,
        "ratio_mixe": null,
        "mixed_hcle": "2 4 days",
        "reason_hmi": null,
        "school_san": null,
        "items_mixe": null,
        "usable_toi": null,
        "modificati": null,
        "accessible": "no",
        "modication": null,
        "septic_tan": "no",
        "sludge_was": "treated on site",
        "classrooms": "2 4 days",
        "compound_c": "2 4 days",
        "reason_com": "lack adequate water lack dedicated personnel",
        "waste_gene": "Paper",
        "collection": "burned away premises",
        "waste_disp": "composit pit",
        "challeng_1": "lack staff lack bins",
        "challeng_2": "0",
        "traces_dea": "never visible",
        "challeng_3": "lack sanitation facilities sanitation difficult reach",
        "other_ch_1": null,
        "adaptati_1": "less preferred sanitation",
        "adaptati_2": null,
        "num_handwa": "0",
        "show_pupil": null,
        "water_av_1": null,
        "soap_avail": null,
        "water_av_2": null,
        "soap_ava_1": null,
        "reason_no_": null,
        "other_reas": null,
        "handwashin": null,
        "clear_sign": null,
        "accesible_": null,
        "handwash_1": null,
        "handwash_a": "no",
        "handwash_2": null,
        "items_avai": "water",
        "waste_segr": "toilets more5metres",
        "solidwaste": "burned on premises",
        "times_scho": "everyday",
        "hygiene_pr": "no",
        "when_promo": null,
        "kind_hygie": null,
        "changes_du": null,
        "notable_be": null,
        "dryspell_e": "reduced water supply",
        "march_may_": "increased water supply",
        "effects_fl": "not school regularly",
        "wash_needs": "handwashing facilities",
        "improve_to": "advocacy awareness creation assist building renovating hygiene materials schools",
        "type_dispo": "compost pits",
        "adequate_m": "No",
        "when_waste": "monthly",
        "water_soap": "no",
        "challeng_4": "lack awareness inadequate bins",
        "provisions": "none above",
        "menstrual_": "no",
        "challeng_5": "inadequately safe lack menstrual supplies rely on donations lack of privacy",
        "adapt_mens": "less preferred product",
        "improve_me": "safe sanitation facilities",
        "teacher_in": "no",
        "enumerator": "No",
        "uuid": "652f74b1-8aaf-4b24-8147-c165623e75f7",
        "longitude": "40.9708024",
        "latitude": "-1.1377832",
        "sub_county": "Hulugho Sub County",
        "wash_nee_1": "0",
        "wash_nee_2": "0",
        "wash_nee_3": "0",
        "wash_nee_4": "0",
        "wash_nee_5": "1",
        "wash_nee_6": "0",
        "wash_nee_7": "0",
        "wash_nee_8": "0",
        "Population": "253",
        "female_toi": "45",
        "male_toile": "0",
        "Total_male": "0.0",
        "Total_fema": "1.0",
        "host_or_re": "host",
        "ward": "hulugho",
        "Total_pu_2": "125.0",
        "Total_st_2": "128.0",
        "other_wate": null,
        "adapted__1": null,
        "other_ad_1": null,
        "Total_stud": "0.0",
        "ratio_stud": null,
        "items_pu_1": null,
        "items_pu_2": null,
        "items_pu_3": null,
        "items_pu_4": null,
        "items_pu_5": null,
        "items_pu_6": null,
        "other_item": null,
        "Total_mixe": "1.0",
        "ratio_mi_1": "128.0",
        "other_modi": null,
        "other_slud": null,
        "reason_cla": "lack adequate water",
        "other_wast": null,
        "other_coll": null,
        "other_wa_1": null,
        "challeng_6": null,
        "other_ch_2": null,
        "challeng_7": null,
        "challeng_8": null,
        "other_ad_2": null,
        "type_of_so": null,
        "other_ty_2": null,
        "source_of_": null,
        "other_so_2": null,
        "other_hand": null,
        "other_ha_1": null,
        "other_ha_2": null,
        "other_wa_2": null,
        "other_soli": null,
        "other_drys": null,
        "other_marc": null,
        "other_wash": null,
        "other_impr": null,
        "type_dis_1": "0.0",
        "other_ty_3": null,
        "other_ch_3": null,
        "other_prov": null,
        "other_ch_4": null,
        "other_ad_3": null,
        "other_im_1": null,
        "kind_insti": null,
        "layer": "Garissa Schools",
        "path": "C:/Users/USER/OneDrive - ACTED/Desktop/Garissa County Capacity Building - REACH/Training Materials/Modules/Training Data/Garissa HF and Schools/Garissa HF and Schools/Garissa Schools.geojson",
        "Risk_Level": "Extreme Risk (Super El Niño)",
        "Distance_to_Flood_km": "3.91",
        "Poverty_Rate": "0.65",
        "Food_Poverty_Rate": "0.48",
        "Avg_HH_Income": "5169",
        "Avg_HH_Expenditure": "6177",
        "HH_Cash_Gap": "-1008",
        "Post_Assistance_Income": "13927",
        "Post_Assistance_Expenditure": "11092",
        "Post_Assistance_Surplus": "2835",
        "Vulnerability_Index": "0.713",
        "Wasting_Rate": "0.11",
        "marker_emoji": "🏫",
        "Author": "Garissa GIS Directorate — James M. Mburu",
        "NN_Vulnerability_Score": "0.455",
        "NN_Risk_Class": "Medium",
        "tana_buffer_zone": false
      },
      "geometry": {
        "type": "Point",
        "coordinates": [
          40.970802400000025,
          -1.137783199999944
        ]
      }
    },
    {
      "type": "Feature",
      "properties": {
        "OBJECTID": "482",
        "county": "garissa",
        "camp": null,
        "camp_locat": null,
        "school_nam": "Warsame Ecd",
        "school_typ": "day school",
        "school_lev": "lower primary pre primary",
        "role_respo": null,
        "other_role": null,
        "resp_gende": null,
        "other_gend": null,
        "allow_obse": null,
        "duration_w": null,
        "num_malest": "3.0",
        "num_female": "0.0",
        "Total_staf": "3",
        "gender_pup": "boys girls",
        "num_childb": "124.0",
        "num_chilgi": "98.0",
        "Total_chil": null,
        "drinking_w": "surface water",
        "other_sour": null,
        "main_water": "morethan 500m fromcompound",
        "hygiene_wa": "surface water",
        "other_so_1": null,
        "main_wat_1": null,
        "num_water_": null,
        "availabili": null,
        "condition_": null,
        "other_cond": null,
        "reason_not": null,
        "what_damag": null,
        "other_what": null,
        "reason_cit": null,
        "efforts_ma": null,
        "accesibili": "no",
        "adaptated_": null,
        "accesibi_1": "no",
        "adapted_to": null,
        "water_avai": "no",
        "days_water": null,
        "cause_of_l": null,
        "other_caus": null,
        "adaptation": "fetch outside school less preferred drinking",
        "other_adap": null,
        "storage_fa": "no",
        "total_capa": null,
        "num_litres": null,
        "school_pur": "no",
        "treatment_": null,
        "other_trea": null,
        "waterborne": "no",
        "waterbor_1": null,
        "availabi_1": "water sources decreased",
        "other_avai": null,
        "challenges": "waterpoints too far disabled unable accesswaterpoints children no access",
        "other_chal": null,
        "main_sourc": "surface water",
        "satisfied_": "no",
        "methods_wa": "chlorination",
        "other_meth": null,
        "challenge_": "limited access water",
        "main_type_": "no facility",
        "other_main": null,
        "studentsta": null,
        "type_stude": null,
        "other_type": null,
        "pupils_sep": null,
        "total_at_s": null,
        "girls_toil": null,
        "boys_toile": null,
        "Total_pupi": null,
        "ratio_pupi": null,
        "pupils_sha": null,
        "pupils_toi": null,
        "student_cl": null,
        "reason_toi": null,
        "pupils_san": null,
        "items_pupi": null,
        "type_staff": null,
        "other_ty_1": null,
        "teachers_s": null,
        "total_toil": null,
        "female_onl": null,
        "male_only_": null,
        "Total_st_1": "0",
        "ratio_staf": null,
        "shared_toi": null,
        "staff_toil": null,
        "staff_clea": null,
        "reason_sta": null,
        "staff_sani": null,
        "items_staf": null,
        "mixed_fema": null,
        "mixed_male": null,
        "Toilets_mi": null,
        "Total_pu_1": null,
        "ratio_mixe": null,
        "mixed_hcle": null,
        "reason_hmi": null,
        "school_san": null,
        "items_mixe": null,
        "usable_toi": null,
        "modificati": null,
        "accessible": null,
        "modication": null,
        "septic_tan": null,
        "sludge_was": "openly dumped away",
        "classrooms": "Daily",
        "compound_c": "Daily",
        "reason_com": null,
        "waste_gene": "Paper Plastic",
        "collection": "burned on premises",
        "waste_disp": "none",
        "challeng_1": "lack bins",
        "challeng_2": null,
        "traces_dea": "never visible",
        "challeng_3": "lack sanitation facilities damages sanitation facilities",
        "other_ch_1": null,
        "adaptati_1": "defecate in open",
        "adaptati_2": null,
        "num_handwa": "0",
        "show_pupil": null,
        "water_av_1": null,
        "soap_avail": null,
        "water_av_2": null,
        "soap_ava_1": null,
        "reason_no_": null,
        "other_reas": null,
        "handwashin": null,
        "clear_sign": null,
        "accesible_": null,
        "handwash_1": null,
        "handwash_a": "no",
        "handwash_2": null,
        "items_avai": "water",
        "waste_segr": "playground outdoor",
        "solidwaste": "burned on premises",
        "times_scho": "everyday",
        "hygiene_pr": "no",
        "when_promo": null,
        "kind_hygie": null,
        "changes_du": null,
        "notable_be": null,
        "dryspell_e": "reduced water supply raised water quality",
        "march_may_": "flooding stagnant water access sanitation affected waste management system toilets Infrastructure damage",
        "effects_fl": "children commuting red enrollment rate",
        "wash_needs": "access to clean wataer sanitation facilities waste management",
        "improve_to": "assist building renovating hygiene materials schools",
        "type_dispo": "compost pits",
        "adequate_m": "No",
        "when_waste": "monthly",
        "water_soap": "no",
        "challeng_4": "inadequate bins",
        "provisions": "MHM materials",
        "menstrual_": "yes free",
        "challeng_5": "rely on donations",
        "adapt_mens": "less preferred product",
        "improve_me": "safe sanitation facilities",
        "teacher_in": "no",
        "enumerator": null,
        "uuid": "4fb3f6dd-e123-439b-84bc-b679c9948240",
        "longitude": "40.3392352",
        "latitude": "-1.4813588",
        "sub_county": "Ijara Sub County",
        "wash_nee_1": "1",
        "wash_nee_2": "1",
        "wash_nee_3": "0",
        "wash_nee_4": "1",
        "wash_nee_5": "0",
        "wash_nee_6": "0",
        "wash_nee_7": "0",
        "wash_nee_8": "0",
        "Population": "0",
        "female_toi": "0",
        "male_toile": "0",
        "Total_male": "0.0",
        "Total_fema": "0.0",
        "host_or_re": "host",
        "ward": "ijara ijara",
        "Total_pu_2": "222.0",
        "Total_st_2": "225.0",
        "other_wate": null,
        "adapted__1": null,
        "other_ad_1": null,
        "Total_stud": "0.0",
        "ratio_stud": null,
        "items_pu_1": null,
        "items_pu_2": null,
        "items_pu_3": null,
        "items_pu_4": null,
        "items_pu_5": null,
        "items_pu_6": null,
        "other_item": null,
        "Total_mixe": "0.0",
        "ratio_mi_1": null,
        "other_modi": null,
        "other_slud": null,
        "reason_cla": null,
        "other_wast": null,
        "other_coll": null,
        "other_wa_1": null,
        "challeng_6": null,
        "other_ch_2": null,
        "challeng_7": null,
        "challeng_8": null,
        "other_ad_2": null,
        "type_of_so": null,
        "other_ty_2": null,
        "source_of_": null,
        "other_so_2": null,
        "other_hand": null,
        "other_ha_1": null,
        "other_ha_2": null,
        "other_wa_2": null,
        "other_soli": null,
        "other_drys": null,
        "other_marc": null,
        "other_wash": null,
        "other_impr": null,
        "type_dis_1": null,
        "other_ty_3": null,
        "other_ch_3": null,
        "other_prov": null,
        "other_ch_4": null,
        "other_ad_3": null,
        "other_im_1": null,
        "kind_insti": null,
        "layer": "Garissa Schools",
        "path": "C:/Users/USER/OneDrive - ACTED/Desktop/Garissa County Capacity Building - REACH/Training Materials/Modules/Training Data/Garissa HF and Schools/Garissa HF and Schools/Garissa Schools.geojson",
        "Risk_Level": "High Risk",
        "Distance_to_Flood_km": "0.0",
        "Poverty_Rate": "0.62",
        "Food_Poverty_Rate": "0.45",
        "Avg_HH_Income": "5169",
        "Avg_HH_Expenditure": "6177",
        "HH_Cash_Gap": "-1008",
        "Post_Assistance_Income": "13927",
        "Post_Assistance_Expenditure": "11092",
        "Post_Assistance_Surplus": "2835",
        "Vulnerability_Index": "0.716",
        "Wasting_Rate": "0.12",
        "marker_emoji": "🏫",
        "Author": "Garissa GIS Directorate — James M. Mburu",
        "NN_Vulnerability_Score": "0.512",
        "NN_Risk_Class": "High",
        "tana_buffer_zone": false
      },
      "geometry": {
        "type": "Point",
        "coordinates": [
          40.339235200000076,
          -1.481358799999953
        ]
      }
    },
    {
      "type": "Feature",
      "properties": {
        "OBJECTID": "609",
        "county": "garissa",
        "camp": null,
        "camp_locat": null,
        "school_nam": "Mathahmarub Primary School",
        "school_typ": "day school",
        "school_lev": "lower primary pre primary",
        "role_respo": null,
        "other_role": null,
        "resp_gende": null,
        "other_gend": null,
        "allow_obse": null,
        "duration_w": null,
        "num_malest": "1.0",
        "num_female": "1.0",
        "Total_staf": "2",
        "gender_pup": "boys girls",
        "num_childb": "139.0",
        "num_chilgi": "63.0",
        "Total_chil": null,
        "drinking_w": "water pan",
        "other_sour": null,
        "main_water": "approx 500m fromcompound",
        "hygiene_wa": "water pan",
        "other_so_1": null,
        "main_wat_1": null,
        "num_water_": null,
        "availabili": null,
        "condition_": null,
        "other_cond": null,
        "reason_not": null,
        "what_damag": null,
        "other_what": null,
        "reason_cit": null,
        "efforts_ma": null,
        "accesibili": "no",
        "adaptated_": null,
        "accesibi_1": "yes",
        "adapted_to": "dont know",
        "water_avai": "yes",
        "days_water": "Daily",
        "cause_of_l": null,
        "other_caus": null,
        "adaptation": null,
        "other_adap": null,
        "storage_fa": "no",
        "total_capa": null,
        "num_litres": null,
        "school_pur": "no",
        "treatment_": null,
        "other_trea": null,
        "waterborne": "no",
        "waterbor_1": null,
        "availabi_1": "water sources decreased",
        "other_avai": null,
        "challenges": "disabled unable accesswaterpoints waterpoints too far",
        "other_chal": null,
        "main_sourc": "water pan",
        "satisfied_": "yes",
        "methods_wa": null,
        "other_meth": null,
        "challenge_": "limited access water",
        "main_type_": "pit latrine without slab",
        "other_main": null,
        "studentsta": "no",
        "type_stude": null,
        "other_type": null,
        "pupils_sep": null,
        "total_at_s": null,
        "girls_toil": null,
        "boys_toile": null,
        "Total_pupi": null,
        "ratio_pupi": null,
        "pupils_sha": null,
        "pupils_toi": null,
        "student_cl": null,
        "reason_toi": null,
        "pupils_san": null,
        "items_pupi": null,
        "type_staff": null,
        "other_ty_1": null,
        "teachers_s": null,
        "total_toil": null,
        "female_onl": null,
        "male_only_": null,
        "Total_st_1": "0",
        "ratio_staf": null,
        "shared_toi": null,
        "staff_toil": null,
        "staff_clea": null,
        "reason_sta": null,
        "staff_sani": null,
        "items_staf": null,
        "mixed_fema": "1.0",
        "mixed_male": "1.0",
        "Toilets_mi": null,
        "Total_pu_1": null,
        "ratio_mixe": null,
        "mixed_hcle": "Daily",
        "reason_hmi": null,
        "school_san": null,
        "items_mixe": null,
        "usable_toi": null,
        "modificati": null,
        "accessible": "no",
        "modication": null,
        "septic_tan": "no",
        "sludge_was": "dig another latrine",
        "classrooms": "Daily",
        "compound_c": "Daily",
        "reason_com": null,
        "waste_gene": "Paper",
        "collection": "burned on premises",
        "waste_disp": "composit pit",
        "challeng_1": "lack bins",
        "challeng_2": "0",
        "traces_dea": "less 10days",
        "challeng_3": "lack sanitation facilities damages sanitation facilities",
        "other_ch_1": null,
        "adaptati_1": "less preferred sanitation",
        "adaptati_2": null,
        "num_handwa": "1",
        "show_pupil": "allow",
        "water_av_1": "water not available",
        "soap_avail": "soap not available",
        "water_av_2": null,
        "soap_ava_1": null,
        "reason_no_": "lack financial resources",
        "other_reas": null,
        "handwashin": "five metres toilet",
        "clear_sign": "yes",
        "accesible_": "no",
        "handwash_1": null,
        "handwash_a": "yes",
        "handwash_2": "dont know",
        "items_avai": "water",
        "waste_segr": "toilets more5metres",
        "solidwaste": "burned on premises",
        "times_scho": "weekly",
        "hygiene_pr": "yes",
        "when_promo": "last 30days",
        "kind_hygie": null,
        "changes_du": "yes",
        "notable_be": "improved hand techniques proper use toilets reduced open defaction maintenance facilities consumption safe water",
        "dryspell_e": "disrupted water practices",
        "march_may_": "toilets Infrastructure damage",
        "effects_fl": "red enrollment rate children commuting",
        "wash_needs": "handwashing facilities access to clean wataer menstrual management",
        "improve_to": "assist building renovating hygiene materials schools community mobilization",
        "type_dispo": "compost pits",
        "adequate_m": "No",
        "when_waste": "monthly",
        "water_soap": "no",
        "challeng_4": "inadequate bins",
        "provisions": "none above",
        "menstrual_": "no",
        "challeng_5": "lack menstrual supplies lack menstruation hygiene",
        "adapt_mens": "less preferred product",
        "improve_me": "safe sanitation facilities provision sanitary pads quality comp teaching",
        "teacher_in": "yes",
        "enumerator": null,
        "uuid": "6edc5afb-9e7f-4e79-928d-4a2a888ff4a3",
        "longitude": "40.3364967",
        "latitude": "-0.4348891",
        "sub_county": "Fafi Sub County",
        "wash_nee_1": "1",
        "wash_nee_2": "0",
        "wash_nee_3": "0",
        "wash_nee_4": "0",
        "wash_nee_5": "1",
        "wash_nee_6": "1",
        "wash_nee_7": "0",
        "wash_nee_8": "0",
        "Population": "203",
        "female_toi": "64",
        "male_toile": "140",
        "Total_male": "1.0",
        "Total_fema": "1.0",
        "host_or_re": "host",
        "ward": "fafi fafi",
        "Total_pu_2": "202.0",
        "Total_st_2": "204.0",
        "other_wate": null,
        "adapted__1": "0.0",
        "other_ad_1": null,
        "Total_stud": "0.0",
        "ratio_stud": null,
        "items_pu_1": null,
        "items_pu_2": null,
        "items_pu_3": null,
        "items_pu_4": null,
        "items_pu_5": null,
        "items_pu_6": null,
        "other_item": null,
        "Total_mixe": "2.0",
        "ratio_mi_1": "102.0",
        "other_modi": null,
        "other_slud": null,
        "reason_cla": null,
        "other_wast": null,
        "other_coll": null,
        "other_wa_1": null,
        "challeng_6": null,
        "other_ch_2": null,
        "challeng_7": null,
        "challeng_8": null,
        "other_ad_2": null,
        "type_of_so": null,
        "other_ty_2": null,
        "source_of_": null,
        "other_so_2": null,
        "other_hand": null,
        "other_ha_1": null,
        "other_ha_2": null,
        "other_wa_2": null,
        "other_soli": null,
        "other_drys": null,
        "other_marc": null,
        "other_wash": null,
        "other_impr": null,
        "type_dis_1": "0.0",
        "other_ty_3": null,
        "other_ch_3": null,
        "other_prov": null,
        "other_ch_4": null,
        "other_ad_3": null,
        "other_im_1": null,
        "kind_insti": null,
        "layer": "Garissa Schools",
        "path": "C:/Users/USER/OneDrive - ACTED/Desktop/Garissa County Capacity Building - REACH/Training Materials/Modules/Training Data/Garissa HF and Schools/Garissa HF and Schools/Garissa Schools.geojson",
        "Risk_Level": "High Risk",
        "Distance_to_Flood_km": "0.0",
        "Poverty_Rate": "0.77",
        "Food_Poverty_Rate": "0.57",
        "Avg_HH_Income": "5169",
        "Avg_HH_Expenditure": "6177",
        "HH_Cash_Gap": "-1008",
        "Post_Assistance_Income": "13927",
        "Post_Assistance_Expenditure": "11092",
        "Post_Assistance_Surplus": "2835",
        "Vulnerability_Index": "0.785",
        "Wasting_Rate": "0.14",
        "marker_emoji": "🏫",
        "Author": "Garissa GIS Directorate — James M. Mburu",
        "NN_Vulnerability_Score": "0.551",
        "NN_Risk_Class": "High",
        "tana_buffer_zone": false
      },
      "geometry": {
        "type": "Point",
        "coordinates": [
          40.336496700000055,
          -0.434889099999964
        ]
      }
    },
    {
      "type": "Feature",
      "properties": {
        "OBJECTID": "605",
        "county": "garissa",
        "camp": null,
        "camp_locat": null,
        "school_nam": "Dadbilal Primary School",
        "school_typ": "day school",
        "school_lev": "pre primary lower primary",
        "role_respo": null,
        "other_role": null,
        "resp_gende": null,
        "other_gend": null,
        "allow_obse": null,
        "duration_w": null,
        "num_malest": null,
        "num_female": null,
        "Total_staf": "0",
        "gender_pup": "boys girls",
        "num_childb": "97.0",
        "num_chilgi": "63.0",
        "Total_chil": null,
        "drinking_w": "no water source",
        "other_sour": null,
        "main_water": null,
        "hygiene_wa": "no water source",
        "other_so_1": null,
        "main_wat_1": null,
        "num_water_": null,
        "availabili": null,
        "condition_": null,
        "other_cond": null,
        "reason_not": null,
        "what_damag": null,
        "other_what": null,
        "reason_cit": null,
        "efforts_ma": null,
        "accesibili": "no",
        "adaptated_": null,
        "accesibi_1": "no",
        "adapted_to": null,
        "water_avai": "no",
        "days_water": null,
        "cause_of_l": null,
        "other_caus": null,
        "adaptation": "fetch outside school",
        "other_adap": null,
        "storage_fa": "no",
        "total_capa": null,
        "num_litres": null,
        "school_pur": "no",
        "treatment_": null,
        "other_trea": null,
        "waterborne": "no",
        "waterbor_1": null,
        "availabi_1": "no water school",
        "other_avai": null,
        "challenges": "waterpoints too far",
        "other_chal": null,
        "main_sourc": "water pan",
        "satisfied_": "no",
        "methods_wa": "no method",
        "other_meth": null,
        "challenge_": "lack storage facility",
        "main_type_": null,
        "other_main": null,
        "studentsta": null,
        "type_stude": null,
        "other_type": null,
        "pupils_sep": null,
        "total_at_s": null,
        "girls_toil": null,
        "boys_toile": null,
        "Total_pupi": null,
        "ratio_pupi": null,
        "pupils_sha": null,
        "pupils_toi": null,
        "student_cl": null,
        "reason_toi": null,
        "pupils_san": null,
        "items_pupi": null,
        "type_staff": null,
        "other_ty_1": null,
        "teachers_s": null,
        "total_toil": null,
        "female_onl": null,
        "male_only_": null,
        "Total_st_1": "0",
        "ratio_staf": null,
        "shared_toi": null,
        "staff_toil": null,
        "staff_clea": null,
        "reason_sta": null,
        "staff_sani": null,
        "items_staf": null,
        "mixed_fema": null,
        "mixed_male": null,
        "Toilets_mi": null,
        "Total_pu_1": null,
        "ratio_mixe": null,
        "mixed_hcle": null,
        "reason_hmi": null,
        "school_san": null,
        "items_mixe": null,
        "usable_toi": null,
        "modificati": null,
        "accessible": null,
        "modication": null,
        "septic_tan": null,
        "sludge_was": "openly dumped away",
        "classrooms": "Daily",
        "compound_c": "Daily",
        "reason_com": null,
        "waste_gene": "Paper",
        "collection": "burned on premises",
        "waste_disp": "composit pit",
        "challeng_1": "lack bins",
        "challeng_2": "0",
        "traces_dea": "never visible",
        "challeng_3": "dont know",
        "other_ch_1": null,
        "adaptati_1": "defecate in open",
        "adaptati_2": null,
        "num_handwa": null,
        "show_pupil": null,
        "water_av_1": null,
        "soap_avail": null,
        "water_av_2": null,
        "soap_ava_1": null,
        "reason_no_": null,
        "other_reas": null,
        "handwashin": null,
        "clear_sign": null,
        "accesible_": null,
        "handwash_1": null,
        "handwash_a": "no",
        "handwash_2": null,
        "items_avai": "none",
        "waste_segr": "none",
        "solidwaste": "openly dumped away premises",
        "times_scho": "weekly",
        "hygiene_pr": "no",
        "when_promo": null,
        "kind_hygie": null,
        "changes_du": null,
        "notable_be": null,
        "dryspell_e": "disrupted water practices",
        "march_may_": "disrupted hygiene practices",
        "effects_fl": "children commuting",
        "wash_needs": "menstrual management access to clean wataer infrastructure",
        "improve_to": "assist building renovating training teachers hygiene materials schools",
        "type_dispo": "compost pits",
        "adequate_m": "No",
        "when_waste": "monthly",
        "water_soap": "no",
        "challeng_4": "inadequate bins",
        "provisions": "none above",
        "menstrual_": "no",
        "challeng_5": "inadequately safe",
        "adapt_mens": "girls to sort issue",
        "improve_me": "quality comp teaching",
        "teacher_in": "yes",
        "enumerator": null,
        "uuid": "9d717575-a3b5-47e7-8649-8152c67c4ca1",
        "longitude": "40.3270347",
        "latitude": "-0.3941255",
        "sub_county": "Fafi Sub County",
        "wash_nee_1": "1",
        "wash_nee_2": "0",
        "wash_nee_3": "0",
        "wash_nee_4": "0",
        "wash_nee_5": "0",
        "wash_nee_6": "1",
        "wash_nee_7": "0",
        "wash_nee_8": "1",
        "Population": "0",
        "female_toi": "0",
        "male_toile": "0",
        "Total_male": "0.0",
        "Total_fema": "0.0",
        "host_or_re": "host",
        "ward": "fafi fafi",
        "Total_pu_2": "160.0",
        "Total_st_2": "160.0",
        "other_wate": null,
        "adapted__1": null,
        "other_ad_1": null,
        "Total_stud": "0.0",
        "ratio_stud": null,
        "items_pu_1": null,
        "items_pu_2": null,
        "items_pu_3": null,
        "items_pu_4": null,
        "items_pu_5": null,
        "items_pu_6": null,
        "other_item": null,
        "Total_mixe": "0.0",
        "ratio_mi_1": null,
        "other_modi": null,
        "other_slud": null,
        "reason_cla": null,
        "other_wast": null,
        "other_coll": null,
        "other_wa_1": null,
        "challeng_6": null,
        "other_ch_2": null,
        "challeng_7": null,
        "challeng_8": null,
        "other_ad_2": null,
        "type_of_so": null,
        "other_ty_2": null,
        "source_of_": null,
        "other_so_2": null,
        "other_hand": null,
        "other_ha_1": null,
        "other_ha_2": null,
        "other_wa_2": null,
        "other_soli": null,
        "other_drys": null,
        "other_marc": null,
        "other_wash": null,
        "other_impr": null,
        "type_dis_1": "0.0",
        "other_ty_3": null,
        "other_ch_3": null,
        "other_prov": null,
        "other_ch_4": null,
        "other_ad_3": null,
        "other_im_1": null,
        "kind_insti": null,
        "layer": "Garissa Schools",
        "path": "C:/Users/USER/OneDrive - ACTED/Desktop/Garissa County Capacity Building - REACH/Training Materials/Modules/Training Data/Garissa HF and Schools/Garissa HF and Schools/Garissa Schools.geojson",
        "Risk_Level": "High Risk",
        "Distance_to_Flood_km": "0.0",
        "Poverty_Rate": "0.77",
        "Food_Poverty_Rate": "0.57",
        "Avg_HH_Income": "5169",
        "Avg_HH_Expenditure": "6177",
        "HH_Cash_Gap": "-1008",
        "Post_Assistance_Income": "13927",
        "Post_Assistance_Expenditure": "11092",
        "Post_Assistance_Surplus": "2835",
        "Vulnerability_Index": "0.785",
        "Wasting_Rate": "0.14",
        "marker_emoji": "🏫",
        "Author": "Garissa GIS Directorate — James M. Mburu",
        "NN_Vulnerability_Score": "0.551",
        "NN_Risk_Class": "High",
        "tana_buffer_zone": false
      },
      "geometry": {
        "type": "Point",
        "coordinates": [
          40.32703470000007,
          -0.394125499999973
        ]
      }
    },
    {
      "type": "Feature",
      "properties": {
        "OBJECTID": "608",
        "county": "garissa",
        "camp": null,
        "camp_locat": null,
        "school_nam": "Fafi",
        "school_typ": "day and boarding",
        "school_lev": "pre primary lower primary upper primary Junior secondary",
        "role_respo": null,
        "other_role": null,
        "resp_gende": null,
        "other_gend": null,
        "allow_obse": null,
        "duration_w": null,
        "num_malest": "6.0",
        "num_female": null,
        "Total_staf": "6",
        "gender_pup": "boys girls",
        "num_childb": "216.0",
        "num_chilgi": "154.0",
        "Total_chil": null,
        "drinking_w": "tanker trucks",
        "other_sour": null,
        "main_water": "on premises",
        "hygiene_wa": "tanker trucks",
        "other_so_1": null,
        "main_wat_1": null,
        "num_water_": null,
        "availabili": null,
        "condition_": null,
        "other_cond": null,
        "reason_not": null,
        "what_damag": null,
        "other_what": null,
        "reason_cit": null,
        "efforts_ma": null,
        "accesibili": "yes",
        "adaptated_": "tap can be reached",
        "accesibi_1": "yes",
        "adapted_to": "lower taps",
        "water_avai": "yes",
        "days_water": "Daily",
        "cause_of_l": null,
        "other_caus": null,
        "adaptation": null,
        "other_adap": null,
        "storage_fa": "yes",
        "total_capa": "20000.0",
        "num_litres": "120.0",
        "school_pur": "yes",
        "treatment_": "chlorination",
        "other_trea": null,
        "waterborne": "no",
        "waterbor_1": null,
        "availabi_1": "water sources increased",
        "other_avai": null,
        "challenges": "waterpoints too far disabled unable accesswaterpoints waterpoints expensive",
        "other_chal": null,
        "main_sourc": "tanker trucks",
        "satisfied_": "yes",
        "methods_wa": null,
        "other_meth": null,
        "challenge_": "contamination water",
        "main_type_": "pit latrine slab",
        "other_main": null,
        "studentsta": "yes",
        "type_stude": "pit latrine slab",
        "other_type": null,
        "pupils_sep": "yes",
        "total_at_s": null,
        "girls_toil": "8.0",
        "boys_toile": "4.0",
        "Total_pupi": null,
        "ratio_pupi": null,
        "pupils_sha": "0.0",
        "pupils_toi": "Outside building, but on premises",
        "student_cl": "2 4 days",
        "reason_toi": "lack adequate water lack protective clothe",
        "pupils_san": "walls lock",
        "items_pupi": "water",
        "type_staff": "pit latrine slab",
        "other_ty_1": null,
        "teachers_s": "no",
        "total_toil": null,
        "female_onl": null,
        "male_only_": null,
        "Total_st_1": "0",
        "ratio_staf": null,
        "shared_toi": null,
        "staff_toil": "Outside building, but on premises",
        "staff_clea": "2 4 days",
        "reason_sta": "lack adequate water",
        "staff_sani": "door walls lock",
        "items_staf": "water",
        "mixed_fema": null,
        "mixed_male": null,
        "Toilets_mi": null,
        "Total_pu_1": null,
        "ratio_mixe": null,
        "mixed_hcle": null,
        "reason_hmi": null,
        "school_san": null,
        "items_mixe": null,
        "usable_toi": "yes",
        "modificati": "smaller toilet hole",
        "accessible": "no",
        "modication": null,
        "septic_tan": "yes",
        "sludge_was": "openly dumped away",
        "classrooms": "Daily",
        "compound_c": "Daily",
        "reason_com": null,
        "waste_gene": "Paper Plastic Glass Metals",
        "collection": "burned away premises",
        "waste_disp": "general waste bins composit pit",
        "challeng_1": "lack bins",
        "challeng_2": "0",
        "traces_dea": "never visible",
        "challeng_3": "lack sanitation facilities damages sanitation facilities sanitation not functioning",
        "other_ch_1": null,
        "adaptati_1": "communal sanitation facilities",
        "adaptati_2": null,
        "num_handwa": "1",
        "show_pupil": "allow",
        "water_av_1": "water available",
        "soap_avail": "soap available",
        "water_av_2": null,
        "soap_ava_1": null,
        "reason_no_": null,
        "other_reas": null,
        "handwashin": "classrooms",
        "clear_sign": "no",
        "accesible_": "no",
        "handwash_1": null,
        "handwash_a": "yes",
        "handwash_2": "lower taps",
        "items_avai": "water",
        "waste_segr": "playground outdoor",
        "solidwaste": "burned on premises",
        "times_scho": "weekly",
        "hygiene_pr": "yes",
        "when_promo": "over 1 3 months",
        "kind_hygie": null,
        "changes_du": "yes",
        "notable_be": "increased hand practices",
        "dryspell_e": "disrupted water practices",
        "march_may_": "toilets Infrastructure damage",
        "effects_fl": "transfer other school",
        "wash_needs": "menstrual management access to clean wataer infrastructure",
        "improve_to": "hygiene promotion assist building renovating",
        "type_dispo": "compost pits",
        "adequate_m": "No",
        "when_waste": "monthly",
        "water_soap": "no",
        "challeng_4": "inadequate bins",
        "provisions": "none above",
        "menstrual_": "yes free",
        "challeng_5": "lack menstrual supplies",
        "adapt_mens": "dont know",
        "improve_me": "quality comp teaching",
        "teacher_in": "yes",
        "enumerator": null,
        "uuid": "b41eaab4-77f9-45b4-9c34-4c68521c8354",
        "longitude": "40.326047",
        "latitude": "-0.3936328",
        "sub_county": "Fafi Sub County",
        "wash_nee_1": "1",
        "wash_nee_2": "0",
        "wash_nee_3": "0",
        "wash_nee_4": "0",
        "wash_nee_5": "0",
        "wash_nee_6": "1",
        "wash_nee_7": "0",
        "wash_nee_8": "1",
        "Population": "62",
        "female_toi": "19",
        "male_toile": "56",
        "Total_male": "4.0",
        "Total_fema": "8.0",
        "host_or_re": "host",
        "ward": "fafi fafi",
        "Total_pu_2": "370.0",
        "Total_st_2": "376.0",
        "other_wate": null,
        "adapted__1": "0.0",
        "other_ad_1": null,
        "Total_stud": "12.0",
        "ratio_stud": "30.83",
        "items_pu_1": "0",
        "items_pu_2": "0",
        "items_pu_3": "1",
        "items_pu_4": "0",
        "items_pu_5": "0",
        "items_pu_6": "0",
        "other_item": null,
        "Total_mixe": "0.0",
        "ratio_mi_1": null,
        "other_modi": null,
        "other_slud": null,
        "reason_cla": null,
        "other_wast": null,
        "other_coll": null,
        "other_wa_1": null,
        "challeng_6": null,
        "other_ch_2": null,
        "challeng_7": null,
        "challeng_8": null,
        "other_ad_2": null,
        "type_of_so": "bar liquid soap",
        "other_ty_2": null,
        "source_of_": "Retailer",
        "other_so_2": null,
        "other_hand": null,
        "other_ha_1": null,
        "other_ha_2": null,
        "other_wa_2": null,
        "other_soli": null,
        "other_drys": null,
        "other_marc": null,
        "other_wash": null,
        "other_impr": null,
        "type_dis_1": "0.0",
        "other_ty_3": null,
        "other_ch_3": null,
        "other_prov": null,
        "other_ch_4": null,
        "other_ad_3": null,
        "other_im_1": null,
        "kind_insti": null,
        "layer": "Garissa Schools",
        "path": "C:/Users/USER/OneDrive - ACTED/Desktop/Garissa County Capacity Building - REACH/Training Materials/Modules/Training Data/Garissa HF and Schools/Garissa HF and Schools/Garissa Schools.geojson",
        "Risk_Level": "High Risk",
        "Distance_to_Flood_km": "0.0",
        "Poverty_Rate": "0.77",
        "Food_Poverty_Rate": "0.57",
        "Avg_HH_Income": "5169",
        "Avg_HH_Expenditure": "6177",
        "HH_Cash_Gap": "-1008",
        "Post_Assistance_Income": "13927",
        "Post_Assistance_Expenditure": "11092",
        "Post_Assistance_Surplus": "2835",
        "Vulnerability_Index": "0.785",
        "Wasting_Rate": "0.14",
        "marker_emoji": "🏫",
        "Author": "Garissa GIS Directorate — James M. Mburu",
        "NN_Vulnerability_Score": "0.551",
        "NN_Risk_Class": "High",
        "tana_buffer_zone": false
      },
      "geometry": {
        "type": "Point",
        "coordinates": [
          40.326047,
          -0.393632799999978
        ]
      }
    },
    {
      "type": "Feature",
      "properties": {
        "OBJECTID": "576",
        "county": "garissa",
        "camp": null,
        "camp_locat": null,
        "school_nam": "Bulagolol",
        "school_typ": "day school",
        "school_lev": "pre primary lower primary",
        "role_respo": null,
        "other_role": null,
        "resp_gende": null,
        "other_gend": null,
        "allow_obse": null,
        "duration_w": null,
        "num_malest": "2.0",
        "num_female": "0.0",
        "Total_staf": "2",
        "gender_pup": "boys girls",
        "num_childb": "82.0",
        "num_chilgi": "78.0",
        "Total_chil": null,
        "drinking_w": "surface water",
        "other_sour": null,
        "main_water": "approx 500m fromcompound",
        "hygiene_wa": "surface water",
        "other_so_1": null,
        "main_wat_1": null,
        "num_water_": null,
        "availabili": null,
        "condition_": null,
        "other_cond": null,
        "reason_not": null,
        "what_damag": null,
        "other_what": null,
        "reason_cit": null,
        "efforts_ma": null,
        "accesibili": "no",
        "adaptated_": null,
        "accesibi_1": "no",
        "adapted_to": null,
        "water_avai": "yes",
        "days_water": "2 weeks",
        "cause_of_l": "lack adquate storage lack sufficient water",
        "other_caus": null,
        "adaptation": null,
        "other_adap": null,
        "storage_fa": "no",
        "total_capa": null,
        "num_litres": null,
        "school_pur": "yes",
        "treatment_": "boiling",
        "other_trea": null,
        "waterborne": "no",
        "waterbor_1": null,
        "availabi_1": "water sources increased",
        "other_avai": null,
        "challenges": "waterpoints too far disabled unable accesswaterpoints",
        "other_chal": null,
        "main_sourc": "surface water",
        "satisfied_": "no",
        "methods_wa": "boiling",
        "other_meth": null,
        "challenge_": "limited access water",
        "main_type_": "pit latrine slab",
        "other_main": null,
        "studentsta": "yes",
        "type_stude": "pit latrine slab",
        "other_type": null,
        "pupils_sep": "no",
        "total_at_s": null,
        "girls_toil": null,
        "boys_toile": null,
        "Total_pupi": null,
        "ratio_pupi": null,
        "pupils_sha": null,
        "pupils_toi": "Within school building",
        "student_cl": "2 4 days",
        "reason_toi": "lack adequate water lack of detergent lack protective clothe",
        "pupils_san": "door walls lock",
        "items_pupi": "water",
        "type_staff": "pit latrine slab",
        "other_ty_1": null,
        "teachers_s": "yes",
        "total_toil": null,
        "female_onl": "2.0",
        "male_only_": "3.0",
        "Total_st_1": "5",
        "ratio_staf": "0.4",
        "shared_toi": "0.0",
        "staff_toil": "Within school building",
        "staff_clea": "2 4 days",
        "reason_sta": "lack adequate water lack protective clothe lack of detergent",
        "staff_sani": "door lock",
        "items_staf": "water",
        "mixed_fema": null,
        "mixed_male": null,
        "Toilets_mi": null,
        "Total_pu_1": null,
        "ratio_mixe": null,
        "mixed_hcle": null,
        "reason_hmi": null,
        "school_san": null,
        "items_mixe": null,
        "usable_toi": "no",
        "modificati": null,
        "accessible": "no",
        "modication": null,
        "septic_tan": "no",
        "sludge_was": "treated off site",
        "classrooms": "Daily",
        "compound_c": "2 4 days",
        "reason_com": "lack dedicated personnel",
        "waste_gene": "Paper",
        "collection": "burned on premises",
        "waste_disp": "composit pit",
        "challeng_1": "lack awareness",
        "challeng_2": "0",
        "traces_dea": "never visible",
        "challeng_3": "lack sanitation facilities",
        "other_ch_1": null,
        "adaptati_1": "less preferred sanitation",
        "adaptati_2": null,
        "num_handwa": "0",
        "show_pupil": null,
        "water_av_1": null,
        "soap_avail": null,
        "water_av_2": null,
        "soap_ava_1": null,
        "reason_no_": null,
        "other_reas": null,
        "handwashin": null,
        "clear_sign": null,
        "accesible_": null,
        "handwash_1": null,
        "handwash_a": "no",
        "handwash_2": null,
        "items_avai": "water",
        "waste_segr": "toilets more5metres",
        "solidwaste": "burned on premises",
        "times_scho": "everyday",
        "hygiene_pr": "no",
        "when_promo": null,
        "kind_hygie": null,
        "changes_du": null,
        "notable_be": null,
        "dryspell_e": "reduced water supply",
        "march_may_": "increased water supply",
        "effects_fl": "not school regularly children commuting",
        "wash_needs": "access to clean wataer sanitation facilities hygiene promotion",
        "improve_to": "advocacy awareness creation assist building renovating",
        "type_dispo": "compost pits",
        "adequate_m": "No",
        "when_waste": "monthly",
        "water_soap": "no",
        "challeng_4": "inadequate bins",
        "provisions": "none above",
        "menstrual_": "no",
        "challeng_5": "lack menstrual supplies",
        "adapt_mens": "less preferred product",
        "improve_me": "quality comp teaching safe sanitation facilities provision sanitary pads",
        "teacher_in": "no",
        "enumerator": "No",
        "uuid": "3e4b90ed-1fd7-4343-ab79-4829962f1615",
        "longitude": "40.9314554",
        "latitude": "-1.0723754",
        "sub_county": "Fafi Sub County",
        "wash_nee_1": "1",
        "wash_nee_2": "1",
        "wash_nee_3": "1",
        "wash_nee_4": "0",
        "wash_nee_5": "0",
        "wash_nee_6": "0",
        "wash_nee_7": "0",
        "wash_nee_8": "0",
        "Population": "0",
        "female_toi": "39",
        "male_toile": "28",
        "Total_male": "3.0",
        "Total_fema": "2.0",
        "host_or_re": "host",
        "ward": "dekaharia",
        "Total_pu_2": "160.0",
        "Total_st_2": "162.0",
        "other_wate": null,
        "adapted__1": null,
        "other_ad_1": null,
        "Total_stud": "0.0",
        "ratio_stud": null,
        "items_pu_1": "0",
        "items_pu_2": "0",
        "items_pu_3": "1",
        "items_pu_4": "0",
        "items_pu_5": "0",
        "items_pu_6": "0",
        "other_item": null,
        "Total_mixe": "0.0",
        "ratio_mi_1": null,
        "other_modi": null,
        "other_slud": null,
        "reason_cla": null,
        "other_wast": null,
        "other_coll": null,
        "other_wa_1": null,
        "challeng_6": null,
        "other_ch_2": null,
        "challeng_7": null,
        "challeng_8": null,
        "other_ad_2": null,
        "type_of_so": null,
        "other_ty_2": null,
        "source_of_": null,
        "other_so_2": null,
        "other_hand": null,
        "other_ha_1": null,
        "other_ha_2": null,
        "other_wa_2": null,
        "other_soli": null,
        "other_drys": null,
        "other_marc": null,
        "other_wash": null,
        "other_impr": null,
        "type_dis_1": "0.0",
        "other_ty_3": null,
        "other_ch_3": null,
        "other_prov": null,
        "other_ch_4": null,
        "other_ad_3": null,
        "other_im_1": null,
        "kind_insti": null,
        "layer": "Garissa Schools",
        "path": "C:/Users/USER/OneDrive - ACTED/Desktop/Garissa County Capacity Building - REACH/Training Materials/Modules/Training Data/Garissa HF and Schools/Garissa HF and Schools/Garissa Schools.geojson",
        "Risk_Level": "Medium Risk",
        "Distance_to_Flood_km": "1.21",
        "Poverty_Rate": "0.77",
        "Food_Poverty_Rate": "0.57",
        "Avg_HH_Income": "5169",
        "Avg_HH_Expenditure": "6177",
        "HH_Cash_Gap": "-1008",
        "Post_Assistance_Income": "13927",
        "Post_Assistance_Expenditure": "11092",
        "Post_Assistance_Surplus": "2835",
        "Vulnerability_Index": "0.671",
        "Wasting_Rate": "0.14",
        "marker_emoji": "🏫",
        "Author": "Garissa GIS Directorate — James M. Mburu",
        "NN_Vulnerability_Score": "0.551",
        "NN_Risk_Class": "High",
        "tana_buffer_zone": false
      },
      "geometry": {
        "type": "Point",
        "coordinates": [
          40.93145540000006,
          -1.072375399999942
        ]
      }
    },
    {
      "type": "Feature",
      "properties": {
        "OBJECTID": "582",
        "county": "garissa",
        "camp": null,
        "camp_locat": null,
        "school_nam": "Elkabere",
        "school_typ": "day school",
        "school_lev": "pre primary lower primary",
        "role_respo": null,
        "other_role": null,
        "resp_gende": null,
        "other_gend": null,
        "allow_obse": null,
        "duration_w": null,
        "num_malest": "5.0",
        "num_female": "0.0",
        "Total_staf": "5",
        "gender_pup": "boys girls",
        "num_childb": "162.0",
        "num_chilgi": "104.0",
        "Total_chil": null,
        "drinking_w": "water pan",
        "other_sour": null,
        "main_water": "approx 200m fromcompound",
        "hygiene_wa": "water pan",
        "other_so_1": null,
        "main_wat_1": null,
        "num_water_": null,
        "availabili": null,
        "condition_": null,
        "other_cond": null,
        "reason_not": null,
        "what_damag": null,
        "other_what": null,
        "reason_cit": null,
        "efforts_ma": null,
        "accesibili": "no",
        "adaptated_": null,
        "accesibi_1": "no",
        "adapted_to": null,
        "water_avai": "yes",
        "days_water": "Daily",
        "cause_of_l": null,
        "other_caus": null,
        "adaptation": null,
        "other_adap": null,
        "storage_fa": "no",
        "total_capa": null,
        "num_litres": null,
        "school_pur": "no",
        "treatment_": null,
        "other_trea": null,
        "waterborne": "no",
        "waterbor_1": null,
        "availabi_1": "water sources dried up",
        "other_avai": null,
        "challenges": "waterpoints too far",
        "other_chal": null,
        "main_sourc": "water pan",
        "satisfied_": "no",
        "methods_wa": "no method",
        "other_meth": null,
        "challenge_": "lack water treatment lack storage facility",
        "main_type_": "no facility",
        "other_main": null,
        "studentsta": null,
        "type_stude": null,
        "other_type": null,
        "pupils_sep": null,
        "total_at_s": null,
        "girls_toil": null,
        "boys_toile": null,
        "Total_pupi": null,
        "ratio_pupi": null,
        "pupils_sha": null,
        "pupils_toi": null,
        "student_cl": null,
        "reason_toi": null,
        "pupils_san": null,
        "items_pupi": null,
        "type_staff": null,
        "other_ty_1": null,
        "teachers_s": null,
        "total_toil": null,
        "female_onl": null,
        "male_only_": null,
        "Total_st_1": "0",
        "ratio_staf": null,
        "shared_toi": null,
        "staff_toil": null,
        "staff_clea": null,
        "reason_sta": null,
        "staff_sani": null,
        "items_staf": null,
        "mixed_fema": null,
        "mixed_male": null,
        "Toilets_mi": null,
        "Total_pu_1": null,
        "ratio_mixe": null,
        "mixed_hcle": null,
        "reason_hmi": null,
        "school_san": null,
        "items_mixe": null,
        "usable_toi": null,
        "modificati": null,
        "accessible": null,
        "modication": null,
        "septic_tan": null,
        "sludge_was": "openly dumped away",
        "classrooms": "Daily",
        "compound_c": "2 4 days",
        "reason_com": "lack adequate water lack of detergent",
        "waste_gene": "Paper",
        "collection": "burned on premises",
        "waste_disp": "composit pit",
        "challeng_1": "lack bins lack staff",
        "challeng_2": "0",
        "traces_dea": "never visible",
        "challeng_3": "dont know",
        "other_ch_1": null,
        "adaptati_1": "defecate in open",
        "adaptati_2": null,
        "num_handwa": "0",
        "show_pupil": null,
        "water_av_1": null,
        "soap_avail": null,
        "water_av_2": null,
        "soap_ava_1": null,
        "reason_no_": null,
        "other_reas": null,
        "handwashin": null,
        "clear_sign": null,
        "accesible_": null,
        "handwash_1": null,
        "handwash_a": "no",
        "handwash_2": null,
        "items_avai": "none",
        "waste_segr": "within compound premises",
        "solidwaste": "openly dumped premises",
        "times_scho": "weekly",
        "hygiene_pr": "no",
        "when_promo": null,
        "kind_hygie": null,
        "changes_du": null,
        "notable_be": null,
        "dryspell_e": "disrupted water practices",
        "march_may_": "disrupted hygiene practices",
        "effects_fl": "children commuting",
        "wash_needs": "infrastructure access to clean wataer handwashing facilities",
        "improve_to": "hygiene materials schools hygiene promotion WASH communities training teachers assist building renovating",
        "type_dispo": "compost pits",
        "adequate_m": "No",
        "when_waste": "monthly",
        "water_soap": "no",
        "challeng_4": "inadequate bins",
        "provisions": "none above",
        "menstrual_": "no",
        "challeng_5": "lack menstruation hygiene inadequately safe lack menstrual supplies",
        "adapt_mens": "girls to sort issue",
        "improve_me": "quality comp teaching safe sanitation facilities",
        "teacher_in": "no",
        "enumerator": null,
        "uuid": "2a0b8299-f045-4a6c-bc18-8d46cc9870ff",
        "longitude": "41.0147355",
        "latitude": "-0.9650983",
        "sub_county": "Hulugho Sub County",
        "wash_nee_1": "1",
        "wash_nee_2": "0",
        "wash_nee_3": "0",
        "wash_nee_4": "0",
        "wash_nee_5": "1",
        "wash_nee_6": "0",
        "wash_nee_7": "0",
        "wash_nee_8": "1",
        "Population": "0",
        "female_toi": "0",
        "male_toile": "0",
        "Total_male": "0.0",
        "Total_fema": "0.0",
        "host_or_re": "host",
        "ward": "hulugho",
        "Total_pu_2": "266.0",
        "Total_st_2": "271.0",
        "other_wate": null,
        "adapted__1": null,
        "other_ad_1": null,
        "Total_stud": "0.0",
        "ratio_stud": null,
        "items_pu_1": null,
        "items_pu_2": null,
        "items_pu_3": null,
        "items_pu_4": null,
        "items_pu_5": null,
        "items_pu_6": null,
        "other_item": null,
        "Total_mixe": "0.0",
        "ratio_mi_1": null,
        "other_modi": null,
        "other_slud": null,
        "reason_cla": null,
        "other_wast": null,
        "other_coll": null,
        "other_wa_1": null,
        "challeng_6": null,
        "other_ch_2": null,
        "challeng_7": null,
        "challeng_8": null,
        "other_ad_2": null,
        "type_of_so": null,
        "other_ty_2": null,
        "source_of_": null,
        "other_so_2": null,
        "other_hand": null,
        "other_ha_1": null,
        "other_ha_2": null,
        "other_wa_2": null,
        "other_soli": null,
        "other_drys": null,
        "other_marc": null,
        "other_wash": null,
        "other_impr": null,
        "type_dis_1": "0.0",
        "other_ty_3": null,
        "other_ch_3": null,
        "other_prov": null,
        "other_ch_4": null,
        "other_ad_3": null,
        "other_im_1": null,
        "kind_insti": null,
        "layer": "Garissa Schools",
        "path": "C:/Users/USER/OneDrive - ACTED/Desktop/Garissa County Capacity Building - REACH/Training Materials/Modules/Training Data/Garissa HF and Schools/Garissa HF and Schools/Garissa Schools.geojson",
        "Risk_Level": "Extreme Risk (Super El Niño)",
        "Distance_to_Flood_km": "5.0",
        "Poverty_Rate": "0.65",
        "Food_Poverty_Rate": "0.48",
        "Avg_HH_Income": "5169",
        "Avg_HH_Expenditure": "6177",
        "HH_Cash_Gap": "-1008",
        "Post_Assistance_Income": "13927",
        "Post_Assistance_Expenditure": "11092",
        "Post_Assistance_Surplus": "2835",
        "Vulnerability_Index": "0.691",
        "Wasting_Rate": "0.11",
        "marker_emoji": "🏫",
        "Author": "Garissa GIS Directorate — James M. Mburu",
        "NN_Vulnerability_Score": "0.409",
        "NN_Risk_Class": "Medium",
        "tana_buffer_zone": false
      },
      "geometry": {
        "type": "Point",
        "coordinates": [
          41.01473550000003,
          -0.965098299999966
        ]
      }
    },
    {
      "type": "Feature",
      "properties": {
        "OBJECTID": "70",
        "county": "garissa",
        "camp": "Dadaab",
        "camp_locat": "Hagadera",
        "school_nam": "Hagadera Secondary",
        "school_typ": "day school",
        "school_lev": "secondary school",
        "role_respo": "Principal",
        "other_role": null,
        "resp_gende": "male",
        "other_gend": null,
        "allow_obse": "yes",
        "duration_w": "above 5 years",
        "num_malest": "19.0",
        "num_female": "8.0",
        "Total_staf": "27",
        "gender_pup": "boys girls",
        "num_childb": "777.0",
        "num_chilgi": "474.0",
        "Total_chil": "1251.0",
        "drinking_w": "tap stand",
        "other_sour": null,
        "main_water": "on premises",
        "hygiene_wa": "tap stand",
        "other_so_1": null,
        "main_wat_1": "on premises",
        "num_water_": "6.0",
        "availabili": "4 7 days",
        "condition_": "functional with minor damage",
        "other_cond": null,
        "reason_not": null,
        "what_damag": "taps leaking tanks leaking",
        "other_what": null,
        "reason_cit": "normal wear tear equipment failure",
        "efforts_ma": "engaged stakeholder",
        "accesibili": "yes",
        "adaptated_": "taps can be opened tap can be reached",
        "accesibi_1": null,
        "adapted_to": null,
        "water_avai": "yes",
        "days_water": "2 weeks",
        "cause_of_l": "lack adquate storage water infrastructure damaged lack sufficient water",
        "other_caus": null,
        "adaptation": null,
        "other_adap": null,
        "storage_fa": "yes",
        "total_capa": "10000.0",
        "num_litres": "5000.0",
        "school_pur": "no",
        "treatment_": null,
        "other_trea": null,
        "waterborne": "yes",
        "waterbor_1": "110",
        "availabi_1": "water sources decreased",
        "other_avai": null,
        "challenges": "insufficient waterpoints irregular water supply lack proper storage",
        "other_chal": null,
        "main_sourc": "tap stand",
        "satisfied_": "yes",
        "methods_wa": null,
        "other_meth": null,
        "challenge_": "we dont cook",
        "main_type_": "pit latrine slab",
        "other_main": null,
        "studentsta": "yes",
        "type_stude": "pit latrine slab",
        "other_type": null,
        "pupils_sep": "yes",
        "total_at_s": null,
        "girls_toil": "15.0",
        "boys_toile": "28.0",
        "Total_pupi": "43.0",
        "ratio_pupi": "29.1",
        "pupils_sha": "0.0",
        "pupils_toi": "Outside building, but on premises",
        "student_cl": "2 4 days",
        "reason_toi": "lack dedicated personnel lack protective clothe lack adequate water",
        "pupils_san": "door walls lock",
        "items_pupi": "none",
        "type_staff": "pit latrine slab",
        "other_ty_1": null,
        "teachers_s": "yes",
        "total_toil": null,
        "female_onl": "1.0",
        "male_only_": "3.0",
        "Total_st_1": "4",
        "ratio_staf": "6.8",
        "shared_toi": "0.0",
        "staff_toil": "Within school building",
        "staff_clea": "2 4 days",
        "reason_sta": "lack dedicated personnel lack adequate water lack protective clothe lack of detergent",
        "staff_sani": "door walls solid structure segregated toilets",
        "items_staf": "toilet paper",
        "mixed_fema": null,
        "mixed_male": null,
        "Toilets_mi": "0.0",
        "Total_pu_1": "1278.0",
        "ratio_mixe": null,
        "mixed_hcle": null,
        "reason_hmi": null,
        "school_san": null,
        "items_mixe": null,
        "usable_toi": null,
        "modificati": null,
        "accessible": "no",
        "modication": null,
        "septic_tan": "no",
        "sludge_was": "dig another latrine",
        "classrooms": "Daily",
        "compound_c": "Daily",
        "reason_com": null,
        "waste_gene": "Paper Plastic",
        "collection": "burned on premises",
        "waste_disp": "general waste bins composit pit",
        "challeng_1": "lack bins lack awareness",
        "challeng_2": "0",
        "traces_dea": "never visible",
        "challeng_3": "lack sanitation facilities damages sanitation facilities",
        "other_ch_1": null,
        "adaptati_1": "less preferred sanitation",
        "adaptati_2": null,
        "num_handwa": "2 5",
        "show_pupil": "allow",
        "water_av_1": "water not available",
        "soap_avail": "soap not available",
        "water_av_2": null,
        "soap_ava_1": null,
        "reason_no_": "run out soap",
        "other_reas": null,
        "handwashin": "school yard",
        "clear_sign": "no",
        "accesible_": "no",
        "handwash_1": null,
        "handwash_a": "no",
        "handwash_2": null,
        "items_avai": "water",
        "waste_segr": "classrooms",
        "solidwaste": "burned on premises",
        "times_scho": "every two three",
        "hygiene_pr": "yes",
        "when_promo": "last 30days",
        "kind_hygie": null,
        "changes_du": "yes",
        "notable_be": "increased hand practices improved hand techniques proper use toilets reduced open defaction maintenance facilities",
        "dryspell_e": "disrupted water practices",
        "march_may_": "flooding stagnant water waterborn vector diseases toilets Infrastructure damage",
        "effects_fl": "waterborne cases increased reduced extracurricula children commuting",
        "wash_needs": "sanitation facilities access to clean wataer handwashing facilities",
        "improve_to": "assist building renovating advocacy awareness creation hygiene materials schools continous inspection",
        "type_dispo": "pit latrines",
        "adequate_m": "No",
        "when_waste": "dont know",
        "water_soap": "no",
        "challeng_4": "lack awareness inadequate bins",
        "provisions": "MHM education girls",
        "menstrual_": "yes free",
        "challeng_5": "lack menstrual supplies lack menstruation hygiene",
        "adapt_mens": "girls to sort issue",
        "improve_me": "provision sanitary pads safe sanitation facilities",
        "teacher_in": "yes",
        "enumerator": null,
        "uuid": "f15a10f8-d395-4779-809c-93ba0cd7699e",
        "longitude": "40.369803",
        "latitude": "0.0085166",
        "sub_county": "Fafi Sub County",
        "wash_nee_1": "1",
        "wash_nee_2": "1",
        "wash_nee_3": "0",
        "wash_nee_4": "0",
        "wash_nee_5": "1",
        "wash_nee_6": "0",
        "wash_nee_7": "0",
        "wash_nee_8": "0",
        "Population": "27",
        "female_toi": "30",
        "male_toile": "26",
        "Total_male": "31.0",
        "Total_fema": "16.0",
        "host_or_re": null,
        "ward": null,
        "Total_pu_2": null,
        "Total_st_2": null,
        "other_wate": null,
        "adapted__1": null,
        "other_ad_1": null,
        "Total_stud": null,
        "ratio_stud": null,
        "items_pu_1": null,
        "items_pu_2": null,
        "items_pu_3": null,
        "items_pu_4": null,
        "items_pu_5": null,
        "items_pu_6": null,
        "other_item": null,
        "Total_mixe": null,
        "ratio_mi_1": null,
        "other_modi": null,
        "other_slud": null,
        "reason_cla": null,
        "other_wast": null,
        "other_coll": null,
        "other_wa_1": null,
        "challeng_6": null,
        "other_ch_2": null,
        "challeng_7": null,
        "challeng_8": null,
        "other_ad_2": null,
        "type_of_so": null,
        "other_ty_2": null,
        "source_of_": null,
        "other_so_2": null,
        "other_hand": null,
        "other_ha_1": null,
        "other_ha_2": null,
        "other_wa_2": null,
        "other_soli": null,
        "other_drys": null,
        "other_marc": null,
        "other_wash": null,
        "other_impr": null,
        "type_dis_1": null,
        "other_ty_3": null,
        "other_ch_3": null,
        "other_prov": null,
        "other_ch_4": null,
        "other_ad_3": null,
        "other_im_1": null,
        "kind_insti": null,
        "layer": "Camp Schools",
        "path": "C:/Users/USER/OneDrive - ACTED/Desktop/Garissa County Capacity Building - REACH/Training Materials/Modules/Training Data/Garissa HF and Schools/Garissa HF and Schools/Camp Schools.geojson",
        "Risk_Level": "Medium Risk",
        "Distance_to_Flood_km": "1.02",
        "Poverty_Rate": "0.77",
        "Food_Poverty_Rate": "0.57",
        "Avg_HH_Income": "5169",
        "Avg_HH_Expenditure": "6177",
        "HH_Cash_Gap": "-1008",
        "Post_Assistance_Income": "13927",
        "Post_Assistance_Expenditure": "11092",
        "Post_Assistance_Surplus": "2835",
        "Vulnerability_Index": "0.675",
        "Wasting_Rate": "0.14",
        "marker_emoji": "🏫",
        "Author": "Garissa GIS Directorate — James M. Mburu",
        "NN_Vulnerability_Score": "0.551",
        "NN_Risk_Class": "High",
        "tana_buffer_zone": false
      },
      "geometry": {
        "type": "Point",
        "coordinates": [
          40.369803,
          0.008516600000064
        ]
      }
    },
    {
      "type": "Feature",
      "properties": {
        "OBJECTID": "494",
        "county": "garissa",
        "camp": null,
        "camp_locat": null,
        "school_nam": "Kiwanja Ndege Primary",
        "school_typ": "day school",
        "school_lev": "pre primary lower primary upper primary Junior secondary",
        "role_respo": null,
        "other_role": null,
        "resp_gende": null,
        "other_gend": null,
        "allow_obse": null,
        "duration_w": null,
        "num_malest": "3.0",
        "num_female": "3.0",
        "Total_staf": "6",
        "gender_pup": "boys girls",
        "num_childb": "100.0",
        "num_chilgi": "54.0",
        "Total_chil": null,
        "drinking_w": "handpumps",
        "other_sour": null,
        "main_water": "approx 500m fromcompound",
        "hygiene_wa": "tap stand",
        "other_so_1": null,
        "main_wat_1": null,
        "num_water_": "1.0",
        "availabili": "2 3 days",
        "condition_": null,
        "other_cond": null,
        "reason_not": null,
        "what_damag": null,
        "other_what": null,
        "reason_cit": null,
        "efforts_ma": null,
        "accesibili": "no",
        "adaptated_": null,
        "accesibi_1": "yes",
        "adapted_to": "children friendly handles accessible water containers",
        "water_avai": "no",
        "days_water": null,
        "cause_of_l": null,
        "other_caus": null,
        "adaptation": "less preferred otherpurposes",
        "other_adap": null,
        "storage_fa": "yes",
        "total_capa": "5000.0",
        "num_litres": "100.0",
        "school_pur": "no",
        "treatment_": null,
        "other_trea": null,
        "waterborne": "no",
        "waterbor_1": null,
        "availabi_1": "water sources decreased",
        "other_avai": null,
        "challenges": "irregular water supply lack proper storage",
        "other_chal": null,
        "main_sourc": "tap stand",
        "satisfied_": "yes",
        "methods_wa": null,
        "other_meth": null,
        "challenge_": "irregular water supply lack water treatment lack storage facility",
        "main_type_": "pit latrine slab",
        "other_main": null,
        "studentsta": "yes",
        "type_stude": "pit latrine slab",
        "other_type": null,
        "pupils_sep": "yes",
        "total_at_s": null,
        "girls_toil": "4.0",
        "boys_toile": "4.0",
        "Total_pupi": null,
        "ratio_pupi": null,
        "pupils_sha": "0.0",
        "pupils_toi": "Within school building",
        "student_cl": "2 4 days",
        "reason_toi": "lack adequate water lack of detergent",
        "pupils_san": "door walls lock",
        "items_pupi": "water",
        "type_staff": "pit latrine slab",
        "other_ty_1": null,
        "teachers_s": "no",
        "total_toil": null,
        "female_onl": null,
        "male_only_": null,
        "Total_st_1": "0",
        "ratio_staf": null,
        "shared_toi": null,
        "staff_toil": "Within school building",
        "staff_clea": "2 4 days",
        "reason_sta": "lack adequate water",
        "staff_sani": "door walls lock",
        "items_staf": "water",
        "mixed_fema": null,
        "mixed_male": null,
        "Toilets_mi": null,
        "Total_pu_1": null,
        "ratio_mixe": null,
        "mixed_hcle": null,
        "reason_hmi": null,
        "school_san": null,
        "items_mixe": null,
        "usable_toi": "no",
        "modificati": null,
        "accessible": "no",
        "modication": null,
        "septic_tan": "no",
        "sludge_was": "dig another latrine",
        "classrooms": "Daily",
        "compound_c": "Daily",
        "reason_com": null,
        "waste_gene": "Paper",
        "collection": "burned on premises",
        "waste_disp": "general waste bins",
        "challeng_1": "lack bins",
        "challeng_2": null,
        "traces_dea": "never visible",
        "challeng_3": "lack sanitation facilities damages sanitation facilities sanitation not segrgated",
        "other_ch_1": null,
        "adaptati_1": "communal sanitation facilities",
        "adaptati_2": null,
        "num_handwa": "1",
        "show_pupil": "allow",
        "water_av_1": "water available",
        "soap_avail": "soap available",
        "water_av_2": null,
        "soap_ava_1": null,
        "reason_no_": null,
        "other_reas": null,
        "handwashin": "more than 5metres",
        "clear_sign": "yes",
        "accesible_": "no",
        "handwash_1": null,
        "handwash_a": "yes",
        "handwash_2": "lower taps children friendly handles",
        "items_avai": "water",
        "waste_segr": "toilets more5metres",
        "solidwaste": "burned on premises burned away premises burned covered premises openly dumped premises openly dumped away premises",
        "times_scho": "everyday",
        "hygiene_pr": "yes",
        "when_promo": "over 1 3 months",
        "kind_hygie": null,
        "changes_du": "yes",
        "notable_be": "proper use toilets reduced open defaction",
        "dryspell_e": "increased water cost reduced water supply",
        "march_may_": "water Infrastructure damage toilets Infrastructure damage",
        "effects_fl": "waterborne cases increased children commuting",
        "wash_needs": "handwashing facilities infrastructure waste management",
        "improve_to": "hygiene materials schools hygiene promotion community mobilization WASH communities part of wash projects",
        "type_dispo": "compost pits",
        "adequate_m": "No",
        "when_waste": "Daily",
        "water_soap": "no",
        "challeng_4": "inadequate bins",
        "provisions": "bathing areas",
        "menstrual_": "no",
        "challeng_5": "inadequately safe lack menstrual supplies people disabilities insufficient water sources",
        "adapt_mens": "less preferred product",
        "improve_me": "provision sanitary pads safe sanitation facilities",
        "teacher_in": "no",
        "enumerator": "They don't have water ,adequate toilets",
        "uuid": "959dc053-2d1c-45d9-9b23-ca5ec3f04148",
        "longitude": "40.3185478",
        "latitude": "0.0626611",
        "sub_county": "Dadaab Sub County",
        "wash_nee_1": "0",
        "wash_nee_2": "0",
        "wash_nee_3": "0",
        "wash_nee_4": "1",
        "wash_nee_5": "1",
        "wash_nee_6": "0",
        "wash_nee_7": "0",
        "wash_nee_8": "1",
        "Population": "39",
        "female_toi": "14",
        "male_toile": "26",
        "Total_male": "4.0",
        "Total_fema": "4.0",
        "host_or_re": "host",
        "ward": "dadaab dadaab",
        "Total_pu_2": "154.0",
        "Total_st_2": "160.0",
        "other_wate": null,
        "adapted__1": null,
        "other_ad_1": null,
        "Total_stud": "8.0",
        "ratio_stud": "19.25",
        "items_pu_1": null,
        "items_pu_2": null,
        "items_pu_3": null,
        "items_pu_4": null,
        "items_pu_5": null,
        "items_pu_6": null,
        "other_item": null,
        "Total_mixe": "0.0",
        "ratio_mi_1": null,
        "other_modi": null,
        "other_slud": null,
        "reason_cla": null,
        "other_wast": null,
        "other_coll": null,
        "other_wa_1": null,
        "challeng_6": null,
        "other_ch_2": null,
        "challeng_7": null,
        "challeng_8": null,
        "other_ad_2": null,
        "type_of_so": "bar liquid soap",
        "other_ty_2": null,
        "source_of_": "local soap maker",
        "other_so_2": null,
        "other_hand": null,
        "other_ha_1": null,
        "other_ha_2": null,
        "other_wa_2": null,
        "other_soli": null,
        "other_drys": null,
        "other_marc": null,
        "other_wash": null,
        "other_impr": null,
        "type_dis_1": null,
        "other_ty_3": null,
        "other_ch_3": null,
        "other_prov": null,
        "other_ch_4": null,
        "other_ad_3": null,
        "other_im_1": null,
        "kind_insti": null,
        "layer": "Garissa Schools",
        "path": "C:/Users/USER/OneDrive - ACTED/Desktop/Garissa County Capacity Building - REACH/Training Materials/Modules/Training Data/Garissa HF and Schools/Garissa HF and Schools/Garissa Schools.geojson",
        "Risk_Level": "Medium Risk",
        "Distance_to_Flood_km": "1.12",
        "Poverty_Rate": "0.78",
        "Food_Poverty_Rate": "0.58",
        "Avg_HH_Income": "5169",
        "Avg_HH_Expenditure": "6177",
        "HH_Cash_Gap": "-1008",
        "Post_Assistance_Income": "13927",
        "Post_Assistance_Expenditure": "11092",
        "Post_Assistance_Surplus": "2835",
        "Vulnerability_Index": "0.678",
        "Wasting_Rate": "0.17",
        "marker_emoji": "🏫",
        "Author": "Garissa GIS Directorate — James M. Mburu",
        "NN_Vulnerability_Score": "0.551",
        "NN_Risk_Class": "High",
        "tana_buffer_zone": false
      },
      "geometry": {
        "type": "Point",
        "coordinates": [
          40.31854780000003,
          0.062661100000071
        ]
      }
    },
    {
      "type": "Feature",
      "properties": {
        "OBJECTID": "24",
        "county": "garissa",
        "camp": "Dadaab",
        "camp_locat": "IFO1",
        "school_nam": "Horseed Primary",
        "school_typ": "day school",
        "school_lev": "pre primary lower primary upper primary Junior secondary",
        "role_respo": "head teacher",
        "other_role": null,
        "resp_gende": "male",
        "other_gend": null,
        "allow_obse": "yes",
        "duration_w": "3-5 years",
        "num_malest": "25.0",
        "num_female": "6.0",
        "Total_staf": "31",
        "gender_pup": "boys girls",
        "num_childb": "936.0",
        "num_chilgi": "885.0",
        "Total_chil": "1821.0",
        "drinking_w": "tap stand",
        "other_sour": null,
        "main_water": "on premises",
        "hygiene_wa": "tap stand",
        "other_so_1": null,
        "main_wat_1": "on premises",
        "num_water_": "7.0",
        "availabili": "daily",
        "condition_": "functional with major damage",
        "other_cond": null,
        "reason_not": null,
        "what_damag": "tanks leaking taps leaking pipes leaking",
        "other_what": null,
        "reason_cit": "insufficient maintenance extreme sun normal wear tear",
        "efforts_ma": "did assesment engaged stakeholder",
        "accesibili": "yes",
        "adaptated_": "provision ramps",
        "accesibi_1": "yes",
        "adapted_to": "lower taps children friendly handles supervision",
        "water_avai": "yes",
        "days_water": "Daily",
        "cause_of_l": null,
        "other_caus": null,
        "adaptation": null,
        "other_adap": null,
        "storage_fa": "yes",
        "total_capa": "15000.0",
        "num_litres": "15000.0",
        "school_pur": "no",
        "treatment_": null,
        "other_trea": null,
        "waterborne": "no",
        "waterbor_1": null,
        "availabi_1": "water sources decreased",
        "other_avai": null,
        "challenges": "lack proper storage disabled unable accesswaterpoints insufficient access",
        "other_chal": null,
        "main_sourc": "tap stand",
        "satisfied_": "yes",
        "methods_wa": null,
        "other_meth": null,
        "challenge_": "no challenge",
        "main_type_": "pit latrine slab",
        "other_main": null,
        "studentsta": "yes",
        "type_stude": "pit latrine slab",
        "other_type": null,
        "pupils_sep": "yes",
        "total_at_s": null,
        "girls_toil": "15.0",
        "boys_toile": "32.0",
        "Total_pupi": "47.0",
        "ratio_pupi": "38.7",
        "pupils_sha": "0.0",
        "pupils_toi": "Within school building",
        "student_cl": "2 4 days",
        "reason_toi": "lack adequate water lack protective clothe lack of detergent",
        "pupils_san": "door lock segregated toilets",
        "items_pupi": "water",
        "type_staff": "pit latrine slab",
        "other_ty_1": null,
        "teachers_s": "yes",
        "total_toil": null,
        "female_onl": "1.0",
        "male_only_": "1.0",
        "Total_st_1": "2",
        "ratio_staf": "15.5",
        "shared_toi": "2.0",
        "staff_toil": "Within school building",
        "staff_clea": "2 4 days",
        "reason_sta": "lack adequate water lack of detergent lack protective clothe",
        "staff_sani": "door lock",
        "items_staf": "water",
        "mixed_fema": null,
        "mixed_male": null,
        "Toilets_mi": "0.0",
        "Total_pu_1": "1852.0",
        "ratio_mixe": null,
        "mixed_hcle": null,
        "reason_hmi": null,
        "school_san": null,
        "items_mixe": null,
        "usable_toi": "no",
        "modificati": null,
        "accessible": "yes",
        "modication": "door wide forwheelchair enough space wheelchair handrails door within reach",
        "septic_tan": "yes",
        "sludge_was": "dig another latrine",
        "classrooms": "Daily",
        "compound_c": "Daily",
        "reason_com": null,
        "waste_gene": "Paper Plastic",
        "collection": "burned on premises burned away premises",
        "waste_disp": "composit pit",
        "challeng_1": "lack bins",
        "challeng_2": null,
        "traces_dea": "never visible",
        "challeng_3": "lack privacy",
        "other_ch_1": null,
        "adaptati_1": "less preferred sanitation",
        "adaptati_2": null,
        "num_handwa": "2 5",
        "show_pupil": "allow",
        "water_av_1": "water available",
        "soap_avail": "soap not available",
        "water_av_2": null,
        "soap_ava_1": null,
        "reason_no_": "run out soap",
        "other_reas": null,
        "handwashin": "food preparation are food consumption area more than 5metres",
        "clear_sign": "yes",
        "accesible_": "no",
        "handwash_1": null,
        "handwash_a": "no",
        "handwash_2": null,
        "items_avai": "water",
        "waste_segr": "food preparation area toilets within5metres",
        "solidwaste": "burned on premises burned away premises",
        "times_scho": "everyday",
        "hygiene_pr": "yes",
        "when_promo": "over 3 6 months",
        "kind_hygie": null,
        "changes_du": "yes",
        "notable_be": "increased hand practices proper use toilets consumption safe water maintenance facilities",
        "dryspell_e": "reduced water supply raised water quality disrupted water practices",
        "march_may_": "increased water supply flooding stagnant water access sanitation affected waste management system",
        "effects_fl": "not school regularly reduced extracurricula inability to learn",
        "wash_needs": "sanitation facilities waste management handwashing facilities",
        "improve_to": "hygiene materials schools continous inspection",
        "type_dispo": "compost pits",
        "adequate_m": "all bathrooms toilets",
        "when_waste": "monthly",
        "water_soap": "water but nosoap",
        "challeng_4": "inadequate bins",
        "provisions": "MHM materials",
        "menstrual_": "yes free",
        "challeng_5": "lack menstrual supplies lack of privacy rely on donations",
        "adapt_mens": "girls to sort issue",
        "improve_me": "safe sanitation facilities",
        "teacher_in": "yes",
        "enumerator": "Congratulations. Well done.",
        "uuid": "6b8fd033-5dd9-4912-8f40-8c652ee49a67",
        "longitude": "40.3215939",
        "latitude": "0.1098999",
        "sub_county": "Dadaab Sub County",
        "wash_nee_1": "0",
        "wash_nee_2": "1",
        "wash_nee_3": "0",
        "wash_nee_4": "1",
        "wash_nee_5": "1",
        "wash_nee_6": "0",
        "wash_nee_7": "0",
        "wash_nee_8": "0",
        "Population": "36",
        "female_toi": "56",
        "male_toile": "29",
        "Total_male": "33.0",
        "Total_fema": "16.0",
        "host_or_re": null,
        "ward": null,
        "Total_pu_2": null,
        "Total_st_2": null,
        "other_wate": null,
        "adapted__1": null,
        "other_ad_1": null,
        "Total_stud": null,
        "ratio_stud": null,
        "items_pu_1": null,
        "items_pu_2": null,
        "items_pu_3": null,
        "items_pu_4": null,
        "items_pu_5": null,
        "items_pu_6": null,
        "other_item": null,
        "Total_mixe": null,
        "ratio_mi_1": null,
        "other_modi": null,
        "other_slud": null,
        "reason_cla": null,
        "other_wast": null,
        "other_coll": null,
        "other_wa_1": null,
        "challeng_6": null,
        "other_ch_2": null,
        "challeng_7": null,
        "challeng_8": null,
        "other_ad_2": null,
        "type_of_so": null,
        "other_ty_2": null,
        "source_of_": null,
        "other_so_2": null,
        "other_hand": null,
        "other_ha_1": null,
        "other_ha_2": null,
        "other_wa_2": null,
        "other_soli": null,
        "other_drys": null,
        "other_marc": null,
        "other_wash": null,
        "other_impr": null,
        "type_dis_1": null,
        "other_ty_3": null,
        "other_ch_3": null,
        "other_prov": null,
        "other_ch_4": null,
        "other_ad_3": null,
        "other_im_1": null,
        "kind_insti": null,
        "layer": "Camp Schools",
        "path": "C:/Users/USER/OneDrive - ACTED/Desktop/Garissa County Capacity Building - REACH/Training Materials/Modules/Training Data/Garissa HF and Schools/Garissa HF and Schools/Camp Schools.geojson",
        "Risk_Level": "High Risk",
        "Distance_to_Flood_km": "0.48",
        "Poverty_Rate": "0.78",
        "Food_Poverty_Rate": "0.58",
        "Avg_HH_Income": "5169",
        "Avg_HH_Expenditure": "6177",
        "HH_Cash_Gap": "-1008",
        "Post_Assistance_Income": "13927",
        "Post_Assistance_Expenditure": "11092",
        "Post_Assistance_Surplus": "2835",
        "Vulnerability_Index": "0.78",
        "Wasting_Rate": "0.17",
        "marker_emoji": "🏫",
        "Author": "Garissa GIS Directorate — James M. Mburu",
        "NN_Vulnerability_Score": "0.551",
        "NN_Risk_Class": "High",
        "tana_buffer_zone": false
      },
      "geometry": {
        "type": "Point",
        "coordinates": [
          40.32159390000004,
          0.109899900000073
        ]
      }
    },
    {
      "type": "Feature",
      "properties": {
        "OBJECTID": "34",
        "county": "garissa",
        "camp": "Dadaab",
        "camp_locat": "IFO1",
        "school_nam": "Abdul-Aziz Primary",
        "school_typ": "day school",
        "school_lev": "pre primary lower primary upper primary Junior secondary",
        "role_respo": "deputy teacher",
        "other_role": null,
        "resp_gende": "male",
        "other_gend": null,
        "allow_obse": "yes",
        "duration_w": "3-5 years",
        "num_malest": "28.0",
        "num_female": "6.0",
        "Total_staf": "34",
        "gender_pup": "boys girls",
        "num_childb": "1004.0",
        "num_chilgi": "854.0",
        "Total_chil": "1858.0",
        "drinking_w": "tap stand",
        "other_sour": null,
        "main_water": "on premises",
        "hygiene_wa": "tap stand",
        "other_so_1": null,
        "main_wat_1": "on premises",
        "num_water_": "8.0",
        "availabili": "daily",
        "condition_": "functional with minor damage",
        "other_cond": null,
        "reason_not": null,
        "what_damag": "taps broken taps leaking",
        "other_what": null,
        "reason_cit": "normal wear tear equipment failure insufficient maintenance",
        "efforts_ma": "did assesment have plans repair",
        "accesibili": "yes",
        "adaptated_": "non slip floor adequate space tap can be reached",
        "accesibi_1": "no",
        "adapted_to": null,
        "water_avai": "yes",
        "days_water": "Daily",
        "cause_of_l": null,
        "other_caus": null,
        "adaptation": null,
        "other_adap": null,
        "storage_fa": "yes",
        "total_capa": "5000.0",
        "num_litres": "3500.0",
        "school_pur": "dont know",
        "treatment_": null,
        "other_trea": null,
        "waterborne": "no",
        "waterbor_1": null,
        "availabi_1": "water sources decreased",
        "other_avai": null,
        "challenges": "no challenge",
        "other_chal": null,
        "main_sourc": "tap stand",
        "satisfied_": "yes",
        "methods_wa": null,
        "other_meth": null,
        "challenge_": "no challenge",
        "main_type_": "pit latrine slab",
        "other_main": null,
        "studentsta": "yes",
        "type_stude": "pit latrine slab",
        "other_type": null,
        "pupils_sep": "yes",
        "total_at_s": null,
        "girls_toil": "16.0",
        "boys_toile": "14.0",
        "Total_pupi": "30.0",
        "ratio_pupi": "61.9",
        "pupils_sha": "0.0",
        "pupils_toi": "Outside building, but on premises",
        "student_cl": "2 4 days",
        "reason_toi": "lack adequate water lack of detergent",
        "pupils_san": "door walls lock solid structure close dwelling",
        "items_pupi": "water",
        "type_staff": "pit latrine slab",
        "other_ty_1": null,
        "teachers_s": "yes",
        "total_toil": null,
        "female_onl": "2.0",
        "male_only_": "2.0",
        "Total_st_1": "4",
        "ratio_staf": "8.5",
        "shared_toi": "0.0",
        "staff_toil": "Outside building, but on premises",
        "staff_clea": "2 4 days",
        "reason_sta": "lack adequate water lack of detergent",
        "staff_sani": "walls lock door close dwelling",
        "items_staf": "water",
        "mixed_fema": null,
        "mixed_male": null,
        "Toilets_mi": "0.0",
        "Total_pu_1": "1892.0",
        "ratio_mixe": null,
        "mixed_hcle": null,
        "reason_hmi": null,
        "school_san": null,
        "items_mixe": null,
        "usable_toi": "yes",
        "modificati": "smaller toilet hole",
        "accessible": "yes",
        "modication": "path without stairs",
        "septic_tan": "yes",
        "sludge_was": "dig another latrine",
        "classrooms": "Daily",
        "compound_c": "Daily",
        "reason_com": null,
        "waste_gene": "Paper Plastic Organic waste",
        "collection": "burried covered premises",
        "waste_disp": "composit pit",
        "challeng_1": "lack bins lack staff inconsistence collection",
        "challeng_2": null,
        "traces_dea": "never visible",
        "challeng_3": "unclean unhygienic toilets sanitation not functioning damages sanitation facilities",
        "other_ch_1": null,
        "adaptati_1": "less preferred sanitation",
        "adaptati_2": null,
        "num_handwa": "1",
        "show_pupil": "allow",
        "water_av_1": "water available",
        "soap_avail": "soap not available",
        "water_av_2": null,
        "soap_ava_1": null,
        "reason_no_": "run out soap",
        "other_reas": null,
        "handwashin": "at main gate",
        "clear_sign": "yes",
        "accesible_": "yes",
        "handwash_1": "low height taps non slip floors taps reachable adequate space",
        "handwash_a": "yes",
        "handwash_2": "lower taps step stool",
        "items_avai": "water",
        "waste_segr": "classrooms",
        "solidwaste": "burned on premises burned covered premises",
        "times_scho": "everyday",
        "hygiene_pr": "yes",
        "when_promo": "last 30days",
        "kind_hygie": null,
        "changes_du": "yes",
        "notable_be": "increased hand practices improved hand techniques proper use toilets maintenance facilities",
        "dryspell_e": "no effect",
        "march_may_": "flooding stagnant water toilets Infrastructure damage classrooms Infrastructure damage bathroom Infrastructure damage",
        "effects_fl": "no effect",
        "wash_needs": "sanitation facilities hygiene promotion handwashing facilities",
        "improve_to": "assist building renovating advocacy awareness creation community sanitation hygiene materials schools community mobilization",
        "type_dispo": "compost pits",
        "adequate_m": "No",
        "when_waste": "weekly",
        "water_soap": "water but nosoap",
        "challeng_4": "inadequate bins irregular collection",
        "provisions": "MHM education girls boys",
        "menstrual_": "no",
        "challeng_5": "rely on donations lack menstrual supplies inadequately safe lack water soap",
        "adapt_mens": "girls to sort issue",
        "improve_me": "provision sanitary pads safe sanitation facilities quality comp teaching",
        "teacher_in": "yes",
        "enumerator": "This school has affected by flood e.g destroyed some girl's toilet.\n\nIt also has a tank that are not of use because the pressure of the water doesn't reach therefore it has to be fixed it in terms piping",
        "uuid": "9f0c0b19-fea8-4cc3-8d83-cfc04a8c5e57",
        "longitude": "40.3208629",
        "latitude": "0.1169502",
        "sub_county": "Dadaab Sub County",
        "wash_nee_1": "0",
        "wash_nee_2": "1",
        "wash_nee_3": "1",
        "wash_nee_4": "0",
        "wash_nee_5": "1",
        "wash_nee_6": "0",
        "wash_nee_7": "0",
        "wash_nee_8": "0",
        "Population": "56",
        "female_toi": "48",
        "male_toile": "65",
        "Total_male": "16.0",
        "Total_fema": "18.0",
        "host_or_re": null,
        "ward": null,
        "Total_pu_2": null,
        "Total_st_2": null,
        "other_wate": null,
        "adapted__1": null,
        "other_ad_1": null,
        "Total_stud": null,
        "ratio_stud": null,
        "items_pu_1": null,
        "items_pu_2": null,
        "items_pu_3": null,
        "items_pu_4": null,
        "items_pu_5": null,
        "items_pu_6": null,
        "other_item": null,
        "Total_mixe": null,
        "ratio_mi_1": null,
        "other_modi": null,
        "other_slud": null,
        "reason_cla": null,
        "other_wast": null,
        "other_coll": null,
        "other_wa_1": null,
        "challeng_6": null,
        "other_ch_2": null,
        "challeng_7": null,
        "challeng_8": null,
        "other_ad_2": null,
        "type_of_so": null,
        "other_ty_2": null,
        "source_of_": null,
        "other_so_2": null,
        "other_hand": null,
        "other_ha_1": null,
        "other_ha_2": null,
        "other_wa_2": null,
        "other_soli": null,
        "other_drys": null,
        "other_marc": null,
        "other_wash": null,
        "other_impr": null,
        "type_dis_1": null,
        "other_ty_3": null,
        "other_ch_3": null,
        "other_prov": null,
        "other_ch_4": null,
        "other_ad_3": null,
        "other_im_1": null,
        "kind_insti": null,
        "layer": "Camp Schools",
        "path": "C:/Users/USER/OneDrive - ACTED/Desktop/Garissa County Capacity Building - REACH/Training Materials/Modules/Training Data/Garissa HF and Schools/Garissa HF and Schools/Camp Schools.geojson",
        "Risk_Level": "Medium Risk",
        "Distance_to_Flood_km": "1.01",
        "Poverty_Rate": "0.78",
        "Food_Poverty_Rate": "0.58",
        "Avg_HH_Income": "5169",
        "Avg_HH_Expenditure": "6177",
        "HH_Cash_Gap": "-1008",
        "Post_Assistance_Income": "13927",
        "Post_Assistance_Expenditure": "11092",
        "Post_Assistance_Surplus": "2835",
        "Vulnerability_Index": "0.68",
        "Wasting_Rate": "0.17",
        "marker_emoji": "🏫",
        "Author": "Garissa GIS Directorate — James M. Mburu",
        "NN_Vulnerability_Score": "0.551",
        "NN_Risk_Class": "High",
        "tana_buffer_zone": false
      },
      "geometry": {
        "type": "Point",
        "coordinates": [
          40.320862900000066,
          0.116950200000019
        ]
      }
    },
    {
      "type": "Feature",
      "properties": {
        "OBJECTID": "21",
        "county": "garissa",
        "camp": "Dadaab",
        "camp_locat": "IFO1",
        "school_nam": "Waberi Abe-Sci",
        "school_typ": "day school",
        "school_lev": "alternative ABE",
        "role_respo": "head teacher",
        "other_role": null,
        "resp_gende": "male",
        "other_gend": null,
        "allow_obse": "yes",
        "duration_w": "7-11 months",
        "num_malest": "7.0",
        "num_female": "3.0",
        "Total_staf": "10",
        "gender_pup": "boys girls",
        "num_childb": "176.0",
        "num_chilgi": "197.0",
        "Total_chil": "373.0",
        "drinking_w": "tap stand",
        "other_sour": null,
        "main_water": "on premises",
        "hygiene_wa": "tap stand",
        "other_so_1": null,
        "main_wat_1": "on premises",
        "num_water_": "2.0",
        "availabili": "daily",
        "condition_": "functional with minor damage",
        "other_cond": null,
        "reason_not": null,
        "what_damag": "taps leaking",
        "other_what": null,
        "reason_cit": "normal wear tear",
        "efforts_ma": "no effort",
        "accesibili": "yes",
        "adaptated_": "non slip floor tap can be reached adequate space",
        "accesibi_1": null,
        "adapted_to": null,
        "water_avai": "yes",
        "days_water": "Daily",
        "cause_of_l": null,
        "other_caus": null,
        "adaptation": null,
        "other_adap": null,
        "storage_fa": "yes",
        "total_capa": "5000.0",
        "num_litres": "3000.0",
        "school_pur": "no",
        "treatment_": null,
        "other_trea": null,
        "waterborne": "no",
        "waterbor_1": null,
        "availabi_1": "water sources decreased",
        "other_avai": null,
        "challenges": "insufficient waterpoints",
        "other_chal": null,
        "main_sourc": "tap stand",
        "satisfied_": "yes",
        "methods_wa": null,
        "other_meth": null,
        "challenge_": "we dont cook",
        "main_type_": "pit latrine without slab",
        "other_main": null,
        "studentsta": "no",
        "type_stude": null,
        "other_type": null,
        "pupils_sep": null,
        "total_at_s": null,
        "girls_toil": null,
        "boys_toile": null,
        "Total_pupi": "0.0",
        "ratio_pupi": null,
        "pupils_sha": null,
        "pupils_toi": null,
        "student_cl": null,
        "reason_toi": null,
        "pupils_san": null,
        "items_pupi": null,
        "type_staff": null,
        "other_ty_1": null,
        "teachers_s": null,
        "total_toil": null,
        "female_onl": null,
        "male_only_": null,
        "Total_st_1": "0",
        "ratio_staf": null,
        "shared_toi": null,
        "staff_toil": null,
        "staff_clea": null,
        "reason_sta": null,
        "staff_sani": null,
        "items_staf": null,
        "mixed_fema": "7.0",
        "mixed_male": "3.0",
        "Toilets_mi": "10.0",
        "Total_pu_1": "383.0",
        "ratio_mixe": "38.3",
        "mixed_hcle": "Daily",
        "reason_hmi": null,
        "school_san": "door",
        "items_mixe": "water",
        "usable_toi": null,
        "modificati": null,
        "accessible": "yes",
        "modication": "path without stairs",
        "septic_tan": "no",
        "sludge_was": "dig another latrine",
        "classrooms": "Daily",
        "compound_c": "Daily",
        "reason_com": null,
        "waste_gene": "Paper Plastic",
        "collection": "burned away premises",
        "waste_disp": "general waste bins",
        "challeng_1": "inconsistence collection lack awareness",
        "challeng_2": null,
        "traces_dea": "less 10days",
        "challeng_3": "lack sanitation facilities damages sanitation facilities sanitation not functioning",
        "other_ch_1": null,
        "adaptati_1": "communal sanitation facilities sanitation further than usual",
        "adaptati_2": null,
        "num_handwa": "2 5",
        "show_pupil": "allow",
        "water_av_1": "water available",
        "soap_avail": "soap not available",
        "water_av_2": null,
        "soap_ava_1": null,
        "reason_no_": "run out soap",
        "other_reas": null,
        "handwashin": "school yard",
        "clear_sign": "yes",
        "accesible_": "yes",
        "handwash_1": "taps reachable taps opened minimum efforts",
        "handwash_a": "yes",
        "handwash_2": "lower taps supervision children friendly handles",
        "items_avai": "water",
        "waste_segr": "toilets more5metres",
        "solidwaste": "burned away premises",
        "times_scho": "everyday",
        "hygiene_pr": "no",
        "when_promo": null,
        "kind_hygie": null,
        "changes_du": null,
        "notable_be": null,
        "dryspell_e": "increased water cost reduced water supply",
        "march_may_": "flooding stagnant water access sanitation affected waste management system",
        "effects_fl": "caused evacuation not school regularly children commuting",
        "wash_needs": "sanitation facilities hygiene promotion infrastructure",
        "improve_to": "assist building renovating advocacy awareness creation community sanitation hygiene materials schools",
        "type_dispo": "sanitary bins",
        "adequate_m": "all bathrooms toilets",
        "when_waste": "weekly",
        "water_soap": "water and soap",
        "challeng_4": "lack awareness inadequate bins",
        "provisions": "MHM education girls bathing areas MHM materials",
        "menstrual_": "yes free",
        "challeng_5": "rely on donations lack menstruation hygiene",
        "adapt_mens": "girls to sort issue less preferred product",
        "improve_me": "provision sanitary pads safe sanitation facilities",
        "teacher_in": "yes",
        "enumerator": null,
        "uuid": "301d993d-7411-4919-b98c-a030ac40eb7a",
        "longitude": "40.3255988",
        "latitude": "0.1179048",
        "sub_county": "Dadaab Sub County",
        "wash_nee_1": "0",
        "wash_nee_2": "1",
        "wash_nee_3": "1",
        "wash_nee_4": "0",
        "wash_nee_5": "0",
        "wash_nee_6": "0",
        "wash_nee_7": "0",
        "wash_nee_8": "1",
        "Population": "38",
        "female_toi": "29",
        "male_toile": "61",
        "Total_male": "3.0",
        "Total_fema": "7.0",
        "host_or_re": null,
        "ward": null,
        "Total_pu_2": null,
        "Total_st_2": null,
        "other_wate": null,
        "adapted__1": null,
        "other_ad_1": null,
        "Total_stud": null,
        "ratio_stud": null,
        "items_pu_1": null,
        "items_pu_2": null,
        "items_pu_3": null,
        "items_pu_4": null,
        "items_pu_5": null,
        "items_pu_6": null,
        "other_item": null,
        "Total_mixe": null,
        "ratio_mi_1": null,
        "other_modi": null,
        "other_slud": null,
        "reason_cla": null,
        "other_wast": null,
        "other_coll": null,
        "other_wa_1": null,
        "challeng_6": null,
        "other_ch_2": null,
        "challeng_7": null,
        "challeng_8": null,
        "other_ad_2": null,
        "type_of_so": null,
        "other_ty_2": null,
        "source_of_": null,
        "other_so_2": null,
        "other_hand": null,
        "other_ha_1": null,
        "other_ha_2": null,
        "other_wa_2": null,
        "other_soli": null,
        "other_drys": null,
        "other_marc": null,
        "other_wash": null,
        "other_impr": null,
        "type_dis_1": null,
        "other_ty_3": null,
        "other_ch_3": null,
        "other_prov": null,
        "other_ch_4": null,
        "other_ad_3": null,
        "other_im_1": null,
        "kind_insti": null,
        "layer": "Camp Schools",
        "path": "C:/Users/USER/OneDrive - ACTED/Desktop/Garissa County Capacity Building - REACH/Training Materials/Modules/Training Data/Garissa HF and Schools/Garissa HF and Schools/Camp Schools.geojson",
        "Risk_Level": "Medium Risk",
        "Distance_to_Flood_km": "1.25",
        "Poverty_Rate": "0.78",
        "Food_Poverty_Rate": "0.58",
        "Avg_HH_Income": "5169",
        "Avg_HH_Expenditure": "6177",
        "HH_Cash_Gap": "-1008",
        "Post_Assistance_Income": "13927",
        "Post_Assistance_Expenditure": "11092",
        "Post_Assistance_Surplus": "2835",
        "Vulnerability_Index": "0.675",
        "Wasting_Rate": "0.17",
        "marker_emoji": "🏫",
        "Author": "Garissa GIS Directorate — James M. Mburu",
        "NN_Vulnerability_Score": "0.551",
        "NN_Risk_Class": "High",
        "tana_buffer_zone": false
      },
      "geometry": {
        "type": "Point",
        "coordinates": [
          40.32559880000008,
          0.117904800000019
        ]
      }
    },
    {
      "type": "Feature",
      "properties": {
        "OBJECTID": "71",
        "county": "garissa",
        "camp": "Dadaab",
        "camp_locat": "IFO1",
        "school_nam": "Towfiq Secondary",
        "school_typ": "day school",
        "school_lev": "secondary school",
        "role_respo": "Principal",
        "other_role": null,
        "resp_gende": "male",
        "other_gend": null,
        "allow_obse": "yes",
        "duration_w": "3-5 years",
        "num_malest": "21.0",
        "num_female": "3.0",
        "Total_staf": "24",
        "gender_pup": "boys girls",
        "num_childb": "561.0",
        "num_chilgi": "387.0",
        "Total_chil": "948.0",
        "drinking_w": "tap stand",
        "other_sour": null,
        "main_water": "on premises",
        "hygiene_wa": "tap stand",
        "other_so_1": null,
        "main_wat_1": "on premises",
        "num_water_": "4.0",
        "availabili": "daily",
        "condition_": "functional with minor damage",
        "other_cond": null,
        "reason_not": null,
        "what_damag": "taps rusty taps leaking",
        "other_what": null,
        "reason_cit": "normal wear tear",
        "efforts_ma": "have plans repair",
        "accesibili": "no",
        "adaptated_": null,
        "accesibi_1": null,
        "adapted_to": null,
        "water_avai": "yes",
        "days_water": "Daily",
        "cause_of_l": null,
        "other_caus": null,
        "adaptation": null,
        "other_adap": null,
        "storage_fa": "yes",
        "total_capa": "10000.0",
        "num_litres": "7000.0",
        "school_pur": "no",
        "treatment_": null,
        "other_trea": null,
        "waterborne": "no",
        "waterbor_1": null,
        "availabi_1": "water sources increased",
        "other_avai": null,
        "challenges": "waterpoints too far disabled unable accesswaterpoints lack proper storage",
        "other_chal": null,
        "main_sourc": "tap stand",
        "satisfied_": "yes",
        "methods_wa": null,
        "other_meth": null,
        "challenge_": "we dont cook",
        "main_type_": "pit latrine slab",
        "other_main": null,
        "studentsta": "yes",
        "type_stude": "pit latrine slab",
        "other_type": null,
        "pupils_sep": "yes",
        "total_at_s": null,
        "girls_toil": "24.0",
        "boys_toile": "17.0",
        "Total_pupi": "41.0",
        "ratio_pupi": "23.1",
        "pupils_sha": "0.0",
        "pupils_toi": "Within school building",
        "student_cl": "Daily",
        "reason_toi": null,
        "pupils_san": "door walls lock solid structure segregated toilets proper drainage close dwelling",
        "items_pupi": "water",
        "type_staff": "pit latrine slab",
        "other_ty_1": null,
        "teachers_s": "yes",
        "total_toil": null,
        "female_onl": "1.0",
        "male_only_": "1.0",
        "Total_st_1": "2",
        "ratio_staf": "12.0",
        "shared_toi": "0.0",
        "staff_toil": "Within school building",
        "staff_clea": "Daily",
        "reason_sta": null,
        "staff_sani": "door lock walls solid structure segregated toilets proper drainage close dwelling",
        "items_staf": "toilet paper water",
        "mixed_fema": null,
        "mixed_male": null,
        "Toilets_mi": "0.0",
        "Total_pu_1": "972.0",
        "ratio_mixe": null,
        "mixed_hcle": null,
        "reason_hmi": null,
        "school_san": null,
        "items_mixe": null,
        "usable_toi": null,
        "modificati": null,
        "accessible": "no",
        "modication": null,
        "septic_tan": "no",
        "sludge_was": "dig another latrine",
        "classrooms": "Daily",
        "compound_c": "Daily",
        "reason_com": null,
        "waste_gene": "Paper Plastic",
        "collection": "burned on premises",
        "waste_disp": "composit pit",
        "challeng_1": "lack bins",
        "challeng_2": "0",
        "traces_dea": "never visible",
        "challeng_3": "damages sanitation facilities",
        "other_ch_1": null,
        "adaptati_1": "school no issue",
        "adaptati_2": null,
        "num_handwa": "2 5",
        "show_pupil": "allow",
        "water_av_1": "water available",
        "soap_avail": "soap available",
        "water_av_2": null,
        "soap_ava_1": null,
        "reason_no_": null,
        "other_reas": null,
        "handwashin": "five metres toilet",
        "clear_sign": "yes",
        "accesible_": "no",
        "handwash_1": null,
        "handwash_a": "no",
        "handwash_2": null,
        "items_avai": "toilet paper water",
        "waste_segr": "toilets more5metres",
        "solidwaste": "burned on premises",
        "times_scho": "everyday",
        "hygiene_pr": "yes",
        "when_promo": "last 30days",
        "kind_hygie": null,
        "changes_du": "yes",
        "notable_be": "increased hand practices improved hand techniques proper use toilets maintenance facilities",
        "dryspell_e": "reduced water supply",
        "march_may_": "flooding stagnant water",
        "effects_fl": "reduced extracurricula",
        "wash_needs": "access to clean wataer sanitation facilities hygiene promotion",
        "improve_to": "assist building renovating advocacy awareness creation hygiene materials schools",
        "type_dispo": "pit latrines",
        "adequate_m": "No",
        "when_waste": "dont know",
        "water_soap": "water and soap",
        "challeng_4": "inadequate bins",
        "provisions": "none above",
        "menstrual_": "yes free",
        "challeng_5": "lack menstrual supplies",
        "adapt_mens": "girls to sort issue",
        "improve_me": "provision sanitary pads safe sanitation facilities",
        "teacher_in": "yes",
        "enumerator": null,
        "uuid": "f2bed46c-f671-4224-9fa5-b278362d5dc4",
        "longitude": "40.3172408",
        "latitude": "0.1232619",
        "sub_county": "Dadaab Sub County",
        "wash_nee_1": "1",
        "wash_nee_2": "1",
        "wash_nee_3": "1",
        "wash_nee_4": "0",
        "wash_nee_5": "0",
        "wash_nee_6": "0",
        "wash_nee_7": "0",
        "wash_nee_8": "0",
        "Population": "23",
        "female_toi": "16",
        "male_toile": "32",
        "Total_male": "18.0",
        "Total_fema": "25.0",
        "host_or_re": null,
        "ward": null,
        "Total_pu_2": null,
        "Total_st_2": null,
        "other_wate": null,
        "adapted__1": null,
        "other_ad_1": null,
        "Total_stud": null,
        "ratio_stud": null,
        "items_pu_1": null,
        "items_pu_2": null,
        "items_pu_3": null,
        "items_pu_4": null,
        "items_pu_5": null,
        "items_pu_6": null,
        "other_item": null,
        "Total_mixe": null,
        "ratio_mi_1": null,
        "other_modi": null,
        "other_slud": null,
        "reason_cla": null,
        "other_wast": null,
        "other_coll": null,
        "other_wa_1": null,
        "challeng_6": null,
        "other_ch_2": null,
        "challeng_7": null,
        "challeng_8": null,
        "other_ad_2": null,
        "type_of_so": null,
        "other_ty_2": null,
        "source_of_": null,
        "other_so_2": null,
        "other_hand": null,
        "other_ha_1": null,
        "other_ha_2": null,
        "other_wa_2": null,
        "other_soli": null,
        "other_drys": null,
        "other_marc": null,
        "other_wash": null,
        "other_impr": null,
        "type_dis_1": null,
        "other_ty_3": null,
        "other_ch_3": null,
        "other_prov": null,
        "other_ch_4": null,
        "other_ad_3": null,
        "other_im_1": null,
        "kind_insti": null,
        "layer": "Camp Schools",
        "path": "C:/Users/USER/OneDrive - ACTED/Desktop/Garissa County Capacity Building - REACH/Training Materials/Modules/Training Data/Garissa HF and Schools/Garissa HF and Schools/Camp Schools.geojson",
        "Risk_Level": "Medium Risk",
        "Distance_to_Flood_km": "0.85",
        "Poverty_Rate": "0.78",
        "Food_Poverty_Rate": "0.58",
        "Avg_HH_Income": "5169",
        "Avg_HH_Expenditure": "6177",
        "HH_Cash_Gap": "-1008",
        "Post_Assistance_Income": "13927",
        "Post_Assistance_Expenditure": "11092",
        "Post_Assistance_Surplus": "2835",
        "Vulnerability_Index": "0.683",
        "Wasting_Rate": "0.17",
        "marker_emoji": "🏫",
        "Author": "Garissa GIS Directorate — James M. Mburu",
        "NN_Vulnerability_Score": "0.551",
        "NN_Risk_Class": "High",
        "tana_buffer_zone": false
      },
      "geometry": {
        "type": "Point",
        "coordinates": [
          40.317240800000036,
          0.123261900000045
        ]
      }
    },
    {
      "type": "Feature",
      "properties": {
        "OBJECTID": "36",
        "county": "garissa",
        "camp": "Dadaab",
        "camp_locat": "IFO1",
        "school_nam": "Horyaal Primary",
        "school_typ": "day school",
        "school_lev": "pre primary lower primary upper primary Junior secondary",
        "role_respo": "head teacher",
        "other_role": null,
        "resp_gende": "male",
        "other_gend": null,
        "allow_obse": "yes",
        "duration_w": "above 5 years",
        "num_malest": "26.0",
        "num_female": "3.0",
        "Total_staf": "29",
        "gender_pup": "boys girls",
        "num_childb": "895.0",
        "num_chilgi": "931.0",
        "Total_chil": "1826.0",
        "drinking_w": "tap stand",
        "other_sour": null,
        "main_water": "on premises",
        "hygiene_wa": "tap stand",
        "other_so_1": null,
        "main_wat_1": "on premises",
        "num_water_": "9.0",
        "availabili": "daily",
        "condition_": "functional with minor damage",
        "other_cond": null,
        "reason_not": null,
        "what_damag": "taps broken taps leaking",
        "other_what": null,
        "reason_cit": "normal wear tear insufficient maintenance equipment failure",
        "efforts_ma": "engaged stakeholder",
        "accesibili": "yes",
        "adaptated_": "non slip floor adequate space",
        "accesibi_1": "no",
        "adapted_to": null,
        "water_avai": "yes",
        "days_water": "Daily",
        "cause_of_l": null,
        "other_caus": null,
        "adaptation": null,
        "other_adap": null,
        "storage_fa": "yes",
        "total_capa": "15000.0",
        "num_litres": "4000.0",
        "school_pur": "dont know",
        "treatment_": null,
        "other_trea": null,
        "waterborne": "no",
        "waterbor_1": null,
        "availabi_1": "water sources increased",
        "other_avai": null,
        "challenges": "lack proper storage",
        "other_chal": null,
        "main_sourc": "tap stand",
        "satisfied_": "yes",
        "methods_wa": null,
        "other_meth": null,
        "challenge_": "no challenge",
        "main_type_": "pit latrine slab",
        "other_main": null,
        "studentsta": "yes",
        "type_stude": "pit latrine slab",
        "other_type": null,
        "pupils_sep": "yes",
        "total_at_s": null,
        "girls_toil": "25.0",
        "boys_toile": "20.0",
        "Total_pupi": "45.0",
        "ratio_pupi": "40.6",
        "pupils_sha": "0.0",
        "pupils_toi": "Outside building, but on premises",
        "student_cl": "Daily",
        "reason_toi": null,
        "pupils_san": "door walls lock solid structure close dwelling",
        "items_pupi": "water",
        "type_staff": "pit latrine slab",
        "other_ty_1": null,
        "teachers_s": "yes",
        "total_toil": null,
        "female_onl": "2.0",
        "male_only_": "2.0",
        "Total_st_1": "4",
        "ratio_staf": "7.3",
        "shared_toi": "0.0",
        "staff_toil": "Outside building, but on premises",
        "staff_clea": "Daily",
        "reason_sta": null,
        "staff_sani": "door walls lock solid structure",
        "items_staf": "water",
        "mixed_fema": null,
        "mixed_male": null,
        "Toilets_mi": "0.0",
        "Total_pu_1": "1855.0",
        "ratio_mixe": null,
        "mixed_hcle": null,
        "reason_hmi": null,
        "school_san": null,
        "items_mixe": null,
        "usable_toi": "no",
        "modificati": null,
        "accessible": "no",
        "modication": null,
        "septic_tan": "yes",
        "sludge_was": "dig another latrine",
        "classrooms": "Daily",
        "compound_c": "Daily",
        "reason_com": null,
        "waste_gene": "Organic waste Paper Plastic",
        "collection": "burried covered premises",
        "waste_disp": "composit pit",
        "challeng_1": "inconsistence collection lack staff",
        "challeng_2": null,
        "traces_dea": "never visible",
        "challeng_3": "no problem",
        "other_ch_1": null,
        "adaptati_1": "school no issue",
        "adaptati_2": null,
        "num_handwa": "1",
        "show_pupil": "allow",
        "water_av_1": "water available",
        "soap_avail": "soap available",
        "water_av_2": null,
        "soap_ava_1": null,
        "reason_no_": null,
        "other_reas": null,
        "handwashin": "classrooms",
        "clear_sign": "yes",
        "accesible_": "yes",
        "handwash_1": "non slip floors adequate space",
        "handwash_a": "no",
        "handwash_2": null,
        "items_avai": "water",
        "waste_segr": "playground outdoor",
        "solidwaste": "burned covered premises",
        "times_scho": "every two three",
        "hygiene_pr": "yes",
        "when_promo": "last 30days",
        "kind_hygie": null,
        "changes_du": "yes",
        "notable_be": "improved hand techniques proper use toilets maintenance facilities",
        "dryspell_e": "no effect",
        "march_may_": "no effect",
        "effects_fl": "no effect",
        "wash_needs": "sanitation facilities waste management menstrual management",
        "improve_to": "assist building renovating hygiene materials schools community sanitation advocacy awareness creation hygiene promotion",
        "type_dispo": "compost pits",
        "adequate_m": "No",
        "when_waste": "weekly",
        "water_soap": "water and soap",
        "challeng_4": "inadequate bins",
        "provisions": "MHM education girls boys",
        "menstrual_": "no",
        "challeng_5": "lack menstrual supplies rely on donations",
        "adapt_mens": "girls to sort issue",
        "improve_me": "provision sanitary pads safe sanitation facilities quality comp teaching",
        "teacher_in": "yes",
        "enumerator": "Some of the taps of this school are functioning due to equipment failure and need to be assisted.\n\nOne of the tanks leaks water.\n\nSome of the toilets need repairs",
        "uuid": "69b129c6-bec2-4d23-b270-e18d4687c1ae",
        "longitude": "40.3177005",
        "latitude": "0.1242949",
        "sub_county": "Dadaab Sub County",
        "wash_nee_1": "0",
        "wash_nee_2": "1",
        "wash_nee_3": "0",
        "wash_nee_4": "1",
        "wash_nee_5": "0",
        "wash_nee_6": "1",
        "wash_nee_7": "0",
        "wash_nee_8": "0",
        "Population": "38",
        "female_toi": "35",
        "male_toile": "42",
        "Total_male": "22.0",
        "Total_fema": "27.0",
        "host_or_re": null,
        "ward": null,
        "Total_pu_2": null,
        "Total_st_2": null,
        "other_wate": null,
        "adapted__1": null,
        "other_ad_1": null,
        "Total_stud": null,
        "ratio_stud": null,
        "items_pu_1": null,
        "items_pu_2": null,
        "items_pu_3": null,
        "items_pu_4": null,
        "items_pu_5": null,
        "items_pu_6": null,
        "other_item": null,
        "Total_mixe": null,
        "ratio_mi_1": null,
        "other_modi": null,
        "other_slud": null,
        "reason_cla": null,
        "other_wast": null,
        "other_coll": null,
        "other_wa_1": null,
        "challeng_6": null,
        "other_ch_2": null,
        "challeng_7": null,
        "challeng_8": null,
        "other_ad_2": null,
        "type_of_so": null,
        "other_ty_2": null,
        "source_of_": null,
        "other_so_2": null,
        "other_hand": null,
        "other_ha_1": null,
        "other_ha_2": null,
        "other_wa_2": null,
        "other_soli": null,
        "other_drys": null,
        "other_marc": null,
        "other_wash": null,
        "other_impr": null,
        "type_dis_1": null,
        "other_ty_3": null,
        "other_ch_3": null,
        "other_prov": null,
        "other_ch_4": null,
        "other_ad_3": null,
        "other_im_1": null,
        "kind_insti": null,
        "layer": "Camp Schools",
        "path": "C:/Users/USER/OneDrive - ACTED/Desktop/Garissa County Capacity Building - REACH/Training Materials/Modules/Training Data/Garissa HF and Schools/Garissa HF and Schools/Camp Schools.geojson",
        "Risk_Level": "Medium Risk",
        "Distance_to_Flood_km": "0.95",
        "Poverty_Rate": "0.78",
        "Food_Poverty_Rate": "0.58",
        "Avg_HH_Income": "5169",
        "Avg_HH_Expenditure": "6177",
        "HH_Cash_Gap": "-1008",
        "Post_Assistance_Income": "13927",
        "Post_Assistance_Expenditure": "11092",
        "Post_Assistance_Surplus": "2835",
        "Vulnerability_Index": "0.681",
        "Wasting_Rate": "0.17",
        "marker_emoji": "🏫",
        "Author": "Garissa GIS Directorate — James M. Mburu",
        "NN_Vulnerability_Score": "0.551",
        "NN_Risk_Class": "High",
        "tana_buffer_zone": false
      },
      "geometry": {
        "type": "Point",
        "coordinates": [
          40.31770050000006,
          0.124294900000052
        ]
      }
    },
    {
      "type": "Feature",
      "properties": {
        "OBJECTID": "35",
        "county": "garissa",
        "camp": "Dadaab",
        "camp_locat": "IFO1",
        "school_nam": "Liban Abe-Sci",
        "school_typ": "day school",
        "school_lev": "alternative ABE",
        "role_respo": "head teacher",
        "other_role": null,
        "resp_gende": "male",
        "other_gend": null,
        "allow_obse": "no",
        "duration_w": "1-2 years",
        "num_malest": "8.0",
        "num_female": "2.0",
        "Total_staf": "10",
        "gender_pup": "boys girls",
        "num_childb": "185.0",
        "num_chilgi": "225.0",
        "Total_chil": "410.0",
        "drinking_w": "tap stand",
        "other_sour": null,
        "main_water": "on premises",
        "hygiene_wa": "tap stand",
        "other_so_1": null,
        "main_wat_1": "on premises",
        "num_water_": "3.0",
        "availabili": "daily",
        "condition_": "functional without damage",
        "other_cond": null,
        "reason_not": null,
        "what_damag": null,
        "other_what": null,
        "reason_cit": null,
        "efforts_ma": null,
        "accesibili": "yes",
        "adaptated_": "adequate space non slip floor tap can be reached",
        "accesibi_1": null,
        "adapted_to": null,
        "water_avai": "yes",
        "days_water": "Daily",
        "cause_of_l": null,
        "other_caus": null,
        "adaptation": null,
        "other_adap": null,
        "storage_fa": "yes",
        "total_capa": "5000.0",
        "num_litres": "1000.0",
        "school_pur": "no",
        "treatment_": null,
        "other_trea": null,
        "waterborne": "no",
        "waterbor_1": null,
        "availabi_1": "water sources increased",
        "other_avai": null,
        "challenges": "no challenge",
        "other_chal": null,
        "main_sourc": "tap stand",
        "satisfied_": "yes",
        "methods_wa": null,
        "other_meth": null,
        "challenge_": "no challenge",
        "main_type_": "pit latrine slab",
        "other_main": null,
        "studentsta": "yes",
        "type_stude": "pit latrine slab",
        "other_type": null,
        "pupils_sep": "yes",
        "total_at_s": null,
        "girls_toil": "3.0",
        "boys_toile": "3.0",
        "Total_pupi": "6.0",
        "ratio_pupi": "68.3",
        "pupils_sha": "0.0",
        "pupils_toi": "Outside building, but on premises",
        "student_cl": "Daily",
        "reason_toi": null,
        "pupils_san": "door walls lock solid structure close dwelling",
        "items_pupi": "water",
        "type_staff": "pit latrine slab",
        "other_ty_1": null,
        "teachers_s": "yes",
        "total_toil": null,
        "female_onl": "1.0",
        "male_only_": "1.0",
        "Total_st_1": "2",
        "ratio_staf": "5.0",
        "shared_toi": "0.0",
        "staff_toil": "Outside building, but on premises",
        "staff_clea": "Daily",
        "reason_sta": null,
        "staff_sani": "door walls lock solid structure close dwelling",
        "items_staf": "water",
        "mixed_fema": null,
        "mixed_male": null,
        "Toilets_mi": "0.0",
        "Total_pu_1": "420.0",
        "ratio_mixe": null,
        "mixed_hcle": null,
        "reason_hmi": null,
        "school_san": null,
        "items_mixe": null,
        "usable_toi": null,
        "modificati": null,
        "accessible": "yes",
        "modication": "path without stairs enough space wheelchair",
        "septic_tan": "yes",
        "sludge_was": "dig another latrine",
        "classrooms": "Daily",
        "compound_c": "Daily",
        "reason_com": null,
        "waste_gene": "Organic waste Paper Plastic",
        "collection": "burned away premises burried covered premises burned on premises",
        "waste_disp": "composit pit",
        "challeng_1": "lack bins lack awareness",
        "challeng_2": null,
        "traces_dea": "never visible",
        "challeng_3": "lack sanitation facilities",
        "other_ch_1": null,
        "adaptati_1": "less preferred sanitation",
        "adaptati_2": null,
        "num_handwa": "1",
        "show_pupil": "allow",
        "water_av_1": "water available",
        "soap_avail": "soap not available",
        "water_av_2": null,
        "soap_ava_1": null,
        "reason_no_": "run out soap",
        "other_reas": null,
        "handwashin": "more than 5metres",
        "clear_sign": "yes",
        "accesible_": "yes",
        "handwash_1": "non slip floors adequate space",
        "handwash_a": "no",
        "handwash_2": null,
        "items_avai": "water",
        "waste_segr": "toilets within5metres",
        "solidwaste": "burned covered premises",
        "times_scho": "every two three",
        "hygiene_pr": "yes",
        "when_promo": "last 30days",
        "kind_hygie": null,
        "changes_du": "yes",
        "notable_be": "proper use toilets improved hand techniques maintenance facilities increased hand practices",
        "dryspell_e": "no effect",
        "march_may_": "no effect",
        "effects_fl": "no effect",
        "wash_needs": "sanitation facilities handwashing facilities waste management",
        "improve_to": "assist building renovating advocacy awareness creation hygiene materials schools hygiene promotion",
        "type_dispo": "compost pits",
        "adequate_m": "No",
        "when_waste": "weekly",
        "water_soap": "water but nosoap",
        "challeng_4": "inadequate bins irregular collection",
        "provisions": "MHM education girls boys",
        "menstrual_": "no",
        "challeng_5": "rely on donations lack menstrual supplies",
        "adapt_mens": "less preferred product",
        "improve_me": "safe sanitation facilities quality comp teaching",
        "teacher_in": "yes",
        "enumerator": "No photos allowed in this school",
        "uuid": "4eaabbfe-7945-4374-8144-bf37e425ca1c",
        "longitude": "40.319958",
        "latitude": "0.1244895",
        "sub_county": "Dadaab Sub County",
        "wash_nee_1": "0",
        "wash_nee_2": "1",
        "wash_nee_3": "0",
        "wash_nee_4": "1",
        "wash_nee_5": "1",
        "wash_nee_6": "0",
        "wash_nee_7": "0",
        "wash_nee_8": "0",
        "Population": "53",
        "female_toi": "57",
        "male_toile": "48",
        "Total_male": "4.0",
        "Total_fema": "4.0",
        "host_or_re": null,
        "ward": null,
        "Total_pu_2": null,
        "Total_st_2": null,
        "other_wate": null,
        "adapted__1": null,
        "other_ad_1": null,
        "Total_stud": null,
        "ratio_stud": null,
        "items_pu_1": null,
        "items_pu_2": null,
        "items_pu_3": null,
        "items_pu_4": null,
        "items_pu_5": null,
        "items_pu_6": null,
        "other_item": null,
        "Total_mixe": null,
        "ratio_mi_1": null,
        "other_modi": null,
        "other_slud": null,
        "reason_cla": null,
        "other_wast": null,
        "other_coll": null,
        "other_wa_1": null,
        "challeng_6": null,
        "other_ch_2": null,
        "challeng_7": null,
        "challeng_8": null,
        "other_ad_2": null,
        "type_of_so": null,
        "other_ty_2": null,
        "source_of_": null,
        "other_so_2": null,
        "other_hand": null,
        "other_ha_1": null,
        "other_ha_2": null,
        "other_wa_2": null,
        "other_soli": null,
        "other_drys": null,
        "other_marc": null,
        "other_wash": null,
        "other_impr": null,
        "type_dis_1": null,
        "other_ty_3": null,
        "other_ch_3": null,
        "other_prov": null,
        "other_ch_4": null,
        "other_ad_3": null,
        "other_im_1": null,
        "kind_insti": null,
        "layer": "Camp Schools",
        "path": "C:/Users/USER/OneDrive - ACTED/Desktop/Garissa County Capacity Building - REACH/Training Materials/Modules/Training Data/Garissa HF and Schools/Garissa HF and Schools/Camp Schools.geojson",
        "Risk_Level": "Medium Risk",
        "Distance_to_Flood_km": "1.18",
        "Poverty_Rate": "0.78",
        "Food_Poverty_Rate": "0.58",
        "Avg_HH_Income": "5169",
        "Avg_HH_Expenditure": "6177",
        "HH_Cash_Gap": "-1008",
        "Post_Assistance_Income": "13927",
        "Post_Assistance_Expenditure": "11092",
        "Post_Assistance_Surplus": "2835",
        "Vulnerability_Index": "0.676",
        "Wasting_Rate": "0.17",
        "marker_emoji": "🏫",
        "Author": "Garissa GIS Directorate — James M. Mburu",
        "NN_Vulnerability_Score": "0.551",
        "NN_Risk_Class": "High",
        "tana_buffer_zone": false
      },
      "geometry": {
        "type": "Point",
        "coordinates": [
          40.319958,
          0.124489500000038
        ]
      }
    },
    {
      "type": "Feature",
      "properties": {
        "OBJECTID": "22",
        "county": "garissa",
        "camp": "Dadaab",
        "camp_locat": "IFO1",
        "school_nam": "Friends Aep-Ae",
        "school_typ": "day school",
        "school_lev": "lower primary upper primary",
        "role_respo": "senior teacher",
        "other_role": null,
        "resp_gende": "male",
        "other_gend": null,
        "allow_obse": "yes",
        "duration_w": "1-2 years",
        "num_malest": "6.0",
        "num_female": "1.0",
        "Total_staf": "7",
        "gender_pup": "boys girls",
        "num_childb": "113.0",
        "num_chilgi": "203.0",
        "Total_chil": "316.0",
        "drinking_w": "tap stand",
        "other_sour": null,
        "main_water": "approx 200m fromcompound",
        "hygiene_wa": "tap stand",
        "other_so_1": null,
        "main_wat_1": "approx 200m fromcompound",
        "num_water_": "0.0",
        "availabili": "daily",
        "condition_": "functional without damage",
        "other_cond": null,
        "reason_not": null,
        "what_damag": null,
        "other_what": null,
        "reason_cit": null,
        "efforts_ma": null,
        "accesibili": "no",
        "adaptated_": null,
        "accesibi_1": null,
        "adapted_to": null,
        "water_avai": "yes",
        "days_water": "Daily",
        "cause_of_l": null,
        "other_caus": null,
        "adaptation": null,
        "other_adap": null,
        "storage_fa": "no",
        "total_capa": null,
        "num_litres": null,
        "school_pur": "no",
        "treatment_": null,
        "other_trea": null,
        "waterborne": "no",
        "waterbor_1": null,
        "availabi_1": "children cover moredistance water system damaged",
        "other_avai": null,
        "challenges": "disabled unable accesswaterpoints children no access insufficient waterpoints",
        "other_chal": null,
        "main_sourc": "tap stand",
        "satisfied_": "yes",
        "methods_wa": null,
        "other_meth": null,
        "challenge_": "lack water treatment infrastructure issues lack storage facility",
        "main_type_": "pit latrine slab",
        "other_main": null,
        "studentsta": "yes",
        "type_stude": "pit latrine slab",
        "other_type": null,
        "pupils_sep": "yes",
        "total_at_s": null,
        "girls_toil": "1.0",
        "boys_toile": "2.0",
        "Total_pupi": "3.0",
        "ratio_pupi": "105.3",
        "pupils_sha": "0.0",
        "pupils_toi": "Within school building",
        "student_cl": "Daily",
        "reason_toi": null,
        "pupils_san": "door walls",
        "items_pupi": "water",
        "type_staff": "pit latrine slab",
        "other_ty_1": null,
        "teachers_s": "yes",
        "total_toil": null,
        "female_onl": "0.0",
        "male_only_": "0.0",
        "Total_st_1": "0",
        "ratio_staf": null,
        "shared_toi": "3.0",
        "staff_toil": "Outside building, but on premises",
        "staff_clea": "Daily",
        "reason_sta": null,
        "staff_sani": "door walls",
        "items_staf": "water",
        "mixed_fema": null,
        "mixed_male": null,
        "Toilets_mi": "0.0",
        "Total_pu_1": "323.0",
        "ratio_mixe": null,
        "mixed_hcle": null,
        "reason_hmi": null,
        "school_san": null,
        "items_mixe": null,
        "usable_toi": null,
        "modificati": null,
        "accessible": "yes",
        "modication": "handrails enough space wheelchair",
        "septic_tan": "yes",
        "sludge_was": "dig another latrine",
        "classrooms": "Daily",
        "compound_c": "Daily",
        "reason_com": null,
        "waste_gene": "Paper Plastic Glass",
        "collection": "burned on premises burned away premises",
        "waste_disp": "composit pit",
        "challeng_1": "lack bins lack awareness",
        "challeng_2": null,
        "traces_dea": "never visible",
        "challeng_3": "lack sanitation facilities damages sanitation facilities sanitation not functioning",
        "other_ch_1": null,
        "adaptati_1": "school no issue",
        "adaptati_2": null,
        "num_handwa": "0",
        "show_pupil": null,
        "water_av_1": null,
        "soap_avail": null,
        "water_av_2": null,
        "soap_ava_1": null,
        "reason_no_": null,
        "other_reas": null,
        "handwashin": null,
        "clear_sign": null,
        "accesible_": null,
        "handwash_1": null,
        "handwash_a": null,
        "handwash_2": null,
        "items_avai": "water",
        "waste_segr": "toilets within5metres toilets more5metres",
        "solidwaste": "burned on premises burned away premises",
        "times_scho": "biweekly",
        "hygiene_pr": "no",
        "when_promo": null,
        "kind_hygie": null,
        "changes_du": null,
        "notable_be": null,
        "dryspell_e": "reduced water supply disrupted water practices raised water quality",
        "march_may_": "access sanitation affected waste management system flooding stagnant water",
        "effects_fl": "caused evacuation not school regularly waterborne cases increased",
        "wash_needs": "hygiene promotion sanitation facilities",
        "improve_to": "continous inspection hygiene promotion community mobilization",
        "type_dispo": "compost pits",
        "adequate_m": "all bathrooms toilets",
        "when_waste": "monthly",
        "water_soap": "water but nosoap",
        "challeng_4": "inadequate bins irregular collection lack awareness",
        "provisions": "MHM materials MHM education girls",
        "menstrual_": "yes free",
        "challeng_5": "inadequately safe lack menstrual supplies rely on donations",
        "adapt_mens": "girls to sort issue less preferred product soap substitute",
        "improve_me": "safe sanitation facilities quality comp teaching",
        "teacher_in": "yes",
        "enumerator": "Ok Thanks",
        "uuid": "7fef0b66-7ca2-43d6-ab4b-eaadc0393da6",
        "longitude": "40.3116024",
        "latitude": "0.0982843",
        "sub_county": "Dadaab Sub County",
        "wash_nee_1": "0",
        "wash_nee_2": "1",
        "wash_nee_3": "1",
        "wash_nee_4": "0",
        "wash_nee_5": "0",
        "wash_nee_6": "0",
        "wash_nee_7": "0",
        "wash_nee_8": "0",
        "Population": "54",
        "female_toi": "204",
        "male_toile": "60",
        "Total_male": "2.0",
        "Total_fema": "1.0",
        "host_or_re": null,
        "ward": null,
        "Total_pu_2": null,
        "Total_st_2": null,
        "other_wate": null,
        "adapted__1": null,
        "other_ad_1": null,
        "Total_stud": null,
        "ratio_stud": null,
        "items_pu_1": null,
        "items_pu_2": null,
        "items_pu_3": null,
        "items_pu_4": null,
        "items_pu_5": null,
        "items_pu_6": null,
        "other_item": null,
        "Total_mixe": null,
        "ratio_mi_1": null,
        "other_modi": null,
        "other_slud": null,
        "reason_cla": null,
        "other_wast": null,
        "other_coll": null,
        "other_wa_1": null,
        "challeng_6": null,
        "other_ch_2": null,
        "challeng_7": null,
        "challeng_8": null,
        "other_ad_2": null,
        "type_of_so": null,
        "other_ty_2": null,
        "source_of_": null,
        "other_so_2": null,
        "other_hand": null,
        "other_ha_1": null,
        "other_ha_2": null,
        "other_wa_2": null,
        "other_soli": null,
        "other_drys": null,
        "other_marc": null,
        "other_wash": null,
        "other_impr": null,
        "type_dis_1": null,
        "other_ty_3": null,
        "other_ch_3": null,
        "other_prov": null,
        "other_ch_4": null,
        "other_ad_3": null,
        "other_im_1": null,
        "kind_insti": null,
        "layer": "Camp Schools",
        "path": "C:/Users/USER/OneDrive - ACTED/Desktop/Garissa County Capacity Building - REACH/Training Materials/Modules/Training Data/Garissa HF and Schools/Garissa HF and Schools/Camp Schools.geojson",
        "Risk_Level": "High Risk",
        "Distance_to_Flood_km": "0.0",
        "Poverty_Rate": "0.78",
        "Food_Poverty_Rate": "0.58",
        "Avg_HH_Income": "5169",
        "Avg_HH_Expenditure": "6177",
        "HH_Cash_Gap": "-1008",
        "Post_Assistance_Income": "13927",
        "Post_Assistance_Expenditure": "11092",
        "Post_Assistance_Surplus": "2835",
        "Vulnerability_Index": "0.79",
        "Wasting_Rate": "0.17",
        "marker_emoji": "🏫",
        "Author": "Garissa GIS Directorate — James M. Mburu",
        "NN_Vulnerability_Score": "0.551",
        "NN_Risk_Class": "High",
        "tana_buffer_zone": false
      },
      "geometry": {
        "type": "Point",
        "coordinates": [
          40.31160240000003,
          0.098284300000046
        ]
      }
    },
    {
      "type": "Feature",
      "properties": {
        "OBJECTID": "20",
        "county": "garissa",
        "camp": "Dadaab",
        "camp_locat": "IFO1",
        "school_nam": "Unity Abe-Sci",
        "school_typ": "day school",
        "school_lev": "alternative ABE",
        "role_respo": "head teacher",
        "other_role": null,
        "resp_gende": "male",
        "other_gend": null,
        "allow_obse": "no",
        "duration_w": "7-11 months",
        "num_malest": "8.0",
        "num_female": "3.0",
        "Total_staf": "11",
        "gender_pup": "boys girls",
        "num_childb": "208.0",
        "num_chilgi": "221.0",
        "Total_chil": "429.0",
        "drinking_w": "tap stand",
        "other_sour": null,
        "main_water": "on premises",
        "hygiene_wa": "tap stand",
        "other_so_1": null,
        "main_wat_1": "on premises",
        "num_water_": "2.0",
        "availabili": "daily",
        "condition_": "functional with minor damage",
        "other_cond": null,
        "reason_not": null,
        "what_damag": "taps leaking",
        "other_what": null,
        "reason_cit": "normal wear tear",
        "efforts_ma": "no effort",
        "accesibili": "no",
        "adaptated_": null,
        "accesibi_1": null,
        "adapted_to": null,
        "water_avai": "yes",
        "days_water": "Daily",
        "cause_of_l": null,
        "other_caus": null,
        "adaptation": null,
        "other_adap": null,
        "storage_fa": "yes",
        "total_capa": "5000.0",
        "num_litres": "2800.0",
        "school_pur": "no",
        "treatment_": null,
        "other_trea": null,
        "waterborne": "no",
        "waterbor_1": null,
        "availabi_1": "water sources decreased",
        "other_avai": null,
        "challenges": "disabled unable accesswaterpoints lack proper storage",
        "other_chal": null,
        "main_sourc": "tap stand",
        "satisfied_": "yes",
        "methods_wa": null,
        "other_meth": null,
        "challenge_": "we dont cook",
        "main_type_": "pit latrine slab",
        "other_main": null,
        "studentsta": "no",
        "type_stude": null,
        "other_type": null,
        "pupils_sep": null,
        "total_at_s": null,
        "girls_toil": null,
        "boys_toile": null,
        "Total_pupi": "0.0",
        "ratio_pupi": null,
        "pupils_sha": null,
        "pupils_toi": null,
        "student_cl": null,
        "reason_toi": null,
        "pupils_san": null,
        "items_pupi": null,
        "type_staff": null,
        "other_ty_1": null,
        "teachers_s": null,
        "total_toil": null,
        "female_onl": null,
        "male_only_": null,
        "Total_st_1": "0",
        "ratio_staf": null,
        "shared_toi": null,
        "staff_toil": null,
        "staff_clea": null,
        "reason_sta": null,
        "staff_sani": null,
        "items_staf": null,
        "mixed_fema": "5.0",
        "mixed_male": "5.0",
        "Toilets_mi": "10.0",
        "Total_pu_1": "440.0",
        "ratio_mixe": "44.0",
        "mixed_hcle": "Daily",
        "reason_hmi": null,
        "school_san": "door",
        "items_mixe": "water",
        "usable_toi": null,
        "modificati": null,
        "accessible": "yes",
        "modication": "path without stairs enough space wheelchair",
        "septic_tan": "no",
        "sludge_was": "openly dumped away",
        "classrooms": "Daily",
        "compound_c": "2 4 days",
        "reason_com": "lack dedicated personnel",
        "waste_gene": "Paper Plastic",
        "collection": "burned on premises",
        "waste_disp": "general waste bins",
        "challeng_1": "lack awareness lack staff",
        "challeng_2": null,
        "traces_dea": "less 10days",
        "challeng_3": "lack sanitation facilities lack privacy",
        "other_ch_1": null,
        "adaptati_1": "communal sanitation facilities",
        "adaptati_2": null,
        "num_handwa": "1",
        "show_pupil": "allow",
        "water_av_1": "water available",
        "soap_avail": "soap available",
        "water_av_2": null,
        "soap_ava_1": null,
        "reason_no_": null,
        "other_reas": null,
        "handwashin": "five metres toilet",
        "clear_sign": "yes",
        "accesible_": "no",
        "handwash_1": null,
        "handwash_a": "no",
        "handwash_2": null,
        "items_avai": "water",
        "waste_segr": "toilets more5metres",
        "solidwaste": "burned on premises",
        "times_scho": "everyday",
        "hygiene_pr": "yes",
        "when_promo": "last 30days",
        "kind_hygie": null,
        "changes_du": "yes",
        "notable_be": "increased hand practices improved hand techniques proper use toilets reduced open defaction maintenance facilities consumption safe water proper disposal waste",
        "dryspell_e": "reduced water supply increased water cost disrupted water practices",
        "march_may_": "increased water supply flooding stagnant water access sanitation affected",
        "effects_fl": "caused evacuation children commuting stress anxiety",
        "wash_needs": "access to clean wataer sanitation facilities hygiene promotion",
        "improve_to": "advocacy awareness creation assist building renovating hygiene materials schools continous inspection",
        "type_dispo": "sanitary bins",
        "adequate_m": "all bathrooms toilets",
        "when_waste": "Daily",
        "water_soap": "water and soap",
        "challeng_4": "lack awareness",
        "provisions": "bathing areas MHM materials MHM education girls",
        "menstrual_": "yes free",
        "challeng_5": "lack menstruation hygiene",
        "adapt_mens": "girls to sort issue",
        "improve_me": "provision sanitary pads safe sanitation facilities",
        "teacher_in": "yes",
        "enumerator": null,
        "uuid": "6564f1e0-4cee-4f17-a221-161ab7b5b226",
        "longitude": "40.3142287",
        "latitude": "0.098995",
        "sub_county": "Dadaab Sub County",
        "wash_nee_1": "1",
        "wash_nee_2": "1",
        "wash_nee_3": "1",
        "wash_nee_4": "0",
        "wash_nee_5": "0",
        "wash_nee_6": "0",
        "wash_nee_7": "0",
        "wash_nee_8": "0",
        "Population": "44",
        "female_toi": "45",
        "male_toile": "43",
        "Total_male": "5.0",
        "Total_fema": "5.0",
        "host_or_re": null,
        "ward": null,
        "Total_pu_2": null,
        "Total_st_2": null,
        "other_wate": null,
        "adapted__1": null,
        "other_ad_1": null,
        "Total_stud": null,
        "ratio_stud": null,
        "items_pu_1": null,
        "items_pu_2": null,
        "items_pu_3": null,
        "items_pu_4": null,
        "items_pu_5": null,
        "items_pu_6": null,
        "other_item": null,
        "Total_mixe": null,
        "ratio_mi_1": null,
        "other_modi": null,
        "other_slud": null,
        "reason_cla": null,
        "other_wast": null,
        "other_coll": null,
        "other_wa_1": null,
        "challeng_6": null,
        "other_ch_2": null,
        "challeng_7": null,
        "challeng_8": null,
        "other_ad_2": null,
        "type_of_so": null,
        "other_ty_2": null,
        "source_of_": null,
        "other_so_2": null,
        "other_hand": null,
        "other_ha_1": null,
        "other_ha_2": null,
        "other_wa_2": null,
        "other_soli": null,
        "other_drys": null,
        "other_marc": null,
        "other_wash": null,
        "other_impr": null,
        "type_dis_1": null,
        "other_ty_3": null,
        "other_ch_3": null,
        "other_prov": null,
        "other_ch_4": null,
        "other_ad_3": null,
        "other_im_1": null,
        "kind_insti": null,
        "layer": "Camp Schools",
        "path": "C:/Users/USER/OneDrive - ACTED/Desktop/Garissa County Capacity Building - REACH/Training Materials/Modules/Training Data/Garissa HF and Schools/Garissa HF and Schools/Camp Schools.geojson",
        "Risk_Level": "High Risk",
        "Distance_to_Flood_km": "0.21",
        "Poverty_Rate": "0.78",
        "Food_Poverty_Rate": "0.58",
        "Avg_HH_Income": "5169",
        "Avg_HH_Expenditure": "6177",
        "HH_Cash_Gap": "-1008",
        "Post_Assistance_Income": "13927",
        "Post_Assistance_Expenditure": "11092",
        "Post_Assistance_Surplus": "2835",
        "Vulnerability_Index": "0.786",
        "Wasting_Rate": "0.17",
        "marker_emoji": "🏫",
        "Author": "Garissa GIS Directorate — James M. Mburu",
        "NN_Vulnerability_Score": "0.551",
        "NN_Risk_Class": "High",
        "tana_buffer_zone": false
      },
      "geometry": {
        "type": "Point",
        "coordinates": [
          40.31422870000006,
          0.098995
        ]
      }
    },
    {
      "type": "Feature",
      "properties": {
        "OBJECTID": "23",
        "county": "garissa",
        "camp": "Dadaab",
        "camp_locat": "IFO1",
        "school_nam": "Friends Primary-Ae",
        "school_typ": "day school",
        "school_lev": "pre primary lower primary upper primary Junior secondary",
        "role_respo": "senior teacher",
        "other_role": null,
        "resp_gende": "male",
        "other_gend": null,
        "allow_obse": "yes",
        "duration_w": "above 5 years",
        "num_malest": "16.0",
        "num_female": "3.0",
        "Total_staf": "19",
        "gender_pup": "boys girls",
        "num_childb": "622.0",
        "num_chilgi": "480.0",
        "Total_chil": "1102.0",
        "drinking_w": "tap stand",
        "other_sour": null,
        "main_water": "approx 500m fromcompound",
        "hygiene_wa": "tap stand",
        "other_so_1": null,
        "main_wat_1": "on premises",
        "num_water_": "7.0",
        "availabili": "daily",
        "condition_": "functional with minor damage",
        "other_cond": null,
        "reason_not": null,
        "what_damag": "taps broken taps rusty",
        "other_what": null,
        "reason_cit": "normal wear tear insufficient maintenance",
        "efforts_ma": "did assesment engaged stakeholder",
        "accesibili": "yes",
        "adaptated_": "provision ramps taps can be opened",
        "accesibi_1": "yes",
        "adapted_to": "lower taps children friendly handles",
        "water_avai": "no",
        "days_water": null,
        "cause_of_l": null,
        "other_caus": null,
        "adaptation": "fetch water further",
        "other_adap": null,
        "storage_fa": "yes",
        "total_capa": "15000.0",
        "num_litres": "8000.0",
        "school_pur": "no",
        "treatment_": null,
        "other_trea": null,
        "waterborne": "no",
        "waterbor_1": null,
        "availabi_1": "water sources decreased children cover moredistance",
        "other_avai": null,
        "challenges": "disabled unable accesswaterpoints insufficient waterpoints irregular water supply",
        "other_chal": null,
        "main_sourc": "tap stand",
        "satisfied_": "yes",
        "methods_wa": null,
        "other_meth": null,
        "challenge_": "lack water treatment",
        "main_type_": "pit latrine slab",
        "other_main": null,
        "studentsta": "yes",
        "type_stude": "pit latrine slab",
        "other_type": null,
        "pupils_sep": "yes",
        "total_at_s": null,
        "girls_toil": "11.0",
        "boys_toile": "11.0",
        "Total_pupi": "22.0",
        "ratio_pupi": "50.1",
        "pupils_sha": "0.0",
        "pupils_toi": "Within school building",
        "student_cl": "2 4 days",
        "reason_toi": "lack of detergent",
        "pupils_san": "segregated toilets walls door",
        "items_pupi": "none",
        "type_staff": "pit latrine slab",
        "other_ty_1": null,
        "teachers_s": "yes",
        "total_toil": null,
        "female_onl": "2.0",
        "male_only_": "2.0",
        "Total_st_1": "4",
        "ratio_staf": "4.8",
        "shared_toi": "4.0",
        "staff_toil": "Outside building, but on premises",
        "staff_clea": "2 4 days",
        "reason_sta": "lack protective clothe lack of detergent",
        "staff_sani": "walls lock segregated toilets",
        "items_staf": "none",
        "mixed_fema": null,
        "mixed_male": null,
        "Toilets_mi": "0.0",
        "Total_pu_1": "1121.0",
        "ratio_mixe": null,
        "mixed_hcle": null,
        "reason_hmi": null,
        "school_san": null,
        "items_mixe": null,
        "usable_toi": "no",
        "modificati": null,
        "accessible": "no",
        "modication": null,
        "septic_tan": "yes",
        "sludge_was": "dig another latrine",
        "classrooms": "Daily",
        "compound_c": "2 4 days",
        "reason_com": "lack protective clothe no time to clean",
        "waste_gene": "Paper",
        "collection": "burned on premises",
        "waste_disp": "composit pit",
        "challeng_1": "lack bins",
        "challeng_2": null,
        "traces_dea": "never visible",
        "challeng_3": "sanitation too far sanitation difficult reach",
        "other_ch_1": null,
        "adaptati_1": "defecate in open",
        "adaptati_2": null,
        "num_handwa": "2 5",
        "show_pupil": "allow",
        "water_av_1": "water not available",
        "soap_avail": "soap not available",
        "water_av_2": null,
        "soap_ava_1": null,
        "reason_no_": "soap tobe providedagencies",
        "other_reas": null,
        "handwashin": "five metres toilet",
        "clear_sign": "yes",
        "accesible_": "no",
        "handwash_1": null,
        "handwash_a": "no",
        "handwash_2": null,
        "items_avai": "water",
        "waste_segr": "playground outdoor",
        "solidwaste": "burned on premises",
        "times_scho": "every two three",
        "hygiene_pr": "yes",
        "when_promo": "last 30days",
        "kind_hygie": null,
        "changes_du": "yes",
        "notable_be": "increased hand practices improved hand techniques proper use toilets reduced open defaction maintenance facilities consumption safe water proper disposal waste reduced absent girls",
        "dryspell_e": "reduced water supply disrupted water practices raised water quality",
        "march_may_": "flooding stagnant water access sanitation affected waste management system waterborn vector diseases water Infrastructure damage toilets Infrastructure damage disrupted hygiene practices",
        "effects_fl": "caused evacuation waterborne cases increased reduced extracurricula",
        "wash_needs": "handwashing facilities sanitation facilities hygiene promotion",
        "improve_to": "assist building renovating advocacy awareness creation hygiene materials schools continous inspection training teachers",
        "type_dispo": "compost pits",
        "adequate_m": "all bathrooms toilets",
        "when_waste": "monthly",
        "water_soap": "water but nosoap",
        "challeng_4": "inadequate bins irregular collection lack awareness",
        "provisions": "MHM materials",
        "menstrual_": "yes free",
        "challeng_5": "inadequately safe lack menstrual supplies lack water soap",
        "adapt_mens": "less preferred product",
        "improve_me": "provision sanitary pads safe sanitation facilities",
        "teacher_in": "yes",
        "enumerator": "We request training of femalr teachers to enable them Ssidt girls.",
        "uuid": "920a8e5b-a15a-4694-89e7-9fd4dcfb3bc1",
        "longitude": "40.3109272",
        "latitude": "0.0990162",
        "sub_county": "Dadaab Sub County",
        "wash_nee_1": "0",
        "wash_nee_2": "1",
        "wash_nee_3": "1",
        "wash_nee_4": "0",
        "wash_nee_5": "1",
        "wash_nee_6": "0",
        "wash_nee_7": "0",
        "wash_nee_8": "0",
        "Population": "37",
        "female_toi": "37",
        "male_toile": "49",
        "Total_male": "13.0",
        "Total_fema": "13.0",
        "host_or_re": null,
        "ward": null,
        "Total_pu_2": null,
        "Total_st_2": null,
        "other_wate": null,
        "adapted__1": null,
        "other_ad_1": null,
        "Total_stud": null,
        "ratio_stud": null,
        "items_pu_1": null,
        "items_pu_2": null,
        "items_pu_3": null,
        "items_pu_4": null,
        "items_pu_5": null,
        "items_pu_6": null,
        "other_item": null,
        "Total_mixe": null,
        "ratio_mi_1": null,
        "other_modi": null,
        "other_slud": null,
        "reason_cla": null,
        "other_wast": null,
        "other_coll": null,
        "other_wa_1": null,
        "challeng_6": null,
        "other_ch_2": null,
        "challeng_7": null,
        "challeng_8": null,
        "other_ad_2": null,
        "type_of_so": null,
        "other_ty_2": null,
        "source_of_": null,
        "other_so_2": null,
        "other_hand": null,
        "other_ha_1": null,
        "other_ha_2": null,
        "other_wa_2": null,
        "other_soli": null,
        "other_drys": null,
        "other_marc": null,
        "other_wash": null,
        "other_impr": null,
        "type_dis_1": null,
        "other_ty_3": null,
        "other_ch_3": null,
        "other_prov": null,
        "other_ch_4": null,
        "other_ad_3": null,
        "other_im_1": null,
        "kind_insti": null,
        "layer": "Camp Schools",
        "path": "C:/Users/USER/OneDrive - ACTED/Desktop/Garissa County Capacity Building - REACH/Training Materials/Modules/Training Data/Garissa HF and Schools/Garissa HF and Schools/Camp Schools.geojson",
        "Risk_Level": "High Risk",
        "Distance_to_Flood_km": "0.0",
        "Poverty_Rate": "0.78",
        "Food_Poverty_Rate": "0.58",
        "Avg_HH_Income": "5169",
        "Avg_HH_Expenditure": "6177",
        "HH_Cash_Gap": "-1008",
        "Post_Assistance_Income": "13927",
        "Post_Assistance_Expenditure": "11092",
        "Post_Assistance_Surplus": "2835",
        "Vulnerability_Index": "0.79",
        "Wasting_Rate": "0.17",
        "marker_emoji": "🏫",
        "Author": "Garissa GIS Directorate — James M. Mburu",
        "NN_Vulnerability_Score": "0.551",
        "NN_Risk_Class": "High",
        "tana_buffer_zone": false
      },
      "geometry": {
        "type": "Point",
        "coordinates": [
          40.31092720000004,
          0.099016200000051
        ]
      }
    },
    {
      "type": "Feature",
      "properties": {
        "OBJECTID": "69",
        "county": "garissa",
        "camp": "Dadaab",
        "camp_locat": "IFO1",
        "school_nam": "Ifo Secondary",
        "school_typ": "day school",
        "school_lev": "secondary school",
        "role_respo": "head teacher",
        "other_role": null,
        "resp_gende": "male",
        "other_gend": null,
        "allow_obse": "yes",
        "duration_w": "1-2 years",
        "num_malest": "24.0",
        "num_female": "4.0",
        "Total_staf": "28",
        "gender_pup": "boys girls",
        "num_childb": "343.0",
        "num_chilgi": "188.0",
        "Total_chil": "531.0",
        "drinking_w": "tap stand",
        "other_sour": null,
        "main_water": "on premises",
        "hygiene_wa": "tap stand",
        "other_so_1": null,
        "main_wat_1": "on premises",
        "num_water_": "6.0",
        "availabili": "daily",
        "condition_": "functional with minor damage",
        "other_cond": null,
        "reason_not": null,
        "what_damag": "taps leaking",
        "other_what": null,
        "reason_cit": "normal wear tear",
        "efforts_ma": "engaged stakeholder",
        "accesibili": "no",
        "adaptated_": null,
        "accesibi_1": null,
        "adapted_to": null,
        "water_avai": "no",
        "days_water": null,
        "cause_of_l": null,
        "other_caus": null,
        "adaptation": "fetch outside school reduce water otherpurposes community takes school",
        "other_adap": null,
        "storage_fa": "yes",
        "total_capa": "5000.0",
        "num_litres": "5000.0",
        "school_pur": "no",
        "treatment_": null,
        "other_trea": null,
        "waterborne": "no",
        "waterbor_1": null,
        "availabi_1": "water system damaged",
        "other_avai": null,
        "challenges": "insufficient waterpoints irregular water supply lack proper storage",
        "other_chal": null,
        "main_sourc": "other",
        "satisfied_": "yes",
        "methods_wa": null,
        "other_meth": null,
        "challenge_": "we dont cook",
        "main_type_": "pit latrine slab",
        "other_main": null,
        "studentsta": "yes",
        "type_stude": "pit latrine slab",
        "other_type": null,
        "pupils_sep": "yes",
        "total_at_s": null,
        "girls_toil": "4.0",
        "boys_toile": "15.0",
        "Total_pupi": "19.0",
        "ratio_pupi": "27.9",
        "pupils_sha": "0.0",
        "pupils_toi": "Outside building, but on premises",
        "student_cl": "Daily",
        "reason_toi": null,
        "pupils_san": "door walls lock solid structure segregated toilets proper drainage close dwelling",
        "items_pupi": "water Soap",
        "type_staff": "flush pit",
        "other_ty_1": null,
        "teachers_s": "yes",
        "total_toil": null,
        "female_onl": "2.0",
        "male_only_": "4.0",
        "Total_st_1": "6",
        "ratio_staf": "4.7",
        "shared_toi": "0.0",
        "staff_toil": "Outside building, but on premises",
        "staff_clea": "Daily",
        "reason_sta": null,
        "staff_sani": "door walls lock solid structure segregated toilets proper drainage close dwelling",
        "items_staf": "toilet paper water",
        "mixed_fema": null,
        "mixed_male": null,
        "Toilets_mi": "0.0",
        "Total_pu_1": "559.0",
        "ratio_mixe": null,
        "mixed_hcle": null,
        "reason_hmi": null,
        "school_san": null,
        "items_mixe": null,
        "usable_toi": null,
        "modificati": null,
        "accessible": "yes",
        "modication": "path without stairs handrails enough space wheelchair door wide forwheelchair open with minimal diff door within reach seat within reach",
        "septic_tan": "no",
        "sludge_was": "dig another latrine",
        "classrooms": "Daily",
        "compound_c": "Daily",
        "reason_com": null,
        "waste_gene": "Organic waste Paper Plastic Glass Metals Hazardous waste",
        "collection": "burned on premises burned away premises",
        "waste_disp": "composit pit",
        "challeng_1": "lack bins lack staff",
        "challeng_2": "0",
        "traces_dea": "less 10days",
        "challeng_3": "damages sanitation facilities",
        "other_ch_1": null,
        "adaptati_1": "less preferred sanitation",
        "adaptati_2": null,
        "num_handwa": "6 10",
        "show_pupil": "allow",
        "water_av_1": "water available",
        "soap_avail": "soap available",
        "water_av_2": null,
        "soap_ava_1": null,
        "reason_no_": null,
        "other_reas": null,
        "handwashin": "more than 5metres",
        "clear_sign": "yes",
        "accesible_": "yes",
        "handwash_1": "have hand ramps",
        "handwash_a": "no",
        "handwash_2": null,
        "items_avai": "toilet paper",
        "waste_segr": "playground outdoor",
        "solidwaste": "burned away premises",
        "times_scho": "everyday",
        "hygiene_pr": "yes",
        "when_promo": "last 30days",
        "kind_hygie": null,
        "changes_du": "yes",
        "notable_be": "increased hand practices improved hand techniques proper use toilets reduced open defaction proper disposal waste reduced incidences waterborne better menst hygiene reduced absent girls improved confidence students",
        "dryspell_e": "disrupted water practices",
        "march_may_": "flooding stagnant water access sanitation affected waste management system waterborn vector diseases water Infrastructure damage toilets Infrastructure damage",
        "effects_fl": "reduced extracurricula children commuting",
        "wash_needs": "hygiene promotion menstrual management infrastructure",
        "improve_to": "assist building renovating community sanitation hygiene promotion mentor girls",
        "type_dispo": "pit latrines",
        "adequate_m": "some bathrooms toilets",
        "when_waste": "dont know",
        "water_soap": "water and soap",
        "challeng_4": "inadequate bins",
        "provisions": "MHM materials MHM education girls",
        "menstrual_": "yes free",
        "challeng_5": "lack menstrual supplies rely on donations",
        "adapt_mens": "less preferred product",
        "improve_me": "provision sanitary pads safe sanitation facilities quality comp teaching",
        "teacher_in": "yes",
        "enumerator": "The situation changes with different seasons and donor responses",
        "uuid": "df16c2b4-71d3-4f9c-add2-10ac0267695a",
        "longitude": "40.3087562",
        "latitude": "0.1044398",
        "sub_county": "Dadaab Sub County",
        "wash_nee_1": "0",
        "wash_nee_2": "0",
        "wash_nee_3": "1",
        "wash_nee_4": "0",
        "wash_nee_5": "0",
        "wash_nee_6": "1",
        "wash_nee_7": "0",
        "wash_nee_8": "1",
        "Population": "22",
        "female_toi": "32",
        "male_toile": "19",
        "Total_male": "19.0",
        "Total_fema": "6.0",
        "host_or_re": null,
        "ward": null,
        "Total_pu_2": null,
        "Total_st_2": null,
        "other_wate": null,
        "adapted__1": null,
        "other_ad_1": null,
        "Total_stud": null,
        "ratio_stud": null,
        "items_pu_1": null,
        "items_pu_2": null,
        "items_pu_3": null,
        "items_pu_4": null,
        "items_pu_5": null,
        "items_pu_6": null,
        "other_item": null,
        "Total_mixe": null,
        "ratio_mi_1": null,
        "other_modi": null,
        "other_slud": null,
        "reason_cla": null,
        "other_wast": null,
        "other_coll": null,
        "other_wa_1": null,
        "challeng_6": null,
        "other_ch_2": null,
        "challeng_7": null,
        "challeng_8": null,
        "other_ad_2": null,
        "type_of_so": null,
        "other_ty_2": null,
        "source_of_": null,
        "other_so_2": null,
        "other_hand": null,
        "other_ha_1": null,
        "other_ha_2": null,
        "other_wa_2": null,
        "other_soli": null,
        "other_drys": null,
        "other_marc": null,
        "other_wash": null,
        "other_impr": null,
        "type_dis_1": null,
        "other_ty_3": null,
        "other_ch_3": null,
        "other_prov": null,
        "other_ch_4": null,
        "other_ad_3": null,
        "other_im_1": null,
        "kind_insti": null,
        "layer": "Camp Schools",
        "path": "C:/Users/USER/OneDrive - ACTED/Desktop/Garissa County Capacity Building - REACH/Training Materials/Modules/Training Data/Garissa HF and Schools/Garissa HF and Schools/Camp Schools.geojson",
        "Risk_Level": "High Risk",
        "Distance_to_Flood_km": "0.18",
        "Poverty_Rate": "0.78",
        "Food_Poverty_Rate": "0.58",
        "Avg_HH_Income": "5169",
        "Avg_HH_Expenditure": "6177",
        "HH_Cash_Gap": "-1008",
        "Post_Assistance_Income": "13927",
        "Post_Assistance_Expenditure": "11092",
        "Post_Assistance_Surplus": "2835",
        "Vulnerability_Index": "0.786",
        "Wasting_Rate": "0.17",
        "marker_emoji": "🏫",
        "Author": "Garissa GIS Directorate — James M. Mburu",
        "NN_Vulnerability_Score": "0.551",
        "NN_Risk_Class": "High",
        "tana_buffer_zone": false
      },
      "geometry": {
        "type": "Point",
        "coordinates": [
          40.30875620000006,
          0.104439800000023
        ]
      }
    },
    {
      "type": "Feature",
      "properties": {
        "OBJECTID": "490",
        "county": "garissa",
        "camp": null,
        "camp_locat": null,
        "school_nam": "Bulakheir Primary",
        "school_typ": "day school",
        "school_lev": "pre primary lower primary upper primary Junior secondary",
        "role_respo": null,
        "other_role": null,
        "resp_gende": null,
        "other_gend": null,
        "allow_obse": null,
        "duration_w": null,
        "num_malest": "4.0",
        "num_female": "5.0",
        "Total_staf": "9",
        "gender_pup": "boys girls",
        "num_childb": "187.0",
        "num_chilgi": "136.0",
        "Total_chil": null,
        "drinking_w": "piped into school",
        "other_sour": null,
        "main_water": "approx 200m fromcompound",
        "hygiene_wa": "tap stand",
        "other_so_1": null,
        "main_wat_1": null,
        "num_water_": "3.0",
        "availabili": "daily",
        "condition_": null,
        "other_cond": null,
        "reason_not": null,
        "what_damag": null,
        "other_what": null,
        "reason_cit": null,
        "efforts_ma": null,
        "accesibili": "no",
        "adaptated_": null,
        "accesibi_1": "no",
        "adapted_to": null,
        "water_avai": "yes",
        "days_water": "Daily",
        "cause_of_l": null,
        "other_caus": null,
        "adaptation": null,
        "other_adap": null,
        "storage_fa": "yes",
        "total_capa": "10000.0",
        "num_litres": "1000.0",
        "school_pur": "no",
        "treatment_": null,
        "other_trea": null,
        "waterborne": "yes",
        "waterbor_1": "110",
        "availabi_1": "no change",
        "other_avai": null,
        "challenges": "disabled unable accesswaterpoints waterpoints expensive",
        "other_chal": null,
        "main_sourc": "tap stand",
        "satisfied_": "yes",
        "methods_wa": null,
        "other_meth": null,
        "challenge_": "irregular water supply infrastructure issues",
        "main_type_": "pit latrine slab",
        "other_main": null,
        "studentsta": "no",
        "type_stude": null,
        "other_type": null,
        "pupils_sep": null,
        "total_at_s": null,
        "girls_toil": null,
        "boys_toile": null,
        "Total_pupi": null,
        "ratio_pupi": null,
        "pupils_sha": null,
        "pupils_toi": null,
        "student_cl": null,
        "reason_toi": null,
        "pupils_san": null,
        "items_pupi": null,
        "type_staff": null,
        "other_ty_1": null,
        "teachers_s": null,
        "total_toil": null,
        "female_onl": null,
        "male_only_": null,
        "Total_st_1": "0",
        "ratio_staf": null,
        "shared_toi": null,
        "staff_toil": null,
        "staff_clea": null,
        "reason_sta": null,
        "staff_sani": null,
        "items_staf": null,
        "mixed_fema": "2.0",
        "mixed_male": "2.0",
        "Toilets_mi": null,
        "Total_pu_1": null,
        "ratio_mixe": null,
        "mixed_hcle": "2 4 days",
        "reason_hmi": null,
        "school_san": null,
        "items_mixe": null,
        "usable_toi": null,
        "modificati": null,
        "accessible": "no",
        "modication": null,
        "septic_tan": "no",
        "sludge_was": "openly dumped away",
        "classrooms": "Daily",
        "compound_c": "Daily",
        "reason_com": null,
        "waste_gene": "Paper Plastic",
        "collection": "burned on premises",
        "waste_disp": "general waste bins",
        "challeng_1": "lack bins",
        "challeng_2": null,
        "traces_dea": "never visible",
        "challeng_3": "unclean unhygienic toilets lack privacy",
        "other_ch_1": null,
        "adaptati_1": "communal sanitation facilities",
        "adaptati_2": null,
        "num_handwa": "0",
        "show_pupil": null,
        "water_av_1": null,
        "soap_avail": null,
        "water_av_2": null,
        "soap_ava_1": null,
        "reason_no_": null,
        "other_reas": null,
        "handwashin": null,
        "clear_sign": null,
        "accesible_": null,
        "handwash_1": null,
        "handwash_a": "no",
        "handwash_2": null,
        "items_avai": "water",
        "waste_segr": "toilets more5metres",
        "solidwaste": "openly dumped premises",
        "times_scho": "everyday",
        "hygiene_pr": "yes",
        "when_promo": "last 30days",
        "kind_hygie": null,
        "changes_du": "yes",
        "notable_be": "maintenance facilities",
        "dryspell_e": "reduced water supply",
        "march_may_": "toilets Infrastructure damage",
        "effects_fl": "inability to learn waterborne cases increased",
        "wash_needs": "access to clean wataer handwashing facilities sanitation facilities",
        "improve_to": "assist building renovating hygiene materials schools hygiene promotion",
        "type_dispo": "sanitary bins",
        "adequate_m": "No",
        "when_waste": "Daily",
        "water_soap": "water but nosoap",
        "challeng_4": "inadequate bins irregular collection",
        "provisions": "bathing areas",
        "menstrual_": "yes free",
        "challeng_5": "inadequately safe lack of privacy lack menstruation hygiene lack water soap",
        "adapt_mens": "less preferred product",
        "improve_me": "safe sanitation facilities",
        "teacher_in": "yes",
        "enumerator": "It ended successfully",
        "uuid": "04019190-a458-4d6f-bc44-56a4ef85d893",
        "longitude": "40.296187",
        "latitude": "0.1093975",
        "sub_county": "Dadaab Sub County",
        "wash_nee_1": "1",
        "wash_nee_2": "1",
        "wash_nee_3": "0",
        "wash_nee_4": "0",
        "wash_nee_5": "1",
        "wash_nee_6": "0",
        "wash_nee_7": "0",
        "wash_nee_8": "0",
        "Population": "164",
        "female_toi": "71",
        "male_toile": "96",
        "Total_male": "2.0",
        "Total_fema": "2.0",
        "host_or_re": "host",
        "ward": "dadaab dadaab",
        "Total_pu_2": "323.0",
        "Total_st_2": "332.0",
        "other_wate": null,
        "adapted__1": null,
        "other_ad_1": null,
        "Total_stud": "0.0",
        "ratio_stud": null,
        "items_pu_1": null,
        "items_pu_2": null,
        "items_pu_3": null,
        "items_pu_4": null,
        "items_pu_5": null,
        "items_pu_6": null,
        "other_item": null,
        "Total_mixe": "4.0",
        "ratio_mi_1": "83.0",
        "other_modi": null,
        "other_slud": null,
        "reason_cla": null,
        "other_wast": null,
        "other_coll": null,
        "other_wa_1": null,
        "challeng_6": null,
        "other_ch_2": null,
        "challeng_7": null,
        "challeng_8": null,
        "other_ad_2": null,
        "type_of_so": null,
        "other_ty_2": null,
        "source_of_": null,
        "other_so_2": null,
        "other_hand": null,
        "other_ha_1": null,
        "other_ha_2": null,
        "other_wa_2": null,
        "other_soli": null,
        "other_drys": null,
        "other_marc": null,
        "other_wash": null,
        "other_impr": null,
        "type_dis_1": null,
        "other_ty_3": null,
        "other_ch_3": null,
        "other_prov": null,
        "other_ch_4": null,
        "other_ad_3": null,
        "other_im_1": null,
        "kind_insti": null,
        "layer": "Garissa Schools",
        "path": "C:/Users/USER/OneDrive - ACTED/Desktop/Garissa County Capacity Building - REACH/Training Materials/Modules/Training Data/Garissa HF and Schools/Garissa HF and Schools/Garissa Schools.geojson",
        "Risk_Level": "High Risk",
        "Distance_to_Flood_km": "0.0",
        "Poverty_Rate": "0.78",
        "Food_Poverty_Rate": "0.58",
        "Avg_HH_Income": "5169",
        "Avg_HH_Expenditure": "6177",
        "HH_Cash_Gap": "-1008",
        "Post_Assistance_Income": "13927",
        "Post_Assistance_Expenditure": "11092",
        "Post_Assistance_Surplus": "2835",
        "Vulnerability_Index": "0.79",
        "Wasting_Rate": "0.17",
        "marker_emoji": "🏫",
        "Author": "Garissa GIS Directorate — James M. Mburu",
        "NN_Vulnerability_Score": "0.551",
        "NN_Risk_Class": "High",
        "tana_buffer_zone": false
      },
      "geometry": {
        "type": "Point",
        "coordinates": [
          40.296187,
          0.109397500000057
        ]
      }
    },
    {
      "type": "Feature",
      "properties": {
        "OBJECTID": "26",
        "county": "garissa",
        "camp": "Dadaab",
        "camp_locat": "IFO1",
        "school_nam": "Halane Primary",
        "school_typ": "day school",
        "school_lev": "pre primary lower primary upper primary",
        "role_respo": "deputy teacher",
        "other_role": null,
        "resp_gende": "male",
        "other_gend": null,
        "allow_obse": "yes",
        "duration_w": "6 months and below",
        "num_malest": "14.0",
        "num_female": "4.0",
        "Total_staf": "18",
        "gender_pup": "boys girls",
        "num_childb": "640.0",
        "num_chilgi": "664.0",
        "Total_chil": "1304.0",
        "drinking_w": "tap stand",
        "other_sour": null,
        "main_water": "on premises",
        "hygiene_wa": "tap stand",
        "other_so_1": null,
        "main_wat_1": "on premises",
        "num_water_": "8.0",
        "availabili": "daily",
        "condition_": "functional without damage",
        "other_cond": null,
        "reason_not": null,
        "what_damag": null,
        "other_what": null,
        "reason_cit": null,
        "efforts_ma": null,
        "accesibili": "yes",
        "adaptated_": "non slip floor tap can be reached",
        "accesibi_1": "yes",
        "adapted_to": "lower taps children friendly handles",
        "water_avai": "yes",
        "days_water": "Daily",
        "cause_of_l": null,
        "other_caus": null,
        "adaptation": null,
        "other_adap": null,
        "storage_fa": "yes",
        "total_capa": "10000.0",
        "num_litres": "1500.0",
        "school_pur": "no",
        "treatment_": null,
        "other_trea": null,
        "waterborne": "no",
        "waterbor_1": null,
        "availabi_1": "water sources decreased",
        "other_avai": null,
        "challenges": "insufficient waterpoints",
        "other_chal": null,
        "main_sourc": "tap stand",
        "satisfied_": "yes",
        "methods_wa": null,
        "other_meth": null,
        "challenge_": "lack storage facility",
        "main_type_": "pit latrine without slab",
        "other_main": null,
        "studentsta": "yes",
        "type_stude": "pit latrine without slab",
        "other_type": null,
        "pupils_sep": "yes",
        "total_at_s": null,
        "girls_toil": "12.0",
        "boys_toile": "8.0",
        "Total_pupi": "20.0",
        "ratio_pupi": "65.2",
        "pupils_sha": "0.0",
        "pupils_toi": "Outside building, but on premises",
        "student_cl": "2 4 days",
        "reason_toi": "lack of detergent lack protective clothe lack dedicated personnel",
        "pupils_san": "door walls",
        "items_pupi": "water",
        "type_staff": "pit latrine without slab",
        "other_ty_1": null,
        "teachers_s": "no",
        "total_toil": null,
        "female_onl": null,
        "male_only_": null,
        "Total_st_1": "0",
        "ratio_staf": null,
        "shared_toi": null,
        "staff_toil": "Outside building, but on premises",
        "staff_clea": "2 4 days",
        "reason_sta": "lack of detergent lack protective clothe lack dedicated personnel",
        "staff_sani": "door walls",
        "items_staf": "water",
        "mixed_fema": null,
        "mixed_male": null,
        "Toilets_mi": "0.0",
        "Total_pu_1": "1322.0",
        "ratio_mixe": null,
        "mixed_hcle": null,
        "reason_hmi": null,
        "school_san": null,
        "items_mixe": null,
        "usable_toi": "yes",
        "modificati": "smaller toilet hole lower seat",
        "accessible": "yes",
        "modication": "handrails",
        "septic_tan": "yes",
        "sludge_was": "dig another latrine",
        "classrooms": "Daily",
        "compound_c": "Daily",
        "reason_com": null,
        "waste_gene": "Paper Plastic Metals",
        "collection": "burned on premises",
        "waste_disp": "composit pit",
        "challeng_1": "lack bins",
        "challeng_2": null,
        "traces_dea": "never visible",
        "challeng_3": "lack sanitation facilities",
        "other_ch_1": null,
        "adaptati_1": "communal sanitation facilities",
        "adaptati_2": null,
        "num_handwa": "1",
        "show_pupil": "allow",
        "water_av_1": "water not available",
        "soap_avail": "soap not available",
        "water_av_2": null,
        "soap_ava_1": null,
        "reason_no_": "run out soap",
        "other_reas": null,
        "handwashin": "school yard",
        "clear_sign": "no",
        "accesible_": "yes",
        "handwash_1": "low height taps non slip floors taps reachable taps opened minimum efforts",
        "handwash_a": "yes",
        "handwash_2": "lower taps children friendly handles",
        "items_avai": "water",
        "waste_segr": "playground outdoor",
        "solidwaste": "burned on premises",
        "times_scho": "everyday",
        "hygiene_pr": "yes",
        "when_promo": "over 1 3 months",
        "kind_hygie": null,
        "changes_du": "yes",
        "notable_be": "increased hand practices improved hand techniques proper use toilets",
        "dryspell_e": "reduced water supply disrupted water practices",
        "march_may_": "flooding stagnant water access sanitation affected waste management system water Infrastructure damage toilets Infrastructure damage bathroom Infrastructure damage classrooms Infrastructure damage",
        "effects_fl": "caused evacuation drop out school red enrollment rate",
        "wash_needs": "access to clean wataer sanitation facilities waste management",
        "improve_to": "assist building renovating hygiene materials schools training teachers",
        "type_dispo": "compost pits",
        "adequate_m": "some bathrooms toilets",
        "when_waste": "Daily",
        "water_soap": "water but nosoap",
        "challeng_4": "lack awareness inadequate bins",
        "provisions": "MHM materials MHM education girls",
        "menstrual_": "no",
        "challeng_5": "lack menstrual supplies rely on donations lack water soap insufficient water sources",
        "adapt_mens": "less preferred product",
        "improve_me": "provision sanitary pads safe sanitation facilities quality comp teaching",
        "teacher_in": "yes",
        "enumerator": "None",
        "uuid": "3b1891c1-7bc0-4d6e-8966-3c74dba344de",
        "longitude": "40.3129741",
        "latitude": "0.1100454",
        "sub_county": "Dadaab Sub County",
        "wash_nee_1": "1",
        "wash_nee_2": "1",
        "wash_nee_3": "0",
        "wash_nee_4": "1",
        "wash_nee_5": "0",
        "wash_nee_6": "0",
        "wash_nee_7": "0",
        "wash_nee_8": "0",
        "Population": "66",
        "female_toi": "56",
        "male_toile": "82",
        "Total_male": "8.0",
        "Total_fema": "12.0",
        "host_or_re": null,
        "ward": null,
        "Total_pu_2": null,
        "Total_st_2": null,
        "other_wate": null,
        "adapted__1": null,
        "other_ad_1": null,
        "Total_stud": null,
        "ratio_stud": null,
        "items_pu_1": null,
        "items_pu_2": null,
        "items_pu_3": null,
        "items_pu_4": null,
        "items_pu_5": null,
        "items_pu_6": null,
        "other_item": null,
        "Total_mixe": null,
        "ratio_mi_1": null,
        "other_modi": null,
        "other_slud": null,
        "reason_cla": null,
        "other_wast": null,
        "other_coll": null,
        "other_wa_1": null,
        "challeng_6": null,
        "other_ch_2": null,
        "challeng_7": null,
        "challeng_8": null,
        "other_ad_2": null,
        "type_of_so": null,
        "other_ty_2": null,
        "source_of_": null,
        "other_so_2": null,
        "other_hand": null,
        "other_ha_1": null,
        "other_ha_2": null,
        "other_wa_2": null,
        "other_soli": null,
        "other_drys": null,
        "other_marc": null,
        "other_wash": null,
        "other_impr": null,
        "type_dis_1": null,
        "other_ty_3": null,
        "other_ch_3": null,
        "other_prov": null,
        "other_ch_4": null,
        "other_ad_3": null,
        "other_im_1": null,
        "kind_insti": null,
        "layer": "Camp Schools",
        "path": "C:/Users/USER/OneDrive - ACTED/Desktop/Garissa County Capacity Building - REACH/Training Materials/Modules/Training Data/Garissa HF and Schools/Garissa HF and Schools/Camp Schools.geojson",
        "Risk_Level": "High Risk",
        "Distance_to_Flood_km": "0.49",
        "Poverty_Rate": "0.78",
        "Food_Poverty_Rate": "0.58",
        "Avg_HH_Income": "5169",
        "Avg_HH_Expenditure": "6177",
        "HH_Cash_Gap": "-1008",
        "Post_Assistance_Income": "13927",
        "Post_Assistance_Expenditure": "11092",
        "Post_Assistance_Surplus": "2835",
        "Vulnerability_Index": "0.78",
        "Wasting_Rate": "0.17",
        "marker_emoji": "🏫",
        "Author": "Garissa GIS Directorate — James M. Mburu",
        "NN_Vulnerability_Score": "0.551",
        "NN_Risk_Class": "High",
        "tana_buffer_zone": false
      },
      "geometry": {
        "type": "Point",
        "coordinates": [
          40.312974100000076,
          0.110045400000047
        ]
      }
    },
    {
      "type": "Feature",
      "properties": {
        "OBJECTID": "37",
        "county": "garissa",
        "camp": "Dadaab",
        "camp_locat": "IFO1",
        "school_nam": "Hornimo Primary",
        "school_typ": "day school",
        "school_lev": "pre primary lower primary upper primary Junior secondary",
        "role_respo": "teacher",
        "other_role": null,
        "resp_gende": "male",
        "other_gend": null,
        "allow_obse": "no",
        "duration_w": "3-5 years",
        "num_malest": "10.0",
        "num_female": "2.0",
        "Total_staf": "12",
        "gender_pup": "boys girls",
        "num_childb": "832.0",
        "num_chilgi": "622.0",
        "Total_chil": "1454.0",
        "drinking_w": "tap stand",
        "other_sour": null,
        "main_water": "on premises",
        "hygiene_wa": "tap stand",
        "other_so_1": null,
        "main_wat_1": "on premises",
        "num_water_": "8.0",
        "availabili": "daily",
        "condition_": "functional without damage",
        "other_cond": null,
        "reason_not": null,
        "what_damag": null,
        "other_what": null,
        "reason_cit": null,
        "efforts_ma": null,
        "accesibili": "yes",
        "adaptated_": "adequate space non slip floor tap can be reached",
        "accesibi_1": "no",
        "adapted_to": null,
        "water_avai": "yes",
        "days_water": "Daily",
        "cause_of_l": null,
        "other_caus": null,
        "adaptation": null,
        "other_adap": null,
        "storage_fa": "yes",
        "total_capa": "10000.0",
        "num_litres": "3000.0",
        "school_pur": "dont know",
        "treatment_": null,
        "other_trea": null,
        "waterborne": "no",
        "waterbor_1": null,
        "availabi_1": "water sources increased",
        "other_avai": null,
        "challenges": "no challenge",
        "other_chal": null,
        "main_sourc": "tap stand",
        "satisfied_": "yes",
        "methods_wa": null,
        "other_meth": null,
        "challenge_": "no challenge",
        "main_type_": "pit latrine slab",
        "other_main": null,
        "studentsta": "yes",
        "type_stude": "pit latrine slab",
        "other_type": null,
        "pupils_sep": "yes",
        "total_at_s": null,
        "girls_toil": "14.0",
        "boys_toile": "16.0",
        "Total_pupi": "30.0",
        "ratio_pupi": "48.5",
        "pupils_sha": "0.0",
        "pupils_toi": "Outside building, but on premises",
        "student_cl": "Daily",
        "reason_toi": null,
        "pupils_san": "door lock walls close dwelling",
        "items_pupi": "water",
        "type_staff": "pit latrine slab",
        "other_ty_1": null,
        "teachers_s": "yes",
        "total_toil": null,
        "female_onl": "14.0",
        "male_only_": "16.0",
        "Total_st_1": "30",
        "ratio_staf": "0.4",
        "shared_toi": "0.0",
        "staff_toil": "Outside building, but on premises",
        "staff_clea": "2 4 days",
        "reason_sta": "lack of detergent",
        "staff_sani": "door walls lock",
        "items_staf": "water",
        "mixed_fema": null,
        "mixed_male": null,
        "Toilets_mi": "0.0",
        "Total_pu_1": "1466.0",
        "ratio_mixe": null,
        "mixed_hcle": null,
        "reason_hmi": null,
        "school_san": null,
        "items_mixe": null,
        "usable_toi": "no",
        "modificati": null,
        "accessible": "yes",
        "modication": "path without stairs",
        "septic_tan": "yes",
        "sludge_was": "dig another latrine",
        "classrooms": "Daily",
        "compound_c": "Daily",
        "reason_com": null,
        "waste_gene": "Organic waste Paper Plastic",
        "collection": "burned on premises",
        "waste_disp": "composit pit",
        "challeng_1": "lack bins inconsistence collection",
        "challeng_2": null,
        "traces_dea": "never visible",
        "challeng_3": "lack privacy sanitation not functioning",
        "other_ch_1": null,
        "adaptati_1": "less preferred sanitation sanitation further than usual",
        "adaptati_2": null,
        "num_handwa": "1",
        "show_pupil": "allow",
        "water_av_1": "water available",
        "soap_avail": "soap not available",
        "water_av_2": null,
        "soap_ava_1": null,
        "reason_no_": "run out soap",
        "other_reas": null,
        "handwashin": "more than 5metres",
        "clear_sign": "yes",
        "accesible_": "yes",
        "handwash_1": "low height taps",
        "handwash_a": "yes",
        "handwash_2": "lower taps",
        "items_avai": "water",
        "waste_segr": "toilets more5metres",
        "solidwaste": "burned on premises",
        "times_scho": "every two three",
        "hygiene_pr": "yes",
        "when_promo": "last 30days",
        "kind_hygie": null,
        "changes_du": "yes",
        "notable_be": "increased hand practices improved hand techniques proper use toilets maintenance facilities",
        "dryspell_e": "no effect",
        "march_may_": "toilets Infrastructure damage water Infrastructure damage",
        "effects_fl": "stress anxiety",
        "wash_needs": "access to clean wataer sanitation facilities menstrual management",
        "improve_to": "assist building renovating advocacy awareness creation community sanitation hygiene materials schools hygiene promotion",
        "type_dispo": "compost pits",
        "adequate_m": "No",
        "when_waste": "weekly",
        "water_soap": "water but nosoap",
        "challeng_4": "irregular collection inadequate bins",
        "provisions": "MHM education girls boys",
        "menstrual_": "no",
        "challeng_5": "rely on donations lack menstrual supplies lack water soap",
        "adapt_mens": "girls to sort issue",
        "improve_me": "provision sanitary pads safe sanitation facilities quality comp teaching",
        "teacher_in": "yes",
        "enumerator": "No",
        "uuid": "1930d4cf-d886-40cb-92e2-6e2ff44251ce",
        "longitude": "40.307976",
        "latitude": "0.1153292",
        "sub_county": "Dadaab Sub County",
        "wash_nee_1": "1",
        "wash_nee_2": "1",
        "wash_nee_3": "0",
        "wash_nee_4": "0",
        "wash_nee_5": "0",
        "wash_nee_6": "1",
        "wash_nee_7": "0",
        "wash_nee_8": "0",
        "Population": "24",
        "female_toi": "22",
        "male_toile": "26",
        "Total_male": "32.0",
        "Total_fema": "28.0",
        "host_or_re": null,
        "ward": null,
        "Total_pu_2": null,
        "Total_st_2": null,
        "other_wate": null,
        "adapted__1": null,
        "other_ad_1": null,
        "Total_stud": null,
        "ratio_stud": null,
        "items_pu_1": null,
        "items_pu_2": null,
        "items_pu_3": null,
        "items_pu_4": null,
        "items_pu_5": null,
        "items_pu_6": null,
        "other_item": null,
        "Total_mixe": null,
        "ratio_mi_1": null,
        "other_modi": null,
        "other_slud": null,
        "reason_cla": null,
        "other_wast": null,
        "other_coll": null,
        "other_wa_1": null,
        "challeng_6": null,
        "other_ch_2": null,
        "challeng_7": null,
        "challeng_8": null,
        "other_ad_2": null,
        "type_of_so": null,
        "other_ty_2": null,
        "source_of_": null,
        "other_so_2": null,
        "other_hand": null,
        "other_ha_1": null,
        "other_ha_2": null,
        "other_wa_2": null,
        "other_soli": null,
        "other_drys": null,
        "other_marc": null,
        "other_wash": null,
        "other_impr": null,
        "type_dis_1": null,
        "other_ty_3": null,
        "other_ch_3": null,
        "other_prov": null,
        "other_ch_4": null,
        "other_ad_3": null,
        "other_im_1": null,
        "kind_insti": null,
        "layer": "Camp Schools",
        "path": "C:/Users/USER/OneDrive - ACTED/Desktop/Garissa County Capacity Building - REACH/Training Materials/Modules/Training Data/Garissa HF and Schools/Garissa HF and Schools/Camp Schools.geojson",
        "Risk_Level": "High Risk",
        "Distance_to_Flood_km": "0.0",
        "Poverty_Rate": "0.78",
        "Food_Poverty_Rate": "0.58",
        "Avg_HH_Income": "5169",
        "Avg_HH_Expenditure": "6177",
        "HH_Cash_Gap": "-1008",
        "Post_Assistance_Income": "13927",
        "Post_Assistance_Expenditure": "11092",
        "Post_Assistance_Surplus": "2835",
        "Vulnerability_Index": "0.79",
        "Wasting_Rate": "0.17",
        "marker_emoji": "🏫",
        "Author": "Garissa GIS Directorate — James M. Mburu",
        "NN_Vulnerability_Score": "0.551",
        "NN_Risk_Class": "High",
        "tana_buffer_zone": false
      },
      "geometry": {
        "type": "Point",
        "coordinates": [
          40.307976,
          0.115329200000076
        ]
      }
    },
    {
      "type": "Feature",
      "properties": {
        "OBJECTID": "19",
        "county": "garissa",
        "camp": "Dadaab",
        "camp_locat": "IFO1",
        "school_nam": "Ifo Yep Aep  Primary-Ae",
        "school_typ": "day school",
        "school_lev": "pre primary lower primary",
        "role_respo": "teacher",
        "other_role": null,
        "resp_gende": "male",
        "other_gend": null,
        "allow_obse": "yes",
        "duration_w": "7-11 months",
        "num_malest": "12.0",
        "num_female": "4.0",
        "Total_staf": "16",
        "gender_pup": "boys girls",
        "num_childb": "700.0",
        "num_chilgi": "640.0",
        "Total_chil": "1340.0",
        "drinking_w": "tap stand",
        "other_sour": null,
        "main_water": "on premises",
        "hygiene_wa": "tap stand",
        "other_so_1": null,
        "main_wat_1": "on premises",
        "num_water_": "4.0",
        "availabili": "daily",
        "condition_": "functional without damage",
        "other_cond": null,
        "reason_not": null,
        "what_damag": null,
        "other_what": null,
        "reason_cit": null,
        "efforts_ma": null,
        "accesibili": "yes",
        "adaptated_": "non slip floor tap can be reached",
        "accesibi_1": "no",
        "adapted_to": null,
        "water_avai": "yes",
        "days_water": "Daily",
        "cause_of_l": null,
        "other_caus": null,
        "adaptation": null,
        "other_adap": null,
        "storage_fa": "yes",
        "total_capa": "10000.0",
        "num_litres": "8000.0",
        "school_pur": "no",
        "treatment_": null,
        "other_trea": null,
        "waterborne": "no",
        "waterbor_1": null,
        "availabi_1": "water sources decreased",
        "other_avai": null,
        "challenges": "no challenge",
        "other_chal": null,
        "main_sourc": "tap stand",
        "satisfied_": "yes",
        "methods_wa": null,
        "other_meth": null,
        "challenge_": "no challenge",
        "main_type_": "pit latrine slab",
        "other_main": null,
        "studentsta": "yes",
        "type_stude": "pit latrine slab",
        "other_type": null,
        "pupils_sep": "yes",
        "total_at_s": null,
        "girls_toil": "12.0",
        "boys_toile": "13.0",
        "Total_pupi": "25.0",
        "ratio_pupi": "53.6",
        "pupils_sha": "0.0",
        "pupils_toi": "Within school building",
        "student_cl": "never cleaned",
        "reason_toi": "lack of detergent",
        "pupils_san": "door walls lock solid structure",
        "items_pupi": "water",
        "type_staff": "pit latrine slab",
        "other_ty_1": null,
        "teachers_s": "yes",
        "total_toil": null,
        "female_onl": "3.0",
        "male_only_": "4.0",
        "Total_st_1": "7",
        "ratio_staf": "2.3",
        "shared_toi": "0.0",
        "staff_toil": "Within school building",
        "staff_clea": "2 4 days",
        "reason_sta": "no time to clean",
        "staff_sani": "door walls lock solid structure",
        "items_staf": "water",
        "mixed_fema": null,
        "mixed_male": null,
        "Toilets_mi": "0.0",
        "Total_pu_1": "1356.0",
        "ratio_mixe": null,
        "mixed_hcle": null,
        "reason_hmi": null,
        "school_san": null,
        "items_mixe": null,
        "usable_toi": "no",
        "modificati": null,
        "accessible": "yes",
        "modication": "path without stairs enough space wheelchair",
        "septic_tan": "yes",
        "sludge_was": "dig another latrine",
        "classrooms": "2 4 days",
        "compound_c": "2 4 days",
        "reason_com": "no time to clean",
        "waste_gene": "Paper Plastic",
        "collection": "burned on premises",
        "waste_disp": "composit pit",
        "challeng_1": "lack awareness inconsistence collection lack bins",
        "challeng_2": null,
        "traces_dea": "never visible",
        "challeng_3": "no problem",
        "other_ch_1": null,
        "adaptati_1": "school no issue",
        "adaptati_2": null,
        "num_handwa": "2 5",
        "show_pupil": "did not allow",
        "water_av_1": null,
        "soap_avail": null,
        "water_av_2": "water available",
        "soap_ava_1": "soap available",
        "reason_no_": null,
        "other_reas": null,
        "handwashin": "five metres toilet food preparation are food consumption area",
        "clear_sign": "yes",
        "accesible_": "yes",
        "handwash_1": "taps reachable",
        "handwash_a": "no",
        "handwash_2": null,
        "items_avai": "water",
        "waste_segr": "toilets within5metres",
        "solidwaste": "burned on premises",
        "times_scho": "every two three",
        "hygiene_pr": "yes",
        "when_promo": "last 30days",
        "kind_hygie": null,
        "changes_du": "yes",
        "notable_be": "increased hand practices improved hand techniques proper use toilets reduced open defaction",
        "dryspell_e": "no effect",
        "march_may_": "flooding stagnant water access sanitation affected",
        "effects_fl": "caused evacuation reduced extracurricula children commuting",
        "wash_needs": "sanitation facilities waste management menstrual management",
        "improve_to": "assist building renovating continous inspection hygiene promotion community mobilization training teachers",
        "type_dispo": "compost pits",
        "adequate_m": "No",
        "when_waste": "weekly",
        "water_soap": "water and soap",
        "challeng_4": "lack awareness inadequate bins",
        "provisions": "MHM education girls",
        "menstrual_": "yes free",
        "challeng_5": "rely on donations",
        "adapt_mens": "girls to sort issue",
        "improve_me": "provision sanitary pads safe sanitation facilities",
        "teacher_in": "yes",
        "enumerator": null,
        "uuid": "f35d1684-1d9a-4c8b-b793-d79d917a652f",
        "longitude": "40.3146819",
        "latitude": "0.1201304",
        "sub_county": "Dadaab Sub County",
        "wash_nee_1": "0",
        "wash_nee_2": "1",
        "wash_nee_3": "0",
        "wash_nee_4": "1",
        "wash_nee_5": "0",
        "wash_nee_6": "1",
        "wash_nee_7": "0",
        "wash_nee_8": "0",
        "Population": "42",
        "female_toi": "43",
        "male_toile": "42",
        "Total_male": "17.0",
        "Total_fema": "15.0",
        "host_or_re": null,
        "ward": null,
        "Total_pu_2": null,
        "Total_st_2": null,
        "other_wate": null,
        "adapted__1": null,
        "other_ad_1": null,
        "Total_stud": null,
        "ratio_stud": null,
        "items_pu_1": null,
        "items_pu_2": null,
        "items_pu_3": null,
        "items_pu_4": null,
        "items_pu_5": null,
        "items_pu_6": null,
        "other_item": null,
        "Total_mixe": null,
        "ratio_mi_1": null,
        "other_modi": null,
        "other_slud": null,
        "reason_cla": null,
        "other_wast": null,
        "other_coll": null,
        "other_wa_1": null,
        "challeng_6": null,
        "other_ch_2": null,
        "challeng_7": null,
        "challeng_8": null,
        "other_ad_2": null,
        "type_of_so": null,
        "other_ty_2": null,
        "source_of_": null,
        "other_so_2": null,
        "other_hand": null,
        "other_ha_1": null,
        "other_ha_2": null,
        "other_wa_2": null,
        "other_soli": null,
        "other_drys": null,
        "other_marc": null,
        "other_wash": null,
        "other_impr": null,
        "type_dis_1": null,
        "other_ty_3": null,
        "other_ch_3": null,
        "other_prov": null,
        "other_ch_4": null,
        "other_ad_3": null,
        "other_im_1": null,
        "kind_insti": null,
        "layer": "Camp Schools",
        "path": "C:/Users/USER/OneDrive - ACTED/Desktop/Garissa County Capacity Building - REACH/Training Materials/Modules/Training Data/Garissa HF and Schools/Garissa HF and Schools/Camp Schools.geojson",
        "Risk_Level": "High Risk",
        "Distance_to_Flood_km": "0.47",
        "Poverty_Rate": "0.78",
        "Food_Poverty_Rate": "0.58",
        "Avg_HH_Income": "5169",
        "Avg_HH_Expenditure": "6177",
        "HH_Cash_Gap": "-1008",
        "Post_Assistance_Income": "13927",
        "Post_Assistance_Expenditure": "11092",
        "Post_Assistance_Surplus": "2835",
        "Vulnerability_Index": "0.781",
        "Wasting_Rate": "0.17",
        "marker_emoji": "🏫",
        "Author": "Garissa GIS Directorate — James M. Mburu",
        "NN_Vulnerability_Score": "0.551",
        "NN_Risk_Class": "High",
        "tana_buffer_zone": false
      },
      "geometry": {
        "type": "Point",
        "coordinates": [
          40.31468190000004,
          0.12013040000005
        ]
      }
    },
    {
      "type": "Feature",
      "properties": {
        "OBJECTID": "25",
        "county": "garissa",
        "camp": "Dadaab",
        "camp_locat": "IFO1",
        "school_nam": "Hormud Primary",
        "school_typ": "day school",
        "school_lev": "lower primary upper primary pre primary",
        "role_respo": "senior teacher",
        "other_role": null,
        "resp_gende": "male",
        "other_gend": null,
        "allow_obse": "yes",
        "duration_w": "6 months and below",
        "num_malest": "44.0",
        "num_female": "6.0",
        "Total_staf": "50",
        "gender_pup": "boys girls",
        "num_childb": "1045.0",
        "num_chilgi": "985.0",
        "Total_chil": "2030.0",
        "drinking_w": "tap stand",
        "other_sour": null,
        "main_water": "on premises",
        "hygiene_wa": "tap stand",
        "other_so_1": null,
        "main_wat_1": "on premises",
        "num_water_": "7.0",
        "availabili": "daily",
        "condition_": "functional with minor damage",
        "other_cond": null,
        "reason_not": null,
        "what_damag": "taps broken",
        "other_what": null,
        "reason_cit": "insufficient maintenance",
        "efforts_ma": "engaged stakeholder",
        "accesibili": "yes",
        "adaptated_": "non slip floor tap can be reached adequate space taps can be opened",
        "accesibi_1": "yes",
        "adapted_to": "lower taps children friendly handles",
        "water_avai": "yes",
        "days_water": "Daily",
        "cause_of_l": null,
        "other_caus": null,
        "adaptation": null,
        "other_adap": null,
        "storage_fa": "yes",
        "total_capa": "20000.0",
        "num_litres": "5000.0",
        "school_pur": "yes",
        "treatment_": "chlorination",
        "other_trea": null,
        "waterborne": "no",
        "waterbor_1": null,
        "availabi_1": "water sources decreased",
        "other_avai": null,
        "challenges": "insufficient waterpoints lack proper storage",
        "other_chal": null,
        "main_sourc": "tap stand",
        "satisfied_": "yes",
        "methods_wa": null,
        "other_meth": null,
        "challenge_": "no challenge",
        "main_type_": "pit latrine without slab",
        "other_main": null,
        "studentsta": "yes",
        "type_stude": "pit latrine without slab",
        "other_type": null,
        "pupils_sep": "yes",
        "total_at_s": null,
        "girls_toil": "24.0",
        "boys_toile": "27.0",
        "Total_pupi": "51.0",
        "ratio_pupi": "39.8",
        "pupils_sha": "0.0",
        "pupils_toi": "Outside building, but on premises",
        "student_cl": "2 4 days",
        "reason_toi": "lack of detergent lack dedicated personnel lack protective clothe",
        "pupils_san": "door walls",
        "items_pupi": "water",
        "type_staff": "pit latrine without slab",
        "other_ty_1": null,
        "teachers_s": "yes",
        "total_toil": null,
        "female_onl": "2.0",
        "male_only_": "2.0",
        "Total_st_1": "4",
        "ratio_staf": "12.5",
        "shared_toi": "4.0",
        "staff_toil": "Outside building, but on premises",
        "staff_clea": "2 4 days",
        "reason_sta": "lack dedicated personnel lack protective clothe lack of detergent",
        "staff_sani": "door walls",
        "items_staf": "water",
        "mixed_fema": null,
        "mixed_male": null,
        "Toilets_mi": "0.0",
        "Total_pu_1": "2080.0",
        "ratio_mixe": null,
        "mixed_hcle": null,
        "reason_hmi": null,
        "school_san": null,
        "items_mixe": null,
        "usable_toi": "yes",
        "modificati": "smaller toilet hole",
        "accessible": "yes",
        "modication": "handrails enough space wheelchair door wide forwheelchair door within reach seat within reach",
        "septic_tan": "yes",
        "sludge_was": "dig another latrine",
        "classrooms": "Daily",
        "compound_c": "Daily",
        "reason_com": null,
        "waste_gene": "Paper Plastic Metals",
        "collection": "burned on premises",
        "waste_disp": "composit pit",
        "challeng_1": "lack bins",
        "challeng_2": null,
        "traces_dea": "less 10days",
        "challeng_3": "lack sanitation facilities damages sanitation facilities sanitation too far",
        "other_ch_1": null,
        "adaptati_1": "less preferred sanitation",
        "adaptati_2": null,
        "num_handwa": "1",
        "show_pupil": "allow",
        "water_av_1": "water available",
        "soap_avail": "soap not available",
        "water_av_2": null,
        "soap_ava_1": null,
        "reason_no_": "run out soap",
        "other_reas": null,
        "handwashin": "five metres toilet food preparation are food consumption area",
        "clear_sign": "yes",
        "accesible_": "yes",
        "handwash_1": "non slip floors taps reachable",
        "handwash_a": "no",
        "handwash_2": null,
        "items_avai": "water",
        "waste_segr": "toilets more5metres food preparation area",
        "solidwaste": "burned on premises burned away premises",
        "times_scho": "everyday",
        "hygiene_pr": "yes",
        "when_promo": "over 1 3 months",
        "kind_hygie": null,
        "changes_du": "yes",
        "notable_be": "increased hand practices reduced open defaction maintenance facilities",
        "dryspell_e": "reduced water supply",
        "march_may_": "access sanitation affected waste management system flooding stagnant water",
        "effects_fl": "not school regularly",
        "wash_needs": "sanitation facilities hygiene promotion waste management",
        "improve_to": "hygiene materials schools hygiene promotion community mobilization WASH communities",
        "type_dispo": "compost pits",
        "adequate_m": "all bathrooms toilets",
        "when_waste": "monthly",
        "water_soap": "water but nosoap",
        "challeng_4": "inadequate bins irregular collection",
        "provisions": "MHM materials MHM education girls",
        "menstrual_": "yes free",
        "challeng_5": "inadequately safe lack menstrual supplies lack of privacy",
        "adapt_mens": "less preferred product soap substitute",
        "improve_me": "provision sanitary pads quality comp teaching",
        "teacher_in": "yes",
        "enumerator": "Excellent",
        "uuid": "1e89cbc2-955f-4292-a13f-db81c01eb863",
        "longitude": "40.3081742",
        "latitude": "0.1258082",
        "sub_county": "Dadaab Sub County",
        "wash_nee_1": "0",
        "wash_nee_2": "1",
        "wash_nee_3": "1",
        "wash_nee_4": "1",
        "wash_nee_5": "0",
        "wash_nee_6": "0",
        "wash_nee_7": "0",
        "wash_nee_8": "0",
        "Population": "35",
        "female_toi": "38",
        "male_toile": "38",
        "Total_male": "29.0",
        "Total_fema": "26.0",
        "host_or_re": null,
        "ward": null,
        "Total_pu_2": null,
        "Total_st_2": null,
        "other_wate": null,
        "adapted__1": null,
        "other_ad_1": null,
        "Total_stud": null,
        "ratio_stud": null,
        "items_pu_1": null,
        "items_pu_2": null,
        "items_pu_3": null,
        "items_pu_4": null,
        "items_pu_5": null,
        "items_pu_6": null,
        "other_item": null,
        "Total_mixe": null,
        "ratio_mi_1": null,
        "other_modi": null,
        "other_slud": null,
        "reason_cla": null,
        "other_wast": null,
        "other_coll": null,
        "other_wa_1": null,
        "challeng_6": null,
        "other_ch_2": null,
        "challeng_7": null,
        "challeng_8": null,
        "other_ad_2": null,
        "type_of_so": null,
        "other_ty_2": null,
        "source_of_": null,
        "other_so_2": null,
        "other_hand": null,
        "other_ha_1": null,
        "other_ha_2": null,
        "other_wa_2": null,
        "other_soli": null,
        "other_drys": null,
        "other_marc": null,
        "other_wash": null,
        "other_impr": null,
        "type_dis_1": null,
        "other_ty_3": null,
        "other_ch_3": null,
        "other_prov": null,
        "other_ch_4": null,
        "other_ad_3": null,
        "other_im_1": null,
        "kind_insti": null,
        "layer": "Camp Schools",
        "path": "C:/Users/USER/OneDrive - ACTED/Desktop/Garissa County Capacity Building - REACH/Training Materials/Modules/Training Data/Garissa HF and Schools/Garissa HF and Schools/Camp Schools.geojson",
        "Risk_Level": "Medium Risk",
        "Distance_to_Flood_km": "0.62",
        "Poverty_Rate": "0.78",
        "Food_Poverty_Rate": "0.58",
        "Avg_HH_Income": "5169",
        "Avg_HH_Expenditure": "6177",
        "HH_Cash_Gap": "-1008",
        "Post_Assistance_Income": "13927",
        "Post_Assistance_Expenditure": "11092",
        "Post_Assistance_Surplus": "2835",
        "Vulnerability_Index": "0.688",
        "Wasting_Rate": "0.17",
        "marker_emoji": "🏫",
        "Author": "Garissa GIS Directorate — James M. Mburu",
        "NN_Vulnerability_Score": "0.551",
        "NN_Risk_Class": "High",
        "tana_buffer_zone": false
      },
      "geometry": {
        "type": "Point",
        "coordinates": [
          40.30817420000005,
          0.125808200000051
        ]
      }
    },
    {
      "type": "Feature",
      "properties": {
        "OBJECTID": "470",
        "county": "garissa",
        "camp": null,
        "camp_locat": null,
        "school_nam": "Madahgisi Primary School",
        "school_typ": "day school",
        "school_lev": "Junior secondary upper primary lower primary pre primary",
        "role_respo": null,
        "other_role": null,
        "resp_gende": null,
        "other_gend": null,
        "allow_obse": null,
        "duration_w": null,
        "num_malest": "7.0",
        "num_female": "2.0",
        "Total_staf": "9",
        "gender_pup": "boys girls",
        "num_childb": "134.0",
        "num_chilgi": "167.0",
        "Total_chil": null,
        "drinking_w": "tap stand",
        "other_sour": null,
        "main_water": "on premises",
        "hygiene_wa": "tap stand",
        "other_so_1": null,
        "main_wat_1": null,
        "num_water_": "1.0",
        "availabili": "4 7 days",
        "condition_": null,
        "other_cond": null,
        "reason_not": null,
        "what_damag": null,
        "other_what": null,
        "reason_cit": null,
        "efforts_ma": null,
        "accesibili": "yes",
        "adaptated_": "tap can be reached clear path without obstructions",
        "accesibi_1": "yes",
        "adapted_to": "lower taps",
        "water_avai": "no",
        "days_water": null,
        "cause_of_l": null,
        "other_caus": null,
        "adaptation": "spend money otherpurposes children bring water home",
        "other_adap": null,
        "storage_fa": "yes",
        "total_capa": "10000.0",
        "num_litres": "500.0",
        "school_pur": "no",
        "treatment_": null,
        "other_trea": null,
        "waterborne": "no",
        "waterbor_1": null,
        "availabi_1": "water system damaged time increased 30mins children bring water home",
        "other_avai": null,
        "challenges": "waterpoints expensive lack proper storage infrastructure damaged",
        "other_chal": null,
        "main_sourc": "tap stand",
        "satisfied_": "yes",
        "methods_wa": null,
        "other_meth": null,
        "challenge_": "infrastructure issues",
        "main_type_": "pit latrine slab",
        "other_main": null,
        "studentsta": "yes",
        "type_stude": "pit latrine slab",
        "other_type": null,
        "pupils_sep": "no",
        "total_at_s": null,
        "girls_toil": null,
        "boys_toile": null,
        "Total_pupi": null,
        "ratio_pupi": null,
        "pupils_sha": null,
        "pupils_toi": "Within school building",
        "student_cl": "2 4 days",
        "reason_toi": "lack adequate water lack protective clothe lack of detergent",
        "pupils_san": "door lock solid structure proper drainage",
        "items_pupi": "water",
        "type_staff": "pit latrine slab",
        "other_ty_1": null,
        "teachers_s": "yes",
        "total_toil": null,
        "female_onl": "1.0",
        "male_only_": "1.0",
        "Total_st_1": "2",
        "ratio_staf": "4.5",
        "shared_toi": "0.0",
        "staff_toil": "Within school building",
        "staff_clea": "2 4 days",
        "reason_sta": "lack adequate water lack protective clothe lack of detergent",
        "staff_sani": "door walls lock solid structure",
        "items_staf": "water",
        "mixed_fema": null,
        "mixed_male": null,
        "Toilets_mi": null,
        "Total_pu_1": null,
        "ratio_mixe": null,
        "mixed_hcle": null,
        "reason_hmi": null,
        "school_san": null,
        "items_mixe": null,
        "usable_toi": "no",
        "modificati": null,
        "accessible": "no",
        "modication": null,
        "septic_tan": "yes",
        "sludge_was": "dig another latrine",
        "classrooms": "Daily",
        "compound_c": "Daily",
        "reason_com": null,
        "waste_gene": "Plastic Paper",
        "collection": "burned on premises",
        "waste_disp": "composit pit",
        "challeng_1": "lack bins",
        "challeng_2": null,
        "traces_dea": "never visible",
        "challeng_3": "damages sanitation facilities sanitation not functioning",
        "other_ch_1": null,
        "adaptati_1": "less preferred sanitation",
        "adaptati_2": null,
        "num_handwa": "1",
        "show_pupil": "allow",
        "water_av_1": "water available",
        "soap_avail": "soap not available",
        "water_av_2": null,
        "soap_ava_1": null,
        "reason_no_": "lack financial resources",
        "other_reas": null,
        "handwashin": "five metres toilet",
        "clear_sign": "yes",
        "accesible_": "yes",
        "handwash_1": "low height taps clear path adequate space",
        "handwash_a": "yes",
        "handwash_2": "children friendly handles",
        "items_avai": "water",
        "waste_segr": "toilets within5metres",
        "solidwaste": "burned on premises",
        "times_scho": "every two three",
        "hygiene_pr": "yes",
        "when_promo": "last 30days",
        "kind_hygie": null,
        "changes_du": "yes",
        "notable_be": "proper use toilets consumption safe water proper disposal waste reduced incidences waterborne better menst hygiene",
        "dryspell_e": "increased water cost disrupted water practices",
        "march_may_": "access sanitation affected water Infrastructure damage",
        "effects_fl": "reduced extracurricula inability to learn red enrollment rate",
        "wash_needs": "waste management hygiene promotion menstrual management",
        "improve_to": "assist building renovating hygiene materials schools part of wash projects",
        "type_dispo": "compost pits",
        "adequate_m": "No",
        "when_waste": "weekly",
        "water_soap": "no",
        "challeng_4": "too expensive",
        "provisions": "MHM education girls MHM education girls boys",
        "menstrual_": "no",
        "challeng_5": "lack menstruation hygiene lack menstrual supplies lack water soap",
        "adapt_mens": "soap substitute less preferred product",
        "improve_me": "provision sanitary pads safe sanitation facilities",
        "teacher_in": "yes",
        "enumerator": "No",
        "uuid": "42469473-8d17-4e8e-8b52-33603fc09575",
        "longitude": "40.4294916",
        "latitude": "0.1594666",
        "sub_county": "Dadaab Sub County",
        "wash_nee_1": "0",
        "wash_nee_2": "0",
        "wash_nee_3": "1",
        "wash_nee_4": "1",
        "wash_nee_5": "0",
        "wash_nee_6": "1",
        "wash_nee_7": "0",
        "wash_nee_8": "0",
        "Population": "0",
        "female_toi": "169",
        "male_toile": "141",
        "Total_male": "1.0",
        "Total_fema": "1.0",
        "host_or_re": "host",
        "ward": "liboi",
        "Total_pu_2": "301.0",
        "Total_st_2": "310.0",
        "other_wate": null,
        "adapted__1": null,
        "other_ad_1": null,
        "Total_stud": "0.0",
        "ratio_stud": null,
        "items_pu_1": null,
        "items_pu_2": null,
        "items_pu_3": null,
        "items_pu_4": null,
        "items_pu_5": null,
        "items_pu_6": null,
        "other_item": null,
        "Total_mixe": "0.0",
        "ratio_mi_1": null,
        "other_modi": null,
        "other_slud": null,
        "reason_cla": null,
        "other_wast": null,
        "other_coll": null,
        "other_wa_1": null,
        "challeng_6": null,
        "other_ch_2": null,
        "challeng_7": null,
        "challeng_8": null,
        "other_ad_2": null,
        "type_of_so": null,
        "other_ty_2": null,
        "source_of_": null,
        "other_so_2": null,
        "other_hand": null,
        "other_ha_1": null,
        "other_ha_2": null,
        "other_wa_2": null,
        "other_soli": null,
        "other_drys": null,
        "other_marc": null,
        "other_wash": null,
        "other_impr": null,
        "type_dis_1": null,
        "other_ty_3": null,
        "other_ch_3": null,
        "other_prov": null,
        "other_ch_4": null,
        "other_ad_3": null,
        "other_im_1": null,
        "kind_insti": null,
        "layer": "Garissa Schools",
        "path": "C:/Users/USER/OneDrive - ACTED/Desktop/Garissa County Capacity Building - REACH/Training Materials/Modules/Training Data/Garissa HF and Schools/Garissa HF and Schools/Garissa Schools.geojson",
        "Risk_Level": "High Risk",
        "Distance_to_Flood_km": "0.54",
        "Poverty_Rate": "0.78",
        "Food_Poverty_Rate": "0.58",
        "Avg_HH_Income": "5169",
        "Avg_HH_Expenditure": "6177",
        "HH_Cash_Gap": "-1008",
        "Post_Assistance_Income": "13927",
        "Post_Assistance_Expenditure": "11092",
        "Post_Assistance_Surplus": "2835",
        "Vulnerability_Index": "0.779",
        "Wasting_Rate": "0.17",
        "marker_emoji": "🏫",
        "Author": "Garissa GIS Directorate — James M. Mburu",
        "NN_Vulnerability_Score": "0.551",
        "NN_Risk_Class": "High",
        "tana_buffer_zone": false
      },
      "geometry": {
        "type": "Point",
        "coordinates": [
          40.42949160000006,
          0.15946660000003
        ]
      }
    },
    {
      "type": "Feature",
      "properties": {
        "OBJECTID": "484",
        "county": "garissa",
        "camp": null,
        "camp_locat": null,
        "school_nam": "Malayley Primary School",
        "school_typ": "day school",
        "school_lev": "pre primary upper primary lower primary",
        "role_respo": null,
        "other_role": null,
        "resp_gende": null,
        "other_gend": null,
        "allow_obse": null,
        "duration_w": null,
        "num_malest": "2.0",
        "num_female": "1.0",
        "Total_staf": "3",
        "gender_pup": "boys girls",
        "num_childb": "127.0",
        "num_chilgi": "88.0",
        "Total_chil": null,
        "drinking_w": "piped into school",
        "other_sour": null,
        "main_water": "morethan 500m fromcompound",
        "hygiene_wa": "tap stand",
        "other_so_1": null,
        "main_wat_1": null,
        "num_water_": "1.0",
        "availabili": "4 7 days",
        "condition_": null,
        "other_cond": null,
        "reason_not": null,
        "what_damag": null,
        "other_what": null,
        "reason_cit": null,
        "efforts_ma": null,
        "accesibili": "no",
        "adaptated_": null,
        "accesibi_1": "yes",
        "adapted_to": "lower taps",
        "water_avai": "yes",
        "days_water": "1 week",
        "cause_of_l": "lack sufficient water water infrastructure damaged",
        "other_caus": null,
        "adaptation": null,
        "other_adap": null,
        "storage_fa": "yes",
        "total_capa": "10000.0",
        "num_litres": "1500.0",
        "school_pur": "no",
        "treatment_": null,
        "other_trea": null,
        "waterborne": "no",
        "waterbor_1": null,
        "availabi_1": "water sources decreased",
        "other_avai": null,
        "challenges": "insufficient waterpoints",
        "other_chal": null,
        "main_sourc": "tap stand",
        "satisfied_": "yes",
        "methods_wa": null,
        "other_meth": null,
        "challenge_": "lack water treatment",
        "main_type_": "pit latrine slab",
        "other_main": null,
        "studentsta": "yes",
        "type_stude": "pit latrine slab",
        "other_type": null,
        "pupils_sep": "yes",
        "total_at_s": null,
        "girls_toil": "2.0",
        "boys_toile": "2.0",
        "Total_pupi": null,
        "ratio_pupi": null,
        "pupils_sha": "0.0",
        "pupils_toi": "Within school building",
        "student_cl": "2 4 days",
        "reason_toi": "lack adequate water lack protective clothe lack of detergent",
        "pupils_san": "door walls lock",
        "items_pupi": "water",
        "type_staff": "pit latrine slab",
        "other_ty_1": null,
        "teachers_s": "yes",
        "total_toil": null,
        "female_onl": "1.0",
        "male_only_": "1.0",
        "Total_st_1": "2",
        "ratio_staf": "1.5",
        "shared_toi": "0.0",
        "staff_toil": "Within school building",
        "staff_clea": "2 4 days",
        "reason_sta": "lack protective clothe lack adequate water lack of detergent",
        "staff_sani": "door walls lock",
        "items_staf": "water",
        "mixed_fema": null,
        "mixed_male": null,
        "Toilets_mi": null,
        "Total_pu_1": null,
        "ratio_mixe": null,
        "mixed_hcle": null,
        "reason_hmi": null,
        "school_san": null,
        "items_mixe": null,
        "usable_toi": "no",
        "modificati": null,
        "accessible": "no",
        "modication": null,
        "septic_tan": "no",
        "sludge_was": "openly dumped away",
        "classrooms": "Daily",
        "compound_c": "Daily",
        "reason_com": null,
        "waste_gene": "Plastic Paper",
        "collection": "dumping pit",
        "waste_disp": "general waste bins",
        "challeng_1": "lack bins",
        "challeng_2": null,
        "traces_dea": "never visible",
        "challeng_3": "damages sanitation facilities",
        "other_ch_1": null,
        "adaptati_1": "less preferred sanitation",
        "adaptati_2": null,
        "num_handwa": "0",
        "show_pupil": null,
        "water_av_1": null,
        "soap_avail": null,
        "water_av_2": null,
        "soap_ava_1": null,
        "reason_no_": null,
        "other_reas": null,
        "handwashin": null,
        "clear_sign": null,
        "accesible_": null,
        "handwash_1": null,
        "handwash_a": "no",
        "handwash_2": null,
        "items_avai": "water",
        "waste_segr": "toilets more5metres",
        "solidwaste": "openly dumped away premises",
        "times_scho": "everyday",
        "hygiene_pr": "no",
        "when_promo": null,
        "kind_hygie": null,
        "changes_du": null,
        "notable_be": null,
        "dryspell_e": "disrupted water practices",
        "march_may_": "toilets Infrastructure damage",
        "effects_fl": "drop out school inability to learn",
        "wash_needs": "infrastructure access to clean wataer handwashing facilities",
        "improve_to": "training teachers hygiene materials schools assist building renovating",
        "type_dispo": "sanitary bins",
        "adequate_m": "some bathrooms toilets",
        "when_waste": "Daily",
        "water_soap": "water but nosoap",
        "challeng_4": "inadequate bins",
        "provisions": "bathing areas",
        "menstrual_": "no",
        "challeng_5": "lack water soap lack menstrual supplies",
        "adapt_mens": "girls to sort issue",
        "improve_me": "safe sanitation facilities",
        "teacher_in": "no",
        "enumerator": "It ended successfully",
        "uuid": "48f089f4-6404-4df2-a6f7-5656b2f02a2c",
        "longitude": "40.5182333",
        "latitude": "0.1915664",
        "sub_county": "Dadaab Sub County",
        "wash_nee_1": "1",
        "wash_nee_2": "0",
        "wash_nee_3": "0",
        "wash_nee_4": "0",
        "wash_nee_5": "1",
        "wash_nee_6": "0",
        "wash_nee_7": "0",
        "wash_nee_8": "1",
        "Population": "108",
        "female_toi": "30",
        "male_toile": "43",
        "Total_male": "3.0",
        "Total_fema": "3.0",
        "host_or_re": "host",
        "ward": "damajale",
        "Total_pu_2": "215.0",
        "Total_st_2": "218.0",
        "other_wate": null,
        "adapted__1": null,
        "other_ad_1": null,
        "Total_stud": "4.0",
        "ratio_stud": "53.75",
        "items_pu_1": null,
        "items_pu_2": null,
        "items_pu_3": null,
        "items_pu_4": null,
        "items_pu_5": null,
        "items_pu_6": null,
        "other_item": null,
        "Total_mixe": "0.0",
        "ratio_mi_1": null,
        "other_modi": null,
        "other_slud": null,
        "reason_cla": null,
        "other_wast": null,
        "other_coll": null,
        "other_wa_1": null,
        "challeng_6": null,
        "other_ch_2": null,
        "challeng_7": null,
        "challeng_8": null,
        "other_ad_2": null,
        "type_of_so": null,
        "other_ty_2": null,
        "source_of_": null,
        "other_so_2": null,
        "other_hand": null,
        "other_ha_1": null,
        "other_ha_2": null,
        "other_wa_2": null,
        "other_soli": null,
        "other_drys": null,
        "other_marc": null,
        "other_wash": null,
        "other_impr": null,
        "type_dis_1": null,
        "other_ty_3": null,
        "other_ch_3": null,
        "other_prov": null,
        "other_ch_4": null,
        "other_ad_3": null,
        "other_im_1": null,
        "kind_insti": null,
        "layer": "Garissa Schools",
        "path": "C:/Users/USER/OneDrive - ACTED/Desktop/Garissa County Capacity Building - REACH/Training Materials/Modules/Training Data/Garissa HF and Schools/Garissa HF and Schools/Garissa Schools.geojson",
        "Risk_Level": "High Risk",
        "Distance_to_Flood_km": "0.24",
        "Poverty_Rate": "0.78",
        "Food_Poverty_Rate": "0.58",
        "Avg_HH_Income": "5169",
        "Avg_HH_Expenditure": "6177",
        "HH_Cash_Gap": "-1008",
        "Post_Assistance_Income": "13927",
        "Post_Assistance_Expenditure": "11092",
        "Post_Assistance_Surplus": "2835",
        "Vulnerability_Index": "0.785",
        "Wasting_Rate": "0.17",
        "marker_emoji": "🏫",
        "Author": "Garissa GIS Directorate — James M. Mburu",
        "NN_Vulnerability_Score": "0.551",
        "NN_Risk_Class": "High",
        "tana_buffer_zone": false
      },
      "geometry": {
        "type": "Point",
        "coordinates": [
          40.51823330000008,
          0.191566400000056
        ]
      }
    },
    {
      "type": "Feature",
      "properties": {
        "OBJECTID": "460",
        "county": "garissa",
        "camp": null,
        "camp_locat": null,
        "school_nam": "Malayley 1 Primary School",
        "school_typ": "day school",
        "school_lev": "pre primary lower primary upper primary Junior secondary",
        "role_respo": null,
        "other_role": null,
        "resp_gende": null,
        "other_gend": null,
        "allow_obse": null,
        "duration_w": null,
        "num_malest": "7.0",
        "num_female": "1.0",
        "Total_staf": "8",
        "gender_pup": "boys girls",
        "num_childb": "307.0",
        "num_chilgi": "353.0",
        "Total_chil": null,
        "drinking_w": "handpumps",
        "other_sour": null,
        "main_water": "approx 500m fromcompound",
        "hygiene_wa": "tap stand",
        "other_so_1": null,
        "main_wat_1": null,
        "num_water_": "1.0",
        "availabili": "1 day",
        "condition_": null,
        "other_cond": null,
        "reason_not": null,
        "what_damag": null,
        "other_what": null,
        "reason_cit": null,
        "efforts_ma": null,
        "accesibili": "yes",
        "adaptated_": "clear path without obstructions",
        "accesibi_1": "yes",
        "adapted_to": "supervision",
        "water_avai": "no",
        "days_water": null,
        "cause_of_l": null,
        "other_caus": null,
        "adaptation": "spend money otherpurposes",
        "other_adap": null,
        "storage_fa": "yes",
        "total_capa": "500.0",
        "num_litres": "300.0",
        "school_pur": "no",
        "treatment_": null,
        "other_trea": null,
        "waterborne": "no",
        "waterbor_1": null,
        "availabi_1": "water sources decreased",
        "other_avai": null,
        "challenges": "insufficient waterpoints irregular water supply lack proper storage",
        "other_chal": null,
        "main_sourc": "tap stand",
        "satisfied_": "yes",
        "methods_wa": null,
        "other_meth": null,
        "challenge_": "irregular water supply lack water treatment lack storage facility",
        "main_type_": "pit latrine slab",
        "other_main": null,
        "studentsta": "yes",
        "type_stude": "pit latrine slab",
        "other_type": null,
        "pupils_sep": "yes",
        "total_at_s": null,
        "girls_toil": "8.0",
        "boys_toile": "7.0",
        "Total_pupi": null,
        "ratio_pupi": null,
        "pupils_sha": "15.0",
        "pupils_toi": "Within school building",
        "student_cl": "2 4 days",
        "reason_toi": "lack adequate water lack of detergent",
        "pupils_san": "door walls lock",
        "items_pupi": "water",
        "type_staff": "pit latrine slab",
        "other_ty_1": null,
        "teachers_s": "no",
        "total_toil": null,
        "female_onl": null,
        "male_only_": null,
        "Total_st_1": "0",
        "ratio_staf": null,
        "shared_toi": null,
        "staff_toil": "Within school building",
        "staff_clea": "2 4 days",
        "reason_sta": "lack adequate water lack of detergent lack protective clothe",
        "staff_sani": "door walls lock",
        "items_staf": "water",
        "mixed_fema": null,
        "mixed_male": null,
        "Toilets_mi": null,
        "Total_pu_1": null,
        "ratio_mixe": null,
        "mixed_hcle": null,
        "reason_hmi": null,
        "school_san": null,
        "items_mixe": null,
        "usable_toi": "no",
        "modificati": null,
        "accessible": "no",
        "modication": null,
        "septic_tan": "yes",
        "sludge_was": "openly dumped away dig another latrine",
        "classrooms": "Daily",
        "compound_c": "2 4 days",
        "reason_com": "lack adequate water no time to clean",
        "waste_gene": "Paper",
        "collection": "burried covered premises burned away premises burned on premises",
        "waste_disp": "composit pit",
        "challeng_1": "lack bins lack awareness",
        "challeng_2": null,
        "traces_dea": "never visible",
        "challeng_3": "no problem",
        "other_ch_1": null,
        "adaptati_1": "school no issue",
        "adaptati_2": null,
        "num_handwa": "0",
        "show_pupil": null,
        "water_av_1": null,
        "soap_avail": null,
        "water_av_2": null,
        "soap_ava_1": null,
        "reason_no_": null,
        "other_reas": null,
        "handwashin": null,
        "clear_sign": null,
        "accesible_": null,
        "handwash_1": null,
        "handwash_a": "no",
        "handwash_2": null,
        "items_avai": "water",
        "waste_segr": "toilets more5metres toilets within5metres",
        "solidwaste": "burned on premises burned away premises burned covered premises openly dumped premises",
        "times_scho": "everyday",
        "hygiene_pr": "yes",
        "when_promo": "last 30days",
        "kind_hygie": null,
        "changes_du": "yes",
        "notable_be": "proper use toilets consumption safe water proper disposal waste",
        "dryspell_e": "no effect",
        "march_may_": "no effect",
        "effects_fl": "no effect",
        "wash_needs": "hygiene promotion infrastructure access to clean wataer",
        "improve_to": "hygiene materials schools continous inspection hygiene promotion community mobilization training teachers community sanitation advocacy awareness creation",
        "type_dispo": "sanitary bins",
        "adequate_m": "some bathrooms toilets",
        "when_waste": "Daily",
        "water_soap": "water but nosoap",
        "challeng_4": "lack awareness inadequate bins",
        "provisions": "MHM materials MHM education girls",
        "menstrual_": "yes free",
        "challeng_5": "no challenge",
        "adapt_mens": "school no issue",
        "improve_me": "provision sanitary pads",
        "teacher_in": "yes",
        "enumerator": null,
        "uuid": "75d8b7b5-5940-4b5f-bfd4-2cce74766114",
        "longitude": "40.523027",
        "latitude": "0.19832",
        "sub_county": "Dadaab Sub County",
        "wash_nee_1": "1",
        "wash_nee_2": "0",
        "wash_nee_3": "1",
        "wash_nee_4": "0",
        "wash_nee_5": "0",
        "wash_nee_6": "0",
        "wash_nee_7": "0",
        "wash_nee_8": "1",
        "Population": "44",
        "female_toi": "44",
        "male_toile": "45",
        "Total_male": "7.0",
        "Total_fema": "8.0",
        "host_or_re": "host",
        "ward": "liboi",
        "Total_pu_2": "660.0",
        "Total_st_2": "668.0",
        "other_wate": null,
        "adapted__1": null,
        "other_ad_1": null,
        "Total_stud": "15.0",
        "ratio_stud": "44.0",
        "items_pu_1": null,
        "items_pu_2": null,
        "items_pu_3": null,
        "items_pu_4": null,
        "items_pu_5": null,
        "items_pu_6": null,
        "other_item": null,
        "Total_mixe": "0.0",
        "ratio_mi_1": null,
        "other_modi": null,
        "other_slud": null,
        "reason_cla": null,
        "other_wast": null,
        "other_coll": null,
        "other_wa_1": null,
        "challeng_6": null,
        "other_ch_2": null,
        "challeng_7": null,
        "challeng_8": null,
        "other_ad_2": null,
        "type_of_so": null,
        "other_ty_2": null,
        "source_of_": null,
        "other_so_2": null,
        "other_hand": null,
        "other_ha_1": null,
        "other_ha_2": null,
        "other_wa_2": null,
        "other_soli": null,
        "other_drys": null,
        "other_marc": null,
        "other_wash": null,
        "other_impr": null,
        "type_dis_1": null,
        "other_ty_3": null,
        "other_ch_3": null,
        "other_prov": null,
        "other_ch_4": null,
        "other_ad_3": null,
        "other_im_1": null,
        "kind_insti": null,
        "layer": "Garissa Schools",
        "path": "C:/Users/USER/OneDrive - ACTED/Desktop/Garissa County Capacity Building - REACH/Training Materials/Modules/Training Data/Garissa HF and Schools/Garissa HF and Schools/Garissa Schools.geojson",
        "Risk_Level": "Medium Risk",
        "Distance_to_Flood_km": "0.64",
        "Poverty_Rate": "0.78",
        "Food_Poverty_Rate": "0.58",
        "Avg_HH_Income": "5169",
        "Avg_HH_Expenditure": "6177",
        "HH_Cash_Gap": "-1008",
        "Post_Assistance_Income": "13927",
        "Post_Assistance_Expenditure": "11092",
        "Post_Assistance_Surplus": "2835",
        "Vulnerability_Index": "0.687",
        "Wasting_Rate": "0.17",
        "marker_emoji": "🏫",
        "Author": "Garissa GIS Directorate — James M. Mburu",
        "NN_Vulnerability_Score": "0.551",
        "NN_Risk_Class": "High",
        "tana_buffer_zone": false
      },
      "geometry": {
        "type": "Point",
        "coordinates": [
          40.523027,
          0.19832
        ]
      }
    },
    {
      "type": "Feature",
      "properties": {
        "OBJECTID": "501",
        "county": "garissa",
        "camp": null,
        "camp_locat": null,
        "school_nam": "Alijarire Primary School",
        "school_typ": "day school",
        "school_lev": "pre primary lower primary upper primary Junior secondary",
        "role_respo": null,
        "other_role": null,
        "resp_gende": null,
        "other_gend": null,
        "allow_obse": null,
        "duration_w": null,
        "num_malest": "6.0",
        "num_female": "1.0",
        "Total_staf": "7",
        "gender_pup": "boys girls",
        "num_childb": "86.0",
        "num_chilgi": "78.0",
        "Total_chil": null,
        "drinking_w": "no water source",
        "other_sour": null,
        "main_water": null,
        "hygiene_wa": "unprotected springs",
        "other_so_1": null,
        "main_wat_1": null,
        "num_water_": null,
        "availabili": null,
        "condition_": null,
        "other_cond": null,
        "reason_not": null,
        "what_damag": null,
        "other_what": null,
        "reason_cit": null,
        "efforts_ma": null,
        "accesibili": "no",
        "adaptated_": null,
        "accesibi_1": "no",
        "adapted_to": null,
        "water_avai": "no",
        "days_water": null,
        "cause_of_l": null,
        "other_caus": null,
        "adaptation": "children bring water home",
        "other_adap": null,
        "storage_fa": "no",
        "total_capa": null,
        "num_litres": null,
        "school_pur": "no",
        "treatment_": null,
        "other_trea": null,
        "waterborne": "yes",
        "waterbor_1": "110",
        "availabi_1": "children fetch out school",
        "other_avai": null,
        "challenges": "waterpoints too far water not quality lack proper storage",
        "other_chal": null,
        "main_sourc": "unprotected springs",
        "satisfied_": "no",
        "methods_wa": "boiling",
        "other_meth": null,
        "challenge_": "lack storage facility irregular water supply limited access water",
        "main_type_": "pit latrine slab",
        "other_main": null,
        "studentsta": "no",
        "type_stude": null,
        "other_type": null,
        "pupils_sep": null,
        "total_at_s": null,
        "girls_toil": null,
        "boys_toile": null,
        "Total_pupi": null,
        "ratio_pupi": null,
        "pupils_sha": null,
        "pupils_toi": null,
        "student_cl": null,
        "reason_toi": null,
        "pupils_san": null,
        "items_pupi": null,
        "type_staff": null,
        "other_ty_1": null,
        "teachers_s": null,
        "total_toil": null,
        "female_onl": null,
        "male_only_": null,
        "Total_st_1": "0",
        "ratio_staf": null,
        "shared_toi": null,
        "staff_toil": null,
        "staff_clea": null,
        "reason_sta": null,
        "staff_sani": null,
        "items_staf": null,
        "mixed_fema": "1.0",
        "mixed_male": "0.0",
        "Toilets_mi": null,
        "Total_pu_1": null,
        "ratio_mixe": null,
        "mixed_hcle": "2 4 days",
        "reason_hmi": null,
        "school_san": null,
        "items_mixe": null,
        "usable_toi": null,
        "modificati": null,
        "accessible": "no",
        "modication": null,
        "septic_tan": "no",
        "sludge_was": "openly dumped away",
        "classrooms": "Daily",
        "compound_c": "2 4 days",
        "reason_com": "lack dedicated personnel",
        "waste_gene": "Plastic Paper",
        "collection": "burned away premises",
        "waste_disp": "composit pit",
        "challeng_1": "lack staff lack awareness",
        "challeng_2": null,
        "traces_dea": "never visible",
        "challeng_3": "lack sanitation facilities sanitation not functioning lack privacy sanitation not segrgated no access sanitation",
        "other_ch_1": null,
        "adaptati_1": "less preferred sanitation",
        "adaptati_2": null,
        "num_handwa": "0",
        "show_pupil": null,
        "water_av_1": null,
        "soap_avail": null,
        "water_av_2": null,
        "soap_ava_1": null,
        "reason_no_": null,
        "other_reas": null,
        "handwashin": null,
        "clear_sign": null,
        "accesible_": null,
        "handwash_1": null,
        "handwash_a": "no",
        "handwash_2": null,
        "items_avai": "water",
        "waste_segr": "none",
        "solidwaste": "burned away premises",
        "times_scho": "everyday",
        "hygiene_pr": "no",
        "when_promo": null,
        "kind_hygie": null,
        "changes_du": null,
        "notable_be": null,
        "dryspell_e": "disrupted water practices",
        "march_may_": "waterborn vector diseases toilets Infrastructure damage",
        "effects_fl": "children commuting",
        "wash_needs": "access to clean wataer sanitation facilities handwashing facilities",
        "improve_to": "hygiene materials schools continous inspection training teachers",
        "type_dispo": "compost pits",
        "adequate_m": "No",
        "when_waste": "monthly",
        "water_soap": "no",
        "challeng_4": "inadequate bins site disposal far",
        "provisions": "none above",
        "menstrual_": "no",
        "challeng_5": "inadequately safe lack menstrual supplies rely on donations lack menstruation hygiene lack water soap waterpoints too far",
        "adapt_mens": "less preferred product soap substitute",
        "improve_me": "provision sanitary pads safe sanitation facilities quality comp teaching",
        "teacher_in": "yes",
        "enumerator": "The only available Toilet was almost destroyed by the floods.",
        "uuid": "03fa6a56-3f8b-431a-b04f-d5e3fffdcd05",
        "longitude": "40.2037839",
        "latitude": "-1.9450735",
        "sub_county": "Ijara Sub County",
        "wash_nee_1": "1",
        "wash_nee_2": "1",
        "wash_nee_3": "0",
        "wash_nee_4": "0",
        "wash_nee_5": "1",
        "wash_nee_6": "0",
        "wash_nee_7": "0",
        "wash_nee_8": "0",
        "Population": "335",
        "female_toi": "79",
        "male_toile": "0",
        "Total_male": "0.0",
        "Total_fema": "1.0",
        "host_or_re": "host",
        "ward": "masalani",
        "Total_pu_2": "164.0",
        "Total_st_2": "171.0",
        "other_wate": null,
        "adapted__1": null,
        "other_ad_1": null,
        "Total_stud": "0.0",
        "ratio_stud": null,
        "items_pu_1": null,
        "items_pu_2": null,
        "items_pu_3": null,
        "items_pu_4": null,
        "items_pu_5": null,
        "items_pu_6": null,
        "other_item": null,
        "Total_mixe": "1.0",
        "ratio_mi_1": "171.0",
        "other_modi": null,
        "other_slud": null,
        "reason_cla": null,
        "other_wast": null,
        "other_coll": null,
        "other_wa_1": null,
        "challeng_6": null,
        "other_ch_2": null,
        "challeng_7": null,
        "challeng_8": null,
        "other_ad_2": null,
        "type_of_so": null,
        "other_ty_2": null,
        "source_of_": null,
        "other_so_2": null,
        "other_hand": null,
        "other_ha_1": null,
        "other_ha_2": null,
        "other_wa_2": null,
        "other_soli": null,
        "other_drys": null,
        "other_marc": null,
        "other_wash": null,
        "other_impr": null,
        "type_dis_1": null,
        "other_ty_3": null,
        "other_ch_3": null,
        "other_prov": null,
        "other_ch_4": null,
        "other_ad_3": null,
        "other_im_1": null,
        "kind_insti": null,
        "layer": "Garissa Schools",
        "path": "C:/Users/USER/OneDrive - ACTED/Desktop/Garissa County Capacity Building - REACH/Training Materials/Modules/Training Data/Garissa HF and Schools/Garissa HF and Schools/Garissa Schools.geojson",
        "Risk_Level": "Extreme Risk (Super El Niño)",
        "Distance_to_Flood_km": "4.55",
        "Poverty_Rate": "0.62",
        "Food_Poverty_Rate": "0.45",
        "Avg_HH_Income": "5169",
        "Avg_HH_Expenditure": "6177",
        "HH_Cash_Gap": "-1008",
        "Post_Assistance_Income": "13927",
        "Post_Assistance_Expenditure": "11092",
        "Post_Assistance_Surplus": "2835",
        "Vulnerability_Index": "0.685",
        "Wasting_Rate": "0.12",
        "marker_emoji": "🏫",
        "Author": "Garissa GIS Directorate — James M. Mburu",
        "NN_Vulnerability_Score": "0.413",
        "NN_Risk_Class": "Medium",
        "tana_buffer_zone": false
      },
      "geometry": {
        "type": "Point",
        "coordinates": [
          40.203783900000076,
          -1.945073499999978
        ]
      }
    },
    {
      "type": "Feature",
      "properties": {
        "OBJECTID": "631",
        "county": "garissa",
        "camp": null,
        "camp_locat": null,
        "school_nam": "Najah Primary",
        "school_typ": "day and boarding",
        "school_lev": "pre primary upper primary lower primary Junior secondary",
        "role_respo": null,
        "other_role": null,
        "resp_gende": null,
        "other_gend": null,
        "allow_obse": null,
        "duration_w": null,
        "num_malest": "3.0",
        "num_female": "6.0",
        "Total_staf": "9",
        "gender_pup": "boys girls",
        "num_childb": "461.0",
        "num_chilgi": "187.0",
        "Total_chil": null,
        "drinking_w": "tanker trucks",
        "other_sour": null,
        "main_water": "on premises",
        "hygiene_wa": "tap stand",
        "other_so_1": null,
        "main_wat_1": null,
        "num_water_": "2.0",
        "availabili": "2 3 days",
        "condition_": null,
        "other_cond": null,
        "reason_not": null,
        "what_damag": null,
        "other_what": null,
        "reason_cit": null,
        "efforts_ma": null,
        "accesibili": "yes",
        "adaptated_": "tap can be reached",
        "accesibi_1": "yes",
        "adapted_to": "lower taps",
        "water_avai": "yes",
        "days_water": "2 weeks",
        "cause_of_l": "lack adquate storage",
        "other_caus": null,
        "adaptation": null,
        "other_adap": null,
        "storage_fa": "yes",
        "total_capa": "5000.0",
        "num_litres": "1500.0",
        "school_pur": "no",
        "treatment_": null,
        "other_trea": null,
        "waterborne": "no",
        "waterbor_1": null,
        "availabi_1": "water sources decreased",
        "other_avai": null,
        "challenges": "lack proper storage",
        "other_chal": null,
        "main_sourc": "tanker trucks",
        "satisfied_": "yes",
        "methods_wa": null,
        "other_meth": null,
        "challenge_": "lack storage facility",
        "main_type_": "pit latrine without slab",
        "other_main": null,
        "studentsta": "yes",
        "type_stude": "pit latrine without slab",
        "other_type": null,
        "pupils_sep": "yes",
        "total_at_s": null,
        "girls_toil": "4.0",
        "boys_toile": "4.0",
        "Total_pupi": null,
        "ratio_pupi": null,
        "pupils_sha": "0.0",
        "pupils_toi": "Outside building, but on premises",
        "student_cl": "2 4 days",
        "reason_toi": "lack of detergent lack adequate water",
        "pupils_san": "lock walls door",
        "items_pupi": "water",
        "type_staff": "pit latrine without slab",
        "other_ty_1": null,
        "teachers_s": "yes",
        "total_toil": null,
        "female_onl": "2.0",
        "male_only_": "2.0",
        "Total_st_1": "4",
        "ratio_staf": "2.25",
        "shared_toi": "0.0",
        "staff_toil": "Outside building, but on premises",
        "staff_clea": "2 4 days",
        "reason_sta": "lack adequate water",
        "staff_sani": "lock walls door",
        "items_staf": "water",
        "mixed_fema": null,
        "mixed_male": null,
        "Toilets_mi": null,
        "Total_pu_1": null,
        "ratio_mixe": null,
        "mixed_hcle": null,
        "reason_hmi": null,
        "school_san": null,
        "items_mixe": null,
        "usable_toi": "yes",
        "modificati": "lower seat",
        "accessible": "no",
        "modication": null,
        "septic_tan": "yes",
        "sludge_was": "dig another latrine",
        "classrooms": "Daily",
        "compound_c": "Daily",
        "reason_com": null,
        "waste_gene": "Plastic Paper",
        "collection": "burned away premises",
        "waste_disp": "composit pit",
        "challeng_1": "lack bins",
        "challeng_2": "0",
        "traces_dea": "never visible",
        "challeng_3": "lack sanitation facilities",
        "other_ch_1": null,
        "adaptati_1": "less preferred sanitation",
        "adaptati_2": null,
        "num_handwa": "1",
        "show_pupil": "allow",
        "water_av_1": "water not available",
        "soap_avail": "soap not available",
        "water_av_2": null,
        "soap_ava_1": null,
        "reason_no_": "lack financial resources",
        "other_reas": null,
        "handwashin": "five metres toilet",
        "clear_sign": "yes",
        "accesible_": "yes",
        "handwash_1": "low height taps",
        "handwash_a": "yes",
        "handwash_2": "lower taps",
        "items_avai": "water",
        "waste_segr": "toilets within5metres",
        "solidwaste": "burned away premises",
        "times_scho": "everyday",
        "hygiene_pr": "yes",
        "when_promo": "last 30days",
        "kind_hygie": null,
        "changes_du": "yes",
        "notable_be": "improved hand techniques proper use toilets increased hand practices reduced open defaction maintenance facilities",
        "dryspell_e": "reduced water supply",
        "march_may_": "water Infrastructure damage",
        "effects_fl": "transfer other school",
        "wash_needs": "infrastructure handwashing facilities sanitation facilities",
        "improve_to": "assist building renovating continous inspection hygiene promotion",
        "type_dispo": "compost pits",
        "adequate_m": "No",
        "when_waste": "weekly",
        "water_soap": "water but nosoap",
        "challeng_4": "inadequate bins",
        "provisions": "MHM education girls MHM education girls boys",
        "menstrual_": "yes free",
        "challeng_5": "rely on donations lack menstruation hygiene lack water soap",
        "adapt_mens": "less preferred product",
        "improve_me": "safe sanitation facilities provision sanitary pads",
        "teacher_in": "yes",
        "enumerator": "No comments",
        "uuid": "e25b8899-6588-4d95-b17c-522b285bd5de",
        "longitude": "39.653223",
        "latitude": "-0.4836576",
        "sub_county": "Garissa Sub County",
        "wash_nee_1": "0",
        "wash_nee_2": "1",
        "wash_nee_3": "0",
        "wash_nee_4": "0",
        "wash_nee_5": "1",
        "wash_nee_6": "0",
        "wash_nee_7": "0",
        "wash_nee_8": "1",
        "Population": "163",
        "female_toi": "32",
        "male_toile": "77",
        "Total_male": "6.0",
        "Total_fema": "6.0",
        "host_or_re": "host",
        "ward": "iftin",
        "Total_pu_2": "648.0",
        "Total_st_2": "657.0",
        "other_wate": null,
        "adapted__1": "0.0",
        "other_ad_1": null,
        "Total_stud": "8.0",
        "ratio_stud": "81.0",
        "items_pu_1": "0",
        "items_pu_2": "0",
        "items_pu_3": "1",
        "items_pu_4": "0",
        "items_pu_5": "0",
        "items_pu_6": "0",
        "other_item": null,
        "Total_mixe": "0.0",
        "ratio_mi_1": null,
        "other_modi": null,
        "other_slud": null,
        "reason_cla": null,
        "other_wast": null,
        "other_coll": null,
        "other_wa_1": null,
        "challeng_6": null,
        "other_ch_2": null,
        "challeng_7": null,
        "challeng_8": null,
        "other_ad_2": null,
        "type_of_so": null,
        "other_ty_2": null,
        "source_of_": null,
        "other_so_2": null,
        "other_hand": null,
        "other_ha_1": null,
        "other_ha_2": null,
        "other_wa_2": null,
        "other_soli": null,
        "other_drys": null,
        "other_marc": null,
        "other_wash": null,
        "other_impr": null,
        "type_dis_1": "0.0",
        "other_ty_3": null,
        "other_ch_3": null,
        "other_prov": null,
        "other_ch_4": null,
        "other_ad_3": null,
        "other_im_1": null,
        "kind_insti": null,
        "layer": "Garissa Schools",
        "path": "C:/Users/USER/OneDrive - ACTED/Desktop/Garissa County Capacity Building - REACH/Training Materials/Modules/Training Data/Garissa HF and Schools/Garissa HF and Schools/Garissa Schools.geojson",
        "Risk_Level": "High Risk",
        "Distance_to_Flood_km": "0.3",
        "Poverty_Rate": "0.48",
        "Food_Poverty_Rate": "0.35",
        "Avg_HH_Income": "5169",
        "Avg_HH_Expenditure": "6177",
        "HH_Cash_Gap": "-1008",
        "Post_Assistance_Income": "13927",
        "Post_Assistance_Expenditure": "11092",
        "Post_Assistance_Surplus": "2835",
        "Vulnerability_Index": "0.648",
        "Wasting_Rate": "0.1",
        "marker_emoji": "🏫",
        "Author": "Garissa GIS Directorate — James M. Mburu",
        "NN_Vulnerability_Score": "0.474",
        "NN_Risk_Class": "Medium",
        "tana_buffer_zone": false
      },
      "geometry": {
        "type": "Point",
        "coordinates": [
          39.653223,
          -0.483657599999958
        ]
      }
    },
    {
      "type": "Feature",
      "properties": {
        "OBJECTID": "644",
        "county": "garissa",
        "camp": null,
        "camp_locat": null,
        "school_nam": "Al-Fatah  Primary",
        "school_typ": "day school",
        "school_lev": "pre primary Junior secondary upper primary lower primary",
        "role_respo": null,
        "other_role": null,
        "resp_gende": null,
        "other_gend": null,
        "allow_obse": null,
        "duration_w": null,
        "num_malest": "7.0",
        "num_female": "6.0",
        "Total_staf": "13",
        "gender_pup": "boys girls",
        "num_childb": "298.0",
        "num_chilgi": "218.0",
        "Total_chil": null,
        "drinking_w": "no water source",
        "other_sour": null,
        "main_water": null,
        "hygiene_wa": "no water source",
        "other_so_1": null,
        "main_wat_1": null,
        "num_water_": null,
        "availabili": null,
        "condition_": null,
        "other_cond": null,
        "reason_not": null,
        "what_damag": null,
        "other_what": null,
        "reason_cit": null,
        "efforts_ma": null,
        "accesibili": "no",
        "adaptated_": null,
        "accesibi_1": "no",
        "adapted_to": null,
        "water_avai": "yes",
        "days_water": "Daily",
        "cause_of_l": null,
        "other_caus": null,
        "adaptation": null,
        "other_adap": null,
        "storage_fa": "yes",
        "total_capa": "5000.0",
        "num_litres": "200.0",
        "school_pur": "no",
        "treatment_": null,
        "other_trea": null,
        "waterborne": "no",
        "waterbor_1": null,
        "availabi_1": "no change",
        "other_avai": null,
        "challenges": "waterpoints expensive",
        "other_chal": null,
        "main_sourc": "tanker trucks",
        "satisfied_": "yes",
        "methods_wa": null,
        "other_meth": null,
        "challenge_": "no challenge",
        "main_type_": "pit latrine slab",
        "other_main": null,
        "studentsta": "yes",
        "type_stude": "pit latrine slab",
        "other_type": null,
        "pupils_sep": "yes",
        "total_at_s": null,
        "girls_toil": "2.0",
        "boys_toile": "2.0",
        "Total_pupi": null,
        "ratio_pupi": null,
        "pupils_sha": "2.0",
        "pupils_toi": "Within school building",
        "student_cl": "Daily",
        "reason_toi": null,
        "pupils_san": "door walls lock",
        "items_pupi": "water",
        "type_staff": "pit latrine slab",
        "other_ty_1": null,
        "teachers_s": "no",
        "total_toil": null,
        "female_onl": null,
        "male_only_": null,
        "Total_st_1": "0",
        "ratio_staf": null,
        "shared_toi": null,
        "staff_toil": "Within school building",
        "staff_clea": "Daily",
        "reason_sta": null,
        "staff_sani": "door walls lock",
        "items_staf": "water",
        "mixed_fema": null,
        "mixed_male": null,
        "Toilets_mi": null,
        "Total_pu_1": null,
        "ratio_mixe": null,
        "mixed_hcle": null,
        "reason_hmi": null,
        "school_san": null,
        "items_mixe": null,
        "usable_toi": "no",
        "modificati": null,
        "accessible": "no",
        "modication": null,
        "septic_tan": "yes",
        "sludge_was": "dig another latrine",
        "classrooms": "Daily",
        "compound_c": "2 4 days",
        "reason_com": "lack adequate water",
        "waste_gene": "Paper",
        "collection": "burned on premises",
        "waste_disp": "composit pit",
        "challeng_1": "lack bins",
        "challeng_2": "0",
        "traces_dea": "never visible",
        "challeng_3": "damages sanitation facilities",
        "other_ch_1": null,
        "adaptati_1": "less preferred sanitation",
        "adaptati_2": null,
        "num_handwa": "0",
        "show_pupil": null,
        "water_av_1": null,
        "soap_avail": null,
        "water_av_2": null,
        "soap_ava_1": null,
        "reason_no_": null,
        "other_reas": null,
        "handwashin": null,
        "clear_sign": null,
        "accesible_": null,
        "handwash_1": null,
        "handwash_a": "no",
        "handwash_2": null,
        "items_avai": "water",
        "waste_segr": "toilets more5metres",
        "solidwaste": "burned on premises",
        "times_scho": "biweekly",
        "hygiene_pr": "yes",
        "when_promo": "last 30days",
        "kind_hygie": null,
        "changes_du": "yes",
        "notable_be": "improved hand techniques better menst hygiene provision safe sanitation maintenance facilities",
        "dryspell_e": "increased water cost",
        "march_may_": "toilets Infrastructure damage",
        "effects_fl": "children commuting",
        "wash_needs": "sanitation facilities handwashing facilities infrastructure",
        "improve_to": "WASH communities training teachers",
        "type_dispo": "compost pits",
        "adequate_m": "some bathrooms toilets",
        "when_waste": "weekly",
        "water_soap": "water but nosoap",
        "challeng_4": "inadequate bins",
        "provisions": "MHM materials",
        "menstrual_": "yes free",
        "challeng_5": "lack water soap",
        "adapt_mens": "school no issue",
        "improve_me": "provision sanitary pads",
        "teacher_in": "yes",
        "enumerator": "The school doesn't have any water station, hand washing facilities, no water source for the school",
        "uuid": "3a77e2b4-9651-430c-b477-71b2b1289705",
        "longitude": "39.666569",
        "latitude": "-0.4835335",
        "sub_county": "Garissa Sub County",
        "wash_nee_1": "0",
        "wash_nee_2": "1",
        "wash_nee_3": "0",
        "wash_nee_4": "0",
        "wash_nee_5": "1",
        "wash_nee_6": "0",
        "wash_nee_7": "0",
        "wash_nee_8": "1",
        "Population": "174",
        "female_toi": "112",
        "male_toile": "153",
        "Total_male": "2.0",
        "Total_fema": "2.0",
        "host_or_re": "host",
        "ward": "iftin",
        "Total_pu_2": "516.0",
        "Total_st_2": "529.0",
        "other_wate": null,
        "adapted__1": null,
        "other_ad_1": null,
        "Total_stud": "4.0",
        "ratio_stud": "129.0",
        "items_pu_1": "0",
        "items_pu_2": "0",
        "items_pu_3": "1",
        "items_pu_4": "0",
        "items_pu_5": "0",
        "items_pu_6": "0",
        "other_item": null,
        "Total_mixe": "0.0",
        "ratio_mi_1": null,
        "other_modi": null,
        "other_slud": null,
        "reason_cla": null,
        "other_wast": null,
        "other_coll": null,
        "other_wa_1": null,
        "challeng_6": null,
        "other_ch_2": null,
        "challeng_7": null,
        "challeng_8": null,
        "other_ad_2": null,
        "type_of_so": null,
        "other_ty_2": null,
        "source_of_": null,
        "other_so_2": null,
        "other_hand": null,
        "other_ha_1": null,
        "other_ha_2": null,
        "other_wa_2": null,
        "other_soli": null,
        "other_drys": null,
        "other_marc": null,
        "other_wash": null,
        "other_impr": null,
        "type_dis_1": "0.0",
        "other_ty_3": null,
        "other_ch_3": null,
        "other_prov": null,
        "other_ch_4": null,
        "other_ad_3": null,
        "other_im_1": null,
        "kind_insti": null,
        "layer": "Garissa Schools",
        "path": "C:/Users/USER/OneDrive - ACTED/Desktop/Garissa County Capacity Building - REACH/Training Materials/Modules/Training Data/Garissa HF and Schools/Garissa HF and Schools/Garissa Schools.geojson",
        "Risk_Level": "Medium Risk",
        "Distance_to_Flood_km": "1.13",
        "Poverty_Rate": "0.48",
        "Food_Poverty_Rate": "0.35",
        "Avg_HH_Income": "5169",
        "Avg_HH_Expenditure": "6177",
        "HH_Cash_Gap": "-1008",
        "Post_Assistance_Income": "13927",
        "Post_Assistance_Expenditure": "11092",
        "Post_Assistance_Surplus": "2835",
        "Vulnerability_Index": "0.541",
        "Wasting_Rate": "0.1",
        "marker_emoji": "🏫",
        "Author": "Garissa GIS Directorate — James M. Mburu",
        "NN_Vulnerability_Score": "0.473",
        "NN_Risk_Class": "Medium",
        "tana_buffer_zone": false
      },
      "geometry": {
        "type": "Point",
        "coordinates": [
          39.666569,
          -0.483533499999965
        ]
      }
    },
    {
      "type": "Feature",
      "properties": {
        "OBJECTID": "621",
        "county": "garissa",
        "camp": null,
        "camp_locat": null,
        "school_nam": "Iftin Primary School",
        "school_typ": "day school",
        "school_lev": "Junior secondary upper primary lower primary pre primary",
        "role_respo": null,
        "other_role": null,
        "resp_gende": null,
        "other_gend": null,
        "allow_obse": null,
        "duration_w": null,
        "num_malest": null,
        "num_female": "30.0",
        "Total_staf": "30",
        "gender_pup": "boys girls",
        "num_childb": "1832.0",
        "num_chilgi": "1730.0",
        "Total_chil": null,
        "drinking_w": "piped into school",
        "other_sour": null,
        "main_water": "on premises",
        "hygiene_wa": "piped into school",
        "other_so_1": null,
        "main_wat_1": null,
        "num_water_": null,
        "availabili": null,
        "condition_": null,
        "other_cond": null,
        "reason_not": null,
        "what_damag": null,
        "other_what": null,
        "reason_cit": null,
        "efforts_ma": null,
        "accesibili": "no",
        "adaptated_": null,
        "accesibi_1": "yes",
        "adapted_to": "lower taps",
        "water_avai": "yes",
        "days_water": "2 weeks",
        "cause_of_l": "lack adquate storage lack sufficient water water infrastructure damaged floos affected supply increased num pupils no funds",
        "other_caus": null,
        "adaptation": null,
        "other_adap": null,
        "storage_fa": "yes",
        "total_capa": "15000.0",
        "num_litres": "2500.0",
        "school_pur": "no",
        "treatment_": null,
        "other_trea": null,
        "waterborne": "no",
        "waterbor_1": null,
        "availabi_1": "water system damaged children cover moredistance",
        "other_avai": null,
        "challenges": "waterpoints too far disabled unable accesswaterpoints",
        "other_chal": null,
        "main_sourc": "piped into school",
        "satisfied_": "yes",
        "methods_wa": null,
        "other_meth": null,
        "challenge_": "limited access water lack water treatment infrastructure issues",
        "main_type_": "pit latrine slab",
        "other_main": null,
        "studentsta": "yes",
        "type_stude": "pit latrine slab",
        "other_type": null,
        "pupils_sep": "yes",
        "total_at_s": null,
        "girls_toil": "4.0",
        "boys_toile": "4.0",
        "Total_pupi": null,
        "ratio_pupi": null,
        "pupils_sha": "4.0",
        "pupils_toi": "Within school building",
        "student_cl": "2 4 days",
        "reason_toi": "lack adequate water lack protective clothe lack of detergent",
        "pupils_san": "door walls lock",
        "items_pupi": "water",
        "type_staff": "pit latrine slab",
        "other_ty_1": null,
        "teachers_s": "no",
        "total_toil": null,
        "female_onl": null,
        "male_only_": null,
        "Total_st_1": "0",
        "ratio_staf": null,
        "shared_toi": null,
        "staff_toil": "Within school building",
        "staff_clea": "2 4 days",
        "reason_sta": "lack adequate water lack of detergent",
        "staff_sani": "door walls lock",
        "items_staf": "water",
        "mixed_fema": null,
        "mixed_male": null,
        "Toilets_mi": null,
        "Total_pu_1": null,
        "ratio_mixe": null,
        "mixed_hcle": null,
        "reason_hmi": null,
        "school_san": null,
        "items_mixe": null,
        "usable_toi": "no",
        "modificati": null,
        "accessible": "no",
        "modication": null,
        "septic_tan": "no",
        "sludge_was": "dig another latrine",
        "classrooms": "Daily",
        "compound_c": "Daily",
        "reason_com": null,
        "waste_gene": "Paper Plastic",
        "collection": "burned away premises",
        "waste_disp": "composit pit",
        "challeng_1": "lack bins inconsistence collection",
        "challeng_2": "0",
        "traces_dea": "never visible",
        "challeng_3": "lack sanitation facilities damages sanitation facilities sanitation not functioning lack privacy",
        "other_ch_1": null,
        "adaptati_1": "less preferred sanitation defecate plastic bag communal sanitation facilities",
        "adaptati_2": null,
        "num_handwa": "2 15",
        "show_pupil": "allow",
        "water_av_1": "water available",
        "soap_avail": "soap not available",
        "water_av_2": null,
        "soap_ava_1": null,
        "reason_no_": "lack financial resources",
        "other_reas": null,
        "handwashin": "more than 5metres",
        "clear_sign": "no",
        "accesible_": "no",
        "handwash_1": null,
        "handwash_a": "yes",
        "handwash_2": "lower taps",
        "items_avai": "water",
        "waste_segr": "bathing area",
        "solidwaste": "burned away premises",
        "times_scho": "weekly",
        "hygiene_pr": "no",
        "when_promo": null,
        "kind_hygie": null,
        "changes_du": null,
        "notable_be": null,
        "dryspell_e": "reduced water supply",
        "march_may_": "increased water supply water Infrastructure damage classrooms Infrastructure damage",
        "effects_fl": "caused evacuation children commuting reduced extracurricula",
        "wash_needs": "sanitation facilities handwashing facilities infrastructure",
        "improve_to": "assist building renovating advocacy awareness creation hygiene materials schools community sanitation continous inspection hygiene promotion community mobilization WASH communities training teachers",
        "type_dispo": "sanitary bins disposal bags pit latrines",
        "adequate_m": "all bathrooms toilets",
        "when_waste": "weekly",
        "water_soap": "water but nosoap",
        "challeng_4": "inadequate bins",
        "provisions": "bathing areas",
        "menstrual_": "yes free",
        "challeng_5": "lack menstrual supplies rely on donations",
        "adapt_mens": "girls to sort issue less preferred product",
        "improve_me": "safe sanitation facilities",
        "teacher_in": "no",
        "enumerator": null,
        "uuid": "707433cc-9e8e-4bce-92ad-f882032e6ff9",
        "longitude": "39.6551127",
        "latitude": "-0.4779072",
        "sub_county": "Garissa Sub County",
        "wash_nee_1": "0",
        "wash_nee_2": "1",
        "wash_nee_3": "0",
        "wash_nee_4": "0",
        "wash_nee_5": "1",
        "wash_nee_6": "0",
        "wash_nee_7": "0",
        "wash_nee_8": "1",
        "Population": "596",
        "female_toi": "440",
        "male_toile": "458",
        "Total_male": "4.0",
        "Total_fema": "4.0",
        "host_or_re": "host",
        "ward": "iftin",
        "Total_pu_2": "3562.0",
        "Total_st_2": "3592.0",
        "other_wate": null,
        "adapted__1": "0.0",
        "other_ad_1": null,
        "Total_stud": "8.0",
        "ratio_stud": "445.25",
        "items_pu_1": "0",
        "items_pu_2": "0",
        "items_pu_3": "1",
        "items_pu_4": "0",
        "items_pu_5": "0",
        "items_pu_6": "0",
        "other_item": null,
        "Total_mixe": "0.0",
        "ratio_mi_1": null,
        "other_modi": null,
        "other_slud": null,
        "reason_cla": null,
        "other_wast": null,
        "other_coll": null,
        "other_wa_1": null,
        "challeng_6": null,
        "other_ch_2": null,
        "challeng_7": null,
        "challeng_8": null,
        "other_ad_2": null,
        "type_of_so": null,
        "other_ty_2": null,
        "source_of_": null,
        "other_so_2": null,
        "other_hand": null,
        "other_ha_1": null,
        "other_ha_2": null,
        "other_wa_2": null,
        "other_soli": null,
        "other_drys": null,
        "other_marc": null,
        "other_wash": null,
        "other_impr": null,
        "type_dis_1": "1.0",
        "other_ty_3": null,
        "other_ch_3": null,
        "other_prov": null,
        "other_ch_4": null,
        "other_ad_3": null,
        "other_im_1": null,
        "kind_insti": null,
        "layer": "Garissa Schools",
        "path": "C:/Users/USER/OneDrive - ACTED/Desktop/Garissa County Capacity Building - REACH/Training Materials/Modules/Training Data/Garissa HF and Schools/Garissa HF and Schools/Garissa Schools.geojson",
        "Risk_Level": "Medium Risk",
        "Distance_to_Flood_km": "0.7",
        "Poverty_Rate": "0.48",
        "Food_Poverty_Rate": "0.35",
        "Avg_HH_Income": "5169",
        "Avg_HH_Expenditure": "6177",
        "HH_Cash_Gap": "-1008",
        "Post_Assistance_Income": "13927",
        "Post_Assistance_Expenditure": "11092",
        "Post_Assistance_Surplus": "2835",
        "Vulnerability_Index": "0.55",
        "Wasting_Rate": "0.1",
        "marker_emoji": "🏫",
        "Author": "Garissa GIS Directorate — James M. Mburu",
        "NN_Vulnerability_Score": "0.473",
        "NN_Risk_Class": "Medium",
        "tana_buffer_zone": false
      },
      "geometry": {
        "type": "Point",
        "coordinates": [
          39.655112700000075,
          -0.477907199999947
        ]
      }
    },
    {
      "type": "Feature",
      "properties": {
        "OBJECTID": "612",
        "county": "garissa",
        "camp": null,
        "camp_locat": null,
        "school_nam": "Bula Mzuri Primary",
        "school_typ": "day school",
        "school_lev": "pre primary lower primary upper primary Junior secondary",
        "role_respo": null,
        "other_role": null,
        "resp_gende": null,
        "other_gend": null,
        "allow_obse": null,
        "duration_w": null,
        "num_malest": "9.0",
        "num_female": "5.0",
        "Total_staf": "14",
        "gender_pup": "boys girls",
        "num_childb": "367.0",
        "num_chilgi": "283.0",
        "Total_chil": null,
        "drinking_w": "tap stand",
        "other_sour": null,
        "main_water": "on premises",
        "hygiene_wa": "tap stand",
        "other_so_1": null,
        "main_wat_1": null,
        "num_water_": "3.0",
        "availabili": "daily",
        "condition_": null,
        "other_cond": null,
        "reason_not": null,
        "what_damag": null,
        "other_what": null,
        "reason_cit": null,
        "efforts_ma": null,
        "accesibili": "no",
        "adaptated_": null,
        "accesibi_1": "yes",
        "adapted_to": "lower taps children friendly handles",
        "water_avai": "yes",
        "days_water": "Daily",
        "cause_of_l": null,
        "other_caus": null,
        "adaptation": null,
        "other_adap": null,
        "storage_fa": "yes",
        "total_capa": "20000.0",
        "num_litres": "400.0",
        "school_pur": "no",
        "treatment_": null,
        "other_trea": null,
        "waterborne": "no",
        "waterbor_1": null,
        "availabi_1": "water sources increased",
        "other_avai": null,
        "challenges": "waterpoints expensive irregular water supply high consumption",
        "other_chal": null,
        "main_sourc": "tap stand",
        "satisfied_": "yes",
        "methods_wa": null,
        "other_meth": null,
        "challenge_": "no challenge",
        "main_type_": "pit latrine slab",
        "other_main": null,
        "studentsta": "yes",
        "type_stude": "pit latrine slab",
        "other_type": null,
        "pupils_sep": "yes",
        "total_at_s": null,
        "girls_toil": "4.0",
        "boys_toile": "6.0",
        "Total_pupi": null,
        "ratio_pupi": null,
        "pupils_sha": "0.0",
        "pupils_toi": "Within school building",
        "student_cl": "Daily",
        "reason_toi": null,
        "pupils_san": "door walls lock",
        "items_pupi": "water",
        "type_staff": "pit latrine slab",
        "other_ty_1": null,
        "teachers_s": "no",
        "total_toil": null,
        "female_onl": null,
        "male_only_": null,
        "Total_st_1": "0",
        "ratio_staf": null,
        "shared_toi": null,
        "staff_toil": "Within school building",
        "staff_clea": "Daily",
        "reason_sta": null,
        "staff_sani": "door walls lock",
        "items_staf": "water",
        "mixed_fema": null,
        "mixed_male": null,
        "Toilets_mi": null,
        "Total_pu_1": null,
        "ratio_mixe": null,
        "mixed_hcle": null,
        "reason_hmi": null,
        "school_san": null,
        "items_mixe": null,
        "usable_toi": "yes",
        "modificati": "lower seat",
        "accessible": "no",
        "modication": null,
        "septic_tan": "yes",
        "sludge_was": "dig another latrine",
        "classrooms": "Daily",
        "compound_c": "Daily",
        "reason_com": null,
        "waste_gene": "Paper",
        "collection": "burned on premises",
        "waste_disp": "composit pit",
        "challeng_1": "lack bins",
        "challeng_2": "0",
        "traces_dea": "never visible",
        "challeng_3": "lack sanitation facilities",
        "other_ch_1": null,
        "adaptati_1": "less preferred sanitation",
        "adaptati_2": null,
        "num_handwa": null,
        "show_pupil": null,
        "water_av_1": null,
        "soap_avail": null,
        "water_av_2": null,
        "soap_ava_1": null,
        "reason_no_": null,
        "other_reas": null,
        "handwashin": null,
        "clear_sign": null,
        "accesible_": null,
        "handwash_1": null,
        "handwash_a": "no",
        "handwash_2": null,
        "items_avai": "water",
        "waste_segr": "classrooms",
        "solidwaste": "burned on premises",
        "times_scho": "everyday",
        "hygiene_pr": "yes",
        "when_promo": "last 30days",
        "kind_hygie": null,
        "changes_du": "yes",
        "notable_be": "provision safe sanitation proper use toilets",
        "dryspell_e": "reduced water supply",
        "march_may_": "water Infrastructure damage toilets Infrastructure damage",
        "effects_fl": "inability to learn",
        "wash_needs": "handwashing facilities infrastructure sanitation facilities",
        "improve_to": "hygiene promotion",
        "type_dispo": "pit latrines",
        "adequate_m": "No",
        "when_waste": "weekly",
        "water_soap": "water but nosoap",
        "challeng_4": "inadequate bins",
        "provisions": "MHM materials",
        "menstrual_": "yes free",
        "challeng_5": "lack menstrual supplies",
        "adapt_mens": "less preferred product",
        "improve_me": "provision sanitary pads safe sanitation facilities",
        "teacher_in": "yes",
        "enumerator": null,
        "uuid": "946b8136-c0c2-4928-8db5-a21c7abe355e",
        "longitude": "39.6741978",
        "latitude": "-0.4621676",
        "sub_county": "Garissa Sub County",
        "wash_nee_1": "0",
        "wash_nee_2": "1",
        "wash_nee_3": "0",
        "wash_nee_4": "0",
        "wash_nee_5": "1",
        "wash_nee_6": "0",
        "wash_nee_7": "0",
        "wash_nee_8": "1",
        "Population": "131",
        "female_toi": "72",
        "male_toile": "63",
        "Total_male": "6.0",
        "Total_fema": "4.0",
        "host_or_re": "host",
        "ward": "galbet",
        "Total_pu_2": "650.0",
        "Total_st_2": "664.0",
        "other_wate": null,
        "adapted__1": "0.0",
        "other_ad_1": null,
        "Total_stud": "10.0",
        "ratio_stud": "65.0",
        "items_pu_1": "0",
        "items_pu_2": "0",
        "items_pu_3": "1",
        "items_pu_4": "0",
        "items_pu_5": "0",
        "items_pu_6": "0",
        "other_item": null,
        "Total_mixe": "0.0",
        "ratio_mi_1": null,
        "other_modi": null,
        "other_slud": null,
        "reason_cla": null,
        "other_wast": null,
        "other_coll": null,
        "other_wa_1": null,
        "challeng_6": null,
        "other_ch_2": null,
        "challeng_7": null,
        "challeng_8": null,
        "other_ad_2": null,
        "type_of_so": null,
        "other_ty_2": null,
        "source_of_": null,
        "other_so_2": null,
        "other_hand": null,
        "other_ha_1": null,
        "other_ha_2": null,
        "other_wa_2": "Infront of the classrooms",
        "other_soli": null,
        "other_drys": null,
        "other_marc": null,
        "other_wash": null,
        "other_impr": null,
        "type_dis_1": "1.0",
        "other_ty_3": null,
        "other_ch_3": null,
        "other_prov": null,
        "other_ch_4": null,
        "other_ad_3": null,
        "other_im_1": null,
        "kind_insti": null,
        "layer": "Garissa Schools",
        "path": "C:/Users/USER/OneDrive - ACTED/Desktop/Garissa County Capacity Building - REACH/Training Materials/Modules/Training Data/Garissa HF and Schools/Garissa HF and Schools/Garissa Schools.geojson",
        "Risk_Level": "Extreme Risk (Super El Niño)",
        "Distance_to_Flood_km": "3.44",
        "Poverty_Rate": "0.48",
        "Food_Poverty_Rate": "0.35",
        "Avg_HH_Income": "5169",
        "Avg_HH_Expenditure": "6177",
        "HH_Cash_Gap": "-1008",
        "Post_Assistance_Income": "13927",
        "Post_Assistance_Expenditure": "11092",
        "Post_Assistance_Surplus": "2835",
        "Vulnerability_Index": "0.645",
        "Wasting_Rate": "0.1",
        "marker_emoji": "🏫",
        "Author": "Garissa GIS Directorate — James M. Mburu",
        "NN_Vulnerability_Score": "0.391",
        "NN_Risk_Class": "Medium",
        "tana_buffer_zone": false
      },
      "geometry": {
        "type": "Point",
        "coordinates": [
          39.67419780000006,
          -0.46216759999993
        ]
      }
    },
    {
      "type": "Feature",
      "properties": {
        "OBJECTID": "611",
        "county": "garissa",
        "camp": null,
        "camp_locat": null,
        "school_nam": "Garissa Primary",
        "school_typ": "day and boarding",
        "school_lev": "pre primary lower primary upper primary Junior secondary",
        "role_respo": null,
        "other_role": null,
        "resp_gende": null,
        "other_gend": null,
        "allow_obse": null,
        "duration_w": null,
        "num_malest": "13.0",
        "num_female": null,
        "Total_staf": "13",
        "gender_pup": "boys girls",
        "num_childb": "1062.0",
        "num_chilgi": "915.0",
        "Total_chil": null,
        "drinking_w": "piped into school",
        "other_sour": null,
        "main_water": "on premises",
        "hygiene_wa": "piped into school",
        "other_so_1": null,
        "main_wat_1": null,
        "num_water_": null,
        "availabili": null,
        "condition_": null,
        "other_cond": null,
        "reason_not": null,
        "what_damag": null,
        "other_what": null,
        "reason_cit": null,
        "efforts_ma": null,
        "accesibili": "yes",
        "adaptated_": "provision ramps non slip floor tap can be reached adequate space",
        "accesibi_1": "yes",
        "adapted_to": "lower taps",
        "water_avai": "yes",
        "days_water": "2 weeks",
        "cause_of_l": "lack adquate storage",
        "other_caus": null,
        "adaptation": null,
        "other_adap": null,
        "storage_fa": "yes",
        "total_capa": "38000.0",
        "num_litres": "5000.0",
        "school_pur": "no",
        "treatment_": null,
        "other_trea": null,
        "waterborne": "no",
        "waterbor_1": null,
        "availabi_1": "water sources decreased",
        "other_avai": null,
        "challenges": "waterpoints expensive lack proper storage infrastructure damaged",
        "other_chal": null,
        "main_sourc": "piped into school",
        "satisfied_": "yes",
        "methods_wa": null,
        "other_meth": null,
        "challenge_": "lack storage facility",
        "main_type_": "flush pit",
        "other_main": null,
        "studentsta": "yes",
        "type_stude": "flush pit",
        "other_type": null,
        "pupils_sep": "yes",
        "total_at_s": null,
        "girls_toil": "12.0",
        "boys_toile": "14.0",
        "Total_pupi": null,
        "ratio_pupi": null,
        "pupils_sha": "0.0",
        "pupils_toi": "Outside building, but on premises",
        "student_cl": "Daily",
        "reason_toi": null,
        "pupils_san": "walls door lock",
        "items_pupi": "water",
        "type_staff": "flush pit",
        "other_ty_1": null,
        "teachers_s": "yes",
        "total_toil": null,
        "female_onl": null,
        "male_only_": null,
        "Total_st_1": "0",
        "ratio_staf": null,
        "shared_toi": "6.0",
        "staff_toil": "Outside building, but on premises",
        "staff_clea": "Daily",
        "reason_sta": null,
        "staff_sani": "lock walls door",
        "items_staf": "water",
        "mixed_fema": null,
        "mixed_male": null,
        "Toilets_mi": null,
        "Total_pu_1": null,
        "ratio_mixe": null,
        "mixed_hcle": null,
        "reason_hmi": null,
        "school_san": null,
        "items_mixe": null,
        "usable_toi": "yes",
        "modificati": "lower seat",
        "accessible": "yes",
        "modication": "handrails seat within reach",
        "septic_tan": "yes",
        "sludge_was": "dig another latrine",
        "classrooms": "Daily",
        "compound_c": "Daily",
        "reason_com": null,
        "waste_gene": "Plastic Paper",
        "collection": "burned away premises",
        "waste_disp": "composit pit",
        "challeng_1": "lack bins lack awareness",
        "challeng_2": "0",
        "traces_dea": "never visible",
        "challeng_3": "lack sanitation facilities community out using",
        "other_ch_1": null,
        "adaptati_1": "less preferred sanitation",
        "adaptati_2": null,
        "num_handwa": "6 10",
        "show_pupil": "allow",
        "water_av_1": "water not available",
        "soap_avail": "soap not available",
        "water_av_2": null,
        "soap_ava_1": null,
        "reason_no_": "lack financial resources",
        "other_reas": null,
        "handwashin": "five metres toilet",
        "clear_sign": "yes",
        "accesible_": "yes",
        "handwash_1": "low height taps",
        "handwash_a": "yes",
        "handwash_2": "lower taps",
        "items_avai": "water",
        "waste_segr": "toilets within5metres",
        "solidwaste": "burned away premises",
        "times_scho": "everyday",
        "hygiene_pr": "yes",
        "when_promo": "last 30days",
        "kind_hygie": null,
        "changes_du": "yes",
        "notable_be": "increased hand practices improved hand techniques proper use toilets reduced open defaction maintenance facilities proper disposal waste",
        "dryspell_e": "reduced water supply",
        "march_may_": "increased water supply",
        "effects_fl": "drop out school",
        "wash_needs": "handwashing facilities infrastructure sanitation facilities",
        "improve_to": "training teachers WASH communities community mobilization",
        "type_dispo": "compost pits",
        "adequate_m": "No",
        "when_waste": "Daily",
        "water_soap": "no",
        "challeng_4": "lack awareness inadequate bins",
        "provisions": "none above",
        "menstrual_": "no",
        "challeng_5": "lack of privacy lack menstrual supplies",
        "adapt_mens": "less preferred product",
        "improve_me": "safe sanitation facilities",
        "teacher_in": "yes",
        "enumerator": null,
        "uuid": "8b9b0787-6aef-4dc4-b8b8-2dc44720b5b0",
        "longitude": "39.6457933",
        "latitude": "-0.4564657",
        "sub_county": "Garissa Sub County",
        "wash_nee_1": "0",
        "wash_nee_2": "1",
        "wash_nee_3": "0",
        "wash_nee_4": "0",
        "wash_nee_5": "1",
        "wash_nee_6": "0",
        "wash_nee_7": "0",
        "wash_nee_8": "1",
        "Population": "124",
        "female_toi": "76",
        "male_toile": "77",
        "Total_male": "14.0",
        "Total_fema": "12.0",
        "host_or_re": "host",
        "ward": "iftin",
        "Total_pu_2": "1977.0",
        "Total_st_2": "1990.0",
        "other_wate": null,
        "adapted__1": "0.0",
        "other_ad_1": null,
        "Total_stud": "26.0",
        "ratio_stud": "76.04",
        "items_pu_1": "0",
        "items_pu_2": "0",
        "items_pu_3": "1",
        "items_pu_4": "0",
        "items_pu_5": "0",
        "items_pu_6": "0",
        "other_item": null,
        "Total_mixe": "0.0",
        "ratio_mi_1": null,
        "other_modi": null,
        "other_slud": null,
        "reason_cla": null,
        "other_wast": null,
        "other_coll": null,
        "other_wa_1": null,
        "challeng_6": null,
        "other_ch_2": null,
        "challeng_7": null,
        "challeng_8": null,
        "other_ad_2": null,
        "type_of_so": null,
        "other_ty_2": null,
        "source_of_": null,
        "other_so_2": null,
        "other_hand": null,
        "other_ha_1": null,
        "other_ha_2": null,
        "other_wa_2": null,
        "other_soli": null,
        "other_drys": null,
        "other_marc": null,
        "other_wash": null,
        "other_impr": null,
        "type_dis_1": "0.0",
        "other_ty_3": null,
        "other_ch_3": null,
        "other_prov": null,
        "other_ch_4": null,
        "other_ad_3": null,
        "other_im_1": null,
        "kind_insti": null,
        "layer": "Garissa Schools",
        "path": "C:/Users/USER/OneDrive - ACTED/Desktop/Garissa County Capacity Building - REACH/Training Materials/Modules/Training Data/Garissa HF and Schools/Garissa HF and Schools/Garissa Schools.geojson",
        "Risk_Level": "Medium Risk",
        "Distance_to_Flood_km": "0.9",
        "Poverty_Rate": "0.48",
        "Food_Poverty_Rate": "0.35",
        "Avg_HH_Income": "5169",
        "Avg_HH_Expenditure": "6177",
        "HH_Cash_Gap": "-1008",
        "Post_Assistance_Income": "13927",
        "Post_Assistance_Expenditure": "11092",
        "Post_Assistance_Surplus": "2835",
        "Vulnerability_Index": "0.546",
        "Wasting_Rate": "0.1",
        "marker_emoji": "🏫",
        "Author": "Garissa GIS Directorate — James M. Mburu",
        "NN_Vulnerability_Score": "0.473",
        "NN_Risk_Class": "Medium",
        "tana_buffer_zone": false
      },
      "geometry": {
        "type": "Point",
        "coordinates": [
          39.64579330000004,
          -0.456465699999967
        ]
      }
    },
    {
      "type": "Feature",
      "properties": {
        "OBJECTID": "590",
        "county": "garissa",
        "camp": null,
        "camp_locat": null,
        "school_nam": "Ap Goodwish Primary School",
        "school_typ": "day school",
        "school_lev": "Junior secondary upper primary lower primary pre primary",
        "role_respo": null,
        "other_role": null,
        "resp_gende": null,
        "other_gend": null,
        "allow_obse": null,
        "duration_w": null,
        "num_malest": "6.0",
        "num_female": null,
        "Total_staf": "6",
        "gender_pup": "boys girls",
        "num_childb": "411.0",
        "num_chilgi": "353.0",
        "Total_chil": null,
        "drinking_w": "tap stand",
        "other_sour": null,
        "main_water": "on premises",
        "hygiene_wa": "tap stand",
        "other_so_1": null,
        "main_wat_1": null,
        "num_water_": "3.0",
        "availabili": "2 3 days",
        "condition_": null,
        "other_cond": null,
        "reason_not": null,
        "what_damag": null,
        "other_what": null,
        "reason_cit": null,
        "efforts_ma": null,
        "accesibili": "yes",
        "adaptated_": "adequate space",
        "accesibi_1": "yes",
        "adapted_to": "lower taps",
        "water_avai": "no",
        "days_water": null,
        "cause_of_l": null,
        "other_caus": null,
        "adaptation": "fetch outside school fetch water further",
        "other_adap": null,
        "storage_fa": "yes",
        "total_capa": "5000.0",
        "num_litres": "250.0",
        "school_pur": "no",
        "treatment_": null,
        "other_trea": null,
        "waterborne": "no",
        "waterbor_1": null,
        "availabi_1": "water system damaged",
        "other_avai": null,
        "challenges": "waterpoints expensive lack proper storage infrastructure damaged",
        "other_chal": null,
        "main_sourc": "tap stand",
        "satisfied_": "yes",
        "methods_wa": null,
        "other_meth": null,
        "challenge_": "lack water treatment high costs lack storage facility",
        "main_type_": "pit latrine slab",
        "other_main": null,
        "studentsta": "yes",
        "type_stude": "pit latrine slab",
        "other_type": null,
        "pupils_sep": "yes",
        "total_at_s": null,
        "girls_toil": "2.0",
        "boys_toile": "3.0",
        "Total_pupi": null,
        "ratio_pupi": null,
        "pupils_sha": "0.0",
        "pupils_toi": "Within school building",
        "student_cl": "2 4 days",
        "reason_toi": "lack of detergent lack adequate water",
        "pupils_san": "door walls lock solid structure",
        "items_pupi": "water",
        "type_staff": "pit latrine slab",
        "other_ty_1": null,
        "teachers_s": "no",
        "total_toil": null,
        "female_onl": null,
        "male_only_": null,
        "Total_st_1": "0",
        "ratio_staf": null,
        "shared_toi": null,
        "staff_toil": "Within school building",
        "staff_clea": "2 4 days",
        "reason_sta": "lack adequate water lack of detergent",
        "staff_sani": "door walls lock solid structure",
        "items_staf": "water",
        "mixed_fema": null,
        "mixed_male": null,
        "Toilets_mi": null,
        "Total_pu_1": null,
        "ratio_mixe": null,
        "mixed_hcle": null,
        "reason_hmi": null,
        "school_san": null,
        "items_mixe": null,
        "usable_toi": "no",
        "modificati": null,
        "accessible": "no",
        "modication": null,
        "septic_tan": "yes",
        "sludge_was": "dig another latrine",
        "classrooms": "Daily",
        "compound_c": "Daily",
        "reason_com": null,
        "waste_gene": "Glass Plastic",
        "collection": "burned on premises",
        "waste_disp": "composit pit",
        "challeng_1": "lack bins",
        "challeng_2": "0",
        "traces_dea": "never visible",
        "challeng_3": "lack sanitation facilities damages sanitation facilities community out using",
        "other_ch_1": null,
        "adaptati_1": "less preferred sanitation",
        "adaptati_2": null,
        "num_handwa": "1",
        "show_pupil": "allow",
        "water_av_1": "water available",
        "soap_avail": "soap not available",
        "water_av_2": null,
        "soap_ava_1": null,
        "reason_no_": "lack financial resources",
        "other_reas": null,
        "handwashin": "five metres toilet",
        "clear_sign": "no",
        "accesible_": "yes",
        "handwash_1": "low height taps adequate space",
        "handwash_a": "yes",
        "handwash_2": "lower taps",
        "items_avai": "water",
        "waste_segr": "toilets within5metres toilets more5metres",
        "solidwaste": "burned on premises",
        "times_scho": "everyday",
        "hygiene_pr": "yes",
        "when_promo": "last 30days",
        "kind_hygie": null,
        "changes_du": "yes",
        "notable_be": "increased hand practices improved hand techniques maintenance facilities proper disposal waste better menst hygiene",
        "dryspell_e": "increased water cost disrupted water practices",
        "march_may_": "toilets Infrastructure damage water Infrastructure damage waste management system access sanitation affected",
        "effects_fl": "inability to learn reduced extracurricula red enrollment rate",
        "wash_needs": "access to clean wataer sanitation facilities menstrual management",
        "improve_to": "assist building renovating advocacy awareness creation continous inspection part of wash projects",
        "type_dispo": "compost pits",
        "adequate_m": "some bathrooms toilets",
        "when_waste": "weekly",
        "water_soap": "water but nosoap",
        "challeng_4": "too expensive inadequate bins",
        "provisions": "MHM education girls MHM education girls boys",
        "menstrual_": "yes free",
        "challeng_5": "inadequately safe lack menstrual supplies lack menstruation hygiene lack water soap",
        "adapt_mens": "less preferred product",
        "improve_me": "provision sanitary pads safe sanitation facilities",
        "teacher_in": "yes",
        "enumerator": "No comments",
        "uuid": "5311eaee-40e1-440e-9c63-07b81071b182",
        "longitude": "39.6416939",
        "latitude": "-0.452461",
        "sub_county": "Garissa Sub County",
        "wash_nee_1": "1",
        "wash_nee_2": "1",
        "wash_nee_3": "0",
        "wash_nee_4": "0",
        "wash_nee_5": "0",
        "wash_nee_6": "1",
        "wash_nee_7": "0",
        "wash_nee_8": "0",
        "Population": "307",
        "female_toi": "177",
        "male_toile": "139",
        "Total_male": "3.0",
        "Total_fema": "2.0",
        "host_or_re": "host",
        "ward": "township",
        "Total_pu_2": "764.0",
        "Total_st_2": "770.0",
        "other_wate": null,
        "adapted__1": "0.0",
        "other_ad_1": null,
        "Total_stud": "5.0",
        "ratio_stud": "152.8",
        "items_pu_1": "0",
        "items_pu_2": "0",
        "items_pu_3": "1",
        "items_pu_4": "0",
        "items_pu_5": "0",
        "items_pu_6": "0",
        "other_item": null,
        "Total_mixe": "0.0",
        "ratio_mi_1": null,
        "other_modi": null,
        "other_slud": null,
        "reason_cla": null,
        "other_wast": null,
        "other_coll": null,
        "other_wa_1": null,
        "challeng_6": null,
        "other_ch_2": null,
        "challeng_7": null,
        "challeng_8": null,
        "other_ad_2": null,
        "type_of_so": null,
        "other_ty_2": null,
        "source_of_": null,
        "other_so_2": null,
        "other_hand": null,
        "other_ha_1": null,
        "other_ha_2": null,
        "other_wa_2": null,
        "other_soli": null,
        "other_drys": null,
        "other_marc": null,
        "other_wash": null,
        "other_impr": null,
        "type_dis_1": "0.0",
        "other_ty_3": null,
        "other_ch_3": null,
        "other_prov": null,
        "other_ch_4": null,
        "other_ad_3": null,
        "other_im_1": null,
        "kind_insti": null,
        "layer": "Garissa Schools",
        "path": "C:/Users/USER/OneDrive - ACTED/Desktop/Garissa County Capacity Building - REACH/Training Materials/Modules/Training Data/Garissa HF and Schools/Garissa HF and Schools/Garissa Schools.geojson",
        "Risk_Level": "High Risk",
        "Distance_to_Flood_km": "0.5",
        "Poverty_Rate": "0.48",
        "Food_Poverty_Rate": "0.35",
        "Avg_HH_Income": "5169",
        "Avg_HH_Expenditure": "6177",
        "HH_Cash_Gap": "-1008",
        "Post_Assistance_Income": "13927",
        "Post_Assistance_Expenditure": "11092",
        "Post_Assistance_Surplus": "2835",
        "Vulnerability_Index": "0.644",
        "Wasting_Rate": "0.1",
        "marker_emoji": "🏫",
        "Author": "Garissa GIS Directorate — James M. Mburu",
        "NN_Vulnerability_Score": "0.474",
        "NN_Risk_Class": "Medium",
        "tana_buffer_zone": false
      },
      "geometry": {
        "type": "Point",
        "coordinates": [
          39.641693900000064,
          -0.452461
        ]
      }
    },
    {
      "type": "Feature",
      "properties": {
        "OBJECTID": "472",
        "county": "garissa",
        "camp": null,
        "camp_locat": null,
        "school_nam": "Sagar Primary",
        "school_typ": "day school",
        "school_lev": "pre primary lower primary upper primary",
        "role_respo": null,
        "other_role": null,
        "resp_gende": null,
        "other_gend": null,
        "allow_obse": null,
        "duration_w": null,
        "num_malest": "3.0",
        "num_female": "0.0",
        "Total_staf": "3",
        "gender_pup": "boys girls",
        "num_childb": "142.0",
        "num_chilgi": "92.0",
        "Total_chil": null,
        "drinking_w": "water pan",
        "other_sour": null,
        "main_water": "approx 500m fromcompound",
        "hygiene_wa": "water pan",
        "other_so_1": null,
        "main_wat_1": null,
        "num_water_": null,
        "availabili": null,
        "condition_": null,
        "other_cond": null,
        "reason_not": null,
        "what_damag": null,
        "other_what": null,
        "reason_cit": null,
        "efforts_ma": null,
        "accesibili": "no",
        "adaptated_": null,
        "accesibi_1": "no",
        "adapted_to": null,
        "water_avai": "yes",
        "days_water": "3 weeks",
        "cause_of_l": "lack adquate storage lack sufficient water",
        "other_caus": null,
        "adaptation": null,
        "other_adap": null,
        "storage_fa": "yes",
        "total_capa": "5000.0",
        "num_litres": "120.0",
        "school_pur": "no",
        "treatment_": null,
        "other_trea": null,
        "waterborne": "no",
        "waterbor_1": null,
        "availabi_1": "children cover moredistance children fetch out school",
        "other_avai": null,
        "challenges": "waterpoints too far disabled unable accesswaterpoints water not quality",
        "other_chal": null,
        "main_sourc": "water pan",
        "satisfied_": "no",
        "methods_wa": "chlorination",
        "other_meth": null,
        "challenge_": "limited access water irregular water supply contamination water",
        "main_type_": "pit latrine slab",
        "other_main": null,
        "studentsta": "no",
        "type_stude": null,
        "other_type": null,
        "pupils_sep": null,
        "total_at_s": null,
        "girls_toil": null,
        "boys_toile": null,
        "Total_pupi": null,
        "ratio_pupi": null,
        "pupils_sha": null,
        "pupils_toi": null,
        "student_cl": null,
        "reason_toi": null,
        "pupils_san": null,
        "items_pupi": null,
        "type_staff": null,
        "other_ty_1": null,
        "teachers_s": null,
        "total_toil": null,
        "female_onl": null,
        "male_only_": null,
        "Total_st_1": "0",
        "ratio_staf": null,
        "shared_toi": null,
        "staff_toil": null,
        "staff_clea": null,
        "reason_sta": null,
        "staff_sani": null,
        "items_staf": null,
        "mixed_fema": "1.0",
        "mixed_male": "0.0",
        "Toilets_mi": null,
        "Total_pu_1": null,
        "ratio_mixe": null,
        "mixed_hcle": "2 4 days",
        "reason_hmi": null,
        "school_san": null,
        "items_mixe": null,
        "usable_toi": null,
        "modificati": null,
        "accessible": "no",
        "modication": null,
        "septic_tan": "no",
        "sludge_was": "openly dumped away",
        "classrooms": "Daily",
        "compound_c": "2 4 days",
        "reason_com": "lack dedicated personnel lack protective clothe",
        "waste_gene": "Paper",
        "collection": "burned away premises",
        "waste_disp": "general waste bins",
        "challeng_1": "lack bins",
        "challeng_2": null,
        "traces_dea": "never visible",
        "challeng_3": "lack sanitation facilities sanitation not segrgated",
        "other_ch_1": null,
        "adaptati_1": "less preferred sanitation",
        "adaptati_2": null,
        "num_handwa": "0",
        "show_pupil": null,
        "water_av_1": null,
        "soap_avail": null,
        "water_av_2": null,
        "soap_ava_1": null,
        "reason_no_": null,
        "other_reas": null,
        "handwashin": null,
        "clear_sign": null,
        "accesible_": null,
        "handwash_1": null,
        "handwash_a": "no",
        "handwash_2": null,
        "items_avai": "none",
        "waste_segr": "none",
        "solidwaste": "burned away premises",
        "times_scho": "weekly",
        "hygiene_pr": "no",
        "when_promo": null,
        "kind_hygie": null,
        "changes_du": null,
        "notable_be": null,
        "dryspell_e": "disrupted water practices",
        "march_may_": "flooding stagnant water",
        "effects_fl": "red enrollment rate",
        "wash_needs": "access to clean wataer sanitation facilities infrastructure",
        "improve_to": "hygiene materials schools hygiene promotion",
        "type_dispo": "compost pits",
        "adequate_m": "No",
        "when_waste": "weekly",
        "water_soap": "no",
        "challeng_4": "lack awareness irregular collection lack of water",
        "provisions": "MHM education girls boys",
        "menstrual_": "no",
        "challeng_5": "inadequately safe lack menstrual supplies lack of privacy",
        "adapt_mens": "less preferred product",
        "improve_me": "provision sanitary pads safe sanitation facilities quality comp teaching",
        "teacher_in": "no",
        "enumerator": "The school has only one semi permanent toilet",
        "uuid": "f4d510ea-c4e3-42db-af99-64e47aabbd86",
        "longitude": "40.3004302",
        "latitude": "-1.4785454",
        "sub_county": "Ijara Sub County",
        "wash_nee_1": "1",
        "wash_nee_2": "1",
        "wash_nee_3": "0",
        "wash_nee_4": "0",
        "wash_nee_5": "0",
        "wash_nee_6": "0",
        "wash_nee_7": "0",
        "wash_nee_8": "1",
        "Population": "471",
        "female_toi": "92",
        "male_toile": "0",
        "Total_male": "0.0",
        "Total_fema": "1.0",
        "host_or_re": "host",
        "ward": "ijara ijara",
        "Total_pu_2": "234.0",
        "Total_st_2": "237.0",
        "other_wate": null,
        "adapted__1": null,
        "other_ad_1": null,
        "Total_stud": "0.0",
        "ratio_stud": null,
        "items_pu_1": null,
        "items_pu_2": null,
        "items_pu_3": null,
        "items_pu_4": null,
        "items_pu_5": null,
        "items_pu_6": null,
        "other_item": null,
        "Total_mixe": "1.0",
        "ratio_mi_1": "237.0",
        "other_modi": null,
        "other_slud": null,
        "reason_cla": null,
        "other_wast": null,
        "other_coll": null,
        "other_wa_1": null,
        "challeng_6": null,
        "other_ch_2": null,
        "challeng_7": null,
        "challeng_8": null,
        "other_ad_2": null,
        "type_of_so": null,
        "other_ty_2": null,
        "source_of_": null,
        "other_so_2": null,
        "other_hand": null,
        "other_ha_1": null,
        "other_ha_2": null,
        "other_wa_2": null,
        "other_soli": null,
        "other_drys": null,
        "other_marc": null,
        "other_wash": "Water storage",
        "other_impr": null,
        "type_dis_1": null,
        "other_ty_3": null,
        "other_ch_3": null,
        "other_prov": null,
        "other_ch_4": null,
        "other_ad_3": null,
        "other_im_1": null,
        "kind_insti": null,
        "layer": "Garissa Schools",
        "path": "C:/Users/USER/OneDrive - ACTED/Desktop/Garissa County Capacity Building - REACH/Training Materials/Modules/Training Data/Garissa HF and Schools/Garissa HF and Schools/Garissa Schools.geojson",
        "Risk_Level": "High Risk",
        "Distance_to_Flood_km": "0.0",
        "Poverty_Rate": "0.62",
        "Food_Poverty_Rate": "0.45",
        "Avg_HH_Income": "5169",
        "Avg_HH_Expenditure": "6177",
        "HH_Cash_Gap": "-1008",
        "Post_Assistance_Income": "13927",
        "Post_Assistance_Expenditure": "11092",
        "Post_Assistance_Surplus": "2835",
        "Vulnerability_Index": "0.716",
        "Wasting_Rate": "0.12",
        "marker_emoji": "🏫",
        "Author": "Garissa GIS Directorate — James M. Mburu",
        "NN_Vulnerability_Score": "0.512",
        "NN_Risk_Class": "High",
        "tana_buffer_zone": false
      },
      "geometry": {
        "type": "Point",
        "coordinates": [
          40.30043020000005,
          -1.478545399999973
        ]
      }
    },
    {
      "type": "Feature",
      "properties": {
        "OBJECTID": "604",
        "county": "garissa",
        "camp": null,
        "camp_locat": null,
        "school_nam": "Elhumo Primary School",
        "school_typ": "day school",
        "school_lev": "pre primary lower primary",
        "role_respo": null,
        "other_role": null,
        "resp_gende": null,
        "other_gend": null,
        "allow_obse": null,
        "duration_w": null,
        "num_malest": "3.0",
        "num_female": null,
        "Total_staf": "3",
        "gender_pup": "boys girls",
        "num_childb": "114.0",
        "num_chilgi": "40.0",
        "Total_chil": null,
        "drinking_w": "water pan",
        "other_sour": null,
        "main_water": "approx 500m fromcompound",
        "hygiene_wa": "water pan",
        "other_so_1": null,
        "main_wat_1": null,
        "num_water_": null,
        "availabili": null,
        "condition_": null,
        "other_cond": null,
        "reason_not": null,
        "what_damag": null,
        "other_what": null,
        "reason_cit": null,
        "efforts_ma": null,
        "accesibili": "no",
        "adaptated_": null,
        "accesibi_1": "no",
        "adapted_to": null,
        "water_avai": "no",
        "days_water": null,
        "cause_of_l": null,
        "other_caus": null,
        "adaptation": "fetch outside school",
        "other_adap": null,
        "storage_fa": "yes",
        "total_capa": "10000.0",
        "num_litres": "250.0",
        "school_pur": "no",
        "treatment_": null,
        "other_trea": null,
        "waterborne": "no",
        "waterbor_1": null,
        "availabi_1": "children bring water home",
        "other_avai": null,
        "challenges": "waterpoints too far",
        "other_chal": null,
        "main_sourc": "water pan",
        "satisfied_": "no",
        "methods_wa": "no method",
        "other_meth": null,
        "challenge_": "lack water treatment lack awareness",
        "main_type_": "pit latrine without slab",
        "other_main": null,
        "studentsta": "no",
        "type_stude": null,
        "other_type": null,
        "pupils_sep": null,
        "total_at_s": null,
        "girls_toil": null,
        "boys_toile": null,
        "Total_pupi": null,
        "ratio_pupi": null,
        "pupils_sha": null,
        "pupils_toi": null,
        "student_cl": null,
        "reason_toi": null,
        "pupils_san": null,
        "items_pupi": null,
        "type_staff": null,
        "other_ty_1": null,
        "teachers_s": null,
        "total_toil": null,
        "female_onl": null,
        "male_only_": null,
        "Total_st_1": "0",
        "ratio_staf": null,
        "shared_toi": null,
        "staff_toil": null,
        "staff_clea": null,
        "reason_sta": null,
        "staff_sani": null,
        "items_staf": null,
        "mixed_fema": "1.0",
        "mixed_male": "1.0",
        "Toilets_mi": null,
        "Total_pu_1": null,
        "ratio_mixe": null,
        "mixed_hcle": "2 4 days",
        "reason_hmi": null,
        "school_san": null,
        "items_mixe": null,
        "usable_toi": null,
        "modificati": null,
        "accessible": "no",
        "modication": null,
        "septic_tan": "no",
        "sludge_was": "dig another latrine",
        "classrooms": "2 4 days",
        "compound_c": "2 4 days",
        "reason_com": "lack adequate water lack of detergent",
        "waste_gene": "Paper",
        "collection": "burned on premises",
        "waste_disp": "composit pit",
        "challeng_1": "lack bins",
        "challeng_2": "0",
        "traces_dea": "never visible",
        "challeng_3": "sanitation not segrgated",
        "other_ch_1": null,
        "adaptati_1": "communal sanitation facilities",
        "adaptati_2": null,
        "num_handwa": null,
        "show_pupil": null,
        "water_av_1": null,
        "soap_avail": null,
        "water_av_2": null,
        "soap_ava_1": null,
        "reason_no_": null,
        "other_reas": null,
        "handwashin": null,
        "clear_sign": null,
        "accesible_": null,
        "handwash_1": null,
        "handwash_a": "no",
        "handwash_2": null,
        "items_avai": "water",
        "waste_segr": "toilets within5metres",
        "solidwaste": "burned on premises",
        "times_scho": "everyday",
        "hygiene_pr": "yes",
        "when_promo": "last 30days",
        "kind_hygie": null,
        "changes_du": "yes",
        "notable_be": "better menst hygiene",
        "dryspell_e": "disrupted water practices",
        "march_may_": "toilets Infrastructure damage classrooms Infrastructure damage",
        "effects_fl": "children commuting",
        "wash_needs": "menstrual management access to clean wataer handwashing facilities",
        "improve_to": "hygiene materials schools",
        "type_dispo": "compost pits",
        "adequate_m": "No",
        "when_waste": "monthly",
        "water_soap": "no",
        "challeng_4": "inadequate bins",
        "provisions": "none above",
        "menstrual_": "no",
        "challeng_5": "lack menstrual supplies lack menstruation hygiene lack water soap",
        "adapt_mens": "less preferred product",
        "improve_me": "safe sanitation facilities quality comp teaching",
        "teacher_in": "yes",
        "enumerator": null,
        "uuid": "01cee5ce-0d86-465a-863b-421d222cd462",
        "longitude": "40.2398744",
        "latitude": "-0.4254526",
        "sub_county": "Fafi Sub County",
        "wash_nee_1": "1",
        "wash_nee_2": "0",
        "wash_nee_3": "0",
        "wash_nee_4": "0",
        "wash_nee_5": "1",
        "wash_nee_6": "1",
        "wash_nee_7": "0",
        "wash_nee_8": "0",
        "Population": "156",
        "female_toi": "40",
        "male_toile": "117",
        "Total_male": "1.0",
        "Total_fema": "1.0",
        "host_or_re": "host",
        "ward": "fafi fafi",
        "Total_pu_2": "154.0",
        "Total_st_2": "157.0",
        "other_wate": null,
        "adapted__1": null,
        "other_ad_1": null,
        "Total_stud": "0.0",
        "ratio_stud": null,
        "items_pu_1": null,
        "items_pu_2": null,
        "items_pu_3": null,
        "items_pu_4": null,
        "items_pu_5": null,
        "items_pu_6": null,
        "other_item": null,
        "Total_mixe": "2.0",
        "ratio_mi_1": "78.5",
        "other_modi": null,
        "other_slud": null,
        "reason_cla": "lack adequate water lack of detergent",
        "other_wast": null,
        "other_coll": null,
        "other_wa_1": null,
        "challeng_6": null,
        "other_ch_2": null,
        "challeng_7": null,
        "challeng_8": null,
        "other_ad_2": null,
        "type_of_so": null,
        "other_ty_2": null,
        "source_of_": null,
        "other_so_2": null,
        "other_hand": null,
        "other_ha_1": null,
        "other_ha_2": null,
        "other_wa_2": null,
        "other_soli": null,
        "other_drys": null,
        "other_marc": null,
        "other_wash": null,
        "other_impr": null,
        "type_dis_1": "0.0",
        "other_ty_3": null,
        "other_ch_3": null,
        "other_prov": null,
        "other_ch_4": null,
        "other_ad_3": null,
        "other_im_1": null,
        "kind_insti": null,
        "layer": "Garissa Schools",
        "path": "C:/Users/USER/OneDrive - ACTED/Desktop/Garissa County Capacity Building - REACH/Training Materials/Modules/Training Data/Garissa HF and Schools/Garissa HF and Schools/Garissa Schools.geojson",
        "Risk_Level": "High Risk",
        "Distance_to_Flood_km": "0.18",
        "Poverty_Rate": "0.77",
        "Food_Poverty_Rate": "0.57",
        "Avg_HH_Income": "5169",
        "Avg_HH_Expenditure": "6177",
        "HH_Cash_Gap": "-1008",
        "Post_Assistance_Income": "13927",
        "Post_Assistance_Expenditure": "11092",
        "Post_Assistance_Surplus": "2835",
        "Vulnerability_Index": "0.781",
        "Wasting_Rate": "0.14",
        "marker_emoji": "🏫",
        "Author": "Garissa GIS Directorate — James M. Mburu",
        "NN_Vulnerability_Score": "0.551",
        "NN_Risk_Class": "High",
        "tana_buffer_zone": false
      },
      "geometry": {
        "type": "Point",
        "coordinates": [
          40.239874400000076,
          -0.425452599999971
        ]
      }
    },
    {
      "type": "Feature",
      "properties": {
        "OBJECTID": "430",
        "county": "garissa",
        "camp": null,
        "camp_locat": null,
        "school_nam": "Bogyar Primary School",
        "school_typ": "day school",
        "school_lev": "Junior secondary upper primary lower primary pre primary",
        "role_respo": null,
        "other_role": null,
        "resp_gende": null,
        "other_gend": null,
        "allow_obse": null,
        "duration_w": null,
        "num_malest": "3.0",
        "num_female": "1.0",
        "Total_staf": "4",
        "gender_pup": "boys girls",
        "num_childb": "212.0",
        "num_chilgi": "118.0",
        "Total_chil": null,
        "drinking_w": "tap stand",
        "other_sour": null,
        "main_water": "approx 200m fromcompound",
        "hygiene_wa": "protected springs",
        "other_so_1": null,
        "main_wat_1": null,
        "num_water_": "1.0",
        "availabili": "4 7 days",
        "condition_": null,
        "other_cond": null,
        "reason_not": null,
        "what_damag": null,
        "other_what": null,
        "reason_cit": null,
        "efforts_ma": null,
        "accesibili": "no",
        "adaptated_": null,
        "accesibi_1": "no",
        "adapted_to": null,
        "water_avai": "no",
        "days_water": null,
        "cause_of_l": null,
        "other_caus": null,
        "adaptation": "spend money otherpurposes",
        "other_adap": null,
        "storage_fa": "yes",
        "total_capa": "10000.0",
        "num_litres": "2000.0",
        "school_pur": "no",
        "treatment_": null,
        "other_trea": null,
        "waterborne": "no",
        "waterbor_1": null,
        "availabi_1": "children bring water home",
        "other_avai": null,
        "challenges": "waterpoints expensive insufficient waterpoints",
        "other_chal": null,
        "main_sourc": "tap stand",
        "satisfied_": "yes",
        "methods_wa": null,
        "other_meth": null,
        "challenge_": "irregular water supply",
        "main_type_": "pit latrine without slab",
        "other_main": null,
        "studentsta": "yes",
        "type_stude": "pit latrine slab",
        "other_type": null,
        "pupils_sep": "yes",
        "total_at_s": null,
        "girls_toil": "2.0",
        "boys_toile": "4.0",
        "Total_pupi": null,
        "ratio_pupi": null,
        "pupils_sha": "0.0",
        "pupils_toi": "Within school building",
        "student_cl": "2 4 days",
        "reason_toi": "lack adequate water lack protective clothe lack of detergent",
        "pupils_san": "door segregated toilets close dwelling",
        "items_pupi": "water",
        "type_staff": "pit latrine slab",
        "other_ty_1": null,
        "teachers_s": "yes",
        "total_toil": null,
        "female_onl": "1.0",
        "male_only_": "1.0",
        "Total_st_1": "2",
        "ratio_staf": "2.0",
        "shared_toi": "0.0",
        "staff_toil": "Within school building",
        "staff_clea": "2 4 days",
        "reason_sta": "lack adequate water lack of detergent lack protective clothe",
        "staff_sani": "door walls lock solid structure",
        "items_staf": "water",
        "mixed_fema": null,
        "mixed_male": null,
        "Toilets_mi": null,
        "Total_pu_1": null,
        "ratio_mixe": null,
        "mixed_hcle": null,
        "reason_hmi": null,
        "school_san": null,
        "items_mixe": null,
        "usable_toi": "no",
        "modificati": null,
        "accessible": "no",
        "modication": null,
        "septic_tan": "yes",
        "sludge_was": "openly dumped away",
        "classrooms": "Daily",
        "compound_c": "Daily",
        "reason_com": null,
        "waste_gene": "Plastic Paper",
        "collection": "burned on premises",
        "waste_disp": "composit pit",
        "challeng_1": "lack bins lack staff",
        "challeng_2": null,
        "traces_dea": "never visible",
        "challeng_3": "no problem",
        "other_ch_1": null,
        "adaptati_1": "school no issue",
        "adaptati_2": null,
        "num_handwa": "0",
        "show_pupil": null,
        "water_av_1": null,
        "soap_avail": null,
        "water_av_2": null,
        "soap_ava_1": null,
        "reason_no_": null,
        "other_reas": null,
        "handwashin": null,
        "clear_sign": null,
        "accesible_": null,
        "handwash_1": null,
        "handwash_a": "no",
        "handwash_2": null,
        "items_avai": "water",
        "waste_segr": "none",
        "solidwaste": "burned on premises",
        "times_scho": "everyday",
        "hygiene_pr": "no",
        "when_promo": null,
        "kind_hygie": null,
        "changes_du": null,
        "notable_be": null,
        "dryspell_e": "reduced water supply",
        "march_may_": "access sanitation affected quality concerns raised",
        "effects_fl": "reduced extracurricula not school regularly",
        "wash_needs": "waste management handwashing facilities menstrual management",
        "improve_to": "hygiene materials schools training teachers part of wash projects",
        "type_dispo": "compost pits",
        "adequate_m": "No",
        "when_waste": "Daily",
        "water_soap": "no",
        "challeng_4": "inadequate bins lack awareness",
        "provisions": "none above",
        "menstrual_": "no",
        "challeng_5": "inadequately safe lack menstrual supplies rely on donations lack of privacy lack menstruation hygiene no disposing bins lack water soap",
        "adapt_mens": "girls to sort issue",
        "improve_me": "provision sanitary pads safe sanitation facilities",
        "teacher_in": "no",
        "enumerator": "Inadequate water of supply \n\nLack of menstrual supplies \n\nI.e soaps and water",
        "uuid": "c2eba273-84aa-4ea6-a7ee-458f0737bf0b",
        "longitude": "40.2539514",
        "latitude": "-0.0133834",
        "sub_county": "Dadaab Sub County",
        "wash_nee_1": "0",
        "wash_nee_2": "0",
        "wash_nee_3": "0",
        "wash_nee_4": "1",
        "wash_nee_5": "1",
        "wash_nee_6": "1",
        "wash_nee_7": "0",
        "wash_nee_8": "0",
        "Population": "111",
        "female_toi": "40",
        "male_toile": "43",
        "Total_male": "5.0",
        "Total_fema": "3.0",
        "host_or_re": "host",
        "ward": "dadaab dadaab",
        "Total_pu_2": "330.0",
        "Total_st_2": "334.0",
        "other_wate": null,
        "adapted__1": null,
        "other_ad_1": null,
        "Total_stud": "6.0",
        "ratio_stud": "55.0",
        "items_pu_1": null,
        "items_pu_2": null,
        "items_pu_3": null,
        "items_pu_4": null,
        "items_pu_5": null,
        "items_pu_6": null,
        "other_item": null,
        "Total_mixe": "0.0",
        "ratio_mi_1": null,
        "other_modi": null,
        "other_slud": null,
        "reason_cla": null,
        "other_wast": null,
        "other_coll": null,
        "other_wa_1": null,
        "challeng_6": null,
        "other_ch_2": null,
        "challeng_7": null,
        "challeng_8": null,
        "other_ad_2": null,
        "type_of_so": null,
        "other_ty_2": null,
        "source_of_": null,
        "other_so_2": null,
        "other_hand": null,
        "other_ha_1": null,
        "other_ha_2": null,
        "other_wa_2": null,
        "other_soli": null,
        "other_drys": null,
        "other_marc": null,
        "other_wash": null,
        "other_impr": null,
        "type_dis_1": null,
        "other_ty_3": null,
        "other_ch_3": null,
        "other_prov": null,
        "other_ch_4": null,
        "other_ad_3": null,
        "other_im_1": null,
        "kind_insti": null,
        "layer": "Garissa Schools",
        "path": "C:/Users/USER/OneDrive - ACTED/Desktop/Garissa County Capacity Building - REACH/Training Materials/Modules/Training Data/Garissa HF and Schools/Garissa HF and Schools/Garissa Schools.geojson",
        "Risk_Level": "Medium Risk",
        "Distance_to_Flood_km": "0.93",
        "Poverty_Rate": "0.78",
        "Food_Poverty_Rate": "0.58",
        "Avg_HH_Income": "5169",
        "Avg_HH_Expenditure": "6177",
        "HH_Cash_Gap": "-1008",
        "Post_Assistance_Income": "13927",
        "Post_Assistance_Expenditure": "11092",
        "Post_Assistance_Surplus": "2835",
        "Vulnerability_Index": "0.681",
        "Wasting_Rate": "0.17",
        "marker_emoji": "🏫",
        "Author": "Garissa GIS Directorate — James M. Mburu",
        "NN_Vulnerability_Score": "0.551",
        "NN_Risk_Class": "High",
        "tana_buffer_zone": false
      },
      "geometry": {
        "type": "Point",
        "coordinates": [
          40.25395140000006,
          -0.013383399999952
        ]
      }
    },
    {
      "type": "Feature",
      "properties": {
        "OBJECTID": "495",
        "county": "garissa",
        "camp": null,
        "camp_locat": null,
        "school_nam": "Dadaab Boarding",
        "school_typ": "day and boarding",
        "school_lev": "pre primary lower primary upper primary Junior secondary",
        "role_respo": null,
        "other_role": null,
        "resp_gende": null,
        "other_gend": null,
        "allow_obse": null,
        "duration_w": null,
        "num_malest": "10.0",
        "num_female": "4.0",
        "Total_staf": "14",
        "gender_pup": "boys girls",
        "num_childb": "645.0",
        "num_chilgi": "547.0",
        "Total_chil": null,
        "drinking_w": "handpumps",
        "other_sour": null,
        "main_water": "morethan 500m fromcompound",
        "hygiene_wa": "tap stand",
        "other_so_1": null,
        "main_wat_1": null,
        "num_water_": "2.0",
        "availabili": "2 3 days",
        "condition_": null,
        "other_cond": null,
        "reason_not": null,
        "what_damag": null,
        "other_what": null,
        "reason_cit": null,
        "efforts_ma": null,
        "accesibili": "yes",
        "adaptated_": "adequate space",
        "accesibi_1": "yes",
        "adapted_to": "accessible water containers children friendly handles",
        "water_avai": "yes",
        "days_water": "1 week",
        "cause_of_l": "lack adquate storage lack sufficient water over dependence increased num pupils",
        "other_caus": null,
        "adaptation": null,
        "other_adap": null,
        "storage_fa": "yes",
        "total_capa": "20000.0",
        "num_litres": "20000.0",
        "school_pur": "no",
        "treatment_": null,
        "other_trea": null,
        "waterborne": "no",
        "waterbor_1": null,
        "availabi_1": "water sources decreased",
        "other_avai": null,
        "challenges": "irregular water supply insufficient access lack proper storage",
        "other_chal": null,
        "main_sourc": "tap stand",
        "satisfied_": "no",
        "methods_wa": "chlorination",
        "other_meth": null,
        "challenge_": "lack water treatment lack storage facility",
        "main_type_": "pit latrine slab",
        "other_main": null,
        "studentsta": "yes",
        "type_stude": "pit latrine slab",
        "other_type": null,
        "pupils_sep": "yes",
        "total_at_s": null,
        "girls_toil": "6.0",
        "boys_toile": "4.0",
        "Total_pupi": null,
        "ratio_pupi": null,
        "pupils_sha": "0.0",
        "pupils_toi": "Within school building",
        "student_cl": "2 4 days",
        "reason_toi": "lack adequate water lack of detergent",
        "pupils_san": "door walls lock proper drainage",
        "items_pupi": "water",
        "type_staff": "pit latrine slab",
        "other_ty_1": null,
        "teachers_s": "no",
        "total_toil": null,
        "female_onl": null,
        "male_only_": null,
        "Total_st_1": "0",
        "ratio_staf": null,
        "shared_toi": null,
        "staff_toil": "Within school building",
        "staff_clea": "2 4 days",
        "reason_sta": "lack adequate water lack of detergent",
        "staff_sani": "door walls lock",
        "items_staf": "water",
        "mixed_fema": null,
        "mixed_male": null,
        "Toilets_mi": null,
        "Total_pu_1": null,
        "ratio_mixe": null,
        "mixed_hcle": null,
        "reason_hmi": null,
        "school_san": null,
        "items_mixe": null,
        "usable_toi": "yes",
        "modificati": "lower door handle lower seat smaller toilet hole",
        "accessible": "yes",
        "modication": "enough space wheelchair door wide forwheelchair door within reach",
        "septic_tan": "yes",
        "sludge_was": "dig another latrine openly dumped away",
        "classrooms": "Daily",
        "compound_c": "Daily",
        "reason_com": null,
        "waste_gene": "Paper Plastic Glass Organic waste",
        "collection": "burned on premises burned away premises burried covered premises",
        "waste_disp": "general waste bins composit pit",
        "challeng_1": "lack bins",
        "challeng_2": null,
        "traces_dea": "never visible",
        "challeng_3": "lack sanitation facilities unclean unhygienic toilets sanitation difficult reach persons disability noaccess",
        "other_ch_1": null,
        "adaptati_1": "less preferred sanitation",
        "adaptati_2": null,
        "num_handwa": "0",
        "show_pupil": null,
        "water_av_1": null,
        "soap_avail": null,
        "water_av_2": null,
        "soap_ava_1": null,
        "reason_no_": null,
        "other_reas": null,
        "handwashin": null,
        "clear_sign": null,
        "accesible_": null,
        "handwash_1": null,
        "handwash_a": "no",
        "handwash_2": null,
        "items_avai": "water",
        "waste_segr": "toilets more5metres",
        "solidwaste": "burned on premises burned away premises burned covered premises openly dumped premises openly dumped away premises",
        "times_scho": "everyday",
        "hygiene_pr": "yes",
        "when_promo": "last 30days",
        "kind_hygie": null,
        "changes_du": "yes",
        "notable_be": "proper use toilets reduced open defaction consumption safe water maintenance facilities",
        "dryspell_e": "increased water cost raised water quality",
        "march_may_": "waste management system access sanitation affected water Infrastructure damage toilets Infrastructure damage classrooms Infrastructure damage sleeping Infrastructure dorms",
        "effects_fl": "not school regularly reduced extracurricula inability to learn",
        "wash_needs": "access to clean wataer sanitation facilities handwashing facilities",
        "improve_to": "hygiene materials schools continous inspection hygiene promotion community mobilization training teachers advocacy awareness creation assist building renovating",
        "type_dispo": "sanitary bins",
        "adequate_m": "all bathrooms toilets",
        "when_waste": "Daily",
        "water_soap": "water but nosoap",
        "challeng_4": "lack awareness inadequate bins",
        "provisions": "MHM materials MHM education girls",
        "menstrual_": "yes free",
        "challeng_5": "lack menstrual supplies lack menstruation hygiene lack water soap insufficient water sources",
        "adapt_mens": "less preferred product soap substitute",
        "improve_me": "safe sanitation facilities provision sanitary pads",
        "teacher_in": "yes",
        "enumerator": "Lack of water,water storages, toilet and sanitary pads for the girls",
        "uuid": "61bc76f9-f484-4bb1-8375-c7f67b350f44",
        "longitude": "40.3090316",
        "latitude": "0.0575949",
        "sub_county": "Dadaab Sub County",
        "wash_nee_1": "1",
        "wash_nee_2": "1",
        "wash_nee_3": "0",
        "wash_nee_4": "0",
        "wash_nee_5": "1",
        "wash_nee_6": "0",
        "wash_nee_7": "0",
        "wash_nee_8": "0",
        "Population": "240",
        "female_toi": "92",
        "male_toile": "164",
        "Total_male": "4.0",
        "Total_fema": "6.0",
        "host_or_re": "host",
        "ward": "dadaab dadaab",
        "Total_pu_2": "1192.0",
        "Total_st_2": "1206.0",
        "other_wate": null,
        "adapted__1": null,
        "other_ad_1": null,
        "Total_stud": "10.0",
        "ratio_stud": "119.2",
        "items_pu_1": null,
        "items_pu_2": null,
        "items_pu_3": null,
        "items_pu_4": null,
        "items_pu_5": null,
        "items_pu_6": null,
        "other_item": null,
        "Total_mixe": "0.0",
        "ratio_mi_1": null,
        "other_modi": null,
        "other_slud": null,
        "reason_cla": null,
        "other_wast": null,
        "other_coll": null,
        "other_wa_1": null,
        "challeng_6": null,
        "other_ch_2": null,
        "challeng_7": null,
        "challeng_8": null,
        "other_ad_2": null,
        "type_of_so": null,
        "other_ty_2": null,
        "source_of_": null,
        "other_so_2": null,
        "other_hand": null,
        "other_ha_1": null,
        "other_ha_2": null,
        "other_wa_2": null,
        "other_soli": null,
        "other_drys": null,
        "other_marc": null,
        "other_wash": null,
        "other_impr": null,
        "type_dis_1": null,
        "other_ty_3": null,
        "other_ch_3": null,
        "other_prov": null,
        "other_ch_4": null,
        "other_ad_3": null,
        "other_im_1": null,
        "kind_insti": null,
        "layer": "Garissa Schools",
        "path": "C:/Users/USER/OneDrive - ACTED/Desktop/Garissa County Capacity Building - REACH/Training Materials/Modules/Training Data/Garissa HF and Schools/Garissa HF and Schools/Garissa Schools.geojson",
        "Risk_Level": "Medium Risk",
        "Distance_to_Flood_km": "1.2",
        "Poverty_Rate": "0.78",
        "Food_Poverty_Rate": "0.58",
        "Avg_HH_Income": "5169",
        "Avg_HH_Expenditure": "6177",
        "HH_Cash_Gap": "-1008",
        "Post_Assistance_Income": "13927",
        "Post_Assistance_Expenditure": "11092",
        "Post_Assistance_Surplus": "2835",
        "Vulnerability_Index": "0.676",
        "Wasting_Rate": "0.17",
        "marker_emoji": "🏫",
        "Author": "Garissa GIS Directorate — James M. Mburu",
        "NN_Vulnerability_Score": "0.551",
        "NN_Risk_Class": "High",
        "tana_buffer_zone": false
      },
      "geometry": {
        "type": "Point",
        "coordinates": [
          40.309031600000026,
          0.057594900000026
        ]
      }
    },
    {
      "type": "Feature",
      "properties": {
        "OBJECTID": "610",
        "county": "garissa",
        "camp": null,
        "camp_locat": null,
        "school_nam": "Diiso Primary School",
        "school_typ": "day school",
        "school_lev": "pre primary lower primary upper primary",
        "role_respo": null,
        "other_role": null,
        "resp_gende": null,
        "other_gend": null,
        "allow_obse": null,
        "duration_w": null,
        "num_malest": "2.0",
        "num_female": null,
        "Total_staf": "2",
        "gender_pup": "boys girls",
        "num_childb": "190.0",
        "num_chilgi": "60.0",
        "Total_chil": null,
        "drinking_w": "no water source",
        "other_sour": null,
        "main_water": null,
        "hygiene_wa": "handpumps",
        "other_so_1": null,
        "main_wat_1": null,
        "num_water_": "2.0",
        "availabili": "2 3 days",
        "condition_": null,
        "other_cond": null,
        "reason_not": null,
        "what_damag": null,
        "other_what": null,
        "reason_cit": null,
        "efforts_ma": null,
        "accesibili": "no",
        "adaptated_": null,
        "accesibi_1": "no",
        "adapted_to": null,
        "water_avai": "no",
        "days_water": null,
        "cause_of_l": null,
        "other_caus": null,
        "adaptation": "fetch outside school children bring water home",
        "other_adap": null,
        "storage_fa": "yes",
        "total_capa": "15000.0",
        "num_litres": "200.0",
        "school_pur": "no",
        "treatment_": null,
        "other_trea": null,
        "waterborne": "no",
        "waterbor_1": null,
        "availabi_1": "water sources decreased",
        "other_avai": null,
        "challenges": "waterpoints too far disabled unable accesswaterpoints children no access",
        "other_chal": null,
        "main_sourc": "handpumps",
        "satisfied_": "yes",
        "methods_wa": null,
        "other_meth": null,
        "challenge_": "limited access water irregular water supply",
        "main_type_": "pit latrine slab",
        "other_main": null,
        "studentsta": "yes",
        "type_stude": "pit latrine slab",
        "other_type": null,
        "pupils_sep": "yes",
        "total_at_s": null,
        "girls_toil": "2.0",
        "boys_toile": "2.0",
        "Total_pupi": null,
        "ratio_pupi": null,
        "pupils_sha": "0.0",
        "pupils_toi": "Within school building",
        "student_cl": "2 4 days",
        "reason_toi": "lack dedicated personnel lack adequate water",
        "pupils_san": "door walls lock solid structure",
        "items_pupi": "water",
        "type_staff": "pit latrine slab",
        "other_ty_1": null,
        "teachers_s": "no",
        "total_toil": null,
        "female_onl": null,
        "male_only_": null,
        "Total_st_1": "0",
        "ratio_staf": null,
        "shared_toi": null,
        "staff_toil": "Within school building",
        "staff_clea": "2 4 days",
        "reason_sta": "lack dedicated personnel lack adequate water",
        "staff_sani": "walls lock",
        "items_staf": "water",
        "mixed_fema": null,
        "mixed_male": null,
        "Toilets_mi": null,
        "Total_pu_1": null,
        "ratio_mixe": null,
        "mixed_hcle": null,
        "reason_hmi": null,
        "school_san": null,
        "items_mixe": null,
        "usable_toi": "no",
        "modificati": null,
        "accessible": "no",
        "modication": null,
        "septic_tan": "no",
        "sludge_was": "treated on site",
        "classrooms": "Daily",
        "compound_c": "Daily",
        "reason_com": null,
        "waste_gene": "Paper",
        "collection": "burned away premises",
        "waste_disp": "composit pit",
        "challeng_1": "lack awareness inconsistence collection lack staff",
        "challeng_2": "0",
        "traces_dea": "never visible",
        "challeng_3": "damages sanitation facilities",
        "other_ch_1": null,
        "adaptati_1": "less preferred sanitation",
        "adaptati_2": null,
        "num_handwa": null,
        "show_pupil": null,
        "water_av_1": null,
        "soap_avail": null,
        "water_av_2": null,
        "soap_ava_1": null,
        "reason_no_": null,
        "other_reas": null,
        "handwashin": null,
        "clear_sign": null,
        "accesible_": null,
        "handwash_1": null,
        "handwash_a": "no",
        "handwash_2": null,
        "items_avai": "water",
        "waste_segr": "toilets more5metres",
        "solidwaste": "burned away premises",
        "times_scho": "every two three",
        "hygiene_pr": "no",
        "when_promo": null,
        "kind_hygie": null,
        "changes_du": null,
        "notable_be": null,
        "dryspell_e": "reduced water supply disrupted water practices",
        "march_may_": "increased water supply",
        "effects_fl": "not school regularly children commuting",
        "wash_needs": "sanitation facilities access to clean wataer handwashing facilities",
        "improve_to": "assist building renovating advocacy awareness creation",
        "type_dispo": "compost pits",
        "adequate_m": "No",
        "when_waste": "weekly",
        "water_soap": "no",
        "challeng_4": "inadequate bins",
        "provisions": "none above",
        "menstrual_": "no",
        "challeng_5": "inadequately safe",
        "adapt_mens": "less preferred product",
        "improve_me": "quality comp teaching safe sanitation facilities provision sanitary pads",
        "teacher_in": "no",
        "enumerator": "No",
        "uuid": "5087914b-0d0f-4838-b563-320a7a490d00",
        "longitude": "40.0305321",
        "latitude": "-0.4437544",
        "sub_county": "Fafi Sub County",
        "wash_nee_1": "1",
        "wash_nee_2": "1",
        "wash_nee_3": "0",
        "wash_nee_4": "0",
        "wash_nee_5": "1",
        "wash_nee_6": "0",
        "wash_nee_7": "0",
        "wash_nee_8": "0",
        "Population": "126",
        "female_toi": "30",
        "male_toile": "96",
        "Total_male": "2.0",
        "Total_fema": "2.0",
        "host_or_re": "host",
        "ward": "fafi fafi",
        "Total_pu_2": "250.0",
        "Total_st_2": "252.0",
        "other_wate": null,
        "adapted__1": null,
        "other_ad_1": null,
        "Total_stud": "4.0",
        "ratio_stud": "62.5",
        "items_pu_1": "0",
        "items_pu_2": "0",
        "items_pu_3": "1",
        "items_pu_4": "0",
        "items_pu_5": "0",
        "items_pu_6": "0",
        "other_item": null,
        "Total_mixe": "0.0",
        "ratio_mi_1": null,
        "other_modi": null,
        "other_slud": null,
        "reason_cla": null,
        "other_wast": null,
        "other_coll": null,
        "other_wa_1": null,
        "challeng_6": null,
        "other_ch_2": null,
        "challeng_7": null,
        "challeng_8": null,
        "other_ad_2": null,
        "type_of_so": null,
        "other_ty_2": null,
        "source_of_": null,
        "other_so_2": null,
        "other_hand": null,
        "other_ha_1": null,
        "other_ha_2": null,
        "other_wa_2": null,
        "other_soli": null,
        "other_drys": null,
        "other_marc": null,
        "other_wash": null,
        "other_impr": null,
        "type_dis_1": "0.0",
        "other_ty_3": null,
        "other_ch_3": null,
        "other_prov": null,
        "other_ch_4": null,
        "other_ad_3": null,
        "other_im_1": null,
        "kind_insti": null,
        "layer": "Garissa Schools",
        "path": "C:/Users/USER/OneDrive - ACTED/Desktop/Garissa County Capacity Building - REACH/Training Materials/Modules/Training Data/Garissa HF and Schools/Garissa HF and Schools/Garissa Schools.geojson",
        "Risk_Level": "Extreme Risk (Super El Niño)",
        "Distance_to_Flood_km": "4.63",
        "Poverty_Rate": "0.77",
        "Food_Poverty_Rate": "0.57",
        "Avg_HH_Income": "5169",
        "Avg_HH_Expenditure": "6177",
        "HH_Cash_Gap": "-1008",
        "Post_Assistance_Income": "13927",
        "Post_Assistance_Expenditure": "11092",
        "Post_Assistance_Surplus": "2835",
        "Vulnerability_Index": "0.752",
        "Wasting_Rate": "0.14",
        "marker_emoji": "🏫",
        "Author": "Garissa GIS Directorate — James M. Mburu",
        "NN_Vulnerability_Score": "0.486",
        "NN_Risk_Class": "Medium",
        "tana_buffer_zone": false
      },
      "geometry": {
        "type": "Point",
        "coordinates": [
          40.03053210000007,
          -0.443754399999932
        ]
      }
    },
    {
      "type": "Feature",
      "properties": {
        "OBJECTID": "632",
        "county": "garissa",
        "camp": null,
        "camp_locat": null,
        "school_nam": "Garisa Children Rescure Center",
        "school_typ": "day school",
        "school_lev": "pre primary",
        "role_respo": null,
        "other_role": null,
        "resp_gende": null,
        "other_gend": null,
        "allow_obse": null,
        "duration_w": null,
        "num_malest": "1.0",
        "num_female": "1.0",
        "Total_staf": "2",
        "gender_pup": "boys girls",
        "num_childb": "47.0",
        "num_chilgi": "22.0",
        "Total_chil": null,
        "drinking_w": "tanker trucks",
        "other_sour": null,
        "main_water": "on premises",
        "hygiene_wa": "tanker trucks",
        "other_so_1": null,
        "main_wat_1": null,
        "num_water_": null,
        "availabili": null,
        "condition_": null,
        "other_cond": null,
        "reason_not": null,
        "what_damag": null,
        "other_what": null,
        "reason_cit": null,
        "efforts_ma": null,
        "accesibili": "yes",
        "adaptated_": "tap can be reached",
        "accesibi_1": "yes",
        "adapted_to": "lower taps",
        "water_avai": "yes",
        "days_water": "2 weeks",
        "cause_of_l": "lack adquate storage",
        "other_caus": null,
        "adaptation": null,
        "other_adap": null,
        "storage_fa": "yes",
        "total_capa": "5000.0",
        "num_litres": "2500.0",
        "school_pur": "no",
        "treatment_": null,
        "other_trea": null,
        "waterborne": "no",
        "waterbor_1": null,
        "availabi_1": "water sources decreased",
        "other_avai": null,
        "challenges": "waterpoints expensive",
        "other_chal": null,
        "main_sourc": "tanker trucks",
        "satisfied_": "yes",
        "methods_wa": null,
        "other_meth": null,
        "challenge_": "lack storage facility",
        "main_type_": "pit latrine without slab",
        "other_main": null,
        "studentsta": "yes",
        "type_stude": "pit latrine without slab",
        "other_type": null,
        "pupils_sep": "yes",
        "total_at_s": null,
        "girls_toil": "3.0",
        "boys_toile": "2.0",
        "Total_pupi": null,
        "ratio_pupi": null,
        "pupils_sha": "0.0",
        "pupils_toi": "Outside building, but on premises",
        "student_cl": "2 4 days",
        "reason_toi": "lack adequate water",
        "pupils_san": "walls door lock",
        "items_pupi": "water",
        "type_staff": "pit latrine without slab",
        "other_ty_1": null,
        "teachers_s": "yes",
        "total_toil": null,
        "female_onl": "1.0",
        "male_only_": "1.0",
        "Total_st_1": "2",
        "ratio_staf": "1.0",
        "shared_toi": "0.0",
        "staff_toil": "Outside building, but on premises",
        "staff_clea": "Daily",
        "reason_sta": null,
        "staff_sani": "door walls lock",
        "items_staf": "water",
        "mixed_fema": null,
        "mixed_male": null,
        "Toilets_mi": null,
        "Total_pu_1": null,
        "ratio_mixe": null,
        "mixed_hcle": null,
        "reason_hmi": null,
        "school_san": null,
        "items_mixe": null,
        "usable_toi": "yes",
        "modificati": "lower seat",
        "accessible": "no",
        "modication": null,
        "septic_tan": "yes",
        "sludge_was": "dig another latrine",
        "classrooms": "Daily",
        "compound_c": "Daily",
        "reason_com": null,
        "waste_gene": "Plastic Paper",
        "collection": "burned away premises",
        "waste_disp": "composit pit",
        "challeng_1": "lack staff",
        "challeng_2": "0",
        "traces_dea": "never visible",
        "challeng_3": "lack sanitation facilities",
        "other_ch_1": null,
        "adaptati_1": "less preferred sanitation",
        "adaptati_2": null,
        "num_handwa": "1",
        "show_pupil": "allow",
        "water_av_1": "water not available",
        "soap_avail": "soap not available",
        "water_av_2": null,
        "soap_ava_1": null,
        "reason_no_": "lack financial resources",
        "other_reas": null,
        "handwashin": "five metres toilet",
        "clear_sign": "yes",
        "accesible_": "no",
        "handwash_1": null,
        "handwash_a": "yes",
        "handwash_2": "lower taps",
        "items_avai": "water",
        "waste_segr": "toilets within5metres",
        "solidwaste": "burned away premises",
        "times_scho": "everyday",
        "hygiene_pr": "yes",
        "when_promo": "last 30days",
        "kind_hygie": null,
        "changes_du": "yes",
        "notable_be": "proper use toilets improved hand techniques increased hand practices reduced open defaction maintenance facilities",
        "dryspell_e": "reduced water supply",
        "march_may_": "toilets Infrastructure damage water Infrastructure damage",
        "effects_fl": "drop out school",
        "wash_needs": "sanitation facilities infrastructure handwashing facilities",
        "improve_to": "training teachers WASH communities community mobilization hygiene promotion",
        "type_dispo": "compost pits",
        "adequate_m": "No",
        "when_waste": "Daily",
        "water_soap": "no",
        "challeng_4": "too expensive inadequate bins",
        "provisions": "none above",
        "menstrual_": "no",
        "challeng_5": "lack of privacy lack water soap",
        "adapt_mens": "girls to sort issue",
        "improve_me": "safe sanitation facilities",
        "teacher_in": "yes",
        "enumerator": null,
        "uuid": "70bfd013-4b2b-446c-a148-b296ae3e1441",
        "longitude": "39.647855",
        "latitude": "-0.4407991",
        "sub_county": "Garissa Sub County",
        "wash_nee_1": "0",
        "wash_nee_2": "1",
        "wash_nee_3": "0",
        "wash_nee_4": "0",
        "wash_nee_5": "1",
        "wash_nee_6": "0",
        "wash_nee_7": "0",
        "wash_nee_8": "1",
        "Population": "28",
        "female_toi": "6",
        "male_toile": "16",
        "Total_male": "3.0",
        "Total_fema": "4.0",
        "host_or_re": "host",
        "ward": "township",
        "Total_pu_2": "69.0",
        "Total_st_2": "71.0",
        "other_wate": null,
        "adapted__1": "0.0",
        "other_ad_1": null,
        "Total_stud": "5.0",
        "ratio_stud": "13.8",
        "items_pu_1": "0",
        "items_pu_2": "0",
        "items_pu_3": "1",
        "items_pu_4": "0",
        "items_pu_5": "0",
        "items_pu_6": "0",
        "other_item": null,
        "Total_mixe": "0.0",
        "ratio_mi_1": null,
        "other_modi": null,
        "other_slud": null,
        "reason_cla": null,
        "other_wast": null,
        "other_coll": null,
        "other_wa_1": null,
        "challeng_6": null,
        "other_ch_2": null,
        "challeng_7": null,
        "challeng_8": null,
        "other_ad_2": null,
        "type_of_so": null,
        "other_ty_2": null,
        "source_of_": null,
        "other_so_2": null,
        "other_hand": null,
        "other_ha_1": null,
        "other_ha_2": null,
        "other_wa_2": null,
        "other_soli": null,
        "other_drys": null,
        "other_marc": null,
        "other_wash": null,
        "other_impr": null,
        "type_dis_1": "0.0",
        "other_ty_3": null,
        "other_ch_3": null,
        "other_prov": null,
        "other_ch_4": null,
        "other_ad_3": null,
        "other_im_1": null,
        "kind_insti": null,
        "layer": "Garissa Schools",
        "path": "C:/Users/USER/OneDrive - ACTED/Desktop/Garissa County Capacity Building - REACH/Training Materials/Modules/Training Data/Garissa HF and Schools/Garissa HF and Schools/Garissa Schools.geojson",
        "Risk_Level": "Medium Risk",
        "Distance_to_Flood_km": "1.08",
        "Poverty_Rate": "0.48",
        "Food_Poverty_Rate": "0.35",
        "Avg_HH_Income": "5169",
        "Avg_HH_Expenditure": "6177",
        "HH_Cash_Gap": "-1008",
        "Post_Assistance_Income": "13927",
        "Post_Assistance_Expenditure": "11092",
        "Post_Assistance_Surplus": "2835",
        "Vulnerability_Index": "0.542",
        "Wasting_Rate": "0.1",
        "marker_emoji": "🏫",
        "Author": "Garissa GIS Directorate — James M. Mburu",
        "NN_Vulnerability_Score": "0.473",
        "NN_Risk_Class": "Medium",
        "tana_buffer_zone": false
      },
      "geometry": {
        "type": "Point",
        "coordinates": [
          39.647855,
          -0.440799099999936
        ]
      }
    },
    {
      "type": "Feature",
      "properties": {
        "OBJECTID": "550",
        "county": "garissa",
        "camp": null,
        "camp_locat": null,
        "school_nam": "Tetu Pre-School",
        "school_typ": "day school",
        "school_lev": "pre primary lower primary upper primary Junior secondary secondary school",
        "role_respo": null,
        "other_role": null,
        "resp_gende": null,
        "other_gend": null,
        "allow_obse": null,
        "duration_w": null,
        "num_malest": "9.0",
        "num_female": "18.0",
        "Total_staf": "27",
        "gender_pup": "boys girls",
        "num_childb": "670.0",
        "num_chilgi": "601.0",
        "Total_chil": null,
        "drinking_w": "piped into school",
        "other_sour": null,
        "main_water": "on premises",
        "hygiene_wa": "piped into school",
        "other_so_1": null,
        "main_wat_1": null,
        "num_water_": null,
        "availabili": null,
        "condition_": null,
        "other_cond": null,
        "reason_not": null,
        "what_damag": null,
        "other_what": null,
        "reason_cit": null,
        "efforts_ma": null,
        "accesibili": "yes",
        "adaptated_": "tap can be reached",
        "accesibi_1": "yes",
        "adapted_to": "lower taps",
        "water_avai": "yes",
        "days_water": "2 weeks",
        "cause_of_l": "lack adquate storage",
        "other_caus": null,
        "adaptation": null,
        "other_adap": null,
        "storage_fa": "yes",
        "total_capa": "9000.0",
        "num_litres": "1500.0",
        "school_pur": "no",
        "treatment_": null,
        "other_trea": null,
        "waterborne": "no",
        "waterbor_1": null,
        "availabi_1": "water sources decreased",
        "other_avai": null,
        "challenges": "waterpoints expensive lack proper storage",
        "other_chal": null,
        "main_sourc": "piped into school",
        "satisfied_": "yes",
        "methods_wa": null,
        "other_meth": null,
        "challenge_": "lack storage facility",
        "main_type_": "pit latrine slab",
        "other_main": null,
        "studentsta": "yes",
        "type_stude": "pit latrine without slab",
        "other_type": null,
        "pupils_sep": "no",
        "total_at_s": null,
        "girls_toil": null,
        "boys_toile": null,
        "Total_pupi": null,
        "ratio_pupi": null,
        "pupils_sha": null,
        "pupils_toi": "Outside building, but on premises",
        "student_cl": "2 4 days",
        "reason_toi": "lack of detergent lack adequate water",
        "pupils_san": "walls",
        "items_pupi": "none",
        "type_staff": "pit latrine without slab",
        "other_ty_1": null,
        "teachers_s": "no",
        "total_toil": null,
        "female_onl": null,
        "male_only_": null,
        "Total_st_1": "0",
        "ratio_staf": null,
        "shared_toi": null,
        "staff_toil": "Outside building, but on premises",
        "staff_clea": "2 4 days",
        "reason_sta": "lack of detergent lack adequate water",
        "staff_sani": "walls",
        "items_staf": "none",
        "mixed_fema": null,
        "mixed_male": null,
        "Toilets_mi": null,
        "Total_pu_1": null,
        "ratio_mixe": null,
        "mixed_hcle": null,
        "reason_hmi": null,
        "school_san": null,
        "items_mixe": null,
        "usable_toi": "yes",
        "modificati": "lower seat",
        "accessible": "yes",
        "modication": "handrails",
        "septic_tan": "no",
        "sludge_was": "dig another latrine",
        "classrooms": "Daily",
        "compound_c": "Daily",
        "reason_com": null,
        "waste_gene": "Plastic Paper",
        "collection": "burned away premises",
        "waste_disp": "composit pit",
        "challeng_1": "lack bins lack awareness",
        "challeng_2": "0",
        "traces_dea": "never visible",
        "challeng_3": "lack sanitation facilities",
        "other_ch_1": null,
        "adaptati_1": "less preferred sanitation",
        "adaptati_2": null,
        "num_handwa": "2 15",
        "show_pupil": "allow",
        "water_av_1": "water not available",
        "soap_avail": "soap not available",
        "water_av_2": null,
        "soap_ava_1": null,
        "reason_no_": "lack financial resources",
        "other_reas": null,
        "handwashin": "five metres toilet",
        "clear_sign": "yes",
        "accesible_": "yes",
        "handwash_1": "low height taps",
        "handwash_a": "yes",
        "handwash_2": "lower taps",
        "items_avai": "none",
        "waste_segr": "toilets within5metres",
        "solidwaste": "burned away premises",
        "times_scho": "everyday",
        "hygiene_pr": "yes",
        "when_promo": "last 30days",
        "kind_hygie": null,
        "changes_du": "yes",
        "notable_be": "proper use toilets increased hand practices improved hand techniques better menst hygiene",
        "dryspell_e": "reduced water supply",
        "march_may_": "increased water supply water Infrastructure damage",
        "effects_fl": "drop out school",
        "wash_needs": "waste management handwashing facilities sanitation facilities",
        "improve_to": "training teachers WASH communities community mobilization",
        "type_dispo": "compost pits",
        "adequate_m": "No",
        "when_waste": "Daily",
        "water_soap": "no",
        "challeng_4": "too expensive inadequate bins",
        "provisions": "none above",
        "menstrual_": "no",
        "challeng_5": "lack of privacy lack water soap",
        "adapt_mens": "girls to sort issue",
        "improve_me": "safe sanitation facilities",
        "teacher_in": "yes",
        "enumerator": null,
        "uuid": "aad6411e-efb2-4746-84a7-966500d5b2c9",
        "longitude": "39.6460117",
        "latitude": "-0.4373992",
        "sub_county": "Garissa Sub County",
        "wash_nee_1": "0",
        "wash_nee_2": "1",
        "wash_nee_3": "0",
        "wash_nee_4": "1",
        "wash_nee_5": "1",
        "wash_nee_6": "0",
        "wash_nee_7": "0",
        "wash_nee_8": "0",
        "Population": "0",
        "female_toi": "0",
        "male_toile": "0",
        "Total_male": "0.0",
        "Total_fema": "0.0",
        "host_or_re": "host",
        "ward": "galbet",
        "Total_pu_2": "1271.0",
        "Total_st_2": "1298.0",
        "other_wate": null,
        "adapted__1": "0.0",
        "other_ad_1": null,
        "Total_stud": "0.0",
        "ratio_stud": null,
        "items_pu_1": "0",
        "items_pu_2": "0",
        "items_pu_3": "0",
        "items_pu_4": "1",
        "items_pu_5": "0",
        "items_pu_6": "0",
        "other_item": null,
        "Total_mixe": "0.0",
        "ratio_mi_1": null,
        "other_modi": null,
        "other_slud": null,
        "reason_cla": null,
        "other_wast": null,
        "other_coll": null,
        "other_wa_1": null,
        "challeng_6": null,
        "other_ch_2": null,
        "challeng_7": null,
        "challeng_8": null,
        "other_ad_2": null,
        "type_of_so": null,
        "other_ty_2": null,
        "source_of_": null,
        "other_so_2": null,
        "other_hand": null,
        "other_ha_1": null,
        "other_ha_2": null,
        "other_wa_2": null,
        "other_soli": null,
        "other_drys": null,
        "other_marc": null,
        "other_wash": null,
        "other_impr": null,
        "type_dis_1": "0.0",
        "other_ty_3": null,
        "other_ch_3": null,
        "other_prov": null,
        "other_ch_4": null,
        "other_ad_3": null,
        "other_im_1": null,
        "kind_insti": null,
        "layer": "Garissa Schools",
        "path": "C:/Users/USER/OneDrive - ACTED/Desktop/Garissa County Capacity Building - REACH/Training Materials/Modules/Training Data/Garissa HF and Schools/Garissa HF and Schools/Garissa Schools.geojson",
        "Risk_Level": "Medium Risk",
        "Distance_to_Flood_km": "0.98",
        "Poverty_Rate": "0.48",
        "Food_Poverty_Rate": "0.35",
        "Avg_HH_Income": "5169",
        "Avg_HH_Expenditure": "6177",
        "HH_Cash_Gap": "-1008",
        "Post_Assistance_Income": "13927",
        "Post_Assistance_Expenditure": "11092",
        "Post_Assistance_Surplus": "2835",
        "Vulnerability_Index": "0.544",
        "Wasting_Rate": "0.1",
        "marker_emoji": "🏫",
        "Author": "Garissa GIS Directorate — James M. Mburu",
        "NN_Vulnerability_Score": "0.473",
        "NN_Risk_Class": "Medium",
        "tana_buffer_zone": false
      },
      "geometry": {
        "type": "Point",
        "coordinates": [
          39.64601170000003,
          -0.437399199999959
        ]
      }
    },
    {
      "type": "Feature",
      "properties": {
        "OBJECTID": "596",
        "county": "garissa",
        "camp": null,
        "camp_locat": null,
        "school_nam": "Kazuko Girls Primary",
        "school_typ": "day school",
        "school_lev": "pre primary lower primary upper primary Junior secondary",
        "role_respo": null,
        "other_role": null,
        "resp_gende": null,
        "other_gend": null,
        "allow_obse": null,
        "duration_w": null,
        "num_malest": "5.0",
        "num_female": "8.0",
        "Total_staf": "13",
        "gender_pup": "girls",
        "num_childb": null,
        "num_chilgi": "410.0",
        "Total_chil": null,
        "drinking_w": "piped into school",
        "other_sour": null,
        "main_water": "on premises",
        "hygiene_wa": "piped into school",
        "other_so_1": null,
        "main_wat_1": null,
        "num_water_": null,
        "availabili": null,
        "condition_": null,
        "other_cond": null,
        "reason_not": null,
        "what_damag": null,
        "other_what": null,
        "reason_cit": null,
        "efforts_ma": null,
        "accesibili": "yes",
        "adaptated_": "tap can be reached",
        "accesibi_1": "yes",
        "adapted_to": "lower taps",
        "water_avai": "yes",
        "days_water": "2 weeks",
        "cause_of_l": "water infrastructure damaged lack adquate storage",
        "other_caus": null,
        "adaptation": null,
        "other_adap": null,
        "storage_fa": "yes",
        "total_capa": "5000.0",
        "num_litres": "1000.0",
        "school_pur": "no",
        "treatment_": null,
        "other_trea": null,
        "waterborne": "no",
        "waterbor_1": null,
        "availabi_1": "water sources decreased community take waterschool",
        "other_avai": null,
        "challenges": "lack proper storage waterpoints expensive",
        "other_chal": null,
        "main_sourc": "piped into school",
        "satisfied_": "yes",
        "methods_wa": null,
        "other_meth": null,
        "challenge_": "lack storage facility",
        "main_type_": "pit latrine without slab",
        "other_main": null,
        "studentsta": "no",
        "type_stude": null,
        "other_type": null,
        "pupils_sep": null,
        "total_at_s": null,
        "girls_toil": null,
        "boys_toile": null,
        "Total_pupi": null,
        "ratio_pupi": null,
        "pupils_sha": null,
        "pupils_toi": null,
        "student_cl": null,
        "reason_toi": null,
        "pupils_san": null,
        "items_pupi": null,
        "type_staff": null,
        "other_ty_1": null,
        "teachers_s": null,
        "total_toil": null,
        "female_onl": null,
        "male_only_": null,
        "Total_st_1": "0",
        "ratio_staf": null,
        "shared_toi": null,
        "staff_toil": null,
        "staff_clea": null,
        "reason_sta": null,
        "staff_sani": null,
        "items_staf": null,
        "mixed_fema": "4.0",
        "mixed_male": null,
        "Toilets_mi": null,
        "Total_pu_1": null,
        "ratio_mixe": null,
        "mixed_hcle": "2 4 days",
        "reason_hmi": null,
        "school_san": null,
        "items_mixe": null,
        "usable_toi": null,
        "modificati": null,
        "accessible": "no",
        "modication": null,
        "septic_tan": "yes",
        "sludge_was": "dig another latrine",
        "classrooms": "Daily",
        "compound_c": "Daily",
        "reason_com": null,
        "waste_gene": "Paper Plastic",
        "collection": "burned away premises",
        "waste_disp": "composit pit",
        "challeng_1": "lack bins lack awareness",
        "challeng_2": "0",
        "traces_dea": "never visible",
        "challeng_3": "community out using lack sanitation facilities damages sanitation facilities sanitation not functioning",
        "other_ch_1": null,
        "adaptati_1": "communal sanitation facilities less preferred sanitation",
        "adaptati_2": null,
        "num_handwa": null,
        "show_pupil": null,
        "water_av_1": null,
        "soap_avail": null,
        "water_av_2": null,
        "soap_ava_1": null,
        "reason_no_": null,
        "other_reas": null,
        "handwashin": null,
        "clear_sign": null,
        "accesible_": null,
        "handwash_1": null,
        "handwash_a": "yes",
        "handwash_2": "lower taps",
        "items_avai": "water",
        "waste_segr": "toilets within5metres classrooms staff rooms food preparation area",
        "solidwaste": "burned away premises",
        "times_scho": "everyday",
        "hygiene_pr": "no",
        "when_promo": null,
        "kind_hygie": null,
        "changes_du": null,
        "notable_be": null,
        "dryspell_e": "increased water cost",
        "march_may_": "classrooms Infrastructure damage water Infrastructure damage toilets Infrastructure damage",
        "effects_fl": "drop out school",
        "wash_needs": "sanitation facilities infrastructure handwashing facilities",
        "improve_to": "training teachers WASH communities assist building renovating hygiene materials schools",
        "type_dispo": "compost pits",
        "adequate_m": "No",
        "when_waste": "Daily",
        "water_soap": "no",
        "challeng_4": "inadequate bins too expensive",
        "provisions": "none above",
        "menstrual_": "no",
        "challeng_5": "lack water soap lack menstrual supplies lack of privacy",
        "adapt_mens": "girls to sort issue",
        "improve_me": "safe sanitation facilities",
        "teacher_in": "yes",
        "enumerator": null,
        "uuid": "bb7c9d77-0efd-4540-b3a1-62704bed1e3c",
        "longitude": "39.6367111",
        "latitude": "-0.4485103",
        "sub_county": "Garissa Sub County",
        "wash_nee_1": "0",
        "wash_nee_2": "1",
        "wash_nee_3": "0",
        "wash_nee_4": "0",
        "wash_nee_5": "1",
        "wash_nee_6": "0",
        "wash_nee_7": "0",
        "wash_nee_8": "1",
        "Population": "208",
        "female_toi": "105",
        "male_toile": "0",
        "Total_male": "0.0",
        "Total_fema": "4.0",
        "host_or_re": "host",
        "ward": "galbet",
        "Total_pu_2": "410.0",
        "Total_st_2": "423.0",
        "other_wate": null,
        "adapted__1": "0.0",
        "other_ad_1": null,
        "Total_stud": "0.0",
        "ratio_stud": null,
        "items_pu_1": null,
        "items_pu_2": null,
        "items_pu_3": null,
        "items_pu_4": null,
        "items_pu_5": null,
        "items_pu_6": null,
        "other_item": null,
        "Total_mixe": "4.0",
        "ratio_mi_1": "105.75",
        "other_modi": null,
        "other_slud": null,
        "reason_cla": null,
        "other_wast": null,
        "other_coll": null,
        "other_wa_1": null,
        "challeng_6": null,
        "other_ch_2": null,
        "challeng_7": null,
        "challeng_8": null,
        "other_ad_2": null,
        "type_of_so": null,
        "other_ty_2": null,
        "source_of_": null,
        "other_so_2": null,
        "other_hand": null,
        "other_ha_1": null,
        "other_ha_2": null,
        "other_wa_2": null,
        "other_soli": null,
        "other_drys": null,
        "other_marc": null,
        "other_wash": null,
        "other_impr": null,
        "type_dis_1": "0.0",
        "other_ty_3": null,
        "other_ch_3": null,
        "other_prov": null,
        "other_ch_4": null,
        "other_ad_3": null,
        "other_im_1": null,
        "kind_insti": null,
        "layer": "Garissa Schools",
        "path": "C:/Users/USER/OneDrive - ACTED/Desktop/Garissa County Capacity Building - REACH/Training Materials/Modules/Training Data/Garissa HF and Schools/Garissa HF and Schools/Garissa Schools.geojson",
        "Risk_Level": "High Risk",
        "Distance_to_Flood_km": "0.0",
        "Poverty_Rate": "0.48",
        "Food_Poverty_Rate": "0.35",
        "Avg_HH_Income": "5169",
        "Avg_HH_Expenditure": "6177",
        "HH_Cash_Gap": "-1008",
        "Post_Assistance_Income": "13927",
        "Post_Assistance_Expenditure": "11092",
        "Post_Assistance_Surplus": "2835",
        "Vulnerability_Index": "0.654",
        "Wasting_Rate": "0.1",
        "marker_emoji": "🏫",
        "Author": "Garissa GIS Directorate — James M. Mburu",
        "NN_Vulnerability_Score": "0.474",
        "NN_Risk_Class": "Medium",
        "tana_buffer_zone": false
      },
      "geometry": {
        "type": "Point",
        "coordinates": [
          39.63671110000007,
          -0.448510299999953
        ]
      }
    },
    {
      "type": "Feature",
      "properties": {
        "OBJECTID": "589",
        "county": "garissa",
        "camp": null,
        "camp_locat": null,
        "school_nam": "Jaribu Primary School",
        "school_typ": "day school",
        "school_lev": "Junior secondary upper primary lower primary pre primary",
        "role_respo": null,
        "other_role": null,
        "resp_gende": null,
        "other_gend": null,
        "allow_obse": null,
        "duration_w": null,
        "num_malest": null,
        "num_female": "10.0",
        "Total_staf": "10",
        "gender_pup": "boys girls",
        "num_childb": "1040.0",
        "num_chilgi": "604.0",
        "Total_chil": null,
        "drinking_w": "tap stand",
        "other_sour": null,
        "main_water": "on premises",
        "hygiene_wa": "tap stand",
        "other_so_1": null,
        "main_wat_1": null,
        "num_water_": "7.0",
        "availabili": "2 3 days",
        "condition_": null,
        "other_cond": null,
        "reason_not": null,
        "what_damag": null,
        "other_what": null,
        "reason_cit": null,
        "efforts_ma": null,
        "accesibili": "yes",
        "adaptated_": "adequate space",
        "accesibi_1": "yes",
        "adapted_to": "lower taps",
        "water_avai": "no",
        "days_water": null,
        "cause_of_l": null,
        "other_caus": null,
        "adaptation": "reduce water otherpurposes fetch outside school",
        "other_adap": null,
        "storage_fa": "yes",
        "total_capa": "35000.0",
        "num_litres": "390.0",
        "school_pur": "no",
        "treatment_": null,
        "other_trea": null,
        "waterborne": "no",
        "waterbor_1": null,
        "availabi_1": "water sources dried up water system damaged",
        "other_avai": null,
        "challenges": "waterpoints expensive lack proper storage infrastructure damaged",
        "other_chal": null,
        "main_sourc": "tap stand",
        "satisfied_": "yes",
        "methods_wa": null,
        "other_meth": null,
        "challenge_": "limited access water high costs lack storage facility",
        "main_type_": "pit latrine slab",
        "other_main": null,
        "studentsta": "yes",
        "type_stude": "pit latrine slab",
        "other_type": null,
        "pupils_sep": "yes",
        "total_at_s": null,
        "girls_toil": "4.0",
        "boys_toile": "7.0",
        "Total_pupi": null,
        "ratio_pupi": null,
        "pupils_sha": "0.0",
        "pupils_toi": "Within school building",
        "student_cl": "2 4 days",
        "reason_toi": "lack of detergent lack protective clothe",
        "pupils_san": "door walls lock",
        "items_pupi": "water",
        "type_staff": "pit latrine slab",
        "other_ty_1": null,
        "teachers_s": "yes",
        "total_toil": null,
        "female_onl": "3.0",
        "male_only_": "3.0",
        "Total_st_1": "6",
        "ratio_staf": "1.666666667",
        "shared_toi": "0.0",
        "staff_toil": "Within school building",
        "staff_clea": "2 4 days",
        "reason_sta": "lack adequate water lack of detergent",
        "staff_sani": "door lock walls solid structure",
        "items_staf": "water",
        "mixed_fema": null,
        "mixed_male": null,
        "Toilets_mi": null,
        "Total_pu_1": null,
        "ratio_mixe": null,
        "mixed_hcle": null,
        "reason_hmi": null,
        "school_san": null,
        "items_mixe": null,
        "usable_toi": "no",
        "modificati": null,
        "accessible": "no",
        "modication": null,
        "septic_tan": "yes",
        "sludge_was": "dig another latrine",
        "classrooms": "Daily",
        "compound_c": "Daily",
        "reason_com": null,
        "waste_gene": "Paper Plastic",
        "collection": "burned on premises",
        "waste_disp": "composit pit",
        "challeng_1": "lack bins",
        "challeng_2": "0",
        "traces_dea": "never visible",
        "challeng_3": "lack sanitation facilities damages sanitation facilities",
        "other_ch_1": null,
        "adaptati_1": "less preferred sanitation",
        "adaptati_2": null,
        "num_handwa": "2 15",
        "show_pupil": "allow",
        "water_av_1": "water available",
        "soap_avail": "soap not available",
        "water_av_2": null,
        "soap_ava_1": null,
        "reason_no_": "lack financial resources",
        "other_reas": null,
        "handwashin": "classrooms five metres toilet food preparation are",
        "clear_sign": "yes",
        "accesible_": "yes",
        "handwash_1": "low height taps adequate space",
        "handwash_a": "yes",
        "handwash_2": "lower taps",
        "items_avai": "water",
        "waste_segr": "toilets more5metres food preparation area classrooms",
        "solidwaste": "burned on premises",
        "times_scho": "everyday",
        "hygiene_pr": "yes",
        "when_promo": "last 30days",
        "kind_hygie": null,
        "changes_du": "yes",
        "notable_be": "increased hand practices improved hand techniques proper use toilets consumption safe water proper disposal waste",
        "dryspell_e": "increased water cost disrupted water practices reduced water supply",
        "march_may_": "waste management system water Infrastructure damage toilets Infrastructure damage classrooms Infrastructure damage",
        "effects_fl": "inability to learn reduced extracurricula",
        "wash_needs": "access to clean wataer sanitation facilities menstrual management",
        "improve_to": "assist building renovating hygiene materials schools hygiene promotion part of wash projects",
        "type_dispo": "compost pits",
        "adequate_m": "No",
        "when_waste": "weekly",
        "water_soap": "water but nosoap",
        "challeng_4": "inadequate bins",
        "provisions": "MHM education girls MHM education girls boys",
        "menstrual_": "yes free",
        "challeng_5": "inadequately safe rely on donations lack menstrual supplies",
        "adapt_mens": "less preferred product",
        "improve_me": "provision sanitary pads safe sanitation facilities",
        "teacher_in": "yes",
        "enumerator": "No comments",
        "uuid": "e1c52e01-68d8-46e0-8ce6-41b5b836121f",
        "longitude": "39.6388573",
        "latitude": "-0.4479738",
        "sub_county": "Garissa Sub County",
        "wash_nee_1": "1",
        "wash_nee_2": "1",
        "wash_nee_3": "0",
        "wash_nee_4": "0",
        "wash_nee_5": "0",
        "wash_nee_6": "1",
        "wash_nee_7": "0",
        "wash_nee_8": "0",
        "Population": "300",
        "female_toi": "88",
        "male_toile": "104",
        "Total_male": "10.0",
        "Total_fema": "7.0",
        "host_or_re": "host",
        "ward": "galbet",
        "Total_pu_2": "1644.0",
        "Total_st_2": "1654.0",
        "other_wate": null,
        "adapted__1": "0.0",
        "other_ad_1": null,
        "Total_stud": "11.0",
        "ratio_stud": "149.45",
        "items_pu_1": "0",
        "items_pu_2": "0",
        "items_pu_3": "1",
        "items_pu_4": "0",
        "items_pu_5": "0",
        "items_pu_6": "0",
        "other_item": null,
        "Total_mixe": "0.0",
        "ratio_mi_1": null,
        "other_modi": null,
        "other_slud": null,
        "reason_cla": null,
        "other_wast": null,
        "other_coll": null,
        "other_wa_1": null,
        "challeng_6": null,
        "other_ch_2": null,
        "challeng_7": null,
        "challeng_8": null,
        "other_ad_2": null,
        "type_of_so": null,
        "other_ty_2": null,
        "source_of_": null,
        "other_so_2": null,
        "other_hand": null,
        "other_ha_1": null,
        "other_ha_2": null,
        "other_wa_2": null,
        "other_soli": null,
        "other_drys": null,
        "other_marc": null,
        "other_wash": null,
        "other_impr": null,
        "type_dis_1": "0.0",
        "other_ty_3": null,
        "other_ch_3": null,
        "other_prov": null,
        "other_ch_4": null,
        "other_ad_3": null,
        "other_im_1": null,
        "kind_insti": null,
        "layer": "Garissa Schools",
        "path": "C:/Users/USER/OneDrive - ACTED/Desktop/Garissa County Capacity Building - REACH/Training Materials/Modules/Training Data/Garissa HF and Schools/Garissa HF and Schools/Garissa Schools.geojson",
        "Risk_Level": "High Risk",
        "Distance_to_Flood_km": "0.12",
        "Poverty_Rate": "0.48",
        "Food_Poverty_Rate": "0.35",
        "Avg_HH_Income": "5169",
        "Avg_HH_Expenditure": "6177",
        "HH_Cash_Gap": "-1008",
        "Post_Assistance_Income": "13927",
        "Post_Assistance_Expenditure": "11092",
        "Post_Assistance_Surplus": "2835",
        "Vulnerability_Index": "0.652",
        "Wasting_Rate": "0.1",
        "marker_emoji": "🏫",
        "Author": "Garissa GIS Directorate — James M. Mburu",
        "NN_Vulnerability_Score": "0.474",
        "NN_Risk_Class": "Medium",
        "tana_buffer_zone": false
      },
      "geometry": {
        "type": "Point",
        "coordinates": [
          39.63885730000004,
          -0.447973799999943
        ]
      }
    },
    {
      "type": "Feature",
      "properties": {
        "OBJECTID": "597",
        "county": "garissa",
        "camp": null,
        "camp_locat": null,
        "school_nam": "Hyuga Girls",
        "school_typ": "day school",
        "school_lev": "pre primary lower primary upper primary Junior secondary",
        "role_respo": null,
        "other_role": null,
        "resp_gende": null,
        "other_gend": null,
        "allow_obse": null,
        "duration_w": null,
        "num_malest": "3.0",
        "num_female": null,
        "Total_staf": "3",
        "gender_pup": "girls",
        "num_childb": null,
        "num_chilgi": "445.0",
        "Total_chil": null,
        "drinking_w": "tap stand",
        "other_sour": null,
        "main_water": "on premises",
        "hygiene_wa": "tap stand",
        "other_so_1": null,
        "main_wat_1": null,
        "num_water_": "3.0",
        "availabili": "daily",
        "condition_": null,
        "other_cond": null,
        "reason_not": null,
        "what_damag": null,
        "other_what": null,
        "reason_cit": null,
        "efforts_ma": null,
        "accesibili": "yes",
        "adaptated_": "tap can be reached adequate space",
        "accesibi_1": "yes",
        "adapted_to": "children friendly handles",
        "water_avai": "yes",
        "days_water": "Daily",
        "cause_of_l": null,
        "other_caus": null,
        "adaptation": null,
        "other_adap": null,
        "storage_fa": "yes",
        "total_capa": "15000.0",
        "num_litres": "100.0",
        "school_pur": "no",
        "treatment_": null,
        "other_trea": null,
        "waterborne": "no",
        "waterbor_1": null,
        "availabi_1": "no change",
        "other_avai": null,
        "challenges": "high consumption",
        "other_chal": null,
        "main_sourc": "tap stand",
        "satisfied_": "yes",
        "methods_wa": null,
        "other_meth": null,
        "challenge_": "no challenge",
        "main_type_": "pit latrine slab",
        "other_main": null,
        "studentsta": "no",
        "type_stude": null,
        "other_type": null,
        "pupils_sep": null,
        "total_at_s": null,
        "girls_toil": null,
        "boys_toile": null,
        "Total_pupi": null,
        "ratio_pupi": null,
        "pupils_sha": null,
        "pupils_toi": null,
        "student_cl": null,
        "reason_toi": null,
        "pupils_san": null,
        "items_pupi": null,
        "type_staff": null,
        "other_ty_1": null,
        "teachers_s": null,
        "total_toil": null,
        "female_onl": null,
        "male_only_": null,
        "Total_st_1": "0",
        "ratio_staf": null,
        "shared_toi": null,
        "staff_toil": null,
        "staff_clea": null,
        "reason_sta": null,
        "staff_sani": null,
        "items_staf": null,
        "mixed_fema": "1.0",
        "mixed_male": "1.0",
        "Toilets_mi": null,
        "Total_pu_1": null,
        "ratio_mixe": null,
        "mixed_hcle": "Daily",
        "reason_hmi": null,
        "school_san": null,
        "items_mixe": null,
        "usable_toi": null,
        "modificati": null,
        "accessible": "no",
        "modication": null,
        "septic_tan": "yes",
        "sludge_was": "dig another latrine",
        "classrooms": "Daily",
        "compound_c": "Daily",
        "reason_com": null,
        "waste_gene": "Paper Plastic",
        "collection": "burned on premises",
        "waste_disp": "composit pit",
        "challeng_1": "lack bins",
        "challeng_2": "0",
        "traces_dea": "never visible",
        "challeng_3": "lack sanitation facilities damages sanitation facilities persons disability noaccess",
        "other_ch_1": null,
        "adaptati_1": "less preferred sanitation",
        "adaptati_2": null,
        "num_handwa": "2 15",
        "show_pupil": "allow",
        "water_av_1": "water available",
        "soap_avail": "soap not available",
        "water_av_2": null,
        "soap_ava_1": null,
        "reason_no_": "lack financial resources",
        "other_reas": null,
        "handwashin": "food consumption area classrooms five metres toilet",
        "clear_sign": "yes",
        "accesible_": "yes",
        "handwash_1": "low height taps adequate space",
        "handwash_a": "yes",
        "handwash_2": "lower taps",
        "items_avai": "water",
        "waste_segr": "food preparation area staff rooms toilets within5metres",
        "solidwaste": "burned on premises",
        "times_scho": "everyday",
        "hygiene_pr": "yes",
        "when_promo": "last 30days",
        "kind_hygie": null,
        "changes_du": "yes",
        "notable_be": "increased hand practices improved hand techniques proper use toilets consumption safe water proper disposal waste",
        "dryspell_e": "reduced water supply disrupted water practices",
        "march_may_": "waste management system toilets Infrastructure damage water Infrastructure damage classrooms Infrastructure damage",
        "effects_fl": "inability to learn reduced extracurricula",
        "wash_needs": "access to clean wataer menstrual management sanitation facilities",
        "improve_to": "assist building renovating part of wash projects hygiene promotion hygiene materials schools",
        "type_dispo": "compost pits",
        "adequate_m": "No",
        "when_waste": "weekly",
        "water_soap": "water but nosoap",
        "challeng_4": "inadequate bins too expensive",
        "provisions": "MHM education girls MHM education girls boys",
        "menstrual_": "yes free",
        "challeng_5": "rely on donations inadequately safe lack menstruation hygiene no disposing bins lack water soap",
        "adapt_mens": "less preferred product",
        "improve_me": "safe sanitation facilities provision sanitary pads",
        "teacher_in": "yes",
        "enumerator": "No comments",
        "uuid": "acc42cdd-fc36-4fce-85d3-086d611d5cf6",
        "longitude": "39.637211",
        "latitude": "-0.4425996",
        "sub_county": "Garissa Sub County",
        "wash_nee_1": "1",
        "wash_nee_2": "1",
        "wash_nee_3": "0",
        "wash_nee_4": "0",
        "wash_nee_5": "0",
        "wash_nee_6": "1",
        "wash_nee_7": "0",
        "wash_nee_8": "0",
        "Population": "447",
        "female_toi": "445",
        "male_toile": "3",
        "Total_male": "1.0",
        "Total_fema": "1.0",
        "host_or_re": "host",
        "ward": "galbet",
        "Total_pu_2": "445.0",
        "Total_st_2": "448.0",
        "other_wate": null,
        "adapted__1": "0.0",
        "other_ad_1": null,
        "Total_stud": "0.0",
        "ratio_stud": null,
        "items_pu_1": null,
        "items_pu_2": null,
        "items_pu_3": null,
        "items_pu_4": null,
        "items_pu_5": null,
        "items_pu_6": null,
        "other_item": null,
        "Total_mixe": "2.0",
        "ratio_mi_1": "224.0",
        "other_modi": null,
        "other_slud": null,
        "reason_cla": null,
        "other_wast": null,
        "other_coll": null,
        "other_wa_1": null,
        "challeng_6": null,
        "other_ch_2": null,
        "challeng_7": null,
        "challeng_8": null,
        "other_ad_2": null,
        "type_of_so": null,
        "other_ty_2": null,
        "source_of_": null,
        "other_so_2": null,
        "other_hand": null,
        "other_ha_1": null,
        "other_ha_2": null,
        "other_wa_2": null,
        "other_soli": null,
        "other_drys": null,
        "other_marc": null,
        "other_wash": null,
        "other_impr": null,
        "type_dis_1": "0.0",
        "other_ty_3": null,
        "other_ch_3": null,
        "other_prov": null,
        "other_ch_4": null,
        "other_ad_3": null,
        "other_im_1": null,
        "kind_insti": null,
        "layer": "Garissa Schools",
        "path": "C:/Users/USER/OneDrive - ACTED/Desktop/Garissa County Capacity Building - REACH/Training Materials/Modules/Training Data/Garissa HF and Schools/Garissa HF and Schools/Garissa Schools.geojson",
        "Risk_Level": "High Risk",
        "Distance_to_Flood_km": "0.0",
        "Poverty_Rate": "0.48",
        "Food_Poverty_Rate": "0.35",
        "Avg_HH_Income": "5169",
        "Avg_HH_Expenditure": "6177",
        "HH_Cash_Gap": "-1008",
        "Post_Assistance_Income": "13927",
        "Post_Assistance_Expenditure": "11092",
        "Post_Assistance_Surplus": "2835",
        "Vulnerability_Index": "0.654",
        "Wasting_Rate": "0.1",
        "marker_emoji": "🏫",
        "Author": "Garissa GIS Directorate — James M. Mburu",
        "NN_Vulnerability_Score": "0.474",
        "NN_Risk_Class": "Medium",
        "tana_buffer_zone": false
      },
      "geometry": {
        "type": "Point",
        "coordinates": [
          39.637211,
          -0.442599599999937
        ]
      }
    },
    {
      "type": "Feature",
      "properties": {
        "OBJECTID": "565",
        "county": "garissa",
        "camp": null,
        "camp_locat": null,
        "school_nam": "Adc Primary School",
        "school_typ": "day school",
        "school_lev": "pre primary lower primary upper primary Junior secondary",
        "role_respo": null,
        "other_role": null,
        "resp_gende": null,
        "other_gend": null,
        "allow_obse": null,
        "duration_w": null,
        "num_malest": "7.0",
        "num_female": "5.0",
        "Total_staf": "12",
        "gender_pup": "boys girls",
        "num_childb": "432.0",
        "num_chilgi": "414.0",
        "Total_chil": null,
        "drinking_w": "piped into school",
        "other_sour": null,
        "main_water": "on premises",
        "hygiene_wa": "piped into school",
        "other_so_1": null,
        "main_wat_1": null,
        "num_water_": null,
        "availabili": null,
        "condition_": null,
        "other_cond": null,
        "reason_not": null,
        "what_damag": null,
        "other_what": null,
        "reason_cit": null,
        "efforts_ma": null,
        "accesibili": "yes",
        "adaptated_": "tap can be reached adequate space clear path without obstructions",
        "accesibi_1": "yes",
        "adapted_to": "lower taps children friendly handles",
        "water_avai": "yes",
        "days_water": "1 week",
        "cause_of_l": "lack sufficient water",
        "other_caus": null,
        "adaptation": null,
        "other_adap": null,
        "storage_fa": "yes",
        "total_capa": "40000.0",
        "num_litres": "1000.0",
        "school_pur": "no",
        "treatment_": null,
        "other_trea": null,
        "waterborne": "no",
        "waterbor_1": null,
        "availabi_1": "no change",
        "other_avai": null,
        "challenges": "lack proper storage infrastructure damaged",
        "other_chal": null,
        "main_sourc": "piped into school",
        "satisfied_": "yes",
        "methods_wa": null,
        "other_meth": null,
        "challenge_": "irregular water supply lack water treatment",
        "main_type_": "pit latrine slab",
        "other_main": null,
        "studentsta": "yes",
        "type_stude": "pit latrine slab",
        "other_type": null,
        "pupils_sep": "yes",
        "total_at_s": null,
        "girls_toil": "4.0",
        "boys_toile": "3.0",
        "Total_pupi": null,
        "ratio_pupi": null,
        "pupils_sha": "2.0",
        "pupils_toi": "Outside building, but on premises",
        "student_cl": "2 4 days",
        "reason_toi": "lack protective clothe lack of detergent",
        "pupils_san": "door lock walls segregated toilets",
        "items_pupi": "water",
        "type_staff": "pit latrine slab",
        "other_ty_1": null,
        "teachers_s": "yes",
        "total_toil": null,
        "female_onl": "2.0",
        "male_only_": "2.0",
        "Total_st_1": "4",
        "ratio_staf": "3.0",
        "shared_toi": "0.0",
        "staff_toil": "Outside building, but on premises",
        "staff_clea": "2 4 days",
        "reason_sta": "lack protective clothe lack of detergent",
        "staff_sani": "door walls solid structure",
        "items_staf": "water",
        "mixed_fema": null,
        "mixed_male": null,
        "Toilets_mi": null,
        "Total_pu_1": null,
        "ratio_mixe": null,
        "mixed_hcle": null,
        "reason_hmi": null,
        "school_san": null,
        "items_mixe": null,
        "usable_toi": "yes",
        "modificati": "lower seat",
        "accessible": "yes",
        "modication": "handrails enough space wheelchair",
        "septic_tan": "no",
        "sludge_was": "dig another latrine",
        "classrooms": "Daily",
        "compound_c": "Daily",
        "reason_com": null,
        "waste_gene": "Plastic Paper",
        "collection": "burned on premises",
        "waste_disp": "general waste bins",
        "challeng_1": "lack bins lack awareness",
        "challeng_2": "0",
        "traces_dea": "never visible",
        "challeng_3": "lack sanitation facilities lack privacy",
        "other_ch_1": null,
        "adaptati_1": "less preferred sanitation",
        "adaptati_2": null,
        "num_handwa": "1",
        "show_pupil": "allow",
        "water_av_1": "water not available",
        "soap_avail": "soap available",
        "water_av_2": null,
        "soap_ava_1": null,
        "reason_no_": null,
        "other_reas": null,
        "handwashin": "five metres toilet",
        "clear_sign": "no",
        "accesible_": "no",
        "handwash_1": null,
        "handwash_a": "yes",
        "handwash_2": "lower taps",
        "items_avai": "water",
        "waste_segr": "toilets more5metres",
        "solidwaste": "burned on premises burned away premises",
        "times_scho": "everyday",
        "hygiene_pr": "no",
        "when_promo": null,
        "kind_hygie": null,
        "changes_du": null,
        "notable_be": null,
        "dryspell_e": "reduced water supply",
        "march_may_": "increased water supply",
        "effects_fl": "caused evacuation children commuting reduced extracurricula",
        "wash_needs": "access to clean wataer sanitation facilities menstrual management",
        "improve_to": "assist building renovating hygiene materials schools",
        "type_dispo": "sanitary bins",
        "adequate_m": "all bathrooms toilets",
        "when_waste": "weekly",
        "water_soap": "water and soap",
        "challeng_4": "inadequate bins lack awareness",
        "provisions": "MHM materials MHM education girls",
        "menstrual_": "yes free",
        "challeng_5": "inadequately safe rely on donations lack menstruation hygiene",
        "adapt_mens": "girls to sort issue less preferred product",
        "improve_me": "safe sanitation facilities provision sanitary pads",
        "teacher_in": "yes",
        "enumerator": null,
        "uuid": "0b2d9af2-b29b-4ea2-a0b6-80d1373ee619",
        "longitude": "39.6371581",
        "latitude": "-0.4227655",
        "sub_county": "Garissa Sub County",
        "wash_nee_1": "1",
        "wash_nee_2": "1",
        "wash_nee_3": "0",
        "wash_nee_4": "0",
        "wash_nee_5": "0",
        "wash_nee_6": "1",
        "wash_nee_7": "0",
        "wash_nee_8": "0",
        "Population": "189",
        "female_toi": "70",
        "male_toile": "88",
        "Total_male": "5.0",
        "Total_fema": "6.0",
        "host_or_re": "host",
        "ward": "galbet",
        "Total_pu_2": "846.0",
        "Total_st_2": "858.0",
        "other_wate": null,
        "adapted__1": "0.0",
        "other_ad_1": null,
        "Total_stud": "7.0",
        "ratio_stud": "120.86",
        "items_pu_1": "0",
        "items_pu_2": "0",
        "items_pu_3": "1",
        "items_pu_4": "0",
        "items_pu_5": "0",
        "items_pu_6": "0",
        "other_item": null,
        "Total_mixe": "0.0",
        "ratio_mi_1": null,
        "other_modi": null,
        "other_slud": null,
        "reason_cla": null,
        "other_wast": null,
        "other_coll": null,
        "other_wa_1": null,
        "challeng_6": null,
        "other_ch_2": null,
        "challeng_7": null,
        "challeng_8": null,
        "other_ad_2": null,
        "type_of_so": "bar liquid soap",
        "other_ty_2": null,
        "source_of_": "Retailer",
        "other_so_2": null,
        "other_hand": null,
        "other_ha_1": null,
        "other_ha_2": null,
        "other_wa_2": null,
        "other_soli": null,
        "other_drys": null,
        "other_marc": null,
        "other_wash": null,
        "other_impr": null,
        "type_dis_1": "0.0",
        "other_ty_3": null,
        "other_ch_3": null,
        "other_prov": null,
        "other_ch_4": null,
        "other_ad_3": null,
        "other_im_1": null,
        "kind_insti": null,
        "layer": "Garissa Schools",
        "path": "C:/Users/USER/OneDrive - ACTED/Desktop/Garissa County Capacity Building - REACH/Training Materials/Modules/Training Data/Garissa HF and Schools/Garissa HF and Schools/Garissa Schools.geojson",
        "Risk_Level": "Medium Risk",
        "Distance_to_Flood_km": "0.57",
        "Poverty_Rate": "0.48",
        "Food_Poverty_Rate": "0.35",
        "Avg_HH_Income": "5169",
        "Avg_HH_Expenditure": "6177",
        "HH_Cash_Gap": "-1008",
        "Post_Assistance_Income": "13927",
        "Post_Assistance_Expenditure": "11092",
        "Post_Assistance_Surplus": "2835",
        "Vulnerability_Index": "0.553",
        "Wasting_Rate": "0.1",
        "marker_emoji": "🏫",
        "Author": "Garissa GIS Directorate — James M. Mburu",
        "NN_Vulnerability_Score": "0.473",
        "NN_Risk_Class": "Medium",
        "tana_buffer_zone": false
      },
      "geometry": {
        "type": "Point",
        "coordinates": [
          39.63715810000008,
          -0.422765499999969
        ]
      }
    },
    {
      "type": "Feature",
      "properties": {
        "OBJECTID": "549",
        "county": "garissa",
        "camp": null,
        "camp_locat": null,
        "school_nam": "Tumaini Primary",
        "school_typ": "day school",
        "school_lev": "pre primary lower primary upper primary Junior secondary secondary school",
        "role_respo": null,
        "other_role": null,
        "resp_gende": null,
        "other_gend": null,
        "allow_obse": null,
        "duration_w": null,
        "num_malest": "8.0",
        "num_female": "7.0",
        "Total_staf": "15",
        "gender_pup": "boys girls",
        "num_childb": "317.0",
        "num_chilgi": "259.0",
        "Total_chil": null,
        "drinking_w": "tanker trucks",
        "other_sour": null,
        "main_water": "approx 50m fromcompound",
        "hygiene_wa": "tanker trucks",
        "other_so_1": null,
        "main_wat_1": null,
        "num_water_": null,
        "availabili": null,
        "condition_": null,
        "other_cond": null,
        "reason_not": null,
        "what_damag": null,
        "other_what": null,
        "reason_cit": null,
        "efforts_ma": null,
        "accesibili": "yes",
        "adaptated_": "tap can be reached",
        "accesibi_1": "yes",
        "adapted_to": "lower taps",
        "water_avai": "no",
        "days_water": null,
        "cause_of_l": null,
        "other_caus": null,
        "adaptation": "no issue",
        "other_adap": null,
        "storage_fa": "yes",
        "total_capa": "15000.0",
        "num_litres": "1000.0",
        "school_pur": "no",
        "treatment_": null,
        "other_trea": null,
        "waterborne": "no",
        "waterbor_1": null,
        "availabi_1": "water sources decreased",
        "other_avai": null,
        "challenges": "lack proper storage infrastructure damaged",
        "other_chal": null,
        "main_sourc": "tanker trucks",
        "satisfied_": "yes",
        "methods_wa": null,
        "other_meth": null,
        "challenge_": "lack storage facility",
        "main_type_": "pit latrine without slab",
        "other_main": null,
        "studentsta": "yes",
        "type_stude": "pit latrine without slab",
        "other_type": null,
        "pupils_sep": "yes",
        "total_at_s": null,
        "girls_toil": "4.0",
        "boys_toile": "3.0",
        "Total_pupi": null,
        "ratio_pupi": null,
        "pupils_sha": "0.0",
        "pupils_toi": "Outside building, but on premises",
        "student_cl": "2 4 days",
        "reason_toi": "lack adequate water",
        "pupils_san": "walls",
        "items_pupi": "none",
        "type_staff": "pit latrine without slab",
        "other_ty_1": null,
        "teachers_s": "yes",
        "total_toil": null,
        "female_onl": "1.0",
        "male_only_": "1.0",
        "Total_st_1": "2",
        "ratio_staf": "7.5",
        "shared_toi": "0.0",
        "staff_toil": "Outside building, but on premises",
        "staff_clea": "2 4 days",
        "reason_sta": "lack adequate water",
        "staff_sani": "walls",
        "items_staf": "none",
        "mixed_fema": null,
        "mixed_male": null,
        "Toilets_mi": null,
        "Total_pu_1": null,
        "ratio_mixe": null,
        "mixed_hcle": null,
        "reason_hmi": null,
        "school_san": null,
        "items_mixe": null,
        "usable_toi": "yes",
        "modificati": "lower seat",
        "accessible": "no",
        "modication": null,
        "septic_tan": "no",
        "sludge_was": "dig another latrine",
        "classrooms": "Daily",
        "compound_c": "Daily",
        "reason_com": null,
        "waste_gene": "Plastic Paper",
        "collection": "burned away premises",
        "waste_disp": "composit pit",
        "challeng_1": "lack bins lack awareness",
        "challeng_2": "0",
        "traces_dea": "never visible",
        "challeng_3": "lack sanitation facilities damages sanitation facilities",
        "other_ch_1": null,
        "adaptati_1": "less preferred sanitation",
        "adaptati_2": null,
        "num_handwa": "1",
        "show_pupil": "allow",
        "water_av_1": "water not available",
        "soap_avail": "soap not available",
        "water_av_2": null,
        "soap_ava_1": null,
        "reason_no_": "lack financial resources",
        "other_reas": null,
        "handwashin": "five metres toilet",
        "clear_sign": "yes",
        "accesible_": "yes",
        "handwash_1": "low height taps",
        "handwash_a": "yes",
        "handwash_2": "lower taps",
        "items_avai": "none",
        "waste_segr": "toilets within5metres",
        "solidwaste": "burned away premises",
        "times_scho": "everyday",
        "hygiene_pr": "yes",
        "when_promo": "last 30days",
        "kind_hygie": null,
        "changes_du": "yes",
        "notable_be": "improved hand techniques maintenance facilities",
        "dryspell_e": "disrupted water practices",
        "march_may_": "access sanitation affected waste management system waterborn vector diseases",
        "effects_fl": "caused evacuation reduced extracurricula children commuting",
        "wash_needs": "hygiene promotion access to clean wataer menstrual management",
        "improve_to": "assist building renovating hygiene promotion",
        "type_dispo": "pit latrines sanitary bins",
        "adequate_m": "all bathrooms toilets",
        "when_waste": "Daily",
        "water_soap": "water and soap",
        "challeng_4": "lack awareness inadequate bins",
        "provisions": "MHM materials MHM education girls",
        "menstrual_": "yes free",
        "challeng_5": "inadequately safe rely on donations lack menstrual supplies",
        "adapt_mens": "girls to sort issue less preferred product",
        "improve_me": "safe sanitation facilities",
        "teacher_in": "yes",
        "enumerator": null,
        "uuid": "48749645-26aa-4fe3-9cff-793fca71baf6",
        "longitude": "39.6443496",
        "latitude": "-0.4230594",
        "sub_county": "Garissa Sub County",
        "wash_nee_1": "1",
        "wash_nee_2": "0",
        "wash_nee_3": "1",
        "wash_nee_4": "0",
        "wash_nee_5": "0",
        "wash_nee_6": "1",
        "wash_nee_7": "0",
        "wash_nee_8": "0",
        "Population": "167",
        "female_toi": "53",
        "male_toile": "81",
        "Total_male": "4.0",
        "Total_fema": "5.0",
        "host_or_re": "host",
        "ward": "galbet",
        "Total_pu_2": "576.0",
        "Total_st_2": "591.0",
        "other_wate": null,
        "adapted__1": "0.0",
        "other_ad_1": null,
        "Total_stud": "7.0",
        "ratio_stud": "82.29",
        "items_pu_1": "0",
        "items_pu_2": "0",
        "items_pu_3": "0",
        "items_pu_4": "1",
        "items_pu_5": "0",
        "items_pu_6": "0",
        "other_item": null,
        "Total_mixe": "0.0",
        "ratio_mi_1": null,
        "other_modi": null,
        "other_slud": null,
        "reason_cla": null,
        "other_wast": null,
        "other_coll": null,
        "other_wa_1": null,
        "challeng_6": null,
        "other_ch_2": null,
        "challeng_7": null,
        "challeng_8": null,
        "other_ad_2": null,
        "type_of_so": null,
        "other_ty_2": null,
        "source_of_": null,
        "other_so_2": null,
        "other_hand": null,
        "other_ha_1": null,
        "other_ha_2": null,
        "other_wa_2": null,
        "other_soli": null,
        "other_drys": null,
        "other_marc": null,
        "other_wash": null,
        "other_impr": null,
        "type_dis_1": "1.0",
        "other_ty_3": null,
        "other_ch_3": null,
        "other_prov": null,
        "other_ch_4": null,
        "other_ad_3": null,
        "other_im_1": null,
        "kind_insti": null,
        "layer": "Garissa Schools",
        "path": "C:/Users/USER/OneDrive - ACTED/Desktop/Garissa County Capacity Building - REACH/Training Materials/Modules/Training Data/Garissa HF and Schools/Garissa HF and Schools/Garissa Schools.geojson",
        "Risk_Level": "Medium Risk",
        "Distance_to_Flood_km": "1.29",
        "Poverty_Rate": "0.48",
        "Food_Poverty_Rate": "0.35",
        "Avg_HH_Income": "5169",
        "Avg_HH_Expenditure": "6177",
        "HH_Cash_Gap": "-1008",
        "Post_Assistance_Income": "13927",
        "Post_Assistance_Expenditure": "11092",
        "Post_Assistance_Surplus": "2835",
        "Vulnerability_Index": "0.538",
        "Wasting_Rate": "0.1",
        "marker_emoji": "🏫",
        "Author": "Garissa GIS Directorate — James M. Mburu",
        "NN_Vulnerability_Score": "0.473",
        "NN_Risk_Class": "Medium",
        "tana_buffer_zone": false
      },
      "geometry": {
        "type": "Point",
        "coordinates": [
          39.644349600000055,
          -0.423059399999943
        ]
      }
    },
    {
      "type": "Feature",
      "properties": {
        "OBJECTID": "503",
        "county": "garissa",
        "camp": null,
        "camp_locat": null,
        "school_nam": "Gurow Primary School",
        "school_typ": "day school",
        "school_lev": "pre primary lower primary upper primary",
        "role_respo": null,
        "other_role": null,
        "resp_gende": null,
        "other_gend": null,
        "allow_obse": null,
        "duration_w": null,
        "num_malest": "3.0",
        "num_female": "1.0",
        "Total_staf": "4",
        "gender_pup": "boys girls",
        "num_childb": "50.0",
        "num_chilgi": "30.0",
        "Total_chil": null,
        "drinking_w": "tap stand",
        "other_sour": null,
        "main_water": "on premises",
        "hygiene_wa": "tap stand",
        "other_so_1": null,
        "main_wat_1": null,
        "num_water_": "3.0",
        "availabili": "2 3 days",
        "condition_": null,
        "other_cond": null,
        "reason_not": null,
        "what_damag": null,
        "other_what": null,
        "reason_cit": null,
        "efforts_ma": null,
        "accesibili": "yes",
        "adaptated_": "clear path without obstructions taps can be opened",
        "accesibi_1": "yes",
        "adapted_to": "lower taps",
        "water_avai": "no",
        "days_water": null,
        "cause_of_l": null,
        "other_caus": null,
        "adaptation": "children bring water home fetch outside school",
        "other_adap": null,
        "storage_fa": "yes",
        "total_capa": "5000.0",
        "num_litres": "250.0",
        "school_pur": "no",
        "treatment_": null,
        "other_trea": null,
        "waterborne": "no",
        "waterbor_1": null,
        "availabi_1": "water system damaged children bring water home",
        "other_avai": null,
        "challenges": "waterpoints too far waterpoints expensive insufficient waterpoints",
        "other_chal": null,
        "main_sourc": "tap stand",
        "satisfied_": "yes",
        "methods_wa": null,
        "other_meth": null,
        "challenge_": "irregular water supply lack water treatment high costs lack storage facility infrastructure issues",
        "main_type_": "pit latrine slab",
        "other_main": null,
        "studentsta": "yes",
        "type_stude": "flush pit",
        "other_type": null,
        "pupils_sep": "no",
        "total_at_s": null,
        "girls_toil": null,
        "boys_toile": null,
        "Total_pupi": null,
        "ratio_pupi": null,
        "pupils_sha": null,
        "pupils_toi": "Within school building",
        "student_cl": "2 4 days",
        "reason_toi": "lack adequate water lack protective clothe lack of detergent",
        "pupils_san": "door walls lock solid structure",
        "items_pupi": "water",
        "type_staff": "pit latrine slab",
        "other_ty_1": null,
        "teachers_s": "no",
        "total_toil": null,
        "female_onl": null,
        "male_only_": null,
        "Total_st_1": "0",
        "ratio_staf": null,
        "shared_toi": null,
        "staff_toil": "Within school building",
        "staff_clea": "2 4 days",
        "reason_sta": "lack adequate water lack protective clothe lack of detergent",
        "staff_sani": "door walls lock solid structure",
        "items_staf": "water",
        "mixed_fema": null,
        "mixed_male": null,
        "Toilets_mi": null,
        "Total_pu_1": null,
        "ratio_mixe": null,
        "mixed_hcle": null,
        "reason_hmi": null,
        "school_san": null,
        "items_mixe": null,
        "usable_toi": "no",
        "modificati": null,
        "accessible": "no",
        "modication": null,
        "septic_tan": "yes",
        "sludge_was": "dig another latrine",
        "classrooms": "Daily",
        "compound_c": "Daily",
        "reason_com": null,
        "waste_gene": "Plastic Paper",
        "collection": "burned on premises",
        "waste_disp": "composit pit",
        "challeng_1": "lack bins",
        "challeng_2": null,
        "traces_dea": "never visible",
        "challeng_3": "lack sanitation facilities damages sanitation facilities community out using",
        "other_ch_1": null,
        "adaptati_1": "less preferred sanitation",
        "adaptati_2": null,
        "num_handwa": null,
        "show_pupil": null,
        "water_av_1": null,
        "soap_avail": null,
        "water_av_2": null,
        "soap_ava_1": null,
        "reason_no_": null,
        "other_reas": null,
        "handwashin": null,
        "clear_sign": null,
        "accesible_": null,
        "handwash_1": null,
        "handwash_a": "no",
        "handwash_2": null,
        "items_avai": "water",
        "waste_segr": "toilets within5metres",
        "solidwaste": "burned on premises",
        "times_scho": "every two three",
        "hygiene_pr": "yes",
        "when_promo": "over 1 3 months",
        "kind_hygie": null,
        "changes_du": "yes",
        "notable_be": "proper use toilets reduced open defaction proper disposal waste",
        "dryspell_e": "reduced water supply disrupted water practices",
        "march_may_": "flooding stagnant water access sanitation affected waste management system",
        "effects_fl": "reduced extracurricula inability to learn",
        "wash_needs": "access to clean wataer hygiene promotion menstrual management",
        "improve_to": "assist building renovating hygiene promotion continous inspection",
        "type_dispo": "compost pits",
        "adequate_m": "No",
        "when_waste": "weekly",
        "water_soap": "no",
        "challeng_4": "inadequate bins too expensive",
        "provisions": "MHM education girls MHM education girls boys",
        "menstrual_": "no",
        "challeng_5": "lack menstrual supplies lack water soap",
        "adapt_mens": "girls to sort issue",
        "improve_me": "safe sanitation facilities provision sanitary pads",
        "teacher_in": "yes",
        "enumerator": "No",
        "uuid": "d86411d7-87d3-46bb-a40b-902bb57ef35d",
        "longitude": "39.9871265",
        "latitude": "0.0240885",
        "sub_county": "Dadaab Sub County",
        "wash_nee_1": "1",
        "wash_nee_2": "0",
        "wash_nee_3": "1",
        "wash_nee_4": "0",
        "wash_nee_5": "0",
        "wash_nee_6": "1",
        "wash_nee_7": "0",
        "wash_nee_8": "0",
        "Population": "0",
        "female_toi": "0",
        "male_toile": "0",
        "Total_male": "0.0",
        "Total_fema": "0.0",
        "host_or_re": "host",
        "ward": "abakaile",
        "Total_pu_2": "80.0",
        "Total_st_2": "84.0",
        "other_wate": null,
        "adapted__1": null,
        "other_ad_1": null,
        "Total_stud": "0.0",
        "ratio_stud": null,
        "items_pu_1": null,
        "items_pu_2": null,
        "items_pu_3": null,
        "items_pu_4": null,
        "items_pu_5": null,
        "items_pu_6": null,
        "other_item": null,
        "Total_mixe": "0.0",
        "ratio_mi_1": null,
        "other_modi": null,
        "other_slud": null,
        "reason_cla": null,
        "other_wast": null,
        "other_coll": null,
        "other_wa_1": null,
        "challeng_6": null,
        "other_ch_2": null,
        "challeng_7": null,
        "challeng_8": null,
        "other_ad_2": null,
        "type_of_so": null,
        "other_ty_2": null,
        "source_of_": null,
        "other_so_2": null,
        "other_hand": null,
        "other_ha_1": null,
        "other_ha_2": null,
        "other_wa_2": null,
        "other_soli": null,
        "other_drys": null,
        "other_marc": null,
        "other_wash": null,
        "other_impr": null,
        "type_dis_1": null,
        "other_ty_3": null,
        "other_ch_3": null,
        "other_prov": null,
        "other_ch_4": null,
        "other_ad_3": null,
        "other_im_1": null,
        "kind_insti": null,
        "layer": "Garissa Schools",
        "path": "C:/Users/USER/OneDrive - ACTED/Desktop/Garissa County Capacity Building - REACH/Training Materials/Modules/Training Data/Garissa HF and Schools/Garissa HF and Schools/Garissa Schools.geojson",
        "Risk_Level": "High Risk",
        "Distance_to_Flood_km": "0.26",
        "Poverty_Rate": "0.78",
        "Food_Poverty_Rate": "0.58",
        "Avg_HH_Income": "5169",
        "Avg_HH_Expenditure": "6177",
        "HH_Cash_Gap": "-1008",
        "Post_Assistance_Income": "13927",
        "Post_Assistance_Expenditure": "11092",
        "Post_Assistance_Surplus": "2835",
        "Vulnerability_Index": "0.785",
        "Wasting_Rate": "0.17",
        "marker_emoji": "🏫",
        "Author": "Garissa GIS Directorate — James M. Mburu",
        "NN_Vulnerability_Score": "0.551",
        "NN_Risk_Class": "High",
        "tana_buffer_zone": false
      },
      "geometry": {
        "type": "Point",
        "coordinates": [
          39.987126500000045,
          0.024088500000062
        ]
      }
    },
    {
      "type": "Feature",
      "properties": {
        "OBJECTID": "44",
        "county": "garissa",
        "camp": "Dadaab",
        "camp_locat": "Dagahaley",
        "school_nam": "Illeys Primary",
        "school_typ": "day school",
        "school_lev": "pre primary lower primary upper primary",
        "role_respo": "senior teacher",
        "other_role": null,
        "resp_gende": "male",
        "other_gend": null,
        "allow_obse": "yes",
        "duration_w": "3-5 years",
        "num_malest": "14.0",
        "num_female": "6.0",
        "Total_staf": "20",
        "gender_pup": "boys girls",
        "num_childb": "932.0",
        "num_chilgi": "921.0",
        "Total_chil": "1853.0",
        "drinking_w": "tap stand",
        "other_sour": null,
        "main_water": "on premises",
        "hygiene_wa": "tap stand",
        "other_so_1": null,
        "main_wat_1": "on premises",
        "num_water_": "7.0",
        "availabili": "daily",
        "condition_": "functional without damage",
        "other_cond": null,
        "reason_not": null,
        "what_damag": null,
        "other_what": null,
        "reason_cit": null,
        "efforts_ma": null,
        "accesibili": "yes",
        "adaptated_": "tap can be reached adequate space",
        "accesibi_1": "yes",
        "adapted_to": "lower taps",
        "water_avai": "yes",
        "days_water": "Daily",
        "cause_of_l": null,
        "other_caus": null,
        "adaptation": null,
        "other_adap": null,
        "storage_fa": "yes",
        "total_capa": "15000.0",
        "num_litres": "7000.0",
        "school_pur": "no",
        "treatment_": null,
        "other_trea": null,
        "waterborne": "no",
        "waterbor_1": null,
        "availabi_1": "water sources increased",
        "other_avai": null,
        "challenges": "no challenge",
        "other_chal": null,
        "main_sourc": "tap stand",
        "satisfied_": "yes",
        "methods_wa": null,
        "other_meth": null,
        "challenge_": "no challenge",
        "main_type_": "pit latrine slab",
        "other_main": null,
        "studentsta": "yes",
        "type_stude": "pit latrine slab",
        "other_type": null,
        "pupils_sep": "yes",
        "total_at_s": null,
        "girls_toil": "18.0",
        "boys_toile": "20.0",
        "Total_pupi": "38.0",
        "ratio_pupi": "48.8",
        "pupils_sha": "0.0",
        "pupils_toi": "Within school building",
        "student_cl": "2 4 days",
        "reason_toi": "no time to clean",
        "pupils_san": "door walls lock solid structure segregated toilets proper drainage",
        "items_pupi": "water",
        "type_staff": "pit latrine slab",
        "other_ty_1": null,
        "teachers_s": "yes",
        "total_toil": null,
        "female_onl": "1.0",
        "male_only_": "1.0",
        "Total_st_1": "2",
        "ratio_staf": "10.0",
        "shared_toi": "0.0",
        "staff_toil": "Within school building",
        "staff_clea": "Daily",
        "reason_sta": null,
        "staff_sani": "door walls lock solid structure segregated toilets proper drainage",
        "items_staf": "water",
        "mixed_fema": null,
        "mixed_male": null,
        "Toilets_mi": "0.0",
        "Total_pu_1": "1873.0",
        "ratio_mixe": null,
        "mixed_hcle": null,
        "reason_hmi": null,
        "school_san": null,
        "items_mixe": null,
        "usable_toi": "no",
        "modificati": null,
        "accessible": "no",
        "modication": null,
        "septic_tan": "yes",
        "sludge_was": "dig another latrine",
        "classrooms": "Daily",
        "compound_c": "Daily",
        "reason_com": null,
        "waste_gene": "Paper Plastic",
        "collection": "burned on premises",
        "waste_disp": "composit pit",
        "challeng_1": "lack awareness lack bins",
        "challeng_2": null,
        "traces_dea": "never visible",
        "challeng_3": "damages sanitation facilities sanitation not functioning",
        "other_ch_1": null,
        "adaptati_1": "less preferred sanitation",
        "adaptati_2": null,
        "num_handwa": null,
        "show_pupil": null,
        "water_av_1": null,
        "soap_avail": null,
        "water_av_2": null,
        "soap_ava_1": null,
        "reason_no_": null,
        "other_reas": null,
        "handwashin": null,
        "clear_sign": null,
        "accesible_": null,
        "handwash_1": null,
        "handwash_a": "no",
        "handwash_2": null,
        "items_avai": "water",
        "waste_segr": "toilets more5metres",
        "solidwaste": "burned on premises",
        "times_scho": "everyday",
        "hygiene_pr": "yes",
        "when_promo": "last 30days",
        "kind_hygie": null,
        "changes_du": "yes",
        "notable_be": "proper use toilets reduced open defaction consumption safe water",
        "dryspell_e": "no effect",
        "march_may_": "waste management system flooding stagnant water",
        "effects_fl": "children commuting inability to learn",
        "wash_needs": "sanitation facilities waste management handwashing facilities",
        "improve_to": "assist building renovating hygiene materials schools",
        "type_dispo": "sanitary bins",
        "adequate_m": "all bathrooms toilets",
        "when_waste": "dont know",
        "water_soap": "water and soap",
        "challeng_4": "inadequate bins irregular collection lack awareness",
        "provisions": "MHM education girls",
        "menstrual_": "yes free",
        "challeng_5": "inadequately safe rely on donations lack of privacy",
        "adapt_mens": "less preferred product",
        "improve_me": "provision sanitary pads",
        "teacher_in": "yes",
        "enumerator": null,
        "uuid": "34ac8d98-f87e-448c-8ae5-4714579c133e",
        "longitude": "40.2830335",
        "latitude": "0.1890381",
        "sub_county": "Dadaab Sub County",
        "wash_nee_1": "0",
        "wash_nee_2": "1",
        "wash_nee_3": "0",
        "wash_nee_4": "1",
        "wash_nee_5": "1",
        "wash_nee_6": "0",
        "wash_nee_7": "0",
        "wash_nee_8": "0",
        "Population": "47",
        "female_toi": "49",
        "male_toile": "45",
        "Total_male": "21.0",
        "Total_fema": "19.0",
        "host_or_re": null,
        "ward": null,
        "Total_pu_2": null,
        "Total_st_2": null,
        "other_wate": null,
        "adapted__1": null,
        "other_ad_1": null,
        "Total_stud": null,
        "ratio_stud": null,
        "items_pu_1": null,
        "items_pu_2": null,
        "items_pu_3": null,
        "items_pu_4": null,
        "items_pu_5": null,
        "items_pu_6": null,
        "other_item": null,
        "Total_mixe": null,
        "ratio_mi_1": null,
        "other_modi": null,
        "other_slud": null,
        "reason_cla": null,
        "other_wast": null,
        "other_coll": null,
        "other_wa_1": null,
        "challeng_6": null,
        "other_ch_2": null,
        "challeng_7": null,
        "challeng_8": null,
        "other_ad_2": null,
        "type_of_so": null,
        "other_ty_2": null,
        "source_of_": null,
        "other_so_2": null,
        "other_hand": null,
        "other_ha_1": null,
        "other_ha_2": null,
        "other_wa_2": null,
        "other_soli": null,
        "other_drys": null,
        "other_marc": null,
        "other_wash": null,
        "other_impr": null,
        "type_dis_1": null,
        "other_ty_3": null,
        "other_ch_3": null,
        "other_prov": null,
        "other_ch_4": null,
        "other_ad_3": null,
        "other_im_1": null,
        "kind_insti": null,
        "layer": "Camp Schools",
        "path": "C:/Users/USER/OneDrive - ACTED/Desktop/Garissa County Capacity Building - REACH/Training Materials/Modules/Training Data/Garissa HF and Schools/Garissa HF and Schools/Camp Schools.geojson",
        "Risk_Level": "Medium Risk",
        "Distance_to_Flood_km": "0.74",
        "Poverty_Rate": "0.78",
        "Food_Poverty_Rate": "0.58",
        "Avg_HH_Income": "5169",
        "Avg_HH_Expenditure": "6177",
        "HH_Cash_Gap": "-1008",
        "Post_Assistance_Income": "13927",
        "Post_Assistance_Expenditure": "11092",
        "Post_Assistance_Surplus": "2835",
        "Vulnerability_Index": "0.685",
        "Wasting_Rate": "0.17",
        "marker_emoji": "🏫",
        "Author": "Garissa GIS Directorate — James M. Mburu",
        "NN_Vulnerability_Score": "0.551",
        "NN_Risk_Class": "High",
        "tana_buffer_zone": false
      },
      "geometry": {
        "type": "Point",
        "coordinates": [
          40.283033500000045,
          0.189038100000062
        ]
      }
    },
    {
      "type": "Feature",
      "properties": {
        "OBJECTID": "45",
        "county": "garissa",
        "camp": "Dadaab",
        "camp_locat": "Dagahaley",
        "school_nam": "Unity Primary",
        "school_typ": "day school",
        "school_lev": "pre primary lower primary Junior secondary",
        "role_respo": "deputy teacher",
        "other_role": null,
        "resp_gende": "male",
        "other_gend": null,
        "allow_obse": "yes",
        "duration_w": "3-5 years",
        "num_malest": "18.0",
        "num_female": "6.0",
        "Total_staf": "24",
        "gender_pup": "boys girls",
        "num_childb": "1060.0",
        "num_chilgi": "540.0",
        "Total_chil": "1600.0",
        "drinking_w": "tap stand",
        "other_sour": null,
        "main_water": "on premises",
        "hygiene_wa": "tap stand",
        "other_so_1": null,
        "main_wat_1": "on premises",
        "num_water_": "10.0",
        "availabili": "daily",
        "condition_": "functional without damage",
        "other_cond": null,
        "reason_not": null,
        "what_damag": null,
        "other_what": null,
        "reason_cit": null,
        "efforts_ma": null,
        "accesibili": "yes",
        "adaptated_": "non slip floor tap can be reached",
        "accesibi_1": "no",
        "adapted_to": null,
        "water_avai": "yes",
        "days_water": "Daily",
        "cause_of_l": null,
        "other_caus": null,
        "adaptation": null,
        "other_adap": null,
        "storage_fa": "yes",
        "total_capa": "20000.0",
        "num_litres": "10000.0",
        "school_pur": "no",
        "treatment_": null,
        "other_trea": null,
        "waterborne": "no",
        "waterbor_1": null,
        "availabi_1": "water sources decreased",
        "other_avai": null,
        "challenges": "no challenge",
        "other_chal": null,
        "main_sourc": "tap stand",
        "satisfied_": "yes",
        "methods_wa": null,
        "other_meth": null,
        "challenge_": "no challenge",
        "main_type_": "pit latrine slab",
        "other_main": null,
        "studentsta": "yes",
        "type_stude": "pit latrine slab",
        "other_type": null,
        "pupils_sep": "yes",
        "total_at_s": null,
        "girls_toil": "14.0",
        "boys_toile": "20.0",
        "Total_pupi": "34.0",
        "ratio_pupi": "47.1",
        "pupils_sha": "0.0",
        "pupils_toi": "Within school building",
        "student_cl": "2 4 days",
        "reason_toi": "no time to clean",
        "pupils_san": "door walls solid structure",
        "items_pupi": "water",
        "type_staff": "pit latrine slab",
        "other_ty_1": null,
        "teachers_s": "yes",
        "total_toil": null,
        "female_onl": "2.0",
        "male_only_": "3.0",
        "Total_st_1": "5",
        "ratio_staf": "4.8",
        "shared_toi": "0.0",
        "staff_toil": "Within school building",
        "staff_clea": "2 4 days",
        "reason_sta": "no time to clean",
        "staff_sani": "door walls lock solid structure",
        "items_staf": "water",
        "mixed_fema": null,
        "mixed_male": null,
        "Toilets_mi": "0.0",
        "Total_pu_1": "1624.0",
        "ratio_mixe": null,
        "mixed_hcle": null,
        "reason_hmi": null,
        "school_san": null,
        "items_mixe": null,
        "usable_toi": "no",
        "modificati": null,
        "accessible": "no",
        "modication": null,
        "septic_tan": "yes",
        "sludge_was": "dig another latrine",
        "classrooms": "Daily",
        "compound_c": "Daily",
        "reason_com": null,
        "waste_gene": "Paper Plastic",
        "collection": "burned on premises",
        "waste_disp": "composit pit separate bins",
        "challeng_1": "lack awareness lack bins",
        "challeng_2": null,
        "traces_dea": "never visible",
        "challeng_3": "lack sanitation facilities damages sanitation facilities sanitation not functioning",
        "other_ch_1": null,
        "adaptati_1": "less preferred sanitation",
        "adaptati_2": null,
        "num_handwa": "6 10",
        "show_pupil": "allow",
        "water_av_1": "water available",
        "soap_avail": "soap not available",
        "water_av_2": null,
        "soap_ava_1": null,
        "reason_no_": "run out soap",
        "other_reas": null,
        "handwashin": "food preparation are food consumption area five metres toilet",
        "clear_sign": "no",
        "accesible_": "yes",
        "handwash_1": "low height taps",
        "handwash_a": "yes",
        "handwash_2": "lower taps",
        "items_avai": "water",
        "waste_segr": "toilets within5metres",
        "solidwaste": "burned on premises",
        "times_scho": "every two three",
        "hygiene_pr": "yes",
        "when_promo": "over 1 3 months",
        "kind_hygie": null,
        "changes_du": "yes",
        "notable_be": "increased hand practices improved hand techniques proper use toilets reduced open defaction",
        "dryspell_e": "no effect",
        "march_may_": "flooding stagnant water access sanitation affected waste management system",
        "effects_fl": "children commuting drop out school transfer other school",
        "wash_needs": "sanitation facilities waste management handwashing facilities",
        "improve_to": "assist building renovating continous inspection hygiene promotion",
        "type_dispo": "sanitary bins",
        "adequate_m": "all bathrooms toilets",
        "when_waste": "weekly",
        "water_soap": "water but nosoap",
        "challeng_4": "lack awareness inadequate bins irregular collection",
        "provisions": "MHM education girls",
        "menstrual_": "yes free",
        "challeng_5": "inadequately safe rely on donations lack of privacy",
        "adapt_mens": "less preferred product girls to sort issue",
        "improve_me": "provision sanitary pads",
        "teacher_in": "yes",
        "enumerator": null,
        "uuid": "4d81ec27-e64c-4811-961e-48f1946c5874",
        "longitude": "40.2906438",
        "latitude": "0.1922805",
        "sub_county": "Dadaab Sub County",
        "wash_nee_1": "0",
        "wash_nee_2": "1",
        "wash_nee_3": "0",
        "wash_nee_4": "1",
        "wash_nee_5": "1",
        "wash_nee_6": "0",
        "wash_nee_7": "0",
        "wash_nee_8": "0",
        "Population": "42",
        "female_toi": "34",
        "male_toile": "47",
        "Total_male": "23.0",
        "Total_fema": "16.0",
        "host_or_re": null,
        "ward": null,
        "Total_pu_2": null,
        "Total_st_2": null,
        "other_wate": null,
        "adapted__1": null,
        "other_ad_1": null,
        "Total_stud": null,
        "ratio_stud": null,
        "items_pu_1": null,
        "items_pu_2": null,
        "items_pu_3": null,
        "items_pu_4": null,
        "items_pu_5": null,
        "items_pu_6": null,
        "other_item": null,
        "Total_mixe": null,
        "ratio_mi_1": null,
        "other_modi": null,
        "other_slud": null,
        "reason_cla": null,
        "other_wast": null,
        "other_coll": null,
        "other_wa_1": null,
        "challeng_6": null,
        "other_ch_2": null,
        "challeng_7": null,
        "challeng_8": null,
        "other_ad_2": null,
        "type_of_so": null,
        "other_ty_2": null,
        "source_of_": null,
        "other_so_2": null,
        "other_hand": null,
        "other_ha_1": null,
        "other_ha_2": null,
        "other_wa_2": null,
        "other_soli": null,
        "other_drys": null,
        "other_marc": null,
        "other_wash": null,
        "other_impr": null,
        "type_dis_1": null,
        "other_ty_3": null,
        "other_ch_3": null,
        "other_prov": null,
        "other_ch_4": null,
        "other_ad_3": null,
        "other_im_1": null,
        "kind_insti": null,
        "layer": "Camp Schools",
        "path": "C:/Users/USER/OneDrive - ACTED/Desktop/Garissa County Capacity Building - REACH/Training Materials/Modules/Training Data/Garissa HF and Schools/Garissa HF and Schools/Camp Schools.geojson",
        "Risk_Level": "High Risk",
        "Distance_to_Flood_km": "0.14",
        "Poverty_Rate": "0.78",
        "Food_Poverty_Rate": "0.58",
        "Avg_HH_Income": "5169",
        "Avg_HH_Expenditure": "6177",
        "HH_Cash_Gap": "-1008",
        "Post_Assistance_Income": "13927",
        "Post_Assistance_Expenditure": "11092",
        "Post_Assistance_Surplus": "2835",
        "Vulnerability_Index": "0.787",
        "Wasting_Rate": "0.17",
        "marker_emoji": "🏫",
        "Author": "Garissa GIS Directorate — James M. Mburu",
        "NN_Vulnerability_Score": "0.551",
        "NN_Risk_Class": "High",
        "tana_buffer_zone": false
      },
      "geometry": {
        "type": "Point",
        "coordinates": [
          40.290643800000055,
          0.192280500000038
        ]
      }
    },
    {
      "type": "Feature",
      "properties": {
        "OBJECTID": "64",
        "county": "garissa",
        "camp": "Dadaab",
        "camp_locat": "Dagahaley",
        "school_nam": "Central Primary",
        "school_typ": "day school",
        "school_lev": "pre primary lower primary upper primary Junior secondary",
        "role_respo": "deputy teacher",
        "other_role": null,
        "resp_gende": "male",
        "other_gend": null,
        "allow_obse": "yes",
        "duration_w": "3-5 years",
        "num_malest": "26.0",
        "num_female": "6.0",
        "Total_staf": "32",
        "gender_pup": "boys girls",
        "num_childb": "1046.0",
        "num_chilgi": "1117.0",
        "Total_chil": "2163.0",
        "drinking_w": "tap stand",
        "other_sour": null,
        "main_water": "on premises",
        "hygiene_wa": "tap stand",
        "other_so_1": null,
        "main_wat_1": "on premises",
        "num_water_": "8.0",
        "availabili": "daily",
        "condition_": "functional with minor damage",
        "other_cond": null,
        "reason_not": null,
        "what_damag": "tanks leaking taps leaking taps broken",
        "other_what": null,
        "reason_cit": "normal wear tear insufficient maintenance",
        "efforts_ma": "engaged stakeholder",
        "accesibili": "yes",
        "adaptated_": "non slip floor tap can be reached",
        "accesibi_1": "yes",
        "adapted_to": "lower taps step stool",
        "water_avai": "yes",
        "days_water": "Daily",
        "cause_of_l": null,
        "other_caus": null,
        "adaptation": null,
        "other_adap": null,
        "storage_fa": "yes",
        "total_capa": "10000.0",
        "num_litres": "4000.0",
        "school_pur": "dont know",
        "treatment_": null,
        "other_trea": null,
        "waterborne": "no",
        "waterbor_1": null,
        "availabi_1": "water sources increased",
        "other_avai": null,
        "challenges": "lack proper storage infrastructure damaged",
        "other_chal": null,
        "main_sourc": "tap stand",
        "satisfied_": "yes",
        "methods_wa": null,
        "other_meth": null,
        "challenge_": "no challenge",
        "main_type_": "pit latrine slab",
        "other_main": null,
        "studentsta": "yes",
        "type_stude": "pit latrine slab",
        "other_type": null,
        "pupils_sep": "yes",
        "total_at_s": null,
        "girls_toil": "18.0",
        "boys_toile": "8.0",
        "Total_pupi": "26.0",
        "ratio_pupi": "83.2",
        "pupils_sha": "0.0",
        "pupils_toi": "Outside building, but on premises",
        "student_cl": "Daily",
        "reason_toi": null,
        "pupils_san": "door walls lock",
        "items_pupi": "water",
        "type_staff": "pit latrine slab",
        "other_ty_1": null,
        "teachers_s": "yes",
        "total_toil": null,
        "female_onl": "18.0",
        "male_only_": "8.0",
        "Total_st_1": "26",
        "ratio_staf": "1.2",
        "shared_toi": "0.0",
        "staff_toil": "Outside building, but on premises",
        "staff_clea": "Daily",
        "reason_sta": null,
        "staff_sani": "door walls lock",
        "items_staf": "water",
        "mixed_fema": null,
        "mixed_male": null,
        "Toilets_mi": "0.0",
        "Total_pu_1": "2195.0",
        "ratio_mixe": null,
        "mixed_hcle": null,
        "reason_hmi": null,
        "school_san": null,
        "items_mixe": null,
        "usable_toi": "yes",
        "modificati": "smaller toilet hole lower seat",
        "accessible": "yes",
        "modication": "handrails path without stairs enough space wheelchair",
        "septic_tan": "yes",
        "sludge_was": "dig another latrine",
        "classrooms": "Daily",
        "compound_c": "Daily",
        "reason_com": null,
        "waste_gene": "Organic waste Plastic Paper",
        "collection": "burned on premises",
        "waste_disp": "composit pit",
        "challeng_1": "lack awareness inconsistence collection lack staff",
        "challeng_2": null,
        "traces_dea": "never visible",
        "challeng_3": "sanitation not functioning",
        "other_ch_1": null,
        "adaptati_1": "communal sanitation facilities less preferred sanitation",
        "adaptati_2": null,
        "num_handwa": "1",
        "show_pupil": "allow",
        "water_av_1": "water available",
        "soap_avail": "soap not available",
        "water_av_2": null,
        "soap_ava_1": null,
        "reason_no_": "run out soap",
        "other_reas": null,
        "handwashin": "more than 5metres",
        "clear_sign": "yes",
        "accesible_": "yes",
        "handwash_1": "non slip floors low height taps",
        "handwash_a": "yes",
        "handwash_2": "lower taps",
        "items_avai": "water",
        "waste_segr": "toilets more5metres",
        "solidwaste": "burned on premises",
        "times_scho": "biweekly",
        "hygiene_pr": "yes",
        "when_promo": "over 1 3 months",
        "kind_hygie": null,
        "changes_du": "yes",
        "notable_be": "improved hand techniques increased hand practices proper use toilets maintenance facilities",
        "dryspell_e": "no effect",
        "march_may_": "no effect",
        "effects_fl": "no effect",
        "wash_needs": "access to clean wataer sanitation facilities waste management",
        "improve_to": "assist building renovating advocacy awareness creation hygiene materials schools continous inspection",
        "type_dispo": "compost pits",
        "adequate_m": "No",
        "when_waste": "weekly",
        "water_soap": "water but nosoap",
        "challeng_4": "lack awareness inadequate bins irregular collection",
        "provisions": "MHM education girls boys",
        "menstrual_": "no",
        "challeng_5": "rely on donations lack menstrual supplies",
        "adapt_mens": "girls to sort issue",
        "improve_me": "provision sanitary pads safe sanitation facilities quality comp teaching",
        "teacher_in": "yes",
        "enumerator": "The water supply to this school is less",
        "uuid": "ef147d39-504c-4913-b09f-0536dae51631",
        "longitude": "40.2864901",
        "latitude": "0.1951362",
        "sub_county": "Dadaab Sub County",
        "wash_nee_1": "1",
        "wash_nee_2": "1",
        "wash_nee_3": "0",
        "wash_nee_4": "1",
        "wash_nee_5": "0",
        "wash_nee_6": "0",
        "wash_nee_7": "0",
        "wash_nee_8": "0",
        "Population": "42",
        "female_toi": "31",
        "male_toile": "67",
        "Total_male": "16.0",
        "Total_fema": "36.0",
        "host_or_re": null,
        "ward": null,
        "Total_pu_2": null,
        "Total_st_2": null,
        "other_wate": null,
        "adapted__1": null,
        "other_ad_1": null,
        "Total_stud": null,
        "ratio_stud": null,
        "items_pu_1": null,
        "items_pu_2": null,
        "items_pu_3": null,
        "items_pu_4": null,
        "items_pu_5": null,
        "items_pu_6": null,
        "other_item": null,
        "Total_mixe": null,
        "ratio_mi_1": null,
        "other_modi": null,
        "other_slud": null,
        "reason_cla": null,
        "other_wast": null,
        "other_coll": null,
        "other_wa_1": null,
        "challeng_6": null,
        "other_ch_2": null,
        "challeng_7": null,
        "challeng_8": null,
        "other_ad_2": null,
        "type_of_so": null,
        "other_ty_2": null,
        "source_of_": null,
        "other_so_2": null,
        "other_hand": null,
        "other_ha_1": null,
        "other_ha_2": null,
        "other_wa_2": null,
        "other_soli": null,
        "other_drys": null,
        "other_marc": null,
        "other_wash": null,
        "other_impr": null,
        "type_dis_1": null,
        "other_ty_3": null,
        "other_ch_3": null,
        "other_prov": null,
        "other_ch_4": null,
        "other_ad_3": null,
        "other_im_1": null,
        "kind_insti": null,
        "layer": "Camp Schools",
        "path": "C:/Users/USER/OneDrive - ACTED/Desktop/Garissa County Capacity Building - REACH/Training Materials/Modules/Training Data/Garissa HF and Schools/Garissa HF and Schools/Camp Schools.geojson",
        "Risk_Level": "High Risk",
        "Distance_to_Flood_km": "0.16",
        "Poverty_Rate": "0.78",
        "Food_Poverty_Rate": "0.58",
        "Avg_HH_Income": "5169",
        "Avg_HH_Expenditure": "6177",
        "HH_Cash_Gap": "-1008",
        "Post_Assistance_Income": "13927",
        "Post_Assistance_Expenditure": "11092",
        "Post_Assistance_Surplus": "2835",
        "Vulnerability_Index": "0.787",
        "Wasting_Rate": "0.17",
        "marker_emoji": "🏫",
        "Author": "Garissa GIS Directorate — James M. Mburu",
        "NN_Vulnerability_Score": "0.551",
        "NN_Risk_Class": "High",
        "tana_buffer_zone": false
      },
      "geometry": {
        "type": "Point",
        "coordinates": [
          40.28649010000004,
          0.195136200000036
        ]
      }
    },
    {
      "type": "Feature",
      "properties": {
        "OBJECTID": "49",
        "county": "garissa",
        "camp": "Dadaab",
        "camp_locat": "Dagahaley",
        "school_nam": "Badbado Abe-Sci",
        "school_typ": "day school",
        "school_lev": "alternative ABE",
        "role_respo": "head teacher",
        "other_role": null,
        "resp_gende": "male",
        "other_gend": null,
        "allow_obse": "yes",
        "duration_w": "7-11 months",
        "num_malest": "12.0",
        "num_female": "2.0",
        "Total_staf": "14",
        "gender_pup": "boys girls",
        "num_childb": "235.0",
        "num_chilgi": "373.0",
        "Total_chil": "608.0",
        "drinking_w": "tap stand",
        "other_sour": null,
        "main_water": "on premises",
        "hygiene_wa": "tap stand",
        "other_so_1": null,
        "main_wat_1": "on premises",
        "num_water_": "4.0",
        "availabili": "daily",
        "condition_": "functional with minor damage",
        "other_cond": null,
        "reason_not": null,
        "what_damag": "taps leaking",
        "other_what": null,
        "reason_cit": "normal wear tear",
        "efforts_ma": "have plans repair",
        "accesibili": "yes",
        "adaptated_": "tap can be reached adequate space",
        "accesibi_1": null,
        "adapted_to": null,
        "water_avai": "yes",
        "days_water": "Daily",
        "cause_of_l": null,
        "other_caus": null,
        "adaptation": null,
        "other_adap": null,
        "storage_fa": "yes",
        "total_capa": "5000.0",
        "num_litres": "3000.0",
        "school_pur": "no",
        "treatment_": null,
        "other_trea": null,
        "waterborne": "no",
        "waterbor_1": null,
        "availabi_1": "no change",
        "other_avai": null,
        "challenges": "lack proper storage",
        "other_chal": null,
        "main_sourc": "tap stand",
        "satisfied_": "yes",
        "methods_wa": null,
        "other_meth": null,
        "challenge_": "we dont cook",
        "main_type_": "pit latrine slab",
        "other_main": null,
        "studentsta": "yes",
        "type_stude": "pit latrine slab",
        "other_type": null,
        "pupils_sep": "yes",
        "total_at_s": null,
        "girls_toil": "4.0",
        "boys_toile": "3.0",
        "Total_pupi": "7.0",
        "ratio_pupi": "86.9",
        "pupils_sha": "0.0",
        "pupils_toi": "Within school building",
        "student_cl": "Daily",
        "reason_toi": null,
        "pupils_san": "door walls lock",
        "items_pupi": "water",
        "type_staff": "pit latrine slab",
        "other_ty_1": null,
        "teachers_s": "yes",
        "total_toil": null,
        "female_onl": "2.0",
        "male_only_": "2.0",
        "Total_st_1": "4",
        "ratio_staf": "3.5",
        "shared_toi": "0.0",
        "staff_toil": "Within school building",
        "staff_clea": "Daily",
        "reason_sta": null,
        "staff_sani": "door walls lock",
        "items_staf": "water",
        "mixed_fema": null,
        "mixed_male": null,
        "Toilets_mi": "0.0",
        "Total_pu_1": "622.0",
        "ratio_mixe": null,
        "mixed_hcle": null,
        "reason_hmi": null,
        "school_san": null,
        "items_mixe": null,
        "usable_toi": null,
        "modificati": null,
        "accessible": "yes",
        "modication": "enough space wheelchair handrails",
        "septic_tan": "no",
        "sludge_was": "openly dumped away",
        "classrooms": "Daily",
        "compound_c": "Daily",
        "reason_com": null,
        "waste_gene": "Paper",
        "collection": "burned on premises",
        "waste_disp": "composit pit",
        "challeng_1": "lack bins",
        "challeng_2": null,
        "traces_dea": "never visible",
        "challeng_3": "lack sanitation facilities",
        "other_ch_1": null,
        "adaptati_1": "communal sanitation facilities",
        "adaptati_2": null,
        "num_handwa": "2 5",
        "show_pupil": "allow",
        "water_av_1": "water available",
        "soap_avail": "soap available",
        "water_av_2": null,
        "soap_ava_1": null,
        "reason_no_": null,
        "other_reas": null,
        "handwashin": "school yard five metres toilet",
        "clear_sign": "yes",
        "accesible_": "no",
        "handwash_1": null,
        "handwash_a": "no",
        "handwash_2": null,
        "items_avai": "water",
        "waste_segr": "toilets more5metres",
        "solidwaste": "burned on premises",
        "times_scho": "everyday",
        "hygiene_pr": "yes",
        "when_promo": "last 30days",
        "kind_hygie": null,
        "changes_du": "yes",
        "notable_be": "increased hand practices improved hand techniques proper use toilets reduced open defaction maintenance facilities",
        "dryspell_e": "dont know",
        "march_may_": "increased water supply access sanitation affected",
        "effects_fl": "caused evacuation not school regularly children commuting",
        "wash_needs": "sanitation facilities access to clean wataer hygiene promotion",
        "improve_to": "assist building renovating advocacy awareness creation hygiene materials schools",
        "type_dispo": "sanitary bins",
        "adequate_m": "all bathrooms toilets",
        "when_waste": "Daily",
        "water_soap": "water and soap",
        "challeng_4": "inadequate bins",
        "provisions": "bathing areas MHM materials MHM education girls",
        "menstrual_": "yes free",
        "challeng_5": "inadequately safe lack menstrual supplies",
        "adapt_mens": "girls to sort issue",
        "improve_me": "provision sanitary pads safe sanitation facilities",
        "teacher_in": "yes",
        "enumerator": null,
        "uuid": "06f3489b-3fe3-4d3f-8fb9-46bb80ee6888",
        "longitude": "40.2792685",
        "latitude": "0.1971099",
        "sub_county": "Dadaab Sub County",
        "wash_nee_1": "1",
        "wash_nee_2": "1",
        "wash_nee_3": "1",
        "wash_nee_4": "0",
        "wash_nee_5": "0",
        "wash_nee_6": "0",
        "wash_nee_7": "0",
        "wash_nee_8": "0",
        "Population": "57",
        "female_toi": "63",
        "male_toile": "49",
        "Total_male": "5.0",
        "Total_fema": "6.0",
        "host_or_re": null,
        "ward": null,
        "Total_pu_2": null,
        "Total_st_2": null,
        "other_wate": null,
        "adapted__1": null,
        "other_ad_1": null,
        "Total_stud": null,
        "ratio_stud": null,
        "items_pu_1": null,
        "items_pu_2": null,
        "items_pu_3": null,
        "items_pu_4": null,
        "items_pu_5": null,
        "items_pu_6": null,
        "other_item": null,
        "Total_mixe": null,
        "ratio_mi_1": null,
        "other_modi": null,
        "other_slud": null,
        "reason_cla": null,
        "other_wast": null,
        "other_coll": null,
        "other_wa_1": null,
        "challeng_6": null,
        "other_ch_2": null,
        "challeng_7": null,
        "challeng_8": null,
        "other_ad_2": null,
        "type_of_so": null,
        "other_ty_2": null,
        "source_of_": null,
        "other_so_2": null,
        "other_hand": null,
        "other_ha_1": null,
        "other_ha_2": null,
        "other_wa_2": null,
        "other_soli": null,
        "other_drys": null,
        "other_marc": null,
        "other_wash": null,
        "other_impr": null,
        "type_dis_1": null,
        "other_ty_3": null,
        "other_ch_3": null,
        "other_prov": null,
        "other_ch_4": null,
        "other_ad_3": null,
        "other_im_1": null,
        "kind_insti": null,
        "layer": "Camp Schools",
        "path": "C:/Users/USER/OneDrive - ACTED/Desktop/Garissa County Capacity Building - REACH/Training Materials/Modules/Training Data/Garissa HF and Schools/Garissa HF and Schools/Camp Schools.geojson",
        "Risk_Level": "Medium Risk",
        "Distance_to_Flood_km": "0.68",
        "Poverty_Rate": "0.78",
        "Food_Poverty_Rate": "0.58",
        "Avg_HH_Income": "5169",
        "Avg_HH_Expenditure": "6177",
        "HH_Cash_Gap": "-1008",
        "Post_Assistance_Income": "13927",
        "Post_Assistance_Expenditure": "11092",
        "Post_Assistance_Surplus": "2835",
        "Vulnerability_Index": "0.686",
        "Wasting_Rate": "0.17",
        "marker_emoji": "🏫",
        "Author": "Garissa GIS Directorate — James M. Mburu",
        "NN_Vulnerability_Score": "0.551",
        "NN_Risk_Class": "High",
        "tana_buffer_zone": false
      },
      "geometry": {
        "type": "Point",
        "coordinates": [
          40.27926850000006,
          0.197109900000044
        ]
      }
    },
    {
      "type": "Feature",
      "properties": {
        "OBJECTID": "485",
        "county": "garissa",
        "camp": null,
        "camp_locat": null,
        "school_nam": "Welhar Primary School",
        "school_typ": "day school",
        "school_lev": "pre primary lower primary upper primary Junior secondary",
        "role_respo": null,
        "other_role": null,
        "resp_gende": null,
        "other_gend": null,
        "allow_obse": null,
        "duration_w": null,
        "num_malest": "5.0",
        "num_female": "1.0",
        "Total_staf": "6",
        "gender_pup": "boys girls",
        "num_childb": "139.0",
        "num_chilgi": "71.0",
        "Total_chil": null,
        "drinking_w": "tap stand",
        "other_sour": null,
        "main_water": "on premises",
        "hygiene_wa": "tap stand",
        "other_so_1": null,
        "main_wat_1": null,
        "num_water_": "2.0",
        "availabili": "2 3 days",
        "condition_": null,
        "other_cond": null,
        "reason_not": null,
        "what_damag": null,
        "other_what": null,
        "reason_cit": null,
        "efforts_ma": null,
        "accesibili": "yes",
        "adaptated_": "clear path without obstructions taps can be opened adequate space",
        "accesibi_1": "yes",
        "adapted_to": "children friendly handles",
        "water_avai": "no",
        "days_water": null,
        "cause_of_l": null,
        "other_caus": null,
        "adaptation": "fetch outside school children bring water home",
        "other_adap": null,
        "storage_fa": "yes",
        "total_capa": "5000.0",
        "num_litres": "350.0",
        "school_pur": "no",
        "treatment_": null,
        "other_trea": null,
        "waterborne": "no",
        "waterbor_1": null,
        "availabi_1": "water sources dried up water system damaged children bring water home",
        "other_avai": null,
        "challenges": "waterpoints expensive irregular water supply lack proper storage",
        "other_chal": null,
        "main_sourc": "tap stand",
        "satisfied_": "yes",
        "methods_wa": null,
        "other_meth": null,
        "challenge_": "irregular water supply infrastructure issues lack storage facility",
        "main_type_": "pit latrine slab",
        "other_main": null,
        "studentsta": "yes",
        "type_stude": "pit latrine slab",
        "other_type": null,
        "pupils_sep": "yes",
        "total_at_s": null,
        "girls_toil": "2.0",
        "boys_toile": "3.0",
        "Total_pupi": null,
        "ratio_pupi": null,
        "pupils_sha": "0.0",
        "pupils_toi": "Within school building",
        "student_cl": "2 4 days",
        "reason_toi": "lack protective clothe lack of detergent lack adequate water",
        "pupils_san": "door walls lock solid structure segregated toilets",
        "items_pupi": "water",
        "type_staff": "pit latrine slab",
        "other_ty_1": null,
        "teachers_s": "yes",
        "total_toil": null,
        "female_onl": "1.0",
        "male_only_": "1.0",
        "Total_st_1": "2",
        "ratio_staf": "3.0",
        "shared_toi": "0.0",
        "staff_toil": "Within school building",
        "staff_clea": "2 4 days",
        "reason_sta": "lack adequate water lack protective clothe lack of detergent",
        "staff_sani": "door walls lock solid structure",
        "items_staf": "water",
        "mixed_fema": null,
        "mixed_male": null,
        "Toilets_mi": null,
        "Total_pu_1": null,
        "ratio_mixe": null,
        "mixed_hcle": null,
        "reason_hmi": null,
        "school_san": null,
        "items_mixe": null,
        "usable_toi": "yes",
        "modificati": "lower seat",
        "accessible": "yes",
        "modication": "enough space wheelchair",
        "septic_tan": "yes",
        "sludge_was": "dig another latrine",
        "classrooms": "Daily",
        "compound_c": "Daily",
        "reason_com": null,
        "waste_gene": "Plastic Paper",
        "collection": "burned on premises",
        "waste_disp": "composit pit",
        "challeng_1": "lack bins",
        "challeng_2": null,
        "traces_dea": "never visible",
        "challeng_3": "damages sanitation facilities lack sanitation facilities",
        "other_ch_1": null,
        "adaptati_1": "less preferred sanitation",
        "adaptati_2": null,
        "num_handwa": "0",
        "show_pupil": null,
        "water_av_1": null,
        "soap_avail": null,
        "water_av_2": null,
        "soap_ava_1": null,
        "reason_no_": null,
        "other_reas": null,
        "handwashin": null,
        "clear_sign": null,
        "accesible_": null,
        "handwash_1": null,
        "handwash_a": "no",
        "handwash_2": null,
        "items_avai": "water",
        "waste_segr": "toilets within5metres",
        "solidwaste": "openly dumped premises burned on premises",
        "times_scho": "every two three",
        "hygiene_pr": "yes",
        "when_promo": "last 30days",
        "kind_hygie": null,
        "changes_du": "yes",
        "notable_be": "improved hand techniques proper use toilets reduced open defaction consumption safe water proper disposal waste better menst hygiene",
        "dryspell_e": "increased water cost reduced water supply",
        "march_may_": "flooding stagnant water waste management system water Infrastructure damage classrooms Infrastructure damage toilets Infrastructure damage",
        "effects_fl": "reduced extracurricula caused evacuation",
        "wash_needs": "menstrual management waste management access to clean wataer",
        "improve_to": "assist building renovating hygiene materials schools part of wash projects hygiene promotion",
        "type_dispo": "compost pits",
        "adequate_m": "some bathrooms toilets",
        "when_waste": "weekly",
        "water_soap": "water but nosoap",
        "challeng_4": "inadequate bins site disposal far",
        "provisions": "MHM education girls MHM education girls boys",
        "menstrual_": "no",
        "challeng_5": "lack water soap insufficient water sources lack menstrual supplies",
        "adapt_mens": "less preferred product girls to sort issue",
        "improve_me": "safe sanitation facilities provision sanitary pads",
        "teacher_in": "yes",
        "enumerator": "No comments",
        "uuid": "ee336a92-be4b-43d9-a547-fdeb218214b8",
        "longitude": "40.1484892",
        "latitude": "0.2093324",
        "sub_county": "Dadaab Sub County",
        "wash_nee_1": "1",
        "wash_nee_2": "0",
        "wash_nee_3": "0",
        "wash_nee_4": "1",
        "wash_nee_5": "0",
        "wash_nee_6": "1",
        "wash_nee_7": "0",
        "wash_nee_8": "0",
        "Population": "85",
        "female_toi": "24",
        "male_toile": "36",
        "Total_male": "4.0",
        "Total_fema": "3.0",
        "host_or_re": "host",
        "ward": "labisigale",
        "Total_pu_2": "210.0",
        "Total_st_2": "216.0",
        "other_wate": null,
        "adapted__1": null,
        "other_ad_1": null,
        "Total_stud": "5.0",
        "ratio_stud": "42.0",
        "items_pu_1": null,
        "items_pu_2": null,
        "items_pu_3": null,
        "items_pu_4": null,
        "items_pu_5": null,
        "items_pu_6": null,
        "other_item": null,
        "Total_mixe": "0.0",
        "ratio_mi_1": null,
        "other_modi": null,
        "other_slud": null,
        "reason_cla": null,
        "other_wast": null,
        "other_coll": null,
        "other_wa_1": null,
        "challeng_6": null,
        "other_ch_2": null,
        "challeng_7": null,
        "challeng_8": null,
        "other_ad_2": null,
        "type_of_so": null,
        "other_ty_2": null,
        "source_of_": null,
        "other_so_2": null,
        "other_hand": null,
        "other_ha_1": null,
        "other_ha_2": null,
        "other_wa_2": null,
        "other_soli": null,
        "other_drys": null,
        "other_marc": null,
        "other_wash": null,
        "other_impr": null,
        "type_dis_1": null,
        "other_ty_3": null,
        "other_ch_3": null,
        "other_prov": null,
        "other_ch_4": null,
        "other_ad_3": null,
        "other_im_1": null,
        "kind_insti": null,
        "layer": "Garissa Schools",
        "path": "C:/Users/USER/OneDrive - ACTED/Desktop/Garissa County Capacity Building - REACH/Training Materials/Modules/Training Data/Garissa HF and Schools/Garissa HF and Schools/Garissa Schools.geojson",
        "Risk_Level": "Medium Risk",
        "Distance_to_Flood_km": "1.53",
        "Poverty_Rate": "0.78",
        "Food_Poverty_Rate": "0.58",
        "Avg_HH_Income": "5169",
        "Avg_HH_Expenditure": "6177",
        "HH_Cash_Gap": "-1008",
        "Post_Assistance_Income": "13927",
        "Post_Assistance_Expenditure": "11092",
        "Post_Assistance_Surplus": "2835",
        "Vulnerability_Index": "0.669",
        "Wasting_Rate": "0.17",
        "marker_emoji": "🏫",
        "Author": "Garissa GIS Directorate — James M. Mburu",
        "NN_Vulnerability_Score": "0.551",
        "NN_Risk_Class": "High",
        "tana_buffer_zone": false
      },
      "geometry": {
        "type": "Point",
        "coordinates": [
          40.14848920000003,
          0.209332400000051
        ]
      }
    },
    {
      "type": "Feature",
      "properties": {
        "OBJECTID": "505",
        "county": "garissa",
        "camp": null,
        "camp_locat": null,
        "school_nam": "Darusaalam Ecd",
        "school_typ": "day school",
        "school_lev": "pre primary",
        "role_respo": null,
        "other_role": null,
        "resp_gende": null,
        "other_gend": null,
        "allow_obse": null,
        "duration_w": null,
        "num_malest": "2.0",
        "num_female": null,
        "Total_staf": "2",
        "gender_pup": "boys girls",
        "num_childb": "40.0",
        "num_chilgi": null,
        "Total_chil": null,
        "drinking_w": "no water source",
        "other_sour": null,
        "main_water": null,
        "hygiene_wa": "no water source",
        "other_so_1": null,
        "main_wat_1": null,
        "num_water_": null,
        "availabili": null,
        "condition_": null,
        "other_cond": null,
        "reason_not": null,
        "what_damag": null,
        "other_what": null,
        "reason_cit": null,
        "efforts_ma": null,
        "accesibili": "no",
        "adaptated_": null,
        "accesibi_1": "no",
        "adapted_to": null,
        "water_avai": "no",
        "days_water": null,
        "cause_of_l": null,
        "other_caus": null,
        "adaptation": "fetch water further spend money otherpurposes",
        "other_adap": null,
        "storage_fa": "no",
        "total_capa": null,
        "num_litres": null,
        "school_pur": "no",
        "treatment_": null,
        "other_trea": null,
        "waterborne": "no",
        "waterbor_1": null,
        "availabi_1": "no change",
        "other_avai": null,
        "challenges": "no water source",
        "other_chal": "There's no source of water in the school compound",
        "main_sourc": "no water source",
        "satisfied_": "no",
        "methods_wa": "filtration",
        "other_meth": null,
        "challenge_": "lack storage facility",
        "main_type_": "pit latrine slab",
        "other_main": null,
        "studentsta": "no",
        "type_stude": null,
        "other_type": null,
        "pupils_sep": null,
        "total_at_s": null,
        "girls_toil": null,
        "boys_toile": null,
        "Total_pupi": null,
        "ratio_pupi": null,
        "pupils_sha": null,
        "pupils_toi": null,
        "student_cl": null,
        "reason_toi": null,
        "pupils_san": null,
        "items_pupi": null,
        "type_staff": null,
        "other_ty_1": null,
        "teachers_s": null,
        "total_toil": null,
        "female_onl": null,
        "male_only_": null,
        "Total_st_1": "0",
        "ratio_staf": null,
        "shared_toi": null,
        "staff_toil": null,
        "staff_clea": null,
        "reason_sta": null,
        "staff_sani": null,
        "items_staf": null,
        "mixed_fema": null,
        "mixed_male": "1.0",
        "Toilets_mi": null,
        "Total_pu_1": null,
        "ratio_mixe": null,
        "mixed_hcle": "2 4 days",
        "reason_hmi": null,
        "school_san": null,
        "items_mixe": null,
        "usable_toi": null,
        "modificati": null,
        "accessible": "no",
        "modication": null,
        "septic_tan": "no",
        "sludge_was": "openly dumped away",
        "classrooms": "2 4 days",
        "compound_c": "2 4 days",
        "reason_com": "lack adequate water",
        "waste_gene": "Paper",
        "collection": "dumping pit",
        "waste_disp": "general waste bins",
        "challeng_1": "lack bins",
        "challeng_2": null,
        "traces_dea": "never visible",
        "challeng_3": "lack sanitation facilities",
        "other_ch_1": "Lack of water and toilet",
        "adaptati_1": "less preferred sanitation",
        "adaptati_2": null,
        "num_handwa": null,
        "show_pupil": null,
        "water_av_1": null,
        "soap_avail": null,
        "water_av_2": null,
        "soap_ava_1": null,
        "reason_no_": null,
        "other_reas": null,
        "handwashin": null,
        "clear_sign": null,
        "accesible_": null,
        "handwash_1": null,
        "handwash_a": "no",
        "handwash_2": null,
        "items_avai": "water",
        "waste_segr": "toilets more5metres",
        "solidwaste": "openly dumped away premises",
        "times_scho": "biweekly",
        "hygiene_pr": "no",
        "when_promo": null,
        "kind_hygie": null,
        "changes_du": null,
        "notable_be": null,
        "dryspell_e": "disrupted water practices",
        "march_may_": "no effect",
        "effects_fl": "inability to learn",
        "wash_needs": "handwashing facilities hygiene promotion sanitation facilities",
        "improve_to": "assist building renovating community sanitation hygiene materials schools",
        "type_dispo": "sanitary bins",
        "adequate_m": "all bathrooms toilets",
        "when_waste": "Daily",
        "water_soap": "water but nosoap",
        "challeng_4": "inadequate bins",
        "provisions": "bathing areas",
        "menstrual_": "yes free",
        "challeng_5": "inadequately safe lack water soap",
        "adapt_mens": "girls to sort issue",
        "improve_me": "safe sanitation facilities",
        "teacher_in": "no",
        "enumerator": "There's no toilet in the school \n\nNo water source nd classes are not enough",
        "uuid": "a0970741-1bbe-42ec-a23e-b4db878948d6",
        "longitude": "39.9713348",
        "latitude": "0.2292954",
        "sub_county": "Dadaab Sub County",
        "wash_nee_1": "0",
        "wash_nee_2": "1",
        "wash_nee_3": "1",
        "wash_nee_4": "0",
        "wash_nee_5": "1",
        "wash_nee_6": "0",
        "wash_nee_7": "0",
        "wash_nee_8": "0",
        "Population": "82",
        "female_toi": "0",
        "male_toile": "42",
        "Total_male": "1.0",
        "Total_fema": "0.0",
        "host_or_re": "host",
        "ward": "abakaile",
        "Total_pu_2": "40.0",
        "Total_st_2": "42.0",
        "other_wate": null,
        "adapted__1": null,
        "other_ad_1": null,
        "Total_stud": "0.0",
        "ratio_stud": null,
        "items_pu_1": null,
        "items_pu_2": null,
        "items_pu_3": null,
        "items_pu_4": null,
        "items_pu_5": null,
        "items_pu_6": null,
        "other_item": null,
        "Total_mixe": "1.0",
        "ratio_mi_1": "42.0",
        "other_modi": null,
        "other_slud": null,
        "reason_cla": "lack adequate water",
        "other_wast": null,
        "other_coll": "compost pit",
        "other_wa_1": null,
        "challeng_6": null,
        "other_ch_2": null,
        "challeng_7": null,
        "challeng_8": null,
        "other_ad_2": null,
        "type_of_so": null,
        "other_ty_2": null,
        "source_of_": null,
        "other_so_2": null,
        "other_hand": null,
        "other_ha_1": null,
        "other_ha_2": null,
        "other_wa_2": null,
        "other_soli": null,
        "other_drys": null,
        "other_marc": null,
        "other_wash": null,
        "other_impr": null,
        "type_dis_1": null,
        "other_ty_3": null,
        "other_ch_3": null,
        "other_prov": null,
        "other_ch_4": null,
        "other_ad_3": null,
        "other_im_1": null,
        "kind_insti": null,
        "layer": "Garissa Schools",
        "path": "C:/Users/USER/OneDrive - ACTED/Desktop/Garissa County Capacity Building - REACH/Training Materials/Modules/Training Data/Garissa HF and Schools/Garissa HF and Schools/Garissa Schools.geojson",
        "Risk_Level": "Extreme Risk (Super El Niño)",
        "Distance_to_Flood_km": "5.03",
        "Poverty_Rate": "0.78",
        "Food_Poverty_Rate": "0.58",
        "Avg_HH_Income": "5169",
        "Avg_HH_Expenditure": "6177",
        "HH_Cash_Gap": "-1008",
        "Post_Assistance_Income": "13927",
        "Post_Assistance_Expenditure": "11092",
        "Post_Assistance_Surplus": "2835",
        "Vulnerability_Index": "0.749",
        "Wasting_Rate": "0.17",
        "marker_emoji": "🏫",
        "Author": "Garissa GIS Directorate — James M. Mburu",
        "NN_Vulnerability_Score": "0.474",
        "NN_Risk_Class": "Medium",
        "tana_buffer_zone": false
      },
      "geometry": {
        "type": "Point",
        "coordinates": [
          39.97133480000008,
          0.229295400000069
        ]
      }
    },
    {
      "type": "Feature",
      "properties": {
        "OBJECTID": "535",
        "county": "garissa",
        "camp": null,
        "camp_locat": null,
        "school_nam": "Dertu Primary School",
        "school_typ": "day and boarding",
        "school_lev": "pre primary lower primary upper primary Junior secondary",
        "role_respo": null,
        "other_role": null,
        "resp_gende": null,
        "other_gend": null,
        "allow_obse": null,
        "duration_w": null,
        "num_malest": "9.0",
        "num_female": "2.0",
        "Total_staf": "11",
        "gender_pup": "boys girls",
        "num_childb": "377.0",
        "num_chilgi": "275.0",
        "Total_chil": null,
        "drinking_w": "handpumps",
        "other_sour": null,
        "main_water": "approx 500m fromcompound",
        "hygiene_wa": "tap stand",
        "other_so_1": null,
        "main_wat_1": null,
        "num_water_": "3.0",
        "availabili": "daily",
        "condition_": null,
        "other_cond": null,
        "reason_not": null,
        "what_damag": null,
        "other_what": null,
        "reason_cit": null,
        "efforts_ma": null,
        "accesibili": "yes",
        "adaptated_": "adequate space taps can be opened",
        "accesibi_1": "yes",
        "adapted_to": "children friendly handles accessible water containers",
        "water_avai": "yes",
        "days_water": "Daily",
        "cause_of_l": null,
        "other_caus": null,
        "adaptation": null,
        "other_adap": null,
        "storage_fa": "yes",
        "total_capa": "25000.0",
        "num_litres": "500.0",
        "school_pur": "no",
        "treatment_": null,
        "other_trea": null,
        "waterborne": "no",
        "waterbor_1": null,
        "availabi_1": "water sources decreased",
        "other_avai": null,
        "challenges": "lack proper storage infrastructure damaged waterpoints expensive",
        "other_chal": null,
        "main_sourc": "tap stand",
        "satisfied_": "yes",
        "methods_wa": null,
        "other_meth": null,
        "challenge_": "lack water treatment high costs lack storage facility lack awareness",
        "main_type_": "pit latrine slab",
        "other_main": null,
        "studentsta": "yes",
        "type_stude": "pit latrine slab",
        "other_type": null,
        "pupils_sep": "yes",
        "total_at_s": null,
        "girls_toil": "15.0",
        "boys_toile": "8.0",
        "Total_pupi": null,
        "ratio_pupi": null,
        "pupils_sha": "0.0",
        "pupils_toi": "Within school building",
        "student_cl": "2 4 days",
        "reason_toi": "lack adequate water lack of detergent lack protective clothe",
        "pupils_san": "lock walls door proper drainage",
        "items_pupi": "water",
        "type_staff": "pit latrine slab",
        "other_ty_1": null,
        "teachers_s": "no",
        "total_toil": null,
        "female_onl": null,
        "male_only_": null,
        "Total_st_1": "0",
        "ratio_staf": null,
        "shared_toi": null,
        "staff_toil": "Within school building",
        "staff_clea": "2 4 days",
        "reason_sta": "lack adequate water lack of detergent lack protective clothe no time to clean",
        "staff_sani": "door walls lock",
        "items_staf": "water",
        "mixed_fema": null,
        "mixed_male": null,
        "Toilets_mi": null,
        "Total_pu_1": null,
        "ratio_mixe": null,
        "mixed_hcle": null,
        "reason_hmi": null,
        "school_san": null,
        "items_mixe": null,
        "usable_toi": "yes",
        "modificati": "lower seat lower door handle",
        "accessible": "yes",
        "modication": "enough space wheelchair",
        "septic_tan": "yes",
        "sludge_was": "dig another latrine openly dumped away",
        "classrooms": "Daily",
        "compound_c": "2 4 days",
        "reason_com": "lack adequate water lack of detergent lack protective clothe",
        "waste_gene": "Glass Paper Plastic",
        "collection": "burned on premises burned away premises burried covered premises",
        "waste_disp": "general waste bins composit pit",
        "challeng_1": "lack awareness lack bins",
        "challeng_2": null,
        "traces_dea": "never visible",
        "challeng_3": "no problem",
        "other_ch_1": null,
        "adaptati_1": "school no issue",
        "adaptati_2": null,
        "num_handwa": "2 15",
        "show_pupil": "allow",
        "water_av_1": "water available",
        "soap_avail": "soap not available",
        "water_av_2": null,
        "soap_ava_1": null,
        "reason_no_": "lack financial resources",
        "other_reas": null,
        "handwashin": "more than 5metres",
        "clear_sign": "yes",
        "accesible_": "yes",
        "handwash_1": "adequate space taps opened minimum efforts",
        "handwash_a": "yes",
        "handwash_2": "accessible water containers children friendly handles",
        "items_avai": "water",
        "waste_segr": "toilets more5metres",
        "solidwaste": "burned away premises burned on premises burned covered premises openly dumped premises",
        "times_scho": "everyday",
        "hygiene_pr": "yes",
        "when_promo": "over 1 3 months",
        "kind_hygie": null,
        "changes_du": "yes",
        "notable_be": "increased hand practices improved hand techniques proper use toilets reduced open defaction reduced incidences waterborne better menst hygiene",
        "dryspell_e": "reduced water supply raised water quality increased water cost",
        "march_may_": "increased water supply flooding stagnant water classrooms Infrastructure damage bathroom Infrastructure damage toilets Infrastructure damage water Infrastructure damage sewer system busted",
        "effects_fl": "not school regularly reduced extracurricula",
        "wash_needs": "access to clean wataer hygiene promotion handwashing facilities",
        "improve_to": "assist building renovating advocacy awareness creation hygiene materials schools continous inspection hygiene promotion community mobilization WASH communities",
        "type_dispo": "compost pits",
        "adequate_m": "all bathrooms toilets",
        "when_waste": "Daily",
        "water_soap": "water but nosoap",
        "challeng_4": "inadequate bins lack awareness",
        "provisions": "MHM materials MHM education girls boys",
        "menstrual_": "yes free",
        "challeng_5": "rely on donations lack menstrual supplies",
        "adapt_mens": "less preferred product",
        "improve_me": "provision sanitary pads safe sanitation facilities",
        "teacher_in": "yes",
        "enumerator": null,
        "uuid": "a1a6fc9f-c1b4-40a6-8415-4329973f33ff",
        "longitude": "39.8016701",
        "latitude": "0.2738852",
        "sub_county": "Lagdera Sub County",
        "wash_nee_1": "1",
        "wash_nee_2": "0",
        "wash_nee_3": "1",
        "wash_nee_4": "0",
        "wash_nee_5": "1",
        "wash_nee_6": "0",
        "wash_nee_7": "0",
        "wash_nee_8": "0",
        "Population": "57",
        "female_toi": "18",
        "male_toile": "48",
        "Total_male": "8.0",
        "Total_fema": "15.0",
        "host_or_re": "host",
        "ward": "dertu",
        "Total_pu_2": "652.0",
        "Total_st_2": "663.0",
        "other_wate": null,
        "adapted__1": null,
        "other_ad_1": null,
        "Total_stud": "23.0",
        "ratio_stud": "28.35",
        "items_pu_1": null,
        "items_pu_2": null,
        "items_pu_3": null,
        "items_pu_4": null,
        "items_pu_5": null,
        "items_pu_6": null,
        "other_item": null,
        "Total_mixe": "0.0",
        "ratio_mi_1": null,
        "other_modi": null,
        "other_slud": null,
        "reason_cla": null,
        "other_wast": null,
        "other_coll": null,
        "other_wa_1": null,
        "challeng_6": null,
        "other_ch_2": null,
        "challeng_7": null,
        "challeng_8": null,
        "other_ad_2": null,
        "type_of_so": null,
        "other_ty_2": null,
        "source_of_": null,
        "other_so_2": null,
        "other_hand": null,
        "other_ha_1": null,
        "other_ha_2": null,
        "other_wa_2": null,
        "other_soli": null,
        "other_drys": null,
        "other_marc": null,
        "other_wash": null,
        "other_impr": null,
        "type_dis_1": null,
        "other_ty_3": null,
        "other_ch_3": null,
        "other_prov": null,
        "other_ch_4": null,
        "other_ad_3": null,
        "other_im_1": null,
        "kind_insti": null,
        "layer": "Garissa Schools",
        "path": "C:/Users/USER/OneDrive - ACTED/Desktop/Garissa County Capacity Building - REACH/Training Materials/Modules/Training Data/Garissa HF and Schools/Garissa HF and Schools/Garissa Schools.geojson",
        "Risk_Level": "High Risk",
        "Distance_to_Flood_km": "0.38",
        "Poverty_Rate": "0.8",
        "Food_Poverty_Rate": "0.6",
        "Avg_HH_Income": "5169",
        "Avg_HH_Expenditure": "6177",
        "HH_Cash_Gap": "-1008",
        "Post_Assistance_Income": "13927",
        "Post_Assistance_Expenditure": "11092",
        "Post_Assistance_Surplus": "2835",
        "Vulnerability_Index": "0.792",
        "Wasting_Rate": "0.16",
        "marker_emoji": "🏫",
        "Author": "Garissa GIS Directorate — James M. Mburu",
        "NN_Vulnerability_Score": "0.551",
        "NN_Risk_Class": "High",
        "tana_buffer_zone": false
      },
      "geometry": {
        "type": "Point",
        "coordinates": [
          39.80167010000008,
          0.273885200000052
        ]
      }
    },
    {
      "type": "Feature",
      "properties": {
        "OBJECTID": "536",
        "county": "garissa",
        "camp": null,
        "camp_locat": null,
        "school_nam": "Boransis Primary",
        "school_typ": "day school",
        "school_lev": "pre primary lower primary upper primary",
        "role_respo": null,
        "other_role": null,
        "resp_gende": null,
        "other_gend": null,
        "allow_obse": null,
        "duration_w": null,
        "num_malest": "3.0",
        "num_female": "0.0",
        "Total_staf": "3",
        "gender_pup": "boys girls",
        "num_childb": "65.0",
        "num_chilgi": "32.0",
        "Total_chil": null,
        "drinking_w": "no water source",
        "other_sour": null,
        "main_water": null,
        "hygiene_wa": "no water source",
        "other_so_1": null,
        "main_wat_1": null,
        "num_water_": null,
        "availabili": null,
        "condition_": null,
        "other_cond": null,
        "reason_not": null,
        "what_damag": null,
        "other_what": null,
        "reason_cit": null,
        "efforts_ma": null,
        "accesibili": "no",
        "adaptated_": null,
        "accesibi_1": "no",
        "adapted_to": null,
        "water_avai": "no",
        "days_water": null,
        "cause_of_l": null,
        "other_caus": null,
        "adaptation": "less preferred otherpurposes",
        "other_adap": null,
        "storage_fa": "no",
        "total_capa": null,
        "num_litres": null,
        "school_pur": "no",
        "treatment_": null,
        "other_trea": null,
        "waterborne": "no",
        "waterbor_1": null,
        "availabi_1": "no change",
        "other_avai": null,
        "challenges": "no water source",
        "other_chal": null,
        "main_sourc": "no water source",
        "satisfied_": "yes",
        "methods_wa": null,
        "other_meth": null,
        "challenge_": "infrastructure issues lack storage facility",
        "main_type_": "pit latrine slab",
        "other_main": null,
        "studentsta": "no",
        "type_stude": null,
        "other_type": null,
        "pupils_sep": null,
        "total_at_s": null,
        "girls_toil": null,
        "boys_toile": null,
        "Total_pupi": null,
        "ratio_pupi": null,
        "pupils_sha": null,
        "pupils_toi": null,
        "student_cl": null,
        "reason_toi": null,
        "pupils_san": null,
        "items_pupi": null,
        "type_staff": null,
        "other_ty_1": null,
        "teachers_s": null,
        "total_toil": null,
        "female_onl": null,
        "male_only_": null,
        "Total_st_1": "0",
        "ratio_staf": null,
        "shared_toi": null,
        "staff_toil": null,
        "staff_clea": null,
        "reason_sta": null,
        "staff_sani": null,
        "items_staf": null,
        "mixed_fema": "1.0",
        "mixed_male": "1.0",
        "Toilets_mi": null,
        "Total_pu_1": null,
        "ratio_mixe": null,
        "mixed_hcle": "never cleaned",
        "reason_hmi": null,
        "school_san": null,
        "items_mixe": null,
        "usable_toi": null,
        "modificati": null,
        "accessible": "no",
        "modication": null,
        "septic_tan": "no",
        "sludge_was": "openly dumped away",
        "classrooms": "2 4 days",
        "compound_c": "2 4 days",
        "reason_com": "lack adequate water lack protective clothe lack of detergent",
        "waste_gene": "Paper Plastic",
        "collection": "dumping pit",
        "waste_disp": "general waste bins",
        "challeng_1": "lack bins",
        "challeng_2": null,
        "traces_dea": "never visible",
        "challeng_3": "damages sanitation facilities",
        "other_ch_1": null,
        "adaptati_1": "less preferred sanitation",
        "adaptati_2": null,
        "num_handwa": "0",
        "show_pupil": null,
        "water_av_1": null,
        "soap_avail": null,
        "water_av_2": null,
        "soap_ava_1": null,
        "reason_no_": null,
        "other_reas": null,
        "handwashin": null,
        "clear_sign": null,
        "accesible_": null,
        "handwash_1": null,
        "handwash_a": "no",
        "handwash_2": null,
        "items_avai": "water",
        "waste_segr": "toilets more5metres",
        "solidwaste": "openly dumped away premises",
        "times_scho": "everyday",
        "hygiene_pr": "no",
        "when_promo": null,
        "kind_hygie": null,
        "changes_du": null,
        "notable_be": null,
        "dryspell_e": "no effect",
        "march_may_": "no effect",
        "effects_fl": "children commuting inability to learn",
        "wash_needs": "infrastructure hygiene promotion sanitation facilities",
        "improve_to": "assist building renovating hygiene promotion hygiene materials schools",
        "type_dispo": "sanitary bins",
        "adequate_m": "No",
        "when_waste": "monthly",
        "water_soap": "no",
        "challeng_4": "inadequate bins",
        "provisions": "bathing areas",
        "menstrual_": "no",
        "challeng_5": "lack water soap inadequately safe lack menstruation hygiene",
        "adapt_mens": "girls to sort issue",
        "improve_me": "safe sanitation facilities",
        "teacher_in": "no",
        "enumerator": "It ended successfully",
        "uuid": "2c21a096-3f03-4b89-9f3d-a16a82fe3d1f",
        "longitude": "39.8455814",
        "latitude": "0.2960819",
        "sub_county": "Lagdera Sub County",
        "wash_nee_1": "0",
        "wash_nee_2": "1",
        "wash_nee_3": "1",
        "wash_nee_4": "0",
        "wash_nee_5": "0",
        "wash_nee_6": "0",
        "wash_nee_7": "0",
        "wash_nee_8": "1",
        "Population": "99",
        "female_toi": "32",
        "male_toile": "68",
        "Total_male": "1.0",
        "Total_fema": "1.0",
        "host_or_re": "host",
        "ward": "dertu",
        "Total_pu_2": "97.0",
        "Total_st_2": "100.0",
        "other_wate": null,
        "adapted__1": null,
        "other_ad_1": null,
        "Total_stud": "0.0",
        "ratio_stud": null,
        "items_pu_1": null,
        "items_pu_2": null,
        "items_pu_3": null,
        "items_pu_4": null,
        "items_pu_5": null,
        "items_pu_6": null,
        "other_item": null,
        "Total_mixe": "2.0",
        "ratio_mi_1": "50.0",
        "other_modi": null,
        "other_slud": null,
        "reason_cla": "lack adequate water lack protective clothe lack of detergent",
        "other_wast": null,
        "other_coll": null,
        "other_wa_1": null,
        "challeng_6": null,
        "other_ch_2": null,
        "challeng_7": null,
        "challeng_8": null,
        "other_ad_2": null,
        "type_of_so": null,
        "other_ty_2": null,
        "source_of_": null,
        "other_so_2": null,
        "other_hand": null,
        "other_ha_1": null,
        "other_ha_2": null,
        "other_wa_2": null,
        "other_soli": null,
        "other_drys": null,
        "other_marc": null,
        "other_wash": null,
        "other_impr": null,
        "type_dis_1": null,
        "other_ty_3": null,
        "other_ch_3": null,
        "other_prov": null,
        "other_ch_4": null,
        "other_ad_3": null,
        "other_im_1": null,
        "kind_insti": null,
        "layer": "Garissa Schools",
        "path": "C:/Users/USER/OneDrive - ACTED/Desktop/Garissa County Capacity Building - REACH/Training Materials/Modules/Training Data/Garissa HF and Schools/Garissa HF and Schools/Garissa Schools.geojson",
        "Risk_Level": "High Risk",
        "Distance_to_Flood_km": "0.35",
        "Poverty_Rate": "0.8",
        "Food_Poverty_Rate": "0.6",
        "Avg_HH_Income": "5169",
        "Avg_HH_Expenditure": "6177",
        "HH_Cash_Gap": "-1008",
        "Post_Assistance_Income": "13927",
        "Post_Assistance_Expenditure": "11092",
        "Post_Assistance_Surplus": "2835",
        "Vulnerability_Index": "0.793",
        "Wasting_Rate": "0.16",
        "marker_emoji": "🏫",
        "Author": "Garissa GIS Directorate — James M. Mburu",
        "NN_Vulnerability_Score": "0.551",
        "NN_Risk_Class": "High",
        "tana_buffer_zone": false
      },
      "geometry": {
        "type": "Point",
        "coordinates": [
          39.84558140000007,
          0.296081900000047
        ]
      }
    },
    {
      "type": "Feature",
      "properties": {
        "OBJECTID": "524",
        "county": "garissa",
        "camp": null,
        "camp_locat": null,
        "school_nam": "Libahlow Primary",
        "school_typ": "day school",
        "school_lev": "pre primary lower primary upper primary",
        "role_respo": null,
        "other_role": null,
        "resp_gende": null,
        "other_gend": null,
        "allow_obse": null,
        "duration_w": null,
        "num_malest": "4.0",
        "num_female": "1.0",
        "Total_staf": "5",
        "gender_pup": "boys girls",
        "num_childb": "142.0",
        "num_chilgi": "115.0",
        "Total_chil": null,
        "drinking_w": "piped into school",
        "other_sour": null,
        "main_water": "approx 200m fromcompound",
        "hygiene_wa": "tap stand",
        "other_so_1": null,
        "main_wat_1": null,
        "num_water_": "1.0",
        "availabili": "4 7 days",
        "condition_": null,
        "other_cond": null,
        "reason_not": null,
        "what_damag": null,
        "other_what": null,
        "reason_cit": null,
        "efforts_ma": null,
        "accesibili": "no",
        "adaptated_": null,
        "accesibi_1": "no",
        "adapted_to": null,
        "water_avai": "no",
        "days_water": null,
        "cause_of_l": null,
        "other_caus": null,
        "adaptation": "spend money otherpurposes",
        "other_adap": null,
        "storage_fa": "yes",
        "total_capa": "5000.0",
        "num_litres": "1000.0",
        "school_pur": "no",
        "treatment_": null,
        "other_trea": null,
        "waterborne": "no",
        "waterbor_1": null,
        "availabi_1": "no change",
        "other_avai": null,
        "challenges": "waterpoints expensive lack proper storage",
        "other_chal": null,
        "main_sourc": "tap stand",
        "satisfied_": "yes",
        "methods_wa": null,
        "other_meth": null,
        "challenge_": "irregular water supply lack water treatment infrastructure issues",
        "main_type_": "pit latrine slab",
        "other_main": null,
        "studentsta": "yes",
        "type_stude": "pit latrine slab",
        "other_type": null,
        "pupils_sep": "yes",
        "total_at_s": null,
        "girls_toil": "1.0",
        "boys_toile": "1.0",
        "Total_pupi": null,
        "ratio_pupi": null,
        "pupils_sha": "0.0",
        "pupils_toi": "Within school building",
        "student_cl": "2 4 days",
        "reason_toi": "lack adequate water",
        "pupils_san": "door walls lock",
        "items_pupi": "water",
        "type_staff": "pit latrine slab",
        "other_ty_1": null,
        "teachers_s": "yes",
        "total_toil": null,
        "female_onl": "1.0",
        "male_only_": "1.0",
        "Total_st_1": "2",
        "ratio_staf": "2.5",
        "shared_toi": "0.0",
        "staff_toil": "Within school building",
        "staff_clea": "Daily",
        "reason_sta": null,
        "staff_sani": "door walls lock",
        "items_staf": "water",
        "mixed_fema": null,
        "mixed_male": null,
        "Toilets_mi": null,
        "Total_pu_1": null,
        "ratio_mixe": null,
        "mixed_hcle": null,
        "reason_hmi": null,
        "school_san": null,
        "items_mixe": null,
        "usable_toi": "no",
        "modificati": null,
        "accessible": "no",
        "modication": null,
        "septic_tan": "no",
        "sludge_was": "openly dumped away",
        "classrooms": "2 4 days",
        "compound_c": "2 4 days",
        "reason_com": "lack of detergent lack protective clothe lack adequate water",
        "waste_gene": "Paper Plastic",
        "collection": "dumping pit",
        "waste_disp": "composit pit",
        "challeng_1": "lack bins",
        "challeng_2": null,
        "traces_dea": "never visible",
        "challeng_3": "damages sanitation facilities community out using",
        "other_ch_1": null,
        "adaptati_1": "less preferred sanitation",
        "adaptati_2": null,
        "num_handwa": null,
        "show_pupil": null,
        "water_av_1": null,
        "soap_avail": null,
        "water_av_2": null,
        "soap_ava_1": null,
        "reason_no_": null,
        "other_reas": null,
        "handwashin": null,
        "clear_sign": null,
        "accesible_": null,
        "handwash_1": null,
        "handwash_a": "no",
        "handwash_2": null,
        "items_avai": "water",
        "waste_segr": "toilets more5metres",
        "solidwaste": "openly dumped premises",
        "times_scho": "everyday",
        "hygiene_pr": "no",
        "when_promo": null,
        "kind_hygie": null,
        "changes_du": null,
        "notable_be": null,
        "dryspell_e": "no effect",
        "march_may_": "toilets Infrastructure damage",
        "effects_fl": "children commuting",
        "wash_needs": "hygiene promotion handwashing facilities sanitation facilities",
        "improve_to": "assist building renovating community sanitation hygiene materials schools",
        "type_dispo": "sanitary bins",
        "adequate_m": "some bathrooms toilets",
        "when_waste": "Daily",
        "water_soap": "water but nosoap",
        "challeng_4": "inadequate bins irregular collection",
        "provisions": "bathing areas",
        "menstrual_": "yes free",
        "challeng_5": "lack menstrual supplies lack menstruation hygiene",
        "adapt_mens": "less preferred product",
        "improve_me": "safe sanitation facilities",
        "teacher_in": "yes",
        "enumerator": "It ended successfully",
        "uuid": "4a0ca042-79e0-4472-88bd-fd4b9bc9950e",
        "longitude": "40.060628",
        "latitude": "0.3020852",
        "sub_county": "Dadaab Sub County",
        "wash_nee_1": "0",
        "wash_nee_2": "1",
        "wash_nee_3": "1",
        "wash_nee_4": "0",
        "wash_nee_5": "1",
        "wash_nee_6": "0",
        "wash_nee_7": "0",
        "wash_nee_8": "0",
        "Population": "260",
        "female_toi": "58",
        "male_toile": "73",
        "Total_male": "2.0",
        "Total_fema": "2.0",
        "host_or_re": "host",
        "ward": "abakaile",
        "Total_pu_2": "257.0",
        "Total_st_2": "262.0",
        "other_wate": null,
        "adapted__1": null,
        "other_ad_1": null,
        "Total_stud": "2.0",
        "ratio_stud": "128.5",
        "items_pu_1": null,
        "items_pu_2": null,
        "items_pu_3": null,
        "items_pu_4": null,
        "items_pu_5": null,
        "items_pu_6": null,
        "other_item": null,
        "Total_mixe": "0.0",
        "ratio_mi_1": null,
        "other_modi": null,
        "other_slud": null,
        "reason_cla": "lack of detergent lack adequate water",
        "other_wast": null,
        "other_coll": null,
        "other_wa_1": null,
        "challeng_6": null,
        "other_ch_2": null,
        "challeng_7": null,
        "challeng_8": null,
        "other_ad_2": null,
        "type_of_so": null,
        "other_ty_2": null,
        "source_of_": null,
        "other_so_2": null,
        "other_hand": null,
        "other_ha_1": null,
        "other_ha_2": null,
        "other_wa_2": null,
        "other_soli": null,
        "other_drys": null,
        "other_marc": null,
        "other_wash": null,
        "other_impr": null,
        "type_dis_1": null,
        "other_ty_3": null,
        "other_ch_3": null,
        "other_prov": null,
        "other_ch_4": null,
        "other_ad_3": null,
        "other_im_1": null,
        "kind_insti": null,
        "layer": "Garissa Schools",
        "path": "C:/Users/USER/OneDrive - ACTED/Desktop/Garissa County Capacity Building - REACH/Training Materials/Modules/Training Data/Garissa HF and Schools/Garissa HF and Schools/Garissa Schools.geojson",
        "Risk_Level": "Medium Risk",
        "Distance_to_Flood_km": "1.13",
        "Poverty_Rate": "0.78",
        "Food_Poverty_Rate": "0.58",
        "Avg_HH_Income": "5169",
        "Avg_HH_Expenditure": "6177",
        "HH_Cash_Gap": "-1008",
        "Post_Assistance_Income": "13927",
        "Post_Assistance_Expenditure": "11092",
        "Post_Assistance_Surplus": "2835",
        "Vulnerability_Index": "0.677",
        "Wasting_Rate": "0.17",
        "marker_emoji": "🏫",
        "Author": "Garissa GIS Directorate — James M. Mburu",
        "NN_Vulnerability_Score": "0.551",
        "NN_Risk_Class": "High",
        "tana_buffer_zone": false
      },
      "geometry": {
        "type": "Point",
        "coordinates": [
          40.060628,
          0.302085200000022
        ]
      }
    },
    {
      "type": "Feature",
      "properties": {
        "OBJECTID": "533",
        "county": "garissa",
        "camp": null,
        "camp_locat": null,
        "school_nam": "Gari Gubane Primary School",
        "school_typ": "day school",
        "school_lev": "pre primary lower primary",
        "role_respo": null,
        "other_role": null,
        "resp_gende": null,
        "other_gend": null,
        "allow_obse": null,
        "duration_w": null,
        "num_malest": "3.0",
        "num_female": "0.0",
        "Total_staf": "3",
        "gender_pup": "boys girls",
        "num_childb": "39.0",
        "num_chilgi": "20.0",
        "Total_chil": null,
        "drinking_w": "tap stand",
        "other_sour": null,
        "main_water": "approx 50m fromcompound",
        "hygiene_wa": "tap stand",
        "other_so_1": null,
        "main_wat_1": null,
        "num_water_": "1.0",
        "availabili": "2 3 days",
        "condition_": null,
        "other_cond": null,
        "reason_not": null,
        "what_damag": null,
        "other_what": null,
        "reason_cit": null,
        "efforts_ma": null,
        "accesibili": "yes",
        "adaptated_": "adequate space",
        "accesibi_1": "yes",
        "adapted_to": "lower taps",
        "water_avai": "no",
        "days_water": null,
        "cause_of_l": null,
        "other_caus": null,
        "adaptation": "fetch water further",
        "other_adap": null,
        "storage_fa": "yes",
        "total_capa": "5000.0",
        "num_litres": "40.0",
        "school_pur": "no",
        "treatment_": null,
        "other_trea": null,
        "waterborne": "no",
        "waterbor_1": null,
        "availabi_1": "water sources dried up water system damaged children bring water home",
        "other_avai": null,
        "challenges": "waterpoints too far seasonal variations insufficient waterpoints",
        "other_chal": null,
        "main_sourc": "tap stand",
        "satisfied_": "yes",
        "methods_wa": null,
        "other_meth": null,
        "challenge_": "lack water treatment infrastructure issues lack storage facility",
        "main_type_": "pit latrine slab",
        "other_main": null,
        "studentsta": "yes",
        "type_stude": "pit latrine slab",
        "other_type": null,
        "pupils_sep": "yes",
        "total_at_s": null,
        "girls_toil": "1.0",
        "boys_toile": "1.0",
        "Total_pupi": null,
        "ratio_pupi": null,
        "pupils_sha": "0.0",
        "pupils_toi": "Within school building",
        "student_cl": "2 4 days",
        "reason_toi": "lack adequate water lack protective clothe",
        "pupils_san": "door walls lock solid structure",
        "items_pupi": "water",
        "type_staff": "pit latrine slab",
        "other_ty_1": null,
        "teachers_s": "no",
        "total_toil": null,
        "female_onl": null,
        "male_only_": null,
        "Total_st_1": "0",
        "ratio_staf": null,
        "shared_toi": null,
        "staff_toil": "Within school building",
        "staff_clea": "2 4 days",
        "reason_sta": "lack adequate water lack protective clothe lack of detergent",
        "staff_sani": "door walls lock solid structure",
        "items_staf": "water",
        "mixed_fema": null,
        "mixed_male": null,
        "Toilets_mi": null,
        "Total_pu_1": null,
        "ratio_mixe": null,
        "mixed_hcle": null,
        "reason_hmi": null,
        "school_san": null,
        "items_mixe": null,
        "usable_toi": "no",
        "modificati": null,
        "accessible": "no",
        "modication": null,
        "septic_tan": "yes",
        "sludge_was": "dig another latrine",
        "classrooms": "Daily",
        "compound_c": "Daily",
        "reason_com": null,
        "waste_gene": "Plastic Paper",
        "collection": "burned on premises",
        "waste_disp": "composit pit",
        "challeng_1": "lack bins",
        "challeng_2": null,
        "traces_dea": "never visible",
        "challeng_3": "lack sanitation facilities damages sanitation facilities",
        "other_ch_1": null,
        "adaptati_1": "less preferred sanitation",
        "adaptati_2": null,
        "num_handwa": "0",
        "show_pupil": null,
        "water_av_1": null,
        "soap_avail": null,
        "water_av_2": null,
        "soap_ava_1": null,
        "reason_no_": null,
        "other_reas": null,
        "handwashin": null,
        "clear_sign": null,
        "accesible_": null,
        "handwash_1": null,
        "handwash_a": "no",
        "handwash_2": null,
        "items_avai": "water",
        "waste_segr": "toilets more5metres",
        "solidwaste": "burned on premises openly dumped premises",
        "times_scho": "every two three",
        "hygiene_pr": "yes",
        "when_promo": "last 30days",
        "kind_hygie": null,
        "changes_du": "yes",
        "notable_be": "improved hand techniques increased hand practices proper use toilets reduced open defaction proper disposal waste",
        "dryspell_e": "increased water cost disrupted water practices",
        "march_may_": "access sanitation affected waste management system water Infrastructure damage toilets Infrastructure damage",
        "effects_fl": "reduced extracurricula inability to learn caused evacuation",
        "wash_needs": "access to clean wataer sanitation facilities handwashing facilities",
        "improve_to": "assist building renovating hygiene materials schools continous inspection hygiene promotion WASH communities community mobilization part of wash projects",
        "type_dispo": "compost pits",
        "adequate_m": "No",
        "when_waste": "weekly",
        "water_soap": "no",
        "challeng_4": "too expensive inadequate bins",
        "provisions": "MHM education girls MHM education girls boys",
        "menstrual_": "no",
        "challeng_5": "inadequately safe lack menstrual supplies rely on donations",
        "adapt_mens": "girls to sort issue less preferred product",
        "improve_me": "provision sanitary pads safe sanitation facilities",
        "teacher_in": "yes",
        "enumerator": "No comments",
        "uuid": "b975d04b-f514-424c-8d2a-329ab1379d0b",
        "longitude": "39.7847005",
        "latitude": "0.3129657",
        "sub_county": "Lagdera Sub County",
        "wash_nee_1": "1",
        "wash_nee_2": "1",
        "wash_nee_3": "0",
        "wash_nee_4": "0",
        "wash_nee_5": "1",
        "wash_nee_6": "0",
        "wash_nee_7": "0",
        "wash_nee_8": "0",
        "Population": "61",
        "female_toi": "20",
        "male_toile": "42",
        "Total_male": "1.0",
        "Total_fema": "1.0",
        "host_or_re": "host",
        "ward": "dertu",
        "Total_pu_2": "59.0",
        "Total_st_2": "62.0",
        "other_wate": null,
        "adapted__1": null,
        "other_ad_1": null,
        "Total_stud": "2.0",
        "ratio_stud": "29.5",
        "items_pu_1": null,
        "items_pu_2": null,
        "items_pu_3": null,
        "items_pu_4": null,
        "items_pu_5": null,
        "items_pu_6": null,
        "other_item": null,
        "Total_mixe": "0.0",
        "ratio_mi_1": null,
        "other_modi": null,
        "other_slud": null,
        "reason_cla": null,
        "other_wast": null,
        "other_coll": null,
        "other_wa_1": null,
        "challeng_6": null,
        "other_ch_2": null,
        "challeng_7": null,
        "challeng_8": null,
        "other_ad_2": null,
        "type_of_so": null,
        "other_ty_2": null,
        "source_of_": null,
        "other_so_2": null,
        "other_hand": null,
        "other_ha_1": null,
        "other_ha_2": null,
        "other_wa_2": null,
        "other_soli": null,
        "other_drys": null,
        "other_marc": null,
        "other_wash": null,
        "other_impr": null,
        "type_dis_1": null,
        "other_ty_3": null,
        "other_ch_3": null,
        "other_prov": null,
        "other_ch_4": null,
        "other_ad_3": null,
        "other_im_1": null,
        "kind_insti": null,
        "layer": "Garissa Schools",
        "path": "C:/Users/USER/OneDrive - ACTED/Desktop/Garissa County Capacity Building - REACH/Training Materials/Modules/Training Data/Garissa HF and Schools/Garissa HF and Schools/Garissa Schools.geojson",
        "Risk_Level": "Extreme Risk (Super El Niño)",
        "Distance_to_Flood_km": "4.87",
        "Poverty_Rate": "0.8",
        "Food_Poverty_Rate": "0.6",
        "Avg_HH_Income": "5169",
        "Avg_HH_Expenditure": "6177",
        "HH_Cash_Gap": "-1008",
        "Post_Assistance_Income": "13927",
        "Post_Assistance_Expenditure": "11092",
        "Post_Assistance_Surplus": "2835",
        "Vulnerability_Index": "0.763",
        "Wasting_Rate": "0.16",
        "marker_emoji": "🏫",
        "Author": "Garissa GIS Directorate — James M. Mburu",
        "NN_Vulnerability_Score": "0.485",
        "NN_Risk_Class": "Medium",
        "tana_buffer_zone": false
      },
      "geometry": {
        "type": "Point",
        "coordinates": [
          39.78470050000004,
          0.312965700000063
        ]
      }
    },
    {
      "type": "Feature",
      "properties": {
        "OBJECTID": "518",
        "county": "garissa",
        "camp": null,
        "camp_locat": null,
        "school_nam": "Kumahumato Bording Primary",
        "school_typ": "day and boarding",
        "school_lev": "pre primary lower primary upper primary Junior secondary",
        "role_respo": null,
        "other_role": null,
        "resp_gende": null,
        "other_gend": null,
        "allow_obse": null,
        "duration_w": null,
        "num_malest": "10.0",
        "num_female": "1.0",
        "Total_staf": "11",
        "gender_pup": "boys girls",
        "num_childb": "150.0",
        "num_chilgi": "123.0",
        "Total_chil": null,
        "drinking_w": "tap stand",
        "other_sour": null,
        "main_water": "on premises",
        "hygiene_wa": "tap stand",
        "other_so_1": null,
        "main_wat_1": null,
        "num_water_": "3.0",
        "availabili": "4 7 days",
        "condition_": null,
        "other_cond": null,
        "reason_not": null,
        "what_damag": null,
        "other_what": null,
        "reason_cit": null,
        "efforts_ma": null,
        "accesibili": "yes",
        "adaptated_": "adequate space",
        "accesibi_1": "yes",
        "adapted_to": "lower taps",
        "water_avai": "no",
        "days_water": null,
        "cause_of_l": null,
        "other_caus": null,
        "adaptation": "fetch water further children bring water home fetch outside school",
        "other_adap": null,
        "storage_fa": "yes",
        "total_capa": "5000.0",
        "num_litres": "450.0",
        "school_pur": "no",
        "treatment_": null,
        "other_trea": null,
        "waterborne": "no",
        "waterbor_1": null,
        "availabi_1": "water system damaged water sources dried up children bring water home",
        "other_avai": null,
        "challenges": "lack proper storage infrastructure damaged insufficient waterpoints",
        "other_chal": null,
        "main_sourc": "tap stand",
        "satisfied_": "yes",
        "methods_wa": null,
        "other_meth": null,
        "challenge_": "lack water treatment infrastructure issues high costs limited access water",
        "main_type_": "pit latrine slab",
        "other_main": null,
        "studentsta": "yes",
        "type_stude": "pit latrine slab",
        "other_type": null,
        "pupils_sep": "yes",
        "total_at_s": null,
        "girls_toil": "4.0",
        "boys_toile": "6.0",
        "Total_pupi": null,
        "ratio_pupi": null,
        "pupils_sha": "0.0",
        "pupils_toi": "Within school building",
        "student_cl": "2 4 days",
        "reason_toi": "lack adequate water lack of detergent lack protective clothe",
        "pupils_san": "door walls lock solid structure",
        "items_pupi": "water",
        "type_staff": "pit latrine slab",
        "other_ty_1": null,
        "teachers_s": "yes",
        "total_toil": null,
        "female_onl": "1.0",
        "male_only_": "2.0",
        "Total_st_1": "3",
        "ratio_staf": "3.666666667",
        "shared_toi": "0.0",
        "staff_toil": "Within school building",
        "staff_clea": "2 4 days",
        "reason_sta": "lack adequate water lack protective clothe lack of detergent",
        "staff_sani": "door walls lock",
        "items_staf": "water",
        "mixed_fema": null,
        "mixed_male": null,
        "Toilets_mi": null,
        "Total_pu_1": null,
        "ratio_mixe": null,
        "mixed_hcle": null,
        "reason_hmi": null,
        "school_san": null,
        "items_mixe": null,
        "usable_toi": "no",
        "modificati": null,
        "accessible": "no",
        "modication": null,
        "septic_tan": "yes",
        "sludge_was": "openly dumped away",
        "classrooms": "Daily",
        "compound_c": "Daily",
        "reason_com": null,
        "waste_gene": "Paper Plastic",
        "collection": "burned on premises",
        "waste_disp": "composit pit",
        "challeng_1": "lack bins",
        "challeng_2": null,
        "traces_dea": "never visible",
        "challeng_3": "damages sanitation facilities lack sanitation facilities",
        "other_ch_1": null,
        "adaptati_1": "less preferred sanitation",
        "adaptati_2": null,
        "num_handwa": null,
        "show_pupil": null,
        "water_av_1": null,
        "soap_avail": null,
        "water_av_2": null,
        "soap_ava_1": null,
        "reason_no_": null,
        "other_reas": null,
        "handwashin": null,
        "clear_sign": null,
        "accesible_": null,
        "handwash_1": null,
        "handwash_a": "no",
        "handwash_2": null,
        "items_avai": "water",
        "waste_segr": "toilets more5metres",
        "solidwaste": "burned covered premises",
        "times_scho": "everyday",
        "hygiene_pr": "yes",
        "when_promo": "last 30days",
        "kind_hygie": null,
        "changes_du": "yes",
        "notable_be": "increased hand practices improved hand techniques proper use toilets reduced open defaction consumption safe water proper disposal waste",
        "dryspell_e": "increased water cost disrupted water practices",
        "march_may_": "water Infrastructure damage toilets Infrastructure damage waste management system",
        "effects_fl": "reduced extracurricula inability to learn",
        "wash_needs": "access to clean wataer menstrual management waste management",
        "improve_to": "assist building renovating hygiene materials schools part of wash projects continous inspection",
        "type_dispo": "compost pits",
        "adequate_m": "No",
        "when_waste": "weekly",
        "water_soap": "water but nosoap",
        "challeng_4": "inadequate bins too expensive",
        "provisions": "MHM education girls MHM education girls boys",
        "menstrual_": "no",
        "challeng_5": "lack menstrual supplies inadequately safe rely on donations",
        "adapt_mens": "less preferred product girls to sort issue",
        "improve_me": "safe sanitation facilities provision sanitary pads",
        "teacher_in": "yes",
        "enumerator": "No",
        "uuid": "f841608f-2f62-4d25-9b8c-e9463b662533",
        "longitude": "40.0776108",
        "latitude": "0.3154325",
        "sub_county": "Dadaab Sub County",
        "wash_nee_1": "1",
        "wash_nee_2": "0",
        "wash_nee_3": "0",
        "wash_nee_4": "1",
        "wash_nee_5": "0",
        "wash_nee_6": "1",
        "wash_nee_7": "0",
        "wash_nee_8": "0",
        "Population": "56",
        "female_toi": "25",
        "male_toile": "20",
        "Total_male": "8.0",
        "Total_fema": "5.0",
        "host_or_re": "host",
        "ward": "abakaile",
        "Total_pu_2": "273.0",
        "Total_st_2": "284.0",
        "other_wate": null,
        "adapted__1": null,
        "other_ad_1": null,
        "Total_stud": "10.0",
        "ratio_stud": "27.3",
        "items_pu_1": null,
        "items_pu_2": null,
        "items_pu_3": null,
        "items_pu_4": null,
        "items_pu_5": null,
        "items_pu_6": null,
        "other_item": null,
        "Total_mixe": "0.0",
        "ratio_mi_1": null,
        "other_modi": null,
        "other_slud": null,
        "reason_cla": null,
        "other_wast": null,
        "other_coll": null,
        "other_wa_1": null,
        "challeng_6": null,
        "other_ch_2": null,
        "challeng_7": null,
        "challeng_8": null,
        "other_ad_2": null,
        "type_of_so": null,
        "other_ty_2": null,
        "source_of_": null,
        "other_so_2": null,
        "other_hand": null,
        "other_ha_1": null,
        "other_ha_2": null,
        "other_wa_2": null,
        "other_soli": null,
        "other_drys": null,
        "other_marc": null,
        "other_wash": null,
        "other_impr": null,
        "type_dis_1": null,
        "other_ty_3": null,
        "other_ch_3": null,
        "other_prov": null,
        "other_ch_4": null,
        "other_ad_3": null,
        "other_im_1": null,
        "kind_insti": null,
        "layer": "Garissa Schools",
        "path": "C:/Users/USER/OneDrive - ACTED/Desktop/Garissa County Capacity Building - REACH/Training Materials/Modules/Training Data/Garissa HF and Schools/Garissa HF and Schools/Garissa Schools.geojson",
        "Risk_Level": "High Risk",
        "Distance_to_Flood_km": "0.23",
        "Poverty_Rate": "0.78",
        "Food_Poverty_Rate": "0.58",
        "Avg_HH_Income": "5169",
        "Avg_HH_Expenditure": "6177",
        "HH_Cash_Gap": "-1008",
        "Post_Assistance_Income": "13927",
        "Post_Assistance_Expenditure": "11092",
        "Post_Assistance_Surplus": "2835",
        "Vulnerability_Index": "0.785",
        "Wasting_Rate": "0.17",
        "marker_emoji": "🏫",
        "Author": "Garissa GIS Directorate — James M. Mburu",
        "NN_Vulnerability_Score": "0.551",
        "NN_Risk_Class": "High",
        "tana_buffer_zone": false
      },
      "geometry": {
        "type": "Point",
        "coordinates": [
          40.07761080000006,
          0.315432500000043
        ]
      }
    },
    {
      "type": "Feature",
      "properties": {
        "OBJECTID": "528",
        "county": "garissa",
        "camp": null,
        "camp_locat": null,
        "school_nam": "Alikune Primary Sch",
        "school_typ": "day and boarding",
        "school_lev": "pre primary lower primary upper primary Junior secondary",
        "role_respo": null,
        "other_role": null,
        "resp_gende": null,
        "other_gend": null,
        "allow_obse": null,
        "duration_w": null,
        "num_malest": "10.0",
        "num_female": "1.0",
        "Total_staf": "11",
        "gender_pup": "boys girls",
        "num_childb": "250.0",
        "num_chilgi": "150.0",
        "Total_chil": null,
        "drinking_w": "piped into school",
        "other_sour": null,
        "main_water": "approx 200m fromcompound",
        "hygiene_wa": "tap stand",
        "other_so_1": null,
        "main_wat_1": null,
        "num_water_": "3.0",
        "availabili": "4 7 days",
        "condition_": null,
        "other_cond": null,
        "reason_not": null,
        "what_damag": null,
        "other_what": null,
        "reason_cit": null,
        "efforts_ma": null,
        "accesibili": "no",
        "adaptated_": null,
        "accesibi_1": "yes",
        "adapted_to": "lower taps",
        "water_avai": "yes",
        "days_water": "3 weeks",
        "cause_of_l": "water infrastructure damaged",
        "other_caus": null,
        "adaptation": null,
        "other_adap": null,
        "storage_fa": "yes",
        "total_capa": "10000.0",
        "num_litres": "2000.0",
        "school_pur": "no",
        "treatment_": null,
        "other_trea": null,
        "waterborne": "no",
        "waterbor_1": null,
        "availabi_1": "no change",
        "other_avai": null,
        "challenges": "infrastructure damaged",
        "other_chal": null,
        "main_sourc": "tap stand",
        "satisfied_": "yes",
        "methods_wa": null,
        "other_meth": null,
        "challenge_": "no challenge",
        "main_type_": "pit latrine slab",
        "other_main": null,
        "studentsta": "yes",
        "type_stude": "pit latrine slab",
        "other_type": null,
        "pupils_sep": "yes",
        "total_at_s": null,
        "girls_toil": "2.0",
        "boys_toile": null,
        "Total_pupi": null,
        "ratio_pupi": null,
        "pupils_sha": "0.0",
        "pupils_toi": "Within school building",
        "student_cl": "2 4 days",
        "reason_toi": "lack protective clothe lack of detergent lack adequate water",
        "pupils_san": "lock walls door segregated toilets",
        "items_pupi": "water",
        "type_staff": "pit latrine slab",
        "other_ty_1": null,
        "teachers_s": "yes",
        "total_toil": null,
        "female_onl": "1.0",
        "male_only_": "1.0",
        "Total_st_1": "2",
        "ratio_staf": "5.5",
        "shared_toi": "0.0",
        "staff_toil": "Within school building",
        "staff_clea": "2 4 days",
        "reason_sta": "lack of detergent lack adequate water",
        "staff_sani": "door walls lock segregated toilets",
        "items_staf": "water",
        "mixed_fema": null,
        "mixed_male": null,
        "Toilets_mi": null,
        "Total_pu_1": null,
        "ratio_mixe": null,
        "mixed_hcle": null,
        "reason_hmi": null,
        "school_san": null,
        "items_mixe": null,
        "usable_toi": "no",
        "modificati": null,
        "accessible": "no",
        "modication": null,
        "septic_tan": "no",
        "sludge_was": "openly dumped away",
        "classrooms": "2 4 days",
        "compound_c": "2 4 days",
        "reason_com": "lack adequate water lack of detergent",
        "waste_gene": "Paper Plastic",
        "collection": "burned on premises",
        "waste_disp": "general waste bins",
        "challeng_1": "lack bins",
        "challeng_2": null,
        "traces_dea": "never visible",
        "challeng_3": "no access sanitation damages sanitation facilities",
        "other_ch_1": null,
        "adaptati_1": "less preferred sanitation",
        "adaptati_2": null,
        "num_handwa": "1",
        "show_pupil": "allow",
        "water_av_1": "water available",
        "soap_avail": "soap not available",
        "water_av_2": null,
        "soap_ava_1": null,
        "reason_no_": "soap too expensive",
        "other_reas": null,
        "handwashin": "five metres toilet",
        "clear_sign": "no",
        "accesible_": "no",
        "handwash_1": null,
        "handwash_a": "no",
        "handwash_2": null,
        "items_avai": "water",
        "waste_segr": "toilets more5metres",
        "solidwaste": "openly dumped away premises",
        "times_scho": "everyday",
        "hygiene_pr": "no",
        "when_promo": null,
        "kind_hygie": null,
        "changes_du": null,
        "notable_be": null,
        "dryspell_e": "no effect",
        "march_may_": "toilets Infrastructure damage",
        "effects_fl": "inability to learn reduced extracurricula",
        "wash_needs": "hygiene promotion accessibility inclusivity sanitation facilities",
        "improve_to": "assist building renovating community sanitation hygiene materials schools",
        "type_dispo": "sanitary bins",
        "adequate_m": "some bathrooms toilets",
        "when_waste": "Daily",
        "water_soap": "water but nosoap",
        "challeng_4": "inadequate bins",
        "provisions": "bathing areas",
        "menstrual_": "yes free",
        "challeng_5": "inadequately safe lack menstruation hygiene lack menstrual supplies",
        "adapt_mens": "less preferred product",
        "improve_me": "safe sanitation facilities",
        "teacher_in": "yes",
        "enumerator": "It ended successful",
        "uuid": "3518d1b3-05fa-4109-9948-734064b3a7df",
        "longitude": "40.0178997",
        "latitude": "0.3456325",
        "sub_county": "Dadaab Sub County",
        "wash_nee_1": "0",
        "wash_nee_2": "1",
        "wash_nee_3": "1",
        "wash_nee_4": "0",
        "wash_nee_5": "0",
        "wash_nee_6": "0",
        "wash_nee_7": "1",
        "wash_nee_8": "0",
        "Population": "406",
        "female_toi": "50",
        "male_toile": "260",
        "Total_male": "1.0",
        "Total_fema": "3.0",
        "host_or_re": "host",
        "ward": "abakaile",
        "Total_pu_2": "400.0",
        "Total_st_2": "411.0",
        "other_wate": null,
        "adapted__1": null,
        "other_ad_1": null,
        "Total_stud": "2.0",
        "ratio_stud": "200.0",
        "items_pu_1": null,
        "items_pu_2": null,
        "items_pu_3": null,
        "items_pu_4": null,
        "items_pu_5": null,
        "items_pu_6": null,
        "other_item": null,
        "Total_mixe": "0.0",
        "ratio_mi_1": null,
        "other_modi": null,
        "other_slud": null,
        "reason_cla": "lack of detergent lack adequate water",
        "other_wast": null,
        "other_coll": null,
        "other_wa_1": null,
        "challeng_6": null,
        "other_ch_2": null,
        "challeng_7": null,
        "challeng_8": null,
        "other_ad_2": null,
        "type_of_so": null,
        "other_ty_2": null,
        "source_of_": null,
        "other_so_2": null,
        "other_hand": null,
        "other_ha_1": null,
        "other_ha_2": null,
        "other_wa_2": null,
        "other_soli": null,
        "other_drys": null,
        "other_marc": null,
        "other_wash": null,
        "other_impr": null,
        "type_dis_1": null,
        "other_ty_3": null,
        "other_ch_3": null,
        "other_prov": null,
        "other_ch_4": null,
        "other_ad_3": null,
        "other_im_1": null,
        "kind_insti": null,
        "layer": "Garissa Schools",
        "path": "C:/Users/USER/OneDrive - ACTED/Desktop/Garissa County Capacity Building - REACH/Training Materials/Modules/Training Data/Garissa HF and Schools/Garissa HF and Schools/Garissa Schools.geojson",
        "Risk_Level": "High Risk",
        "Distance_to_Flood_km": "0.32",
        "Poverty_Rate": "0.78",
        "Food_Poverty_Rate": "0.58",
        "Avg_HH_Income": "5169",
        "Avg_HH_Expenditure": "6177",
        "HH_Cash_Gap": "-1008",
        "Post_Assistance_Income": "13927",
        "Post_Assistance_Expenditure": "11092",
        "Post_Assistance_Surplus": "2835",
        "Vulnerability_Index": "0.784",
        "Wasting_Rate": "0.17",
        "marker_emoji": "🏫",
        "Author": "Garissa GIS Directorate — James M. Mburu",
        "NN_Vulnerability_Score": "0.551",
        "NN_Risk_Class": "High",
        "tana_buffer_zone": false
      },
      "geometry": {
        "type": "Point",
        "coordinates": [
          40.017899700000044,
          0.345632500000022
        ]
      }
    },
    {
      "type": "Feature",
      "properties": {
        "OBJECTID": "647",
        "county": "garissa",
        "camp": null,
        "camp_locat": null,
        "school_nam": "Maalimin Primary",
        "school_typ": "day and boarding",
        "school_lev": "pre primary lower primary upper primary Junior secondary",
        "role_respo": null,
        "other_role": null,
        "resp_gende": null,
        "other_gend": null,
        "allow_obse": null,
        "duration_w": null,
        "num_malest": "10.0",
        "num_female": "3.0",
        "Total_staf": "13",
        "gender_pup": "boys girls",
        "num_childb": "149.0",
        "num_chilgi": "196.0",
        "Total_chil": null,
        "drinking_w": "water pan",
        "other_sour": null,
        "main_water": "morethan 500m fromcompound",
        "hygiene_wa": "water pan",
        "other_so_1": null,
        "main_wat_1": null,
        "num_water_": null,
        "availabili": null,
        "condition_": null,
        "other_cond": null,
        "reason_not": null,
        "what_damag": null,
        "other_what": null,
        "reason_cit": null,
        "efforts_ma": null,
        "accesibili": "no",
        "adaptated_": null,
        "accesibi_1": "no",
        "adapted_to": null,
        "water_avai": "yes",
        "days_water": "2 weeks",
        "cause_of_l": "lack adquate storage water infrastructure damaged over dependence",
        "other_caus": null,
        "adaptation": null,
        "other_adap": null,
        "storage_fa": "yes",
        "total_capa": "30000.0",
        "num_litres": "400.0",
        "school_pur": "no",
        "treatment_": null,
        "other_trea": null,
        "waterborne": "no",
        "waterbor_1": null,
        "availabi_1": "water sources increased water system damaged",
        "other_avai": null,
        "challenges": "waterpoints too far children no access insufficient waterpoints",
        "other_chal": null,
        "main_sourc": "water pan",
        "satisfied_": "no",
        "methods_wa": "boiling",
        "other_meth": null,
        "challenge_": "limited access water contamination water high costs lack water treatment",
        "main_type_": "pit latrine slab",
        "other_main": null,
        "studentsta": "no",
        "type_stude": null,
        "other_type": null,
        "pupils_sep": null,
        "total_at_s": null,
        "girls_toil": null,
        "boys_toile": null,
        "Total_pupi": null,
        "ratio_pupi": null,
        "pupils_sha": null,
        "pupils_toi": null,
        "student_cl": null,
        "reason_toi": null,
        "pupils_san": null,
        "items_pupi": null,
        "type_staff": null,
        "other_ty_1": null,
        "teachers_s": null,
        "total_toil": null,
        "female_onl": null,
        "male_only_": null,
        "Total_st_1": "0",
        "ratio_staf": null,
        "shared_toi": null,
        "staff_toil": null,
        "staff_clea": null,
        "reason_sta": null,
        "staff_sani": null,
        "items_staf": null,
        "mixed_fema": "2.0",
        "mixed_male": "2.0",
        "Toilets_mi": null,
        "Total_pu_1": null,
        "ratio_mixe": null,
        "mixed_hcle": "2 4 days",
        "reason_hmi": null,
        "school_san": null,
        "items_mixe": null,
        "usable_toi": null,
        "modificati": null,
        "accessible": "no",
        "modication": null,
        "septic_tan": "no",
        "sludge_was": "dig another latrine",
        "classrooms": "2 4 days",
        "compound_c": "2 4 days",
        "reason_com": "lack of detergent lack adequate water",
        "waste_gene": "Plastic Paper",
        "collection": "burned away premises",
        "waste_disp": "general waste bins",
        "challeng_1": "lack awareness",
        "challeng_2": "0",
        "traces_dea": "never visible",
        "challeng_3": "damages sanitation facilities sanitation not functioning lack sanitation facilities",
        "other_ch_1": null,
        "adaptati_1": "less preferred sanitation",
        "adaptati_2": null,
        "num_handwa": null,
        "show_pupil": null,
        "water_av_1": null,
        "soap_avail": null,
        "water_av_2": null,
        "soap_ava_1": null,
        "reason_no_": null,
        "other_reas": null,
        "handwashin": null,
        "clear_sign": null,
        "accesible_": null,
        "handwash_1": null,
        "handwash_a": "no",
        "handwash_2": null,
        "items_avai": "none",
        "waste_segr": "playground outdoor",
        "solidwaste": "burned on premises",
        "times_scho": "every two three",
        "hygiene_pr": "no",
        "when_promo": null,
        "kind_hygie": null,
        "changes_du": null,
        "notable_be": null,
        "dryspell_e": "reduced water supply increased water cost",
        "march_may_": "access sanitation affected waste management system waterborn vector diseases",
        "effects_fl": "caused evacuation not school regularly reduced extracurricula",
        "wash_needs": "hygiene promotion handwashing facilities",
        "improve_to": "assist building renovating hygiene materials schools continous inspection",
        "type_dispo": "compost pits",
        "adequate_m": "No",
        "when_waste": "Daily",
        "water_soap": "no",
        "challeng_4": "inadequate bins lack awareness",
        "provisions": "MHM materials",
        "menstrual_": "no",
        "challeng_5": "lack menstrual supplies inadequately safe lack of privacy lack menstruation hygiene",
        "adapt_mens": "less preferred product soap substitute",
        "improve_me": "safe sanitation facilities",
        "teacher_in": "no",
        "enumerator": null,
        "uuid": "66f4a174-b880-4de0-8c62-16279e0ad453",
        "longitude": "39.3415763",
        "latitude": "0.3830414",
        "sub_county": "Lagdera Sub County",
        "wash_nee_1": "0",
        "wash_nee_2": "0",
        "wash_nee_3": "1",
        "wash_nee_4": "0",
        "wash_nee_5": "1",
        "wash_nee_6": "0",
        "wash_nee_7": "0",
        "wash_nee_8": "0",
        "Population": "176",
        "female_toi": "100",
        "male_toile": "80",
        "Total_male": "2.0",
        "Total_fema": "2.0",
        "host_or_re": "host",
        "ward": "maalamin",
        "Total_pu_2": "345.0",
        "Total_st_2": "358.0",
        "other_wate": null,
        "adapted__1": null,
        "other_ad_1": null,
        "Total_stud": "0.0",
        "ratio_stud": null,
        "items_pu_1": null,
        "items_pu_2": null,
        "items_pu_3": null,
        "items_pu_4": null,
        "items_pu_5": null,
        "items_pu_6": null,
        "other_item": null,
        "Total_mixe": "4.0",
        "ratio_mi_1": "89.5",
        "other_modi": null,
        "other_slud": null,
        "reason_cla": "lack adequate water",
        "other_wast": null,
        "other_coll": null,
        "other_wa_1": null,
        "challeng_6": null,
        "other_ch_2": null,
        "challeng_7": null,
        "challeng_8": null,
        "other_ad_2": null,
        "type_of_so": null,
        "other_ty_2": null,
        "source_of_": null,
        "other_so_2": null,
        "other_hand": null,
        "other_ha_1": null,
        "other_ha_2": null,
        "other_wa_2": null,
        "other_soli": null,
        "other_drys": null,
        "other_marc": null,
        "other_wash": null,
        "other_impr": null,
        "type_dis_1": "0.0",
        "other_ty_3": null,
        "other_ch_3": null,
        "other_prov": null,
        "other_ch_4": null,
        "other_ad_3": null,
        "other_im_1": null,
        "kind_insti": null,
        "layer": "Garissa Schools",
        "path": "C:/Users/USER/OneDrive - ACTED/Desktop/Garissa County Capacity Building - REACH/Training Materials/Modules/Training Data/Garissa HF and Schools/Garissa HF and Schools/Garissa Schools.geojson",
        "Risk_Level": "Extreme Risk (Super El Niño)",
        "Distance_to_Flood_km": "4.85",
        "Poverty_Rate": "0.8",
        "Food_Poverty_Rate": "0.6",
        "Avg_HH_Income": "5169",
        "Avg_HH_Expenditure": "6177",
        "HH_Cash_Gap": "-1008",
        "Post_Assistance_Income": "13927",
        "Post_Assistance_Expenditure": "11092",
        "Post_Assistance_Surplus": "2835",
        "Vulnerability_Index": "0.763",
        "Wasting_Rate": "0.16",
        "marker_emoji": "🏫",
        "Author": "Garissa GIS Directorate — James M. Mburu",
        "NN_Vulnerability_Score": "0.486",
        "NN_Risk_Class": "Medium",
        "tana_buffer_zone": false
      },
      "geometry": {
        "type": "Point",
        "coordinates": [
          39.34157630000004,
          0.383041400000025
        ]
      }
    },
    {
      "type": "Feature",
      "properties": {
        "OBJECTID": "39",
        "county": "garissa",
        "camp": "Dadaab",
        "camp_locat": "Dagahaley",
        "school_nam": "Elnino Primary",
        "school_typ": "day school",
        "school_lev": "pre primary lower primary upper primary",
        "role_respo": "deputy teacher",
        "other_role": null,
        "resp_gende": "male",
        "other_gend": null,
        "allow_obse": "yes",
        "duration_w": "1-2 years",
        "num_malest": "14.0",
        "num_female": "3.0",
        "Total_staf": "17",
        "gender_pup": "boys girls",
        "num_childb": "871.0",
        "num_chilgi": "614.0",
        "Total_chil": "1485.0",
        "drinking_w": "tap stand",
        "other_sour": null,
        "main_water": "on premises",
        "hygiene_wa": "tap stand",
        "other_so_1": null,
        "main_wat_1": "on premises",
        "num_water_": "6.0",
        "availabili": "daily",
        "condition_": "functional with minor damage",
        "other_cond": null,
        "reason_not": null,
        "what_damag": "taps leaking",
        "other_what": null,
        "reason_cit": "normal wear tear equipment failure",
        "efforts_ma": "engaged stakeholder have plans repair did assesment",
        "accesibili": "yes",
        "adaptated_": "tap can be reached adequate space provision ramps taps can be opened",
        "accesibi_1": "no",
        "adapted_to": null,
        "water_avai": "yes",
        "days_water": "Daily",
        "cause_of_l": null,
        "other_caus": null,
        "adaptation": null,
        "other_adap": null,
        "storage_fa": "yes",
        "total_capa": "15000.0",
        "num_litres": "7000.0",
        "school_pur": "no",
        "treatment_": null,
        "other_trea": null,
        "waterborne": "no",
        "waterbor_1": null,
        "availabi_1": "water sources increased time increased 30mins",
        "other_avai": null,
        "challenges": "disabled unable accesswaterpoints lack proper storage insufficient waterpoints",
        "other_chal": null,
        "main_sourc": "tap stand",
        "satisfied_": "yes",
        "methods_wa": null,
        "other_meth": null,
        "challenge_": "limited access water infrastructure issues lack storage facility",
        "main_type_": "pit latrine without slab",
        "other_main": null,
        "studentsta": "yes",
        "type_stude": "pit latrine without slab",
        "other_type": null,
        "pupils_sep": "yes",
        "total_at_s": null,
        "girls_toil": "15.0",
        "boys_toile": "20.0",
        "Total_pupi": "35.0",
        "ratio_pupi": "42.4",
        "pupils_sha": "0.0",
        "pupils_toi": "Outside building, but on premises",
        "student_cl": "2 4 days",
        "reason_toi": "lack dedicated personnel lack protective clothe lack of detergent",
        "pupils_san": "door walls lock",
        "items_pupi": "water",
        "type_staff": "pit latrine without slab",
        "other_ty_1": null,
        "teachers_s": "yes",
        "total_toil": null,
        "female_onl": "4.0",
        "male_only_": "5.0",
        "Total_st_1": "9",
        "ratio_staf": "1.9",
        "shared_toi": "0.0",
        "staff_toil": "Outside building, but on premises",
        "staff_clea": "2 4 days",
        "reason_sta": "lack dedicated personnel lack protective clothe lack of detergent",
        "staff_sani": "door walls lock",
        "items_staf": "water",
        "mixed_fema": null,
        "mixed_male": null,
        "Toilets_mi": "0.0",
        "Total_pu_1": "1502.0",
        "ratio_mixe": null,
        "mixed_hcle": null,
        "reason_hmi": null,
        "school_san": null,
        "items_mixe": null,
        "usable_toi": "no",
        "modificati": null,
        "accessible": "no",
        "modication": null,
        "septic_tan": "yes",
        "sludge_was": "dig another latrine",
        "classrooms": "Daily",
        "compound_c": "Daily",
        "reason_com": null,
        "waste_gene": "Paper Plastic Metals",
        "collection": "burned on premises",
        "waste_disp": "composit pit",
        "challeng_1": "lack staff lack bins",
        "challeng_2": null,
        "traces_dea": "less 10days",
        "challeng_3": "lack sanitation facilities damages sanitation facilities sanitation not functioning persons disability noaccess",
        "other_ch_1": null,
        "adaptati_1": "less preferred sanitation",
        "adaptati_2": null,
        "num_handwa": "2 5",
        "show_pupil": "allow",
        "water_av_1": "water available",
        "soap_avail": "soap not available",
        "water_av_2": null,
        "soap_ava_1": null,
        "reason_no_": "run out soap",
        "other_reas": null,
        "handwashin": "school yard",
        "clear_sign": "yes",
        "accesible_": "no",
        "handwash_1": null,
        "handwash_a": "no",
        "handwash_2": null,
        "items_avai": "water",
        "waste_segr": "playground outdoor",
        "solidwaste": "burned on premises",
        "times_scho": "weekly",
        "hygiene_pr": "yes",
        "when_promo": "last 30days",
        "kind_hygie": null,
        "changes_du": "yes",
        "notable_be": "improved hand techniques increased hand practices proper use toilets reduced open defaction",
        "dryspell_e": "reduced water supply disrupted water practices",
        "march_may_": "increased water supply flooding stagnant water access sanitation affected waste management system toilets Infrastructure damage water Infrastructure damage classrooms Infrastructure damage",
        "effects_fl": "caused evacuation waterborne cases increased",
        "wash_needs": "sanitation facilities access to clean wataer infrastructure",
        "improve_to": "assist building renovating hygiene materials schools community mobilization training teachers",
        "type_dispo": "compost pits",
        "adequate_m": "all bathrooms toilets",
        "when_waste": "Daily",
        "water_soap": "water but nosoap",
        "challeng_4": "inadequate bins irregular collection",
        "provisions": "MHM materials MHM education girls",
        "menstrual_": "no",
        "challeng_5": "lack menstrual supplies rely on donations no disposing bins",
        "adapt_mens": "school no issue",
        "improve_me": "quality comp teaching safe sanitation facilities provision sanitary pads",
        "teacher_in": "yes",
        "enumerator": null,
        "uuid": "5aea7dc5-15b8-4e92-9385-3463c80c9ad5",
        "longitude": "40.2890323",
        "latitude": "0.1769552",
        "sub_county": "Dadaab Sub County",
        "wash_nee_1": "1",
        "wash_nee_2": "1",
        "wash_nee_3": "0",
        "wash_nee_4": "0",
        "wash_nee_5": "0",
        "wash_nee_6": "0",
        "wash_nee_7": "0",
        "wash_nee_8": "1",
        "Population": "34",
        "female_toi": "32",
        "male_toile": "35",
        "Total_male": "25.0",
        "Total_fema": "19.0",
        "host_or_re": null,
        "ward": null,
        "Total_pu_2": null,
        "Total_st_2": null,
        "other_wate": null,
        "adapted__1": null,
        "other_ad_1": null,
        "Total_stud": null,
        "ratio_stud": null,
        "items_pu_1": null,
        "items_pu_2": null,
        "items_pu_3": null,
        "items_pu_4": null,
        "items_pu_5": null,
        "items_pu_6": null,
        "other_item": null,
        "Total_mixe": null,
        "ratio_mi_1": null,
        "other_modi": null,
        "other_slud": null,
        "reason_cla": null,
        "other_wast": null,
        "other_coll": null,
        "other_wa_1": null,
        "challeng_6": null,
        "other_ch_2": null,
        "challeng_7": null,
        "challeng_8": null,
        "other_ad_2": null,
        "type_of_so": null,
        "other_ty_2": null,
        "source_of_": null,
        "other_so_2": null,
        "other_hand": null,
        "other_ha_1": null,
        "other_ha_2": null,
        "other_wa_2": null,
        "other_soli": null,
        "other_drys": null,
        "other_marc": null,
        "other_wash": null,
        "other_impr": null,
        "type_dis_1": null,
        "other_ty_3": null,
        "other_ch_3": null,
        "other_prov": null,
        "other_ch_4": null,
        "other_ad_3": null,
        "other_im_1": null,
        "kind_insti": null,
        "layer": "Camp Schools",
        "path": "C:/Users/USER/OneDrive - ACTED/Desktop/Garissa County Capacity Building - REACH/Training Materials/Modules/Training Data/Garissa HF and Schools/Garissa HF and Schools/Camp Schools.geojson",
        "Risk_Level": "Medium Risk",
        "Distance_to_Flood_km": "1.26",
        "Poverty_Rate": "0.78",
        "Food_Poverty_Rate": "0.58",
        "Avg_HH_Income": "5169",
        "Avg_HH_Expenditure": "6177",
        "HH_Cash_Gap": "-1008",
        "Post_Assistance_Income": "13927",
        "Post_Assistance_Expenditure": "11092",
        "Post_Assistance_Surplus": "2835",
        "Vulnerability_Index": "0.675",
        "Wasting_Rate": "0.17",
        "marker_emoji": "🏫",
        "Author": "Garissa GIS Directorate — James M. Mburu",
        "NN_Vulnerability_Score": "0.551",
        "NN_Risk_Class": "High",
        "tana_buffer_zone": false
      },
      "geometry": {
        "type": "Point",
        "coordinates": [
          40.28903230000003,
          0.176955200000066
        ]
      }
    },
    {
      "type": "Feature",
      "properties": {
        "OBJECTID": "38",
        "county": "garissa",
        "camp": "Dadaab",
        "camp_locat": "Dagahaley",
        "school_nam": "Dagahley Aep Primary-Ae",
        "school_typ": "day school",
        "school_lev": "accelerated program",
        "role_respo": "senior teacher",
        "other_role": null,
        "resp_gende": "male",
        "other_gend": null,
        "allow_obse": "yes",
        "duration_w": "3-5 years",
        "num_malest": "6.0",
        "num_female": "4.0",
        "Total_staf": "10",
        "gender_pup": "boys girls",
        "num_childb": "66.0",
        "num_chilgi": "140.0",
        "Total_chil": "206.0",
        "drinking_w": "tap stand",
        "other_sour": null,
        "main_water": "on premises",
        "hygiene_wa": "tap stand",
        "other_so_1": null,
        "main_wat_1": "on premises",
        "num_water_": "4.0",
        "availabili": "daily",
        "condition_": "functional with minor damage",
        "other_cond": null,
        "reason_not": null,
        "what_damag": "taps leaking",
        "other_what": null,
        "reason_cit": "normal wear tear",
        "efforts_ma": "have plans repair engaged stakeholder",
        "accesibili": "yes",
        "adaptated_": "taps can be opened",
        "accesibi_1": null,
        "adapted_to": null,
        "water_avai": "yes",
        "days_water": "Daily",
        "cause_of_l": null,
        "other_caus": null,
        "adaptation": null,
        "other_adap": null,
        "storage_fa": "yes",
        "total_capa": "5000.0",
        "num_litres": "500.0",
        "school_pur": "no",
        "treatment_": null,
        "other_trea": null,
        "waterborne": "no",
        "waterbor_1": null,
        "availabi_1": "water sources decreased water sources increased",
        "other_avai": null,
        "challenges": "insufficient waterpoints",
        "other_chal": null,
        "main_sourc": "other",
        "satisfied_": "yes",
        "methods_wa": null,
        "other_meth": null,
        "challenge_": "irregular water supply lack storage facility",
        "main_type_": "pit latrine without slab",
        "other_main": null,
        "studentsta": "yes",
        "type_stude": "pit latrine without slab",
        "other_type": null,
        "pupils_sep": "yes",
        "total_at_s": null,
        "girls_toil": "5.0",
        "boys_toile": "2.0",
        "Total_pupi": "7.0",
        "ratio_pupi": "29.4",
        "pupils_sha": "0.0",
        "pupils_toi": "Outside building, but on premises",
        "student_cl": "2 4 days",
        "reason_toi": "lack protective clothe lack of detergent",
        "pupils_san": "door walls",
        "items_pupi": "water",
        "type_staff": "pit latrine without slab",
        "other_ty_1": null,
        "teachers_s": "no",
        "total_toil": null,
        "female_onl": null,
        "male_only_": null,
        "Total_st_1": "0",
        "ratio_staf": null,
        "shared_toi": null,
        "staff_toil": "Outside building, but on premises",
        "staff_clea": "never cleaned",
        "reason_sta": "lack dedicated personnel lack of detergent lack protective clothe",
        "staff_sani": "door walls",
        "items_staf": "water",
        "mixed_fema": null,
        "mixed_male": null,
        "Toilets_mi": "0.0",
        "Total_pu_1": "216.0",
        "ratio_mixe": null,
        "mixed_hcle": null,
        "reason_hmi": null,
        "school_san": null,
        "items_mixe": null,
        "usable_toi": null,
        "modificati": null,
        "accessible": "no",
        "modication": null,
        "septic_tan": "no",
        "sludge_was": "dig another latrine",
        "classrooms": "Daily",
        "compound_c": "Daily",
        "reason_com": null,
        "waste_gene": "Paper Plastic Metals",
        "collection": "burned on premises",
        "waste_disp": "composit pit",
        "challeng_1": "lack staff lack bins",
        "challeng_2": null,
        "traces_dea": "less 10days",
        "challeng_3": "lack sanitation facilities unclean unhygienic toilets persons disability noaccess",
        "other_ch_1": null,
        "adaptati_1": "less preferred sanitation",
        "adaptati_2": null,
        "num_handwa": "1",
        "show_pupil": "allow",
        "water_av_1": "water available",
        "soap_avail": "soap not available",
        "water_av_2": null,
        "soap_ava_1": null,
        "reason_no_": "lack financial resources",
        "other_reas": null,
        "handwashin": "school yard",
        "clear_sign": "no",
        "accesible_": "no",
        "handwash_1": null,
        "handwash_a": "no",
        "handwash_2": null,
        "items_avai": "water",
        "waste_segr": "playground outdoor",
        "solidwaste": "burned on premises",
        "times_scho": "everyday",
        "hygiene_pr": "yes",
        "when_promo": "last 30days",
        "kind_hygie": null,
        "changes_du": "yes",
        "notable_be": "increased hand practices improved hand techniques proper use toilets reduced open defaction",
        "dryspell_e": "reduced water supply disrupted water practices",
        "march_may_": "flooding stagnant water access sanitation affected waste management system water Infrastructure damage toilets Infrastructure damage",
        "effects_fl": "waterborne cases increased reduced extracurricula not school regularly",
        "wash_needs": "waste management handwashing facilities menstrual management",
        "improve_to": "assist building renovating WASH communities training teachers",
        "type_dispo": "compost pits",
        "adequate_m": "some bathrooms toilets",
        "when_waste": "Daily",
        "water_soap": "water but nosoap",
        "challeng_4": "site disposal far inadequate bins",
        "provisions": "MHM materials MHM education girls",
        "menstrual_": "no",
        "challeng_5": "rely on donations lack menstrual supplies no disposing bins lack water soap",
        "adapt_mens": "school no issue",
        "improve_me": "provision sanitary pads safe sanitation facilities quality comp teaching",
        "teacher_in": "yes",
        "enumerator": "Training for female learners  are highly appreciated  on MHM",
        "uuid": "a88f5130-955e-4449-a0b4-76f2c2c0d760",
        "longitude": "40.2889439",
        "latitude": "0.1769758",
        "sub_county": "Dadaab Sub County",
        "wash_nee_1": "0",
        "wash_nee_2": "0",
        "wash_nee_3": "0",
        "wash_nee_4": "1",
        "wash_nee_5": "1",
        "wash_nee_6": "1",
        "wash_nee_7": "0",
        "wash_nee_8": "0",
        "Population": "31",
        "female_toi": "29",
        "male_toile": "36",
        "Total_male": "2.0",
        "Total_fema": "5.0",
        "host_or_re": null,
        "ward": null,
        "Total_pu_2": null,
        "Total_st_2": null,
        "other_wate": null,
        "adapted__1": null,
        "other_ad_1": null,
        "Total_stud": null,
        "ratio_stud": null,
        "items_pu_1": null,
        "items_pu_2": null,
        "items_pu_3": null,
        "items_pu_4": null,
        "items_pu_5": null,
        "items_pu_6": null,
        "other_item": null,
        "Total_mixe": null,
        "ratio_mi_1": null,
        "other_modi": null,
        "other_slud": null,
        "reason_cla": null,
        "other_wast": null,
        "other_coll": null,
        "other_wa_1": null,
        "challeng_6": null,
        "other_ch_2": null,
        "challeng_7": null,
        "challeng_8": null,
        "other_ad_2": null,
        "type_of_so": null,
        "other_ty_2": null,
        "source_of_": null,
        "other_so_2": null,
        "other_hand": null,
        "other_ha_1": null,
        "other_ha_2": null,
        "other_wa_2": null,
        "other_soli": null,
        "other_drys": null,
        "other_marc": null,
        "other_wash": null,
        "other_impr": null,
        "type_dis_1": null,
        "other_ty_3": null,
        "other_ch_3": null,
        "other_prov": null,
        "other_ch_4": null,
        "other_ad_3": null,
        "other_im_1": null,
        "kind_insti": null,
        "layer": "Camp Schools",
        "path": "C:/Users/USER/OneDrive - ACTED/Desktop/Garissa County Capacity Building - REACH/Training Materials/Modules/Training Data/Garissa HF and Schools/Garissa HF and Schools/Camp Schools.geojson",
        "Risk_Level": "Medium Risk",
        "Distance_to_Flood_km": "1.27",
        "Poverty_Rate": "0.78",
        "Food_Poverty_Rate": "0.58",
        "Avg_HH_Income": "5169",
        "Avg_HH_Expenditure": "6177",
        "HH_Cash_Gap": "-1008",
        "Post_Assistance_Income": "13927",
        "Post_Assistance_Expenditure": "11092",
        "Post_Assistance_Surplus": "2835",
        "Vulnerability_Index": "0.675",
        "Wasting_Rate": "0.17",
        "marker_emoji": "🏫",
        "Author": "Garissa GIS Directorate — James M. Mburu",
        "NN_Vulnerability_Score": "0.551",
        "NN_Risk_Class": "High",
        "tana_buffer_zone": false
      },
      "geometry": {
        "type": "Point",
        "coordinates": [
          40.28894390000005,
          0.176975800000037
        ]
      }
    },
    {
      "type": "Feature",
      "properties": {
        "OBJECTID": "488",
        "county": "garissa",
        "camp": null,
        "camp_locat": null,
        "school_nam": "Dagahaley Ecd",
        "school_typ": "day school",
        "school_lev": "pre primary lower primary upper primary Junior secondary",
        "role_respo": null,
        "other_role": null,
        "resp_gende": null,
        "other_gend": null,
        "allow_obse": null,
        "duration_w": null,
        "num_malest": "12.0",
        "num_female": "2.0",
        "Total_staf": "14",
        "gender_pup": "boys girls",
        "num_childb": "276.0",
        "num_chilgi": "321.0",
        "Total_chil": null,
        "drinking_w": "piped into school",
        "other_sour": null,
        "main_water": "approx 500m fromcompound",
        "hygiene_wa": "tap stand",
        "other_so_1": null,
        "main_wat_1": null,
        "num_water_": "2.0",
        "availabili": "4 7 days",
        "condition_": null,
        "other_cond": null,
        "reason_not": null,
        "what_damag": null,
        "other_what": null,
        "reason_cit": null,
        "efforts_ma": null,
        "accesibili": "no",
        "adaptated_": null,
        "accesibi_1": "no",
        "adapted_to": null,
        "water_avai": "no",
        "days_water": null,
        "cause_of_l": null,
        "other_caus": null,
        "adaptation": "spend money otherpurposes",
        "other_adap": null,
        "storage_fa": "yes",
        "total_capa": "5000.0",
        "num_litres": "2000.0",
        "school_pur": "no",
        "treatment_": null,
        "other_trea": null,
        "waterborne": "no",
        "waterbor_1": null,
        "availabi_1": "time increased 30mins",
        "other_avai": null,
        "challenges": "disabled unable accesswaterpoints infrastructure damaged",
        "other_chal": null,
        "main_sourc": "tap stand",
        "satisfied_": "yes",
        "methods_wa": null,
        "other_meth": null,
        "challenge_": "infrastructure issues",
        "main_type_": "pit latrine slab",
        "other_main": null,
        "studentsta": "yes",
        "type_stude": "pit latrine slab",
        "other_type": null,
        "pupils_sep": "yes",
        "total_at_s": null,
        "girls_toil": "5.0",
        "boys_toile": "6.0",
        "Total_pupi": null,
        "ratio_pupi": null,
        "pupils_sha": "2.0",
        "pupils_toi": "Within school building",
        "student_cl": "2 4 days",
        "reason_toi": "lack adequate water lack protective clothe lack of detergent",
        "pupils_san": "walls segregated toilets",
        "items_pupi": "water",
        "type_staff": "pit latrine slab",
        "other_ty_1": null,
        "teachers_s": "yes",
        "total_toil": null,
        "female_onl": "1.0",
        "male_only_": "1.0",
        "Total_st_1": "2",
        "ratio_staf": "7.0",
        "shared_toi": "0.0",
        "staff_toil": "Within school building",
        "staff_clea": "2 4 days",
        "reason_sta": "lack protective clothe lack adequate water lack of detergent",
        "staff_sani": "walls proper drainage",
        "items_staf": "water",
        "mixed_fema": null,
        "mixed_male": null,
        "Toilets_mi": null,
        "Total_pu_1": null,
        "ratio_mixe": null,
        "mixed_hcle": null,
        "reason_hmi": null,
        "school_san": null,
        "items_mixe": null,
        "usable_toi": "no",
        "modificati": null,
        "accessible": "no",
        "modication": null,
        "septic_tan": "yes",
        "sludge_was": "openly dumped away",
        "classrooms": "Daily",
        "compound_c": "Daily",
        "reason_com": null,
        "waste_gene": "Paper Plastic",
        "collection": "dumping pit",
        "waste_disp": "general waste bins",
        "challeng_1": "lack bins",
        "challeng_2": null,
        "traces_dea": "never visible",
        "challeng_3": "lack privacy lack sanitation facilities",
        "other_ch_1": null,
        "adaptati_1": "sanitation in dangerous place",
        "adaptati_2": null,
        "num_handwa": "0",
        "show_pupil": null,
        "water_av_1": null,
        "soap_avail": null,
        "water_av_2": null,
        "soap_ava_1": null,
        "reason_no_": null,
        "other_reas": null,
        "handwashin": null,
        "clear_sign": null,
        "accesible_": null,
        "handwash_1": null,
        "handwash_a": "no",
        "handwash_2": null,
        "items_avai": "water",
        "waste_segr": "toilets more5metres",
        "solidwaste": "openly dumped premises",
        "times_scho": "everyday",
        "hygiene_pr": "yes",
        "when_promo": "last 30days",
        "kind_hygie": null,
        "changes_du": "yes",
        "notable_be": "proper use toilets maintenance facilities",
        "dryspell_e": "raised water quality",
        "march_may_": "toilets Infrastructure damage classrooms Infrastructure damage",
        "effects_fl": "transfer other school children commuting waterborne cases increased",
        "wash_needs": "hygiene promotion sanitation facilities handwashing facilities",
        "improve_to": "assist building renovating community sanitation hygiene promotion",
        "type_dispo": "sanitary bins",
        "adequate_m": "some bathrooms toilets",
        "when_waste": "Daily",
        "water_soap": "water but nosoap",
        "challeng_4": "too expensive inadequate bins",
        "provisions": "bathing areas",
        "menstrual_": "yes at cost",
        "challeng_5": "inadequately safe lack menstrual supplies lack of privacy lack water soap",
        "adapt_mens": "girls to sort issue less preferred product",
        "improve_me": "safe sanitation facilities",
        "teacher_in": "yes",
        "enumerator": "It ended successfully \n\n",
        "uuid": "5da29660-02d4-4d24-90ce-7640f0feea2a",
        "longitude": "40.3055283",
        "latitude": "0.1779111",
        "sub_county": "Dadaab Sub County",
        "wash_nee_1": "0",
        "wash_nee_2": "1",
        "wash_nee_3": "1",
        "wash_nee_4": "0",
        "wash_nee_5": "1",
        "wash_nee_6": "0",
        "wash_nee_7": "0",
        "wash_nee_8": "0",
        "Population": "93",
        "female_toi": "54",
        "male_toile": "41",
        "Total_male": "7.0",
        "Total_fema": "6.0",
        "host_or_re": "host",
        "ward": "damajale",
        "Total_pu_2": "597.0",
        "Total_st_2": "611.0",
        "other_wate": null,
        "adapted__1": null,
        "other_ad_1": null,
        "Total_stud": "11.0",
        "ratio_stud": "54.27",
        "items_pu_1": null,
        "items_pu_2": null,
        "items_pu_3": null,
        "items_pu_4": null,
        "items_pu_5": null,
        "items_pu_6": null,
        "other_item": null,
        "Total_mixe": "0.0",
        "ratio_mi_1": null,
        "other_modi": null,
        "other_slud": null,
        "reason_cla": null,
        "other_wast": null,
        "other_coll": null,
        "other_wa_1": null,
        "challeng_6": null,
        "other_ch_2": null,
        "challeng_7": null,
        "challeng_8": null,
        "other_ad_2": null,
        "type_of_so": null,
        "other_ty_2": null,
        "source_of_": null,
        "other_so_2": null,
        "other_hand": null,
        "other_ha_1": null,
        "other_ha_2": null,
        "other_wa_2": null,
        "other_soli": null,
        "other_drys": null,
        "other_marc": null,
        "other_wash": null,
        "other_impr": null,
        "type_dis_1": null,
        "other_ty_3": null,
        "other_ch_3": null,
        "other_prov": null,
        "other_ch_4": null,
        "other_ad_3": null,
        "other_im_1": null,
        "kind_insti": null,
        "layer": "Garissa Schools",
        "path": "C:/Users/USER/OneDrive - ACTED/Desktop/Garissa County Capacity Building - REACH/Training Materials/Modules/Training Data/Garissa HF and Schools/Garissa HF and Schools/Garissa Schools.geojson",
        "Risk_Level": "High Risk",
        "Distance_to_Flood_km": "0.31",
        "Poverty_Rate": "0.78",
        "Food_Poverty_Rate": "0.58",
        "Avg_HH_Income": "5169",
        "Avg_HH_Expenditure": "6177",
        "HH_Cash_Gap": "-1008",
        "Post_Assistance_Income": "13927",
        "Post_Assistance_Expenditure": "11092",
        "Post_Assistance_Surplus": "2835",
        "Vulnerability_Index": "0.784",
        "Wasting_Rate": "0.17",
        "marker_emoji": "🏫",
        "Author": "Garissa GIS Directorate — James M. Mburu",
        "NN_Vulnerability_Score": "0.551",
        "NN_Risk_Class": "High",
        "tana_buffer_zone": false
      },
      "geometry": {
        "type": "Point",
        "coordinates": [
          40.30552830000005,
          0.177911100000074
        ]
      }
    },
    {
      "type": "Feature",
      "properties": {
        "OBJECTID": "72",
        "county": "garissa",
        "camp": "Dadaab",
        "camp_locat": "Dagahaley",
        "school_nam": "Tawakal Secondary",
        "school_typ": "day school",
        "school_lev": "secondary school",
        "role_respo": "head teacher",
        "other_role": null,
        "resp_gende": "male",
        "other_gend": null,
        "allow_obse": "yes",
        "duration_w": "7-11 months",
        "num_malest": "26.0",
        "num_female": "4.0",
        "Total_staf": "30",
        "gender_pup": "boys girls",
        "num_childb": "445.0",
        "num_chilgi": "326.0",
        "Total_chil": "771.0",
        "drinking_w": "tap stand",
        "other_sour": null,
        "main_water": "on premises",
        "hygiene_wa": "tap stand",
        "other_so_1": null,
        "main_wat_1": "on premises",
        "num_water_": "6.0",
        "availabili": "daily",
        "condition_": "functional with minor damage",
        "other_cond": null,
        "reason_not": null,
        "what_damag": "taps leaking taps rusty",
        "other_what": null,
        "reason_cit": "normal wear tear",
        "efforts_ma": "engaged stakeholder",
        "accesibili": "yes",
        "adaptated_": "non slip floor taps can be opened",
        "accesibi_1": null,
        "adapted_to": null,
        "water_avai": "yes",
        "days_water": "Daily",
        "cause_of_l": null,
        "other_caus": null,
        "adaptation": null,
        "other_adap": null,
        "storage_fa": "yes",
        "total_capa": "15000.0",
        "num_litres": "7000.0",
        "school_pur": "no",
        "treatment_": null,
        "other_trea": null,
        "waterborne": "dont know",
        "waterbor_1": null,
        "availabi_1": "water sources decreased",
        "other_avai": null,
        "challenges": "insufficient waterpoints insufficient access lack proper storage",
        "other_chal": null,
        "main_sourc": "tap stand",
        "satisfied_": "yes",
        "methods_wa": null,
        "other_meth": null,
        "challenge_": "we dont cook",
        "main_type_": "pit latrine slab",
        "other_main": null,
        "studentsta": "yes",
        "type_stude": "pit latrine slab",
        "other_type": null,
        "pupils_sep": "yes",
        "total_at_s": null,
        "girls_toil": "14.0",
        "boys_toile": "12.0",
        "Total_pupi": "26.0",
        "ratio_pupi": "29.7",
        "pupils_sha": "2.0",
        "pupils_toi": "Outside building, but on premises",
        "student_cl": "2 4 days",
        "reason_toi": "lack dedicated personnel lack protective clothe lack of detergent",
        "pupils_san": "door walls lock solid structure segregated toilets proper drainage",
        "items_pupi": "water",
        "type_staff": "pit latrine slab",
        "other_ty_1": null,
        "teachers_s": "yes",
        "total_toil": null,
        "female_onl": "1.0",
        "male_only_": "1.0",
        "Total_st_1": "2",
        "ratio_staf": "15.0",
        "shared_toi": "0.0",
        "staff_toil": "Outside building, but on premises",
        "staff_clea": "Daily",
        "reason_sta": null,
        "staff_sani": "door walls lock solid structure",
        "items_staf": "water toilet paper",
        "mixed_fema": null,
        "mixed_male": null,
        "Toilets_mi": "0.0",
        "Total_pu_1": "801.0",
        "ratio_mixe": null,
        "mixed_hcle": null,
        "reason_hmi": null,
        "school_san": null,
        "items_mixe": null,
        "usable_toi": null,
        "modificati": null,
        "accessible": "no",
        "modication": null,
        "septic_tan": "no",
        "sludge_was": "dont know",
        "classrooms": "Daily",
        "compound_c": "Daily",
        "reason_com": null,
        "waste_gene": "Organic waste Paper Plastic Glass",
        "collection": "burned on premises",
        "waste_disp": "composit pit",
        "challeng_1": "inconsistence collection lack staff lack bins",
        "challeng_2": "0",
        "traces_dea": "less 10days",
        "challeng_3": "lack sanitation facilities lack privacy",
        "other_ch_1": null,
        "adaptati_1": "less preferred sanitation communal sanitation facilities",
        "adaptati_2": null,
        "num_handwa": "2 5",
        "show_pupil": "allow",
        "water_av_1": "water available",
        "soap_avail": "soap not available",
        "water_av_2": null,
        "soap_ava_1": null,
        "reason_no_": "lack financial resources",
        "other_reas": null,
        "handwashin": "five metres toilet",
        "clear_sign": "no",
        "accesible_": "yes",
        "handwash_1": "low height taps non slip floors taps reachable adequate space clear path taps opened minimum efforts",
        "handwash_a": "no",
        "handwash_2": null,
        "items_avai": "water",
        "waste_segr": "toilets more5metres staff rooms classrooms",
        "solidwaste": "burned on premises",
        "times_scho": "everyday",
        "hygiene_pr": "yes",
        "when_promo": "last 30days",
        "kind_hygie": null,
        "changes_du": "yes",
        "notable_be": "proper use toilets maintenance facilities proper disposal waste",
        "dryspell_e": "reduced water supply disrupted water practices",
        "march_may_": "access sanitation affected waste management system toilets Infrastructure damage",
        "effects_fl": "caused evacuation inability to learn",
        "wash_needs": "access to clean wataer sanitation facilities hygiene promotion",
        "improve_to": "assist building renovating community sanitation continous inspection hygiene promotion community mobilization training teachers mentor girls",
        "type_dispo": "compost pits pit latrines",
        "adequate_m": "some bathrooms toilets",
        "when_waste": "dont know",
        "water_soap": "water but nosoap",
        "challeng_4": "lack awareness inadequate bins",
        "provisions": "MHM materials bathing areas",
        "menstrual_": "no",
        "challeng_5": "lack menstrual supplies rely on donations no disposing bins",
        "adapt_mens": "less preferred product",
        "improve_me": "provision sanitary pads safe sanitation facilities quality comp teaching",
        "teacher_in": "yes",
        "enumerator": "Excellent.",
        "uuid": "b535315a-a213-4adf-a244-6c0a9ff79944",
        "longitude": "40.2976346",
        "latitude": "0.1809945",
        "sub_county": "Dadaab Sub County",
        "wash_nee_1": "1",
        "wash_nee_2": "1",
        "wash_nee_3": "1",
        "wash_nee_4": "0",
        "wash_nee_5": "0",
        "wash_nee_6": "0",
        "wash_nee_7": "0",
        "wash_nee_8": "0",
        "Population": "27",
        "female_toi": "22",
        "male_toile": "36",
        "Total_male": "13.0",
        "Total_fema": "15.0",
        "host_or_re": null,
        "ward": null,
        "Total_pu_2": null,
        "Total_st_2": null,
        "other_wate": null,
        "adapted__1": null,
        "other_ad_1": null,
        "Total_stud": null,
        "ratio_stud": null,
        "items_pu_1": null,
        "items_pu_2": null,
        "items_pu_3": null,
        "items_pu_4": null,
        "items_pu_5": null,
        "items_pu_6": null,
        "other_item": null,
        "Total_mixe": null,
        "ratio_mi_1": null,
        "other_modi": null,
        "other_slud": null,
        "reason_cla": null,
        "other_wast": null,
        "other_coll": null,
        "other_wa_1": null,
        "challeng_6": null,
        "other_ch_2": null,
        "challeng_7": null,
        "challeng_8": null,
        "other_ad_2": null,
        "type_of_so": null,
        "other_ty_2": null,
        "source_of_": null,
        "other_so_2": null,
        "other_hand": null,
        "other_ha_1": null,
        "other_ha_2": null,
        "other_wa_2": null,
        "other_soli": null,
        "other_drys": null,
        "other_marc": null,
        "other_wash": null,
        "other_impr": null,
        "type_dis_1": null,
        "other_ty_3": null,
        "other_ch_3": null,
        "other_prov": null,
        "other_ch_4": null,
        "other_ad_3": null,
        "other_im_1": null,
        "kind_insti": null,
        "layer": "Camp Schools",
        "path": "C:/Users/USER/OneDrive - ACTED/Desktop/Garissa County Capacity Building - REACH/Training Materials/Modules/Training Data/Garissa HF and Schools/Garissa HF and Schools/Camp Schools.geojson",
        "Risk_Level": "Medium Risk",
        "Distance_to_Flood_km": "0.61",
        "Poverty_Rate": "0.78",
        "Food_Poverty_Rate": "0.58",
        "Avg_HH_Income": "5169",
        "Avg_HH_Expenditure": "6177",
        "HH_Cash_Gap": "-1008",
        "Post_Assistance_Income": "13927",
        "Post_Assistance_Expenditure": "11092",
        "Post_Assistance_Surplus": "2835",
        "Vulnerability_Index": "0.688",
        "Wasting_Rate": "0.17",
        "marker_emoji": "🏫",
        "Author": "Garissa GIS Directorate — James M. Mburu",
        "NN_Vulnerability_Score": "0.551",
        "NN_Risk_Class": "High",
        "tana_buffer_zone": false
      },
      "geometry": {
        "type": "Point",
        "coordinates": [
          40.29763460000004,
          0.180994500000054
        ]
      }
    },
    {
      "type": "Feature",
      "properties": {
        "OBJECTID": "48",
        "county": "garissa",
        "camp": "Dadaab",
        "camp_locat": "Dagahaley",
        "school_nam": "Daryel Abe-Sci",
        "school_typ": "day school",
        "school_lev": "alternative ABE",
        "role_respo": "head teacher",
        "other_role": null,
        "resp_gende": "male",
        "other_gend": null,
        "allow_obse": "yes",
        "duration_w": "7-11 months",
        "num_malest": "10.0",
        "num_female": "1.0",
        "Total_staf": "11",
        "gender_pup": "boys girls",
        "num_childb": "282.0",
        "num_chilgi": "299.0",
        "Total_chil": "581.0",
        "drinking_w": "tap stand",
        "other_sour": null,
        "main_water": "on premises",
        "hygiene_wa": "tap stand",
        "other_so_1": null,
        "main_wat_1": "on premises",
        "num_water_": "4.0",
        "availabili": "daily",
        "condition_": "functional with minor damage",
        "other_cond": null,
        "reason_not": null,
        "what_damag": "taps leaking",
        "other_what": null,
        "reason_cit": "normal wear tear",
        "efforts_ma": "have plans repair",
        "accesibili": "yes",
        "adaptated_": "tap can be reached adequate space",
        "accesibi_1": null,
        "adapted_to": null,
        "water_avai": "yes",
        "days_water": "Daily",
        "cause_of_l": null,
        "other_caus": null,
        "adaptation": null,
        "other_adap": null,
        "storage_fa": "yes",
        "total_capa": "5000.0",
        "num_litres": "2000.0",
        "school_pur": "no",
        "treatment_": null,
        "other_trea": null,
        "waterborne": "no",
        "waterbor_1": null,
        "availabi_1": "water sources increased",
        "other_avai": null,
        "challenges": "no challenge",
        "other_chal": null,
        "main_sourc": "tap stand",
        "satisfied_": "yes",
        "methods_wa": null,
        "other_meth": null,
        "challenge_": "we dont cook",
        "main_type_": "pit latrine slab",
        "other_main": null,
        "studentsta": "yes",
        "type_stude": "pit latrine slab",
        "other_type": null,
        "pupils_sep": "yes",
        "total_at_s": null,
        "girls_toil": "3.0",
        "boys_toile": "3.0",
        "Total_pupi": "6.0",
        "ratio_pupi": "96.8",
        "pupils_sha": "0.0",
        "pupils_toi": "Within school building",
        "student_cl": "Daily",
        "reason_toi": null,
        "pupils_san": "door walls proper drainage segregated toilets",
        "items_pupi": "water",
        "type_staff": "pit latrine slab",
        "other_ty_1": null,
        "teachers_s": "yes",
        "total_toil": null,
        "female_onl": "1.0",
        "male_only_": "1.0",
        "Total_st_1": "2",
        "ratio_staf": "5.5",
        "shared_toi": "0.0",
        "staff_toil": "Within school building",
        "staff_clea": "Daily",
        "reason_sta": null,
        "staff_sani": "door walls solid structure proper drainage",
        "items_staf": "water",
        "mixed_fema": null,
        "mixed_male": null,
        "Toilets_mi": "0.0",
        "Total_pu_1": "592.0",
        "ratio_mixe": null,
        "mixed_hcle": null,
        "reason_hmi": null,
        "school_san": null,
        "items_mixe": null,
        "usable_toi": null,
        "modificati": null,
        "accessible": "yes",
        "modication": "path without stairs handrails enough space wheelchair door wide forwheelchair",
        "septic_tan": "no",
        "sludge_was": "openly dumped away",
        "classrooms": "Daily",
        "compound_c": "Daily",
        "reason_com": null,
        "waste_gene": "Paper",
        "collection": "burned on premises",
        "waste_disp": "composit pit",
        "challeng_1": "lack bins",
        "challeng_2": null,
        "traces_dea": "never visible",
        "challeng_3": "no problem",
        "other_ch_1": null,
        "adaptati_1": "school no issue",
        "adaptati_2": null,
        "num_handwa": "2 5",
        "show_pupil": "allow",
        "water_av_1": "water available",
        "soap_avail": "soap not available",
        "water_av_2": null,
        "soap_ava_1": null,
        "reason_no_": "run out soap",
        "other_reas": null,
        "handwashin": "more than 5metres",
        "clear_sign": "yes",
        "accesible_": "no",
        "handwash_1": null,
        "handwash_a": "no",
        "handwash_2": null,
        "items_avai": "water",
        "waste_segr": "toilets more5metres",
        "solidwaste": "burned on premises",
        "times_scho": "everyday",
        "hygiene_pr": "yes",
        "when_promo": "last 30days",
        "kind_hygie": null,
        "changes_du": "yes",
        "notable_be": "increased hand practices improved hand techniques proper use toilets reduced open defaction",
        "dryspell_e": "joined organisation",
        "march_may_": null,
        "effects_fl": "other",
        "wash_needs": "waste management accessibility inclusivity sanitation facilities",
        "improve_to": "assist building renovating hygiene materials schools training teachers mentor girls advocacy awareness creation",
        "type_dispo": "sanitary bins",
        "adequate_m": "some bathrooms toilets",
        "when_waste": "Daily",
        "water_soap": "water but nosoap",
        "challeng_4": "inadequate bins",
        "provisions": "MHM materials",
        "menstrual_": "yes free",
        "challeng_5": "lack menstrual supplies no disposing bins",
        "adapt_mens": "other",
        "improve_me": "provision sanitary pads safe sanitation facilities",
        "teacher_in": "yes",
        "enumerator": null,
        "uuid": "09b81dcf-c159-4bd7-babc-be1cbef17b6f",
        "longitude": "40.279728",
        "latitude": "0.1823683",
        "sub_county": "Dadaab Sub County",
        "wash_nee_1": "0",
        "wash_nee_2": "1",
        "wash_nee_3": "0",
        "wash_nee_4": "1",
        "wash_nee_5": "0",
        "wash_nee_6": "0",
        "wash_nee_7": "1",
        "wash_nee_8": "0",
        "Population": "74",
        "female_toi": "75",
        "male_toile": "73",
        "Total_male": "4.0",
        "Total_fema": "4.0",
        "host_or_re": null,
        "ward": null,
        "Total_pu_2": null,
        "Total_st_2": null,
        "other_wate": null,
        "adapted__1": null,
        "other_ad_1": null,
        "Total_stud": null,
        "ratio_stud": null,
        "items_pu_1": null,
        "items_pu_2": null,
        "items_pu_3": null,
        "items_pu_4": null,
        "items_pu_5": null,
        "items_pu_6": null,
        "other_item": null,
        "Total_mixe": null,
        "ratio_mi_1": null,
        "other_modi": null,
        "other_slud": null,
        "reason_cla": null,
        "other_wast": null,
        "other_coll": null,
        "other_wa_1": null,
        "challeng_6": null,
        "other_ch_2": null,
        "challeng_7": null,
        "challeng_8": null,
        "other_ad_2": null,
        "type_of_so": null,
        "other_ty_2": null,
        "source_of_": null,
        "other_so_2": null,
        "other_hand": null,
        "other_ha_1": null,
        "other_ha_2": null,
        "other_wa_2": null,
        "other_soli": null,
        "other_drys": null,
        "other_marc": null,
        "other_wash": null,
        "other_impr": null,
        "type_dis_1": null,
        "other_ty_3": null,
        "other_ch_3": null,
        "other_prov": null,
        "other_ch_4": null,
        "other_ad_3": null,
        "other_im_1": null,
        "kind_insti": null,
        "layer": "Camp Schools",
        "path": "C:/Users/USER/OneDrive - ACTED/Desktop/Garissa County Capacity Building - REACH/Training Materials/Modules/Training Data/Garissa HF and Schools/Garissa HF and Schools/Camp Schools.geojson",
        "Risk_Level": "Medium Risk",
        "Distance_to_Flood_km": "1.54",
        "Poverty_Rate": "0.78",
        "Food_Poverty_Rate": "0.58",
        "Avg_HH_Income": "5169",
        "Avg_HH_Expenditure": "6177",
        "HH_Cash_Gap": "-1008",
        "Post_Assistance_Income": "13927",
        "Post_Assistance_Expenditure": "11092",
        "Post_Assistance_Surplus": "2835",
        "Vulnerability_Index": "0.669",
        "Wasting_Rate": "0.17",
        "marker_emoji": "🏫",
        "Author": "Garissa GIS Directorate — James M. Mburu",
        "NN_Vulnerability_Score": "0.551",
        "NN_Risk_Class": "High",
        "tana_buffer_zone": false
      },
      "geometry": {
        "type": "Point",
        "coordinates": [
          40.279728,
          0.182368300000064
        ]
      }
    },
    {
      "type": "Feature",
      "properties": {
        "OBJECTID": "40",
        "county": "garissa",
        "camp": "Dadaab",
        "camp_locat": "Dagahaley",
        "school_nam": "Wadajir Primary",
        "school_typ": "day school",
        "school_lev": "pre primary lower primary upper primary",
        "role_respo": "head teacher",
        "other_role": null,
        "resp_gende": "male",
        "other_gend": null,
        "allow_obse": "yes",
        "duration_w": "3-5 years",
        "num_malest": "17.0",
        "num_female": "2.0",
        "Total_staf": "19",
        "gender_pup": "boys girls",
        "num_childb": "854.0",
        "num_chilgi": "740.0",
        "Total_chil": "1594.0",
        "drinking_w": "tap stand",
        "other_sour": null,
        "main_water": "on premises",
        "hygiene_wa": "tap stand",
        "other_so_1": null,
        "main_wat_1": "on premises",
        "num_water_": "7.0",
        "availabili": "daily",
        "condition_": "functional with major damage",
        "other_cond": null,
        "reason_not": null,
        "what_damag": "taps leaking tanks leaking",
        "other_what": null,
        "reason_cit": "normal wear tear",
        "efforts_ma": "engaged stakeholder",
        "accesibili": "yes",
        "adaptated_": "taps can be opened non slip floor",
        "accesibi_1": "no",
        "adapted_to": null,
        "water_avai": "yes",
        "days_water": "Daily",
        "cause_of_l": null,
        "other_caus": null,
        "adaptation": null,
        "other_adap": null,
        "storage_fa": "yes",
        "total_capa": "5000.0",
        "num_litres": "4800.0",
        "school_pur": "no",
        "treatment_": null,
        "other_trea": null,
        "waterborne": "no",
        "waterbor_1": null,
        "availabi_1": "water sources decreased",
        "other_avai": null,
        "challenges": "disabled unable accesswaterpoints children no access insufficient waterpoints",
        "other_chal": null,
        "main_sourc": "tap stand",
        "satisfied_": "yes",
        "methods_wa": null,
        "other_meth": null,
        "challenge_": "infrastructure issues",
        "main_type_": "pit latrine without slab",
        "other_main": null,
        "studentsta": "yes",
        "type_stude": "pit latrine without slab",
        "other_type": null,
        "pupils_sep": "yes",
        "total_at_s": null,
        "girls_toil": "20.0",
        "boys_toile": "23.0",
        "Total_pupi": "43.0",
        "ratio_pupi": "37.1",
        "pupils_sha": "43.0",
        "pupils_toi": "Outside building, but on premises",
        "student_cl": "2 4 days",
        "reason_toi": "lack dedicated personnel lack protective clothe lack of detergent",
        "pupils_san": "door walls lock",
        "items_pupi": "water",
        "type_staff": "pit latrine without slab",
        "other_ty_1": null,
        "teachers_s": "yes",
        "total_toil": null,
        "female_onl": "1.0",
        "male_only_": "2.0",
        "Total_st_1": "3",
        "ratio_staf": "6.3",
        "shared_toi": "46.0",
        "staff_toil": "Outside building, but on premises",
        "staff_clea": "2 4 days",
        "reason_sta": "lack dedicated personnel lack adequate water lack protective clothe lack of detergent",
        "staff_sani": "door walls lock",
        "items_staf": "water",
        "mixed_fema": null,
        "mixed_male": null,
        "Toilets_mi": "0.0",
        "Total_pu_1": "1613.0",
        "ratio_mixe": null,
        "mixed_hcle": null,
        "reason_hmi": null,
        "school_san": null,
        "items_mixe": null,
        "usable_toi": "yes",
        "modificati": "smaller toilet hole lower seat lower door handle",
        "accessible": "yes",
        "modication": "handrails door within reach",
        "septic_tan": "no",
        "sludge_was": "dig another latrine",
        "classrooms": "Daily",
        "compound_c": "Daily",
        "reason_com": null,
        "waste_gene": "Paper Plastic Metals",
        "collection": "burned on premises",
        "waste_disp": "composit pit",
        "challeng_1": "lack staff lack bins",
        "challeng_2": null,
        "traces_dea": "less 10days",
        "challeng_3": "sanitation difficult reach",
        "other_ch_1": null,
        "adaptati_1": "communal sanitation facilities",
        "adaptati_2": null,
        "num_handwa": "2 5",
        "show_pupil": "allow",
        "water_av_1": "water not available",
        "soap_avail": "soap not available",
        "water_av_2": null,
        "soap_ava_1": null,
        "reason_no_": "run out soap",
        "other_reas": null,
        "handwashin": "school yard",
        "clear_sign": "yes",
        "accesible_": "yes",
        "handwash_1": "low height taps non slip floors taps reachable",
        "handwash_a": "no",
        "handwash_2": null,
        "items_avai": "water",
        "waste_segr": "playground outdoor",
        "solidwaste": "burned on premises",
        "times_scho": "everyday",
        "hygiene_pr": "yes",
        "when_promo": "over 1year ago",
        "kind_hygie": null,
        "changes_du": "no",
        "notable_be": null,
        "dryspell_e": "reduced water supply",
        "march_may_": "flooding stagnant water access sanitation affected waste management system water Infrastructure damage toilets Infrastructure damage classrooms Infrastructure damage",
        "effects_fl": "caused evacuation",
        "wash_needs": "sanitation facilities waste management handwashing facilities",
        "improve_to": "hygiene promotion WASH communities training teachers",
        "type_dispo": "compost pits",
        "adequate_m": "some bathrooms toilets",
        "when_waste": "Daily",
        "water_soap": "water but nosoap",
        "challeng_4": "inadequate bins",
        "provisions": "MHM education girls MHM materials",
        "menstrual_": "yes free",
        "challeng_5": "rely on donations no disposing bins",
        "adapt_mens": "school no issue",
        "improve_me": "provision sanitary pads safe sanitation facilities quality comp teaching",
        "teacher_in": "yes",
        "enumerator": null,
        "uuid": "d88bda99-e4ff-4a4d-a3d2-238c3f4f79bd",
        "longitude": "40.2804825",
        "latitude": "0.1830774",
        "sub_county": "Dadaab Sub County",
        "wash_nee_1": "0",
        "wash_nee_2": "1",
        "wash_nee_3": "0",
        "wash_nee_4": "1",
        "wash_nee_5": "1",
        "wash_nee_6": "0",
        "wash_nee_7": "0",
        "wash_nee_8": "0",
        "Population": "12",
        "female_toi": "35",
        "male_toile": "35",
        "Total_male": "25.0",
        "Total_fema": "21.0",
        "host_or_re": null,
        "ward": null,
        "Total_pu_2": null,
        "Total_st_2": null,
        "other_wate": null,
        "adapted__1": null,
        "other_ad_1": null,
        "Total_stud": null,
        "ratio_stud": null,
        "items_pu_1": null,
        "items_pu_2": null,
        "items_pu_3": null,
        "items_pu_4": null,
        "items_pu_5": null,
        "items_pu_6": null,
        "other_item": null,
        "Total_mixe": null,
        "ratio_mi_1": null,
        "other_modi": null,
        "other_slud": null,
        "reason_cla": null,
        "other_wast": null,
        "other_coll": null,
        "other_wa_1": null,
        "challeng_6": null,
        "other_ch_2": null,
        "challeng_7": null,
        "challeng_8": null,
        "other_ad_2": null,
        "type_of_so": null,
        "other_ty_2": null,
        "source_of_": null,
        "other_so_2": null,
        "other_hand": null,
        "other_ha_1": null,
        "other_ha_2": null,
        "other_wa_2": null,
        "other_soli": null,
        "other_drys": null,
        "other_marc": null,
        "other_wash": null,
        "other_impr": null,
        "type_dis_1": null,
        "other_ty_3": null,
        "other_ch_3": null,
        "other_prov": null,
        "other_ch_4": null,
        "other_ad_3": null,
        "other_im_1": null,
        "kind_insti": null,
        "layer": "Camp Schools",
        "path": "C:/Users/USER/OneDrive - ACTED/Desktop/Garissa County Capacity Building - REACH/Training Materials/Modules/Training Data/Garissa HF and Schools/Garissa HF and Schools/Camp Schools.geojson",
        "Risk_Level": "Medium Risk",
        "Distance_to_Flood_km": "1.43",
        "Poverty_Rate": "0.78",
        "Food_Poverty_Rate": "0.58",
        "Avg_HH_Income": "5169",
        "Avg_HH_Expenditure": "6177",
        "HH_Cash_Gap": "-1008",
        "Post_Assistance_Income": "13927",
        "Post_Assistance_Expenditure": "11092",
        "Post_Assistance_Surplus": "2835",
        "Vulnerability_Index": "0.671",
        "Wasting_Rate": "0.17",
        "marker_emoji": "🏫",
        "Author": "Garissa GIS Directorate — James M. Mburu",
        "NN_Vulnerability_Score": "0.551",
        "NN_Risk_Class": "High",
        "tana_buffer_zone": false
      },
      "geometry": {
        "type": "Point",
        "coordinates": [
          40.28048250000006,
          0.183077400000059
        ]
      }
    },
    {
      "type": "Feature",
      "properties": {
        "OBJECTID": "47",
        "county": "garissa",
        "camp": "Dadaab",
        "camp_locat": "Dagahaley",
        "school_nam": "Juba Primary",
        "school_typ": "day school",
        "school_lev": "pre primary lower primary upper primary Junior secondary",
        "role_respo": "head teacher",
        "other_role": null,
        "resp_gende": "male",
        "other_gend": null,
        "allow_obse": "yes",
        "duration_w": "3-5 years",
        "num_malest": "25.0",
        "num_female": "5.0",
        "Total_staf": "30",
        "gender_pup": "boys girls",
        "num_childb": "927.0",
        "num_chilgi": "724.0",
        "Total_chil": "1651.0",
        "drinking_w": "tap stand",
        "other_sour": null,
        "main_water": "on premises",
        "hygiene_wa": "tap stand",
        "other_so_1": null,
        "main_wat_1": "on premises",
        "num_water_": "11.0",
        "availabili": "daily",
        "condition_": "functional without damage",
        "other_cond": null,
        "reason_not": null,
        "what_damag": null,
        "other_what": null,
        "reason_cit": null,
        "efforts_ma": null,
        "accesibili": "yes",
        "adaptated_": "provision ramps tap can be reached",
        "accesibi_1": "no",
        "adapted_to": null,
        "water_avai": "yes",
        "days_water": "Daily",
        "cause_of_l": null,
        "other_caus": null,
        "adaptation": null,
        "other_adap": null,
        "storage_fa": "yes",
        "total_capa": "10000.0",
        "num_litres": "5000.0",
        "school_pur": "no",
        "treatment_": null,
        "other_trea": null,
        "waterborne": "no",
        "waterbor_1": null,
        "availabi_1": "no change",
        "other_avai": null,
        "challenges": "no challenge",
        "other_chal": null,
        "main_sourc": "tap stand",
        "satisfied_": "yes",
        "methods_wa": null,
        "other_meth": null,
        "challenge_": "no challenge",
        "main_type_": "pit latrine slab",
        "other_main": null,
        "studentsta": "yes",
        "type_stude": "pit latrine slab",
        "other_type": null,
        "pupils_sep": "yes",
        "total_at_s": null,
        "girls_toil": "17.0",
        "boys_toile": "16.0",
        "Total_pupi": "33.0",
        "ratio_pupi": "50.0",
        "pupils_sha": "0.0",
        "pupils_toi": "Within school building",
        "student_cl": "Daily",
        "reason_toi": null,
        "pupils_san": "door walls",
        "items_pupi": "water",
        "type_staff": "pit latrine slab",
        "other_ty_1": null,
        "teachers_s": "yes",
        "total_toil": null,
        "female_onl": "1.0",
        "male_only_": "1.0",
        "Total_st_1": "2",
        "ratio_staf": "15.0",
        "shared_toi": "0.0",
        "staff_toil": "Within school building",
        "staff_clea": "Daily",
        "reason_sta": null,
        "staff_sani": "door walls",
        "items_staf": "water",
        "mixed_fema": null,
        "mixed_male": null,
        "Toilets_mi": "0.0",
        "Total_pu_1": "1681.0",
        "ratio_mixe": null,
        "mixed_hcle": null,
        "reason_hmi": null,
        "school_san": null,
        "items_mixe": null,
        "usable_toi": "no",
        "modificati": null,
        "accessible": "yes",
        "modication": "path without stairs enough space wheelchair door wide forwheelchair handrails",
        "septic_tan": "no",
        "sludge_was": "openly dumped away",
        "classrooms": "Daily",
        "compound_c": "Daily",
        "reason_com": null,
        "waste_gene": "Paper Plastic",
        "collection": "burned on premises",
        "waste_disp": "composit pit",
        "challeng_1": "lack staff",
        "challeng_2": null,
        "traces_dea": "less 10days",
        "challeng_3": "lack sanitation facilities",
        "other_ch_1": null,
        "adaptati_1": "communal sanitation facilities",
        "adaptati_2": null,
        "num_handwa": "1",
        "show_pupil": "allow",
        "water_av_1": "water available",
        "soap_avail": "soap available",
        "water_av_2": null,
        "soap_ava_1": null,
        "reason_no_": null,
        "other_reas": null,
        "handwashin": "school yard",
        "clear_sign": "yes",
        "accesible_": "no",
        "handwash_1": null,
        "handwash_a": "no",
        "handwash_2": null,
        "items_avai": "water",
        "waste_segr": "toilets more5metres",
        "solidwaste": "burned on premises",
        "times_scho": "everyday",
        "hygiene_pr": "yes",
        "when_promo": "last 30days",
        "kind_hygie": null,
        "changes_du": "yes",
        "notable_be": "increased hand practices improved hand techniques proper use toilets reduced open defaction",
        "dryspell_e": "reduced water supply increased water cost",
        "march_may_": "increased water supply flooding stagnant water",
        "effects_fl": "not school regularly",
        "wash_needs": "access to clean wataer sanitation facilities hygiene promotion",
        "improve_to": "assist building renovating advocacy awareness creation community sanitation hygiene materials schools",
        "type_dispo": "compost pits",
        "adequate_m": "all bathrooms toilets",
        "when_waste": "Daily",
        "water_soap": "water but nosoap",
        "challeng_4": "lack awareness inadequate bins",
        "provisions": "bathing areas MHM materials MHM education girls",
        "menstrual_": "yes free",
        "challeng_5": "lack menstrual supplies",
        "adapt_mens": "girls to sort issue",
        "improve_me": "provision sanitary pads safe sanitation facilities",
        "teacher_in": "yes",
        "enumerator": null,
        "uuid": "f3b75d84-2169-4bb6-8d3b-1dda76ab7317",
        "longitude": "40.2862795",
        "latitude": "0.1858749",
        "sub_county": "Dadaab Sub County",
        "wash_nee_1": "1",
        "wash_nee_2": "1",
        "wash_nee_3": "1",
        "wash_nee_4": "0",
        "wash_nee_5": "0",
        "wash_nee_6": "0",
        "wash_nee_7": "0",
        "wash_nee_8": "0",
        "Population": "48",
        "female_toi": "41",
        "male_toile": "56",
        "Total_male": "17.0",
        "Total_fema": "18.0",
        "host_or_re": null,
        "ward": null,
        "Total_pu_2": null,
        "Total_st_2": null,
        "other_wate": null,
        "adapted__1": null,
        "other_ad_1": null,
        "Total_stud": null,
        "ratio_stud": null,
        "items_pu_1": null,
        "items_pu_2": null,
        "items_pu_3": null,
        "items_pu_4": null,
        "items_pu_5": null,
        "items_pu_6": null,
        "other_item": null,
        "Total_mixe": null,
        "ratio_mi_1": null,
        "other_modi": null,
        "other_slud": null,
        "reason_cla": null,
        "other_wast": null,
        "other_coll": null,
        "other_wa_1": null,
        "challeng_6": null,
        "other_ch_2": null,
        "challeng_7": null,
        "challeng_8": null,
        "other_ad_2": null,
        "type_of_so": null,
        "other_ty_2": null,
        "source_of_": null,
        "other_so_2": null,
        "other_hand": null,
        "other_ha_1": null,
        "other_ha_2": null,
        "other_wa_2": null,
        "other_soli": null,
        "other_drys": null,
        "other_marc": null,
        "other_wash": null,
        "other_impr": null,
        "type_dis_1": null,
        "other_ty_3": null,
        "other_ch_3": null,
        "other_prov": null,
        "other_ch_4": null,
        "other_ad_3": null,
        "other_im_1": null,
        "kind_insti": null,
        "layer": "Camp Schools",
        "path": "C:/Users/USER/OneDrive - ACTED/Desktop/Garissa County Capacity Building - REACH/Training Materials/Modules/Training Data/Garissa HF and Schools/Garissa HF and Schools/Camp Schools.geojson",
        "Risk_Level": "Medium Risk",
        "Distance_to_Flood_km": "0.87",
        "Poverty_Rate": "0.78",
        "Food_Poverty_Rate": "0.58",
        "Avg_HH_Income": "5169",
        "Avg_HH_Expenditure": "6177",
        "HH_Cash_Gap": "-1008",
        "Post_Assistance_Income": "13927",
        "Post_Assistance_Expenditure": "11092",
        "Post_Assistance_Surplus": "2835",
        "Vulnerability_Index": "0.683",
        "Wasting_Rate": "0.17",
        "marker_emoji": "🏫",
        "Author": "Garissa GIS Directorate — James M. Mburu",
        "NN_Vulnerability_Score": "0.551",
        "NN_Risk_Class": "High",
        "tana_buffer_zone": false
      },
      "geometry": {
        "type": "Point",
        "coordinates": [
          40.286279500000035,
          0.185874900000044
        ]
      }
    },
    {
      "type": "Feature",
      "properties": {
        "OBJECTID": "73",
        "county": "garissa",
        "camp": "Dadaab",
        "camp_locat": "Dagahaley",
        "school_nam": "Dagahaley Secondary",
        "school_typ": "day school",
        "school_lev": "secondary school",
        "role_respo": "head teacher",
        "other_role": null,
        "resp_gende": "male",
        "other_gend": null,
        "allow_obse": "yes",
        "duration_w": "6 months and below",
        "num_malest": "24.0",
        "num_female": "4.0",
        "Total_staf": "28",
        "gender_pup": "boys girls",
        "num_childb": "437.0",
        "num_chilgi": "408.0",
        "Total_chil": "845.0",
        "drinking_w": "tap stand",
        "other_sour": null,
        "main_water": "on premises",
        "hygiene_wa": "tap stand",
        "other_so_1": null,
        "main_wat_1": "on premises",
        "num_water_": "4.0",
        "availabili": "daily",
        "condition_": "functional with major damage",
        "other_cond": null,
        "reason_not": null,
        "what_damag": "taps broken taps leaking taps rusty",
        "other_what": null,
        "reason_cit": "insufficient maintenance equipment failure",
        "efforts_ma": "engaged stakeholder",
        "accesibili": "yes",
        "adaptated_": "provision ramps tap can be reached adequate space",
        "accesibi_1": null,
        "adapted_to": null,
        "water_avai": "yes",
        "days_water": "Daily",
        "cause_of_l": null,
        "other_caus": null,
        "adaptation": null,
        "other_adap": null,
        "storage_fa": "yes",
        "total_capa": "15000.0",
        "num_litres": "15000.0",
        "school_pur": "no",
        "treatment_": null,
        "other_trea": null,
        "waterborne": "dont know",
        "waterbor_1": null,
        "availabi_1": "water sources decreased water sources increased",
        "other_avai": null,
        "challenges": "insufficient waterpoints",
        "other_chal": null,
        "main_sourc": "tap stand",
        "satisfied_": "yes",
        "methods_wa": null,
        "other_meth": null,
        "challenge_": "we dont cook",
        "main_type_": "pit latrine slab",
        "other_main": null,
        "studentsta": "no",
        "type_stude": null,
        "other_type": null,
        "pupils_sep": null,
        "total_at_s": null,
        "girls_toil": null,
        "boys_toile": null,
        "Total_pupi": "0.0",
        "ratio_pupi": null,
        "pupils_sha": null,
        "pupils_toi": null,
        "student_cl": null,
        "reason_toi": null,
        "pupils_san": null,
        "items_pupi": null,
        "type_staff": null,
        "other_ty_1": null,
        "teachers_s": null,
        "total_toil": null,
        "female_onl": null,
        "male_only_": null,
        "Total_st_1": "0",
        "ratio_staf": null,
        "shared_toi": null,
        "staff_toil": null,
        "staff_clea": null,
        "reason_sta": null,
        "staff_sani": null,
        "items_staf": null,
        "mixed_fema": "15.0",
        "mixed_male": "15.0",
        "Toilets_mi": "30.0",
        "Total_pu_1": "873.0",
        "ratio_mixe": "29.1",
        "mixed_hcle": "2 4 days",
        "reason_hmi": "lack of detergent",
        "school_san": "walls segregated toilets proper drainage",
        "items_mixe": "water",
        "usable_toi": null,
        "modificati": null,
        "accessible": "yes",
        "modication": "path without stairs enough space wheelchair door wide forwheelchair open with minimal diff door within reach seat within reach",
        "septic_tan": "no",
        "sludge_was": "dig another latrine",
        "classrooms": "Daily",
        "compound_c": "Daily",
        "reason_com": null,
        "waste_gene": "Paper Plastic",
        "collection": "burned on premises",
        "waste_disp": "composit pit",
        "challeng_1": "lack bins inconsistence collection lack staff",
        "challeng_2": "0",
        "traces_dea": "less 10days",
        "challeng_3": "lack sanitation facilities lack privacy community out using",
        "other_ch_1": null,
        "adaptati_1": "communal sanitation facilities",
        "adaptati_2": null,
        "num_handwa": "2 5",
        "show_pupil": "allow",
        "water_av_1": "water available",
        "soap_avail": "soap not available",
        "water_av_2": null,
        "soap_ava_1": null,
        "reason_no_": "lack financial resources",
        "other_reas": null,
        "handwashin": "school yard",
        "clear_sign": "yes",
        "accesible_": "yes",
        "handwash_1": "adequate space",
        "handwash_a": "no",
        "handwash_2": null,
        "items_avai": "water",
        "waste_segr": "toilets more5metres",
        "solidwaste": "openly dumped premises",
        "times_scho": "everyday",
        "hygiene_pr": "yes",
        "when_promo": "last 30days",
        "kind_hygie": null,
        "changes_du": "no",
        "notable_be": null,
        "dryspell_e": "disrupted water practices",
        "march_may_": "waterborn vector diseases",
        "effects_fl": "children commuting",
        "wash_needs": "hygiene promotion",
        "improve_to": "advocacy awareness creation assist building renovating",
        "type_dispo": "pit latrines",
        "adequate_m": "some bathrooms toilets",
        "when_waste": "dont know",
        "water_soap": "water and soap",
        "challeng_4": "too expensive",
        "provisions": "none above",
        "menstrual_": "no",
        "challeng_5": "lack menstruation hygiene",
        "adapt_mens": "soap substitute",
        "improve_me": "safe sanitation facilities",
        "teacher_in": "yes",
        "enumerator": null,
        "uuid": "32c1ceef-5b58-4600-ab30-0ac9fcacaf4c",
        "longitude": "40.2941309",
        "latitude": "0.1867851",
        "sub_county": "Dadaab Sub County",
        "wash_nee_1": "0",
        "wash_nee_2": "0",
        "wash_nee_3": "1",
        "wash_nee_4": "0",
        "wash_nee_5": "0",
        "wash_nee_6": "0",
        "wash_nee_7": "0",
        "wash_nee_8": "0",
        "Population": "29",
        "female_toi": "27",
        "male_toile": "31",
        "Total_male": "15.0",
        "Total_fema": "15.0",
        "host_or_re": null,
        "ward": null,
        "Total_pu_2": null,
        "Total_st_2": null,
        "other_wate": null,
        "adapted__1": null,
        "other_ad_1": null,
        "Total_stud": null,
        "ratio_stud": null,
        "items_pu_1": null,
        "items_pu_2": null,
        "items_pu_3": null,
        "items_pu_4": null,
        "items_pu_5": null,
        "items_pu_6": null,
        "other_item": null,
        "Total_mixe": null,
        "ratio_mi_1": null,
        "other_modi": null,
        "other_slud": null,
        "reason_cla": null,
        "other_wast": null,
        "other_coll": null,
        "other_wa_1": null,
        "challeng_6": null,
        "other_ch_2": null,
        "challeng_7": null,
        "challeng_8": null,
        "other_ad_2": null,
        "type_of_so": null,
        "other_ty_2": null,
        "source_of_": null,
        "other_so_2": null,
        "other_hand": null,
        "other_ha_1": null,
        "other_ha_2": null,
        "other_wa_2": null,
        "other_soli": null,
        "other_drys": null,
        "other_marc": null,
        "other_wash": null,
        "other_impr": null,
        "type_dis_1": null,
        "other_ty_3": null,
        "other_ch_3": null,
        "other_prov": null,
        "other_ch_4": null,
        "other_ad_3": null,
        "other_im_1": null,
        "kind_insti": null,
        "layer": "Camp Schools",
        "path": "C:/Users/USER/OneDrive - ACTED/Desktop/Garissa County Capacity Building - REACH/Training Materials/Modules/Training Data/Garissa HF and Schools/Garissa HF and Schools/Camp Schools.geojson",
        "Risk_Level": "High Risk",
        "Distance_to_Flood_km": "0.07",
        "Poverty_Rate": "0.78",
        "Food_Poverty_Rate": "0.58",
        "Avg_HH_Income": "5169",
        "Avg_HH_Expenditure": "6177",
        "HH_Cash_Gap": "-1008",
        "Post_Assistance_Income": "13927",
        "Post_Assistance_Expenditure": "11092",
        "Post_Assistance_Surplus": "2835",
        "Vulnerability_Index": "0.789",
        "Wasting_Rate": "0.17",
        "marker_emoji": "🏫",
        "Author": "Garissa GIS Directorate — James M. Mburu",
        "NN_Vulnerability_Score": "0.551",
        "NN_Risk_Class": "High",
        "tana_buffer_zone": false
      },
      "geometry": {
        "type": "Point",
        "coordinates": [
          40.29413090000003,
          0.186785100000066
        ]
      }
    },
    {
      "type": "Feature",
      "properties": {
        "OBJECTID": "46",
        "county": "garissa",
        "camp": "Dadaab",
        "camp_locat": "Dagahaley",
        "school_nam": "Horsed Abe-Sci",
        "school_typ": "day school",
        "school_lev": "alternative ABE",
        "role_respo": "head teacher",
        "other_role": null,
        "resp_gende": "male",
        "other_gend": null,
        "allow_obse": "yes",
        "duration_w": "7-11 months",
        "num_malest": "8.0",
        "num_female": "2.0",
        "Total_staf": "10",
        "gender_pup": "boys girls",
        "num_childb": "169.0",
        "num_chilgi": "184.0",
        "Total_chil": "353.0",
        "drinking_w": "tap stand",
        "other_sour": null,
        "main_water": "on premises",
        "hygiene_wa": "tap stand",
        "other_so_1": null,
        "main_wat_1": "on premises",
        "num_water_": "4.0",
        "availabili": "daily",
        "condition_": "functional with minor damage",
        "other_cond": null,
        "reason_not": null,
        "what_damag": "taps leaking taps rusty",
        "other_what": null,
        "reason_cit": "insufficient maintenance",
        "efforts_ma": "have plans repair",
        "accesibili": "yes",
        "adaptated_": "non slip floor tap can be reached",
        "accesibi_1": null,
        "adapted_to": null,
        "water_avai": "yes",
        "days_water": "Daily",
        "cause_of_l": null,
        "other_caus": null,
        "adaptation": null,
        "other_adap": null,
        "storage_fa": "yes",
        "total_capa": "5000.0",
        "num_litres": "2500.0",
        "school_pur": "no",
        "treatment_": null,
        "other_trea": null,
        "waterborne": "no",
        "waterbor_1": null,
        "availabi_1": "no change",
        "other_avai": null,
        "challenges": "no challenge",
        "other_chal": null,
        "main_sourc": "tap stand",
        "satisfied_": "yes",
        "methods_wa": null,
        "other_meth": null,
        "challenge_": "we dont cook",
        "main_type_": "pit latrine slab",
        "other_main": null,
        "studentsta": "no",
        "type_stude": null,
        "other_type": null,
        "pupils_sep": null,
        "total_at_s": null,
        "girls_toil": null,
        "boys_toile": null,
        "Total_pupi": "0.0",
        "ratio_pupi": null,
        "pupils_sha": null,
        "pupils_toi": null,
        "student_cl": null,
        "reason_toi": null,
        "pupils_san": null,
        "items_pupi": null,
        "type_staff": null,
        "other_ty_1": null,
        "teachers_s": null,
        "total_toil": null,
        "female_onl": null,
        "male_only_": null,
        "Total_st_1": "0",
        "ratio_staf": null,
        "shared_toi": null,
        "staff_toil": null,
        "staff_clea": null,
        "reason_sta": null,
        "staff_sani": null,
        "items_staf": null,
        "mixed_fema": "3.0",
        "mixed_male": "4.0",
        "Toilets_mi": "7.0",
        "Total_pu_1": "363.0",
        "ratio_mixe": "51.85714286",
        "mixed_hcle": "Daily",
        "reason_hmi": null,
        "school_san": "door lock walls segregated toilets proper drainage",
        "items_mixe": "water",
        "usable_toi": null,
        "modificati": null,
        "accessible": "yes",
        "modication": "path without stairs handrails enough space wheelchair",
        "septic_tan": "no",
        "sludge_was": "openly dumped away",
        "classrooms": "Daily",
        "compound_c": "Daily",
        "reason_com": null,
        "waste_gene": "Paper Plastic",
        "collection": "burned on premises",
        "waste_disp": "general waste bins composit pit",
        "challeng_1": "lack bins",
        "challeng_2": null,
        "traces_dea": "less 10days",
        "challeng_3": "lack sanitation facilities",
        "other_ch_1": null,
        "adaptati_1": "communal sanitation facilities",
        "adaptati_2": null,
        "num_handwa": "2 5",
        "show_pupil": "allow",
        "water_av_1": "water available",
        "soap_avail": "soap available",
        "water_av_2": null,
        "soap_ava_1": null,
        "reason_no_": null,
        "other_reas": null,
        "handwashin": "five metres toilet",
        "clear_sign": "yes",
        "accesible_": "no",
        "handwash_1": null,
        "handwash_a": "no",
        "handwash_2": null,
        "items_avai": "water",
        "waste_segr": "toilets more5metres",
        "solidwaste": "burned on premises",
        "times_scho": "everyday",
        "hygiene_pr": "yes",
        "when_promo": "last 30days",
        "kind_hygie": null,
        "changes_du": "yes",
        "notable_be": "increased hand practices improved hand techniques proper use toilets",
        "dryspell_e": "reduced water supply increased water cost",
        "march_may_": "increased water supply flooding stagnant water access sanitation affected",
        "effects_fl": "caused evacuation not school regularly",
        "wash_needs": "sanitation facilities hygiene promotion handwashing facilities",
        "improve_to": "assist building renovating community sanitation hygiene materials schools",
        "type_dispo": "sanitary bins",
        "adequate_m": "all bathrooms toilets",
        "when_waste": "Daily",
        "water_soap": "water and soap",
        "challeng_4": "inadequate bins",
        "provisions": "bathing areas MHM materials MHM education girls",
        "menstrual_": "yes free",
        "challeng_5": "lack menstrual supplies",
        "adapt_mens": "girls to sort issue",
        "improve_me": "provision sanitary pads safe sanitation facilities",
        "teacher_in": "yes",
        "enumerator": null,
        "uuid": "03a01aa0-0c17-41be-8714-f116efefabd7",
        "longitude": "40.286798",
        "latitude": "0.1870367",
        "sub_county": "Dadaab Sub County",
        "wash_nee_1": "0",
        "wash_nee_2": "1",
        "wash_nee_3": "1",
        "wash_nee_4": "0",
        "wash_nee_5": "1",
        "wash_nee_6": "0",
        "wash_nee_7": "0",
        "wash_nee_8": "0",
        "Population": "52",
        "female_toi": "62",
        "male_toile": "44",
        "Total_male": "4.0",
        "Total_fema": "3.0",
        "host_or_re": null,
        "ward": null,
        "Total_pu_2": null,
        "Total_st_2": null,
        "other_wate": null,
        "adapted__1": null,
        "other_ad_1": null,
        "Total_stud": null,
        "ratio_stud": null,
        "items_pu_1": null,
        "items_pu_2": null,
        "items_pu_3": null,
        "items_pu_4": null,
        "items_pu_5": null,
        "items_pu_6": null,
        "other_item": null,
        "Total_mixe": null,
        "ratio_mi_1": null,
        "other_modi": null,
        "other_slud": null,
        "reason_cla": null,
        "other_wast": null,
        "other_coll": null,
        "other_wa_1": null,
        "challeng_6": null,
        "other_ch_2": null,
        "challeng_7": null,
        "challeng_8": null,
        "other_ad_2": null,
        "type_of_so": null,
        "other_ty_2": null,
        "source_of_": null,
        "other_so_2": null,
        "other_hand": null,
        "other_ha_1": null,
        "other_ha_2": null,
        "other_wa_2": null,
        "other_soli": null,
        "other_drys": null,
        "other_marc": null,
        "other_wash": null,
        "other_impr": null,
        "type_dis_1": null,
        "other_ty_3": null,
        "other_ch_3": null,
        "other_prov": null,
        "other_ch_4": null,
        "other_ad_3": null,
        "other_im_1": null,
        "kind_insti": null,
        "layer": "Camp Schools",
        "path": "C:/Users/USER/OneDrive - ACTED/Desktop/Garissa County Capacity Building - REACH/Training Materials/Modules/Training Data/Garissa HF and Schools/Garissa HF and Schools/Camp Schools.geojson",
        "Risk_Level": "Medium Risk",
        "Distance_to_Flood_km": "0.73",
        "Poverty_Rate": "0.78",
        "Food_Poverty_Rate": "0.58",
        "Avg_HH_Income": "5169",
        "Avg_HH_Expenditure": "6177",
        "HH_Cash_Gap": "-1008",
        "Post_Assistance_Income": "13927",
        "Post_Assistance_Expenditure": "11092",
        "Post_Assistance_Surplus": "2835",
        "Vulnerability_Index": "0.685",
        "Wasting_Rate": "0.17",
        "marker_emoji": "🏫",
        "Author": "Garissa GIS Directorate — James M. Mburu",
        "NN_Vulnerability_Score": "0.551",
        "NN_Risk_Class": "High",
        "tana_buffer_zone": false
      },
      "geometry": {
        "type": "Point",
        "coordinates": [
          40.286798,
          0.187036700000021
        ]
      }
    },
    {
      "type": "Feature",
      "properties": {
        "OBJECTID": "62",
        "county": "garissa",
        "camp": "Dadaab",
        "camp_locat": "Dagahaley",
        "school_nam": "Bahati Primary",
        "school_typ": "day school",
        "school_lev": "pre primary lower primary upper primary Junior secondary",
        "role_respo": "head teacher",
        "other_role": null,
        "resp_gende": "male",
        "other_gend": null,
        "allow_obse": "yes",
        "duration_w": "3-5 years",
        "num_malest": "24.0",
        "num_female": "2.0",
        "Total_staf": "26",
        "gender_pup": "boys girls",
        "num_childb": "1152.0",
        "num_chilgi": "948.0",
        "Total_chil": "2100.0",
        "drinking_w": "tap stand",
        "other_sour": null,
        "main_water": "on premises",
        "hygiene_wa": "tap stand",
        "other_so_1": null,
        "main_wat_1": "on premises",
        "num_water_": "6.0",
        "availabili": "daily",
        "condition_": "functional without damage",
        "other_cond": null,
        "reason_not": null,
        "what_damag": null,
        "other_what": null,
        "reason_cit": null,
        "efforts_ma": null,
        "accesibili": "yes",
        "adaptated_": "adequate space non slip floor tap can be reached",
        "accesibi_1": "yes",
        "adapted_to": "lower taps",
        "water_avai": "yes",
        "days_water": "Daily",
        "cause_of_l": null,
        "other_caus": null,
        "adaptation": null,
        "other_adap": null,
        "storage_fa": "yes",
        "total_capa": "1500.0",
        "num_litres": "5000.0",
        "school_pur": "dont know",
        "treatment_": null,
        "other_trea": null,
        "waterborne": "no",
        "waterbor_1": null,
        "availabi_1": "water sources decreased",
        "other_avai": null,
        "challenges": "irregular water supply insufficient access lack proper storage",
        "other_chal": null,
        "main_sourc": "tap stand",
        "satisfied_": "yes",
        "methods_wa": null,
        "other_meth": null,
        "challenge_": "no challenge",
        "main_type_": "pit latrine slab",
        "other_main": null,
        "studentsta": "yes",
        "type_stude": "pit latrine slab",
        "other_type": null,
        "pupils_sep": "yes",
        "total_at_s": null,
        "girls_toil": "8.0",
        "boys_toile": "8.0",
        "Total_pupi": "16.0",
        "ratio_pupi": "131.3",
        "pupils_sha": "0.0",
        "pupils_toi": "Outside building, but on premises",
        "student_cl": "2 4 days",
        "reason_toi": "lack adequate water lack of detergent",
        "pupils_san": "door walls lock",
        "items_pupi": "water",
        "type_staff": "pit latrine slab",
        "other_ty_1": null,
        "teachers_s": "yes",
        "total_toil": null,
        "female_onl": "1.0",
        "male_only_": "1.0",
        "Total_st_1": "2",
        "ratio_staf": "13.0",
        "shared_toi": "0.0",
        "staff_toil": "Outside building, but on premises",
        "staff_clea": "2 4 days",
        "reason_sta": "lack adequate water lack of detergent",
        "staff_sani": "door walls lock",
        "items_staf": "water",
        "mixed_fema": null,
        "mixed_male": null,
        "Toilets_mi": "0.0",
        "Total_pu_1": "2126.0",
        "ratio_mixe": null,
        "mixed_hcle": null,
        "reason_hmi": null,
        "school_san": null,
        "items_mixe": null,
        "usable_toi": "no",
        "modificati": null,
        "accessible": "yes",
        "modication": "path without stairs door wide forwheelchair enough space wheelchair",
        "septic_tan": "yes",
        "sludge_was": "dig another latrine",
        "classrooms": "Daily",
        "compound_c": "Daily",
        "reason_com": null,
        "waste_gene": "Plastic Paper Organic waste",
        "collection": "burned on premises",
        "waste_disp": "composit pit",
        "challeng_1": "lack awareness lack staff inconsistence collection",
        "challeng_2": null,
        "traces_dea": "never visible",
        "challeng_3": "no problem",
        "other_ch_1": null,
        "adaptati_1": "less preferred sanitation",
        "adaptati_2": null,
        "num_handwa": "2 5",
        "show_pupil": "allow",
        "water_av_1": "water available",
        "soap_avail": "soap not available",
        "water_av_2": null,
        "soap_ava_1": null,
        "reason_no_": "run out soap",
        "other_reas": null,
        "handwashin": "more than 5metres classrooms",
        "clear_sign": "yes",
        "accesible_": "yes",
        "handwash_1": "low height taps non slip floors",
        "handwash_a": "no",
        "handwash_2": null,
        "items_avai": "water",
        "waste_segr": "playground outdoor",
        "solidwaste": "burned on premises",
        "times_scho": "every two three",
        "hygiene_pr": "yes",
        "when_promo": "last 30days",
        "kind_hygie": null,
        "changes_du": "yes",
        "notable_be": "increased hand practices proper use toilets improved hand techniques",
        "dryspell_e": "no effect",
        "march_may_": "flooding stagnant water access sanitation affected disrupted hygiene practices",
        "effects_fl": "no effect",
        "wash_needs": "access to clean wataer sanitation facilities hygiene promotion",
        "improve_to": "assist building renovating advocacy awareness creation community sanitation hygiene materials schools",
        "type_dispo": "compost pits",
        "adequate_m": "No",
        "when_waste": "weekly",
        "water_soap": "water but nosoap",
        "challeng_4": "lack awareness inadequate bins irregular collection",
        "provisions": "MHM education girls boys",
        "menstrual_": "yes free",
        "challeng_5": "lack menstrual supplies rely on donations",
        "adapt_mens": "girls to sort issue",
        "improve_me": "provision sanitary pads safe sanitation facilities",
        "teacher_in": "yes",
        "enumerator": "Some tanks are very high therefore water can not reach.\n\nThe school also needs soaps and detergent",
        "uuid": "0e740a43-7e1f-4121-98b3-6df30f05ba1a",
        "longitude": "40.2807064",
        "latitude": "0.1875641",
        "sub_county": "Dadaab Sub County",
        "wash_nee_1": "1",
        "wash_nee_2": "1",
        "wash_nee_3": "1",
        "wash_nee_4": "0",
        "wash_nee_5": "0",
        "wash_nee_6": "0",
        "wash_nee_7": "0",
        "wash_nee_8": "0",
        "Population": "118",
        "female_toi": "106",
        "male_toile": "131",
        "Total_male": "9.0",
        "Total_fema": "9.0",
        "host_or_re": null,
        "ward": null,
        "Total_pu_2": null,
        "Total_st_2": null,
        "other_wate": null,
        "adapted__1": null,
        "other_ad_1": null,
        "Total_stud": null,
        "ratio_stud": null,
        "items_pu_1": null,
        "items_pu_2": null,
        "items_pu_3": null,
        "items_pu_4": null,
        "items_pu_5": null,
        "items_pu_6": null,
        "other_item": null,
        "Total_mixe": null,
        "ratio_mi_1": null,
        "other_modi": null,
        "other_slud": null,
        "reason_cla": null,
        "other_wast": null,
        "other_coll": null,
        "other_wa_1": null,
        "challeng_6": null,
        "other_ch_2": null,
        "challeng_7": null,
        "challeng_8": null,
        "other_ad_2": null,
        "type_of_so": null,
        "other_ty_2": null,
        "source_of_": null,
        "other_so_2": null,
        "other_hand": null,
        "other_ha_1": null,
        "other_ha_2": null,
        "other_wa_2": null,
        "other_soli": null,
        "other_drys": null,
        "other_marc": null,
        "other_wash": null,
        "other_impr": null,
        "type_dis_1": null,
        "other_ty_3": null,
        "other_ch_3": null,
        "other_prov": null,
        "other_ch_4": null,
        "other_ad_3": null,
        "other_im_1": null,
        "kind_insti": null,
        "layer": "Camp Schools",
        "path": "C:/Users/USER/OneDrive - ACTED/Desktop/Garissa County Capacity Building - REACH/Training Materials/Modules/Training Data/Garissa HF and Schools/Garissa HF and Schools/Camp Schools.geojson",
        "Risk_Level": "Medium Risk",
        "Distance_to_Flood_km": "1.04",
        "Poverty_Rate": "0.78",
        "Food_Poverty_Rate": "0.58",
        "Avg_HH_Income": "5169",
        "Avg_HH_Expenditure": "6177",
        "HH_Cash_Gap": "-1008",
        "Post_Assistance_Income": "13927",
        "Post_Assistance_Expenditure": "11092",
        "Post_Assistance_Surplus": "2835",
        "Vulnerability_Index": "0.679",
        "Wasting_Rate": "0.17",
        "marker_emoji": "🏫",
        "Author": "Garissa GIS Directorate — James M. Mburu",
        "NN_Vulnerability_Score": "0.551",
        "NN_Risk_Class": "High",
        "tana_buffer_zone": false
      },
      "geometry": {
        "type": "Point",
        "coordinates": [
          40.28070640000004,
          0.187564100000031
        ]
      }
    },
    {
      "type": "Feature",
      "properties": {
        "OBJECTID": "483",
        "county": "garissa",
        "camp": null,
        "camp_locat": null,
        "school_nam": "Kulan Primary",
        "school_typ": "day and boarding",
        "school_lev": "pre primary lower primary upper primary Junior secondary",
        "role_respo": null,
        "other_role": null,
        "resp_gende": null,
        "other_gend": null,
        "allow_obse": null,
        "duration_w": null,
        "num_malest": "10.0",
        "num_female": "2.0",
        "Total_staf": "12",
        "gender_pup": "boys girls",
        "num_childb": "285.0",
        "num_chilgi": "193.0",
        "Total_chil": null,
        "drinking_w": "tap stand",
        "other_sour": null,
        "main_water": "morethan 500m fromcompound",
        "hygiene_wa": "tap stand",
        "other_so_1": null,
        "main_wat_1": null,
        "num_water_": "4.0",
        "availabili": "4 7 days",
        "condition_": null,
        "other_cond": null,
        "reason_not": null,
        "what_damag": null,
        "other_what": null,
        "reason_cit": null,
        "efforts_ma": null,
        "accesibili": "no",
        "adaptated_": null,
        "accesibi_1": "no",
        "adapted_to": null,
        "water_avai": "yes",
        "days_water": "1 week",
        "cause_of_l": "lack adquate storage lack sufficient water water infrastructure damaged",
        "other_caus": null,
        "adaptation": null,
        "other_adap": null,
        "storage_fa": "yes",
        "total_capa": "10000.0",
        "num_litres": "2000.0",
        "school_pur": "yes",
        "treatment_": "chlorination",
        "other_trea": null,
        "waterborne": "no",
        "waterbor_1": null,
        "availabi_1": "time decreased 30mins",
        "other_avai": null,
        "challenges": "insufficient waterpoints waterpoints expensive disabled unable accesswaterpoints",
        "other_chal": null,
        "main_sourc": "tap stand",
        "satisfied_": "yes",
        "methods_wa": null,
        "other_meth": null,
        "challenge_": "no challenge",
        "main_type_": "pit latrine slab",
        "other_main": null,
        "studentsta": "yes",
        "type_stude": "pit latrine slab",
        "other_type": null,
        "pupils_sep": "yes",
        "total_at_s": null,
        "girls_toil": "4.0",
        "boys_toile": "2.0",
        "Total_pupi": null,
        "ratio_pupi": null,
        "pupils_sha": "0.0",
        "pupils_toi": "Within school building",
        "student_cl": "2 4 days",
        "reason_toi": "lack adequate water lack protective clothe lack of detergent",
        "pupils_san": "door",
        "items_pupi": "water",
        "type_staff": "pit latrine slab",
        "other_ty_1": null,
        "teachers_s": "yes",
        "total_toil": null,
        "female_onl": "1.0",
        "male_only_": "1.0",
        "Total_st_1": "2",
        "ratio_staf": "6.0",
        "shared_toi": "0.0",
        "staff_toil": "Within school building",
        "staff_clea": "2 4 days",
        "reason_sta": "lack adequate water lack of detergent lack protective clothe",
        "staff_sani": "door walls",
        "items_staf": "water",
        "mixed_fema": null,
        "mixed_male": null,
        "Toilets_mi": null,
        "Total_pu_1": null,
        "ratio_mixe": null,
        "mixed_hcle": null,
        "reason_hmi": null,
        "school_san": null,
        "items_mixe": null,
        "usable_toi": "no",
        "modificati": null,
        "accessible": "no",
        "modication": null,
        "septic_tan": "no",
        "sludge_was": "openly dumped away",
        "classrooms": "Daily",
        "compound_c": "Daily",
        "reason_com": null,
        "waste_gene": "Plastic Paper",
        "collection": "burned on premises",
        "waste_disp": "general waste bins",
        "challeng_1": "lack bins",
        "challeng_2": null,
        "traces_dea": "never visible",
        "challeng_3": "sanitation difficult reach community out using",
        "other_ch_1": null,
        "adaptati_1": "less preferred sanitation",
        "adaptati_2": null,
        "num_handwa": "0",
        "show_pupil": null,
        "water_av_1": null,
        "soap_avail": null,
        "water_av_2": null,
        "soap_ava_1": null,
        "reason_no_": null,
        "other_reas": null,
        "handwashin": null,
        "clear_sign": null,
        "accesible_": null,
        "handwash_1": null,
        "handwash_a": "no",
        "handwash_2": null,
        "items_avai": "water",
        "waste_segr": "toilets more5metres",
        "solidwaste": "openly dumped away premises",
        "times_scho": "everyday",
        "hygiene_pr": "no",
        "when_promo": null,
        "kind_hygie": null,
        "changes_du": null,
        "notable_be": null,
        "dryspell_e": "no effect",
        "march_may_": "classrooms Infrastructure damage",
        "effects_fl": "no effect",
        "wash_needs": "hygiene promotion waste management handwashing facilities",
        "improve_to": "hygiene materials schools hygiene promotion community mobilization",
        "type_dispo": "sanitary bins",
        "adequate_m": "all bathrooms toilets",
        "when_waste": "Daily",
        "water_soap": "water but nosoap",
        "challeng_4": "inadequate bins",
        "provisions": "bathing areas",
        "menstrual_": "yes free",
        "challeng_5": "inadequately safe lack menstruation hygiene lack water soap",
        "adapt_mens": "girls to sort issue",
        "improve_me": "safe sanitation facilities provision sanitary pads",
        "teacher_in": "yes",
        "enumerator": "1.issue of water should be assisted because the pipes are too narrow \n\n2.Hygien promotion nd training \n\n3.toilet\n\nIt has ended well and successfully",
        "uuid": "0c147077-4f9a-43f5-93f2-50d1314d5ba1",
        "longitude": "40.6420115",
        "latitude": "0.2152701",
        "sub_county": "Dadaab Sub County",
        "wash_nee_1": "0",
        "wash_nee_2": "0",
        "wash_nee_3": "1",
        "wash_nee_4": "1",
        "wash_nee_5": "1",
        "wash_nee_6": "0",
        "wash_nee_7": "0",
        "wash_nee_8": "0",
        "Population": "161",
        "female_toi": "39",
        "male_toile": "98",
        "Total_male": "3.0",
        "Total_fema": "5.0",
        "host_or_re": "host",
        "ward": "liboi",
        "Total_pu_2": "478.0",
        "Total_st_2": "490.0",
        "other_wate": null,
        "adapted__1": null,
        "other_ad_1": null,
        "Total_stud": "6.0",
        "ratio_stud": "79.67",
        "items_pu_1": null,
        "items_pu_2": null,
        "items_pu_3": null,
        "items_pu_4": null,
        "items_pu_5": null,
        "items_pu_6": null,
        "other_item": null,
        "Total_mixe": "0.0",
        "ratio_mi_1": null,
        "other_modi": null,
        "other_slud": null,
        "reason_cla": null,
        "other_wast": null,
        "other_coll": null,
        "other_wa_1": null,
        "challeng_6": null,
        "other_ch_2": null,
        "challeng_7": null,
        "challeng_8": null,
        "other_ad_2": null,
        "type_of_so": null,
        "other_ty_2": null,
        "source_of_": null,
        "other_so_2": null,
        "other_hand": null,
        "other_ha_1": null,
        "other_ha_2": null,
        "other_wa_2": null,
        "other_soli": null,
        "other_drys": null,
        "other_marc": null,
        "other_wash": null,
        "other_impr": null,
        "type_dis_1": null,
        "other_ty_3": null,
        "other_ch_3": null,
        "other_prov": null,
        "other_ch_4": null,
        "other_ad_3": null,
        "other_im_1": null,
        "kind_insti": null,
        "layer": "Garissa Schools",
        "path": "C:/Users/USER/OneDrive - ACTED/Desktop/Garissa County Capacity Building - REACH/Training Materials/Modules/Training Data/Garissa HF and Schools/Garissa HF and Schools/Garissa Schools.geojson",
        "Risk_Level": "Medium Risk",
        "Distance_to_Flood_km": "0.96",
        "Poverty_Rate": "0.78",
        "Food_Poverty_Rate": "0.58",
        "Avg_HH_Income": "5169",
        "Avg_HH_Expenditure": "6177",
        "HH_Cash_Gap": "-1008",
        "Post_Assistance_Income": "13927",
        "Post_Assistance_Expenditure": "11092",
        "Post_Assistance_Surplus": "2835",
        "Vulnerability_Index": "0.681",
        "Wasting_Rate": "0.17",
        "marker_emoji": "🏫",
        "Author": "Garissa GIS Directorate — James M. Mburu",
        "NN_Vulnerability_Score": "0.551",
        "NN_Risk_Class": "High",
        "tana_buffer_zone": false
      },
      "geometry": {
        "type": "Point",
        "coordinates": [
          40.64201150000008,
          0.215270100000055
        ]
      }
    },
    {
      "type": "Feature",
      "properties": {
        "OBJECTID": "456",
        "county": "garissa",
        "camp": null,
        "camp_locat": null,
        "school_nam": "Liboi Boarding Primary",
        "school_typ": "day and boarding",
        "school_lev": "pre primary lower primary upper primary Junior secondary",
        "role_respo": null,
        "other_role": null,
        "resp_gende": null,
        "other_gend": null,
        "allow_obse": null,
        "duration_w": null,
        "num_malest": "18.0",
        "num_female": "4.0",
        "Total_staf": "22",
        "gender_pup": "boys girls",
        "num_childb": "514.0",
        "num_chilgi": "345.0",
        "Total_chil": null,
        "drinking_w": "tap stand",
        "other_sour": null,
        "main_water": "on premises",
        "hygiene_wa": "tap stand",
        "other_so_1": null,
        "main_wat_1": null,
        "num_water_": "2.0",
        "availabili": "2 3 days",
        "condition_": null,
        "other_cond": null,
        "reason_not": null,
        "what_damag": null,
        "other_what": null,
        "reason_cit": null,
        "efforts_ma": null,
        "accesibili": "yes",
        "adaptated_": "tap can be reached taps can be opened",
        "accesibi_1": "yes",
        "adapted_to": "lower taps",
        "water_avai": "no",
        "days_water": null,
        "cause_of_l": null,
        "other_caus": null,
        "adaptation": "fetch outside school children bring water home fetch water further",
        "other_adap": null,
        "storage_fa": "yes",
        "total_capa": "5000.0",
        "num_litres": "1500.0",
        "school_pur": "no",
        "treatment_": null,
        "other_trea": null,
        "waterborne": "no",
        "waterbor_1": null,
        "availabi_1": "children fetch out school children cover moredistance water system damaged",
        "other_avai": null,
        "challenges": "insufficient waterpoints lack proper storage infrastructure damaged",
        "other_chal": null,
        "main_sourc": "tap stand",
        "satisfied_": "yes",
        "methods_wa": null,
        "other_meth": null,
        "challenge_": "lack storage facility infrastructure issues high costs",
        "main_type_": "pit latrine slab",
        "other_main": null,
        "studentsta": "yes",
        "type_stude": "pit latrine slab",
        "other_type": null,
        "pupils_sep": "yes",
        "total_at_s": null,
        "girls_toil": "3.0",
        "boys_toile": "4.0",
        "Total_pupi": null,
        "ratio_pupi": null,
        "pupils_sha": "0.0",
        "pupils_toi": "Within school building",
        "student_cl": "2 4 days",
        "reason_toi": "lack adequate water lack protective clothe lack of detergent",
        "pupils_san": "walls door lock solid structure segregated toilets proper drainage",
        "items_pupi": "water",
        "type_staff": "pit latrine slab",
        "other_ty_1": null,
        "teachers_s": "yes",
        "total_toil": null,
        "female_onl": "1.0",
        "male_only_": "1.0",
        "Total_st_1": "2",
        "ratio_staf": "11.0",
        "shared_toi": "0.0",
        "staff_toil": "Within school building",
        "staff_clea": "2 4 days",
        "reason_sta": "lack adequate water lack protective clothe lack of detergent",
        "staff_sani": "door walls lock solid structure segregated toilets proper drainage",
        "items_staf": "water",
        "mixed_fema": null,
        "mixed_male": null,
        "Toilets_mi": null,
        "Total_pu_1": null,
        "ratio_mixe": null,
        "mixed_hcle": null,
        "reason_hmi": null,
        "school_san": null,
        "items_mixe": null,
        "usable_toi": "yes",
        "modificati": "smaller toilet hole",
        "accessible": "no",
        "modication": null,
        "septic_tan": "no",
        "sludge_was": "dig another latrine",
        "classrooms": "Daily",
        "compound_c": "Daily",
        "reason_com": null,
        "waste_gene": "Paper",
        "collection": "burned on premises",
        "waste_disp": "composit pit",
        "challeng_1": "lack bins",
        "challeng_2": null,
        "traces_dea": "never visible",
        "challeng_3": "lack sanitation facilities damages sanitation facilities sanitation not functioning sanitation difficult reach",
        "other_ch_1": null,
        "adaptati_1": "less preferred sanitation",
        "adaptati_2": null,
        "num_handwa": "0",
        "show_pupil": null,
        "water_av_1": null,
        "soap_avail": null,
        "water_av_2": null,
        "soap_ava_1": null,
        "reason_no_": null,
        "other_reas": null,
        "handwashin": null,
        "clear_sign": null,
        "accesible_": null,
        "handwash_1": null,
        "handwash_a": "no",
        "handwash_2": null,
        "items_avai": "water",
        "waste_segr": "toilets within5metres",
        "solidwaste": "burned on premises",
        "times_scho": "every two three",
        "hygiene_pr": "yes",
        "when_promo": "over 1 3 months",
        "kind_hygie": null,
        "changes_du": "yes",
        "notable_be": "proper use toilets reduced open defaction maintenance facilities proper disposal waste reduced incidences waterborne",
        "dryspell_e": "increased water cost reduced water supply disrupted water practices",
        "march_may_": "waste management system water Infrastructure damage toilets Infrastructure damage bathroom Infrastructure damage",
        "effects_fl": "reduced extracurricula inability to learn red enrollment rate",
        "wash_needs": "access to clean wataer sanitation facilities menstrual management",
        "improve_to": "assist building renovating hygiene materials schools part of wash projects",
        "type_dispo": "compost pits",
        "adequate_m": "some bathrooms toilets",
        "when_waste": "weekly",
        "water_soap": "no",
        "challeng_4": "inadequate bins",
        "provisions": "MHM education girls MHM education girls boys",
        "menstrual_": "no",
        "challeng_5": "rely on donations no disposing bins lack water soap lack menstrual supplies insufficient water sources",
        "adapt_mens": "less preferred product soap substitute",
        "improve_me": "safe sanitation facilities quality comp teaching provision sanitary pads",
        "teacher_in": "yes",
        "enumerator": "No",
        "uuid": "e1e6776e-0695-4dd9-9e47-eb0366d7674b",
        "longitude": "40.8776932",
        "latitude": "0.3433827",
        "sub_county": "Dadaab Sub County",
        "wash_nee_1": "1",
        "wash_nee_2": "1",
        "wash_nee_3": "0",
        "wash_nee_4": "0",
        "wash_nee_5": "0",
        "wash_nee_6": "1",
        "wash_nee_7": "0",
        "wash_nee_8": "0",
        "Population": "249",
        "female_toi": "87",
        "male_toile": "106",
        "Total_male": "5.0",
        "Total_fema": "4.0",
        "host_or_re": "host",
        "ward": "liboi",
        "Total_pu_2": "859.0",
        "Total_st_2": "881.0",
        "other_wate": null,
        "adapted__1": null,
        "other_ad_1": null,
        "Total_stud": "7.0",
        "ratio_stud": "122.71",
        "items_pu_1": null,
        "items_pu_2": null,
        "items_pu_3": null,
        "items_pu_4": null,
        "items_pu_5": null,
        "items_pu_6": null,
        "other_item": null,
        "Total_mixe": "0.0",
        "ratio_mi_1": null,
        "other_modi": null,
        "other_slud": null,
        "reason_cla": null,
        "other_wast": null,
        "other_coll": null,
        "other_wa_1": null,
        "challeng_6": null,
        "other_ch_2": null,
        "challeng_7": null,
        "challeng_8": null,
        "other_ad_2": null,
        "type_of_so": null,
        "other_ty_2": null,
        "source_of_": null,
        "other_so_2": null,
        "other_hand": null,
        "other_ha_1": null,
        "other_ha_2": null,
        "other_wa_2": null,
        "other_soli": null,
        "other_drys": null,
        "other_marc": null,
        "other_wash": null,
        "other_impr": null,
        "type_dis_1": null,
        "other_ty_3": null,
        "other_ch_3": null,
        "other_prov": null,
        "other_ch_4": null,
        "other_ad_3": null,
        "other_im_1": null,
        "kind_insti": null,
        "layer": "Garissa Schools",
        "path": "C:/Users/USER/OneDrive - ACTED/Desktop/Garissa County Capacity Building - REACH/Training Materials/Modules/Training Data/Garissa HF and Schools/Garissa HF and Schools/Garissa Schools.geojson",
        "Risk_Level": "High Risk",
        "Distance_to_Flood_km": "0.0",
        "Poverty_Rate": "0.78",
        "Food_Poverty_Rate": "0.58",
        "Avg_HH_Income": "5169",
        "Avg_HH_Expenditure": "6177",
        "HH_Cash_Gap": "-1008",
        "Post_Assistance_Income": "13927",
        "Post_Assistance_Expenditure": "11092",
        "Post_Assistance_Surplus": "2835",
        "Vulnerability_Index": "0.79",
        "Wasting_Rate": "0.17",
        "marker_emoji": "🏫",
        "Author": "Garissa GIS Directorate — James M. Mburu",
        "NN_Vulnerability_Score": "0.551",
        "NN_Risk_Class": "High",
        "tana_buffer_zone": false
      },
      "geometry": {
        "type": "Point",
        "coordinates": [
          40.87769320000007,
          0.343382700000063
        ]
      }
    },
    {
      "type": "Feature",
      "properties": {
        "OBJECTID": "538",
        "county": "garissa",
        "camp": null,
        "camp_locat": null,
        "school_nam": "Ahmed Tukale Primary",
        "school_typ": "day school",
        "school_lev": "pre primary lower primary upper primary",
        "role_respo": null,
        "other_role": null,
        "resp_gende": null,
        "other_gend": null,
        "allow_obse": null,
        "duration_w": null,
        "num_malest": "5.0",
        "num_female": null,
        "Total_staf": "5",
        "gender_pup": "boys girls",
        "num_childb": "165.0",
        "num_chilgi": "90.0",
        "Total_chil": null,
        "drinking_w": "bore hole",
        "other_sour": null,
        "main_water": "approx 500m fromcompound",
        "hygiene_wa": "bore hole",
        "other_so_1": null,
        "main_wat_1": null,
        "num_water_": null,
        "availabili": null,
        "condition_": null,
        "other_cond": null,
        "reason_not": null,
        "what_damag": null,
        "other_what": null,
        "reason_cit": null,
        "efforts_ma": null,
        "accesibili": "no",
        "adaptated_": null,
        "accesibi_1": "no",
        "adapted_to": null,
        "water_avai": "no",
        "days_water": null,
        "cause_of_l": null,
        "other_caus": null,
        "adaptation": "spend money otherpurposes",
        "other_adap": null,
        "storage_fa": "no",
        "total_capa": null,
        "num_litres": null,
        "school_pur": "no",
        "treatment_": null,
        "other_trea": null,
        "waterborne": "no",
        "waterbor_1": null,
        "availabi_1": "community take waterschool",
        "other_avai": null,
        "challenges": "waterpoints too far waterpoints expensive lack proper storage",
        "other_chal": null,
        "main_sourc": "other",
        "satisfied_": "yes",
        "methods_wa": null,
        "other_meth": null,
        "challenge_": "lack storage facility",
        "main_type_": "pit latrine slab",
        "other_main": null,
        "studentsta": "yes",
        "type_stude": "no facility",
        "other_type": null,
        "pupils_sep": "no",
        "total_at_s": null,
        "girls_toil": null,
        "boys_toile": null,
        "Total_pupi": null,
        "ratio_pupi": null,
        "pupils_sha": null,
        "pupils_toi": "Off premises",
        "student_cl": "Daily",
        "reason_toi": null,
        "pupils_san": "door walls",
        "items_pupi": "water",
        "type_staff": "pit latrine slab",
        "other_ty_1": null,
        "teachers_s": "no",
        "total_toil": null,
        "female_onl": null,
        "male_only_": null,
        "Total_st_1": "0",
        "ratio_staf": null,
        "shared_toi": null,
        "staff_toil": "Within school building",
        "staff_clea": "Daily",
        "reason_sta": null,
        "staff_sani": "door walls",
        "items_staf": "water",
        "mixed_fema": null,
        "mixed_male": null,
        "Toilets_mi": null,
        "Total_pu_1": null,
        "ratio_mixe": null,
        "mixed_hcle": null,
        "reason_hmi": null,
        "school_san": null,
        "items_mixe": null,
        "usable_toi": "no",
        "modificati": null,
        "accessible": "no",
        "modication": null,
        "septic_tan": "no",
        "sludge_was": "dig another latrine",
        "classrooms": "Daily",
        "compound_c": "Daily",
        "reason_com": null,
        "waste_gene": "Paper",
        "collection": "burned on premises",
        "waste_disp": "none",
        "challeng_1": "lack bins",
        "challeng_2": null,
        "traces_dea": "never visible",
        "challeng_3": "persons disability noaccess no access sanitation",
        "other_ch_1": null,
        "adaptati_1": "communal sanitation facilities",
        "adaptati_2": null,
        "num_handwa": null,
        "show_pupil": null,
        "water_av_1": null,
        "soap_avail": null,
        "water_av_2": null,
        "soap_ava_1": null,
        "reason_no_": null,
        "other_reas": null,
        "handwashin": null,
        "clear_sign": null,
        "accesible_": null,
        "handwash_1": null,
        "handwash_a": "no",
        "handwash_2": null,
        "items_avai": "water",
        "waste_segr": "none",
        "solidwaste": "burned on premises",
        "times_scho": "every two three",
        "hygiene_pr": "yes",
        "when_promo": "last 30days",
        "kind_hygie": null,
        "changes_du": "yes",
        "notable_be": "improved hand techniques proper use toilets",
        "dryspell_e": "no effect",
        "march_may_": "water Infrastructure damage toilets Infrastructure damage sleeping Infrastructure dorms",
        "effects_fl": "waterborne cases increased",
        "wash_needs": "handwashing facilities waste management infrastructure",
        "improve_to": "community mobilization WASH communities part of wash projects",
        "type_dispo": "compost pits",
        "adequate_m": "No",
        "when_waste": "weekly",
        "water_soap": "no",
        "challeng_4": "inadequate bins",
        "provisions": "none above",
        "menstrual_": "no",
        "challeng_5": "inadequately safe people disabilities insufficient water sources lack water soap",
        "adapt_mens": "soap substitute less preferred product",
        "improve_me": "provision sanitary pads quality comp teaching safe sanitation facilities",
        "teacher_in": "no",
        "enumerator": "The school doesn't have storage facilities, toilets, handwashing facilities",
        "uuid": "5c03fb52-fe27-4698-b003-0546f87e0d06",
        "longitude": "39.7611561",
        "latitude": "0.3518797",
        "sub_county": "Lagdera Sub County",
        "wash_nee_1": "0",
        "wash_nee_2": "0",
        "wash_nee_3": "0",
        "wash_nee_4": "1",
        "wash_nee_5": "1",
        "wash_nee_6": "0",
        "wash_nee_7": "0",
        "wash_nee_8": "1",
        "Population": "0",
        "female_toi": "0",
        "male_toile": "0",
        "Total_male": "0.0",
        "Total_fema": "0.0",
        "host_or_re": "host",
        "ward": "goreale",
        "Total_pu_2": "255.0",
        "Total_st_2": "260.0",
        "other_wate": null,
        "adapted__1": null,
        "other_ad_1": null,
        "Total_stud": "0.0",
        "ratio_stud": null,
        "items_pu_1": null,
        "items_pu_2": null,
        "items_pu_3": null,
        "items_pu_4": null,
        "items_pu_5": null,
        "items_pu_6": null,
        "other_item": null,
        "Total_mixe": "0.0",
        "ratio_mi_1": null,
        "other_modi": null,
        "other_slud": null,
        "reason_cla": null,
        "other_wast": null,
        "other_coll": null,
        "other_wa_1": null,
        "challeng_6": null,
        "other_ch_2": null,
        "challeng_7": null,
        "challeng_8": null,
        "other_ad_2": null,
        "type_of_so": null,
        "other_ty_2": null,
        "source_of_": null,
        "other_so_2": null,
        "other_hand": null,
        "other_ha_1": null,
        "other_ha_2": null,
        "other_wa_2": null,
        "other_soli": null,
        "other_drys": null,
        "other_marc": null,
        "other_wash": null,
        "other_impr": null,
        "type_dis_1": null,
        "other_ty_3": null,
        "other_ch_3": null,
        "other_prov": null,
        "other_ch_4": null,
        "other_ad_3": null,
        "other_im_1": null,
        "kind_insti": null,
        "layer": "Garissa Schools",
        "path": "C:/Users/USER/OneDrive - ACTED/Desktop/Garissa County Capacity Building - REACH/Training Materials/Modules/Training Data/Garissa HF and Schools/Garissa HF and Schools/Garissa Schools.geojson",
        "Risk_Level": "Medium Risk",
        "Distance_to_Flood_km": "1.52",
        "Poverty_Rate": "0.8",
        "Food_Poverty_Rate": "0.6",
        "Avg_HH_Income": "5169",
        "Avg_HH_Expenditure": "6177",
        "HH_Cash_Gap": "-1008",
        "Post_Assistance_Income": "13927",
        "Post_Assistance_Expenditure": "11092",
        "Post_Assistance_Surplus": "2835",
        "Vulnerability_Index": "0.68",
        "Wasting_Rate": "0.16",
        "marker_emoji": "🏫",
        "Author": "Garissa GIS Directorate — James M. Mburu",
        "NN_Vulnerability_Score": "0.551",
        "NN_Risk_Class": "High",
        "tana_buffer_zone": false
      },
      "geometry": {
        "type": "Point",
        "coordinates": [
          39.76115610000005,
          0.35187970000004
        ]
      }
    },
    {
      "type": "Feature",
      "properties": {
        "OBJECTID": "539",
        "county": "garissa",
        "camp": null,
        "camp_locat": null,
        "school_nam": "Goreale Pre-School",
        "school_typ": "day and boarding",
        "school_lev": "pre primary lower primary upper primary Junior secondary",
        "role_respo": null,
        "other_role": null,
        "resp_gende": null,
        "other_gend": null,
        "allow_obse": null,
        "duration_w": null,
        "num_malest": null,
        "num_female": "3.0",
        "Total_staf": "3",
        "gender_pup": "boys girls",
        "num_childb": "672.0",
        "num_chilgi": "519.0",
        "Total_chil": null,
        "drinking_w": "piped into school",
        "other_sour": null,
        "main_water": "morethan 500m fromcompound",
        "hygiene_wa": "tap stand",
        "other_so_1": null,
        "main_wat_1": null,
        "num_water_": "2.0",
        "availabili": "4 7 days",
        "condition_": null,
        "other_cond": null,
        "reason_not": null,
        "what_damag": null,
        "other_what": null,
        "reason_cit": null,
        "efforts_ma": null,
        "accesibili": "no",
        "adaptated_": null,
        "accesibi_1": "yes",
        "adapted_to": "lower taps",
        "water_avai": "no",
        "days_water": null,
        "cause_of_l": null,
        "other_caus": null,
        "adaptation": "spend money otherpurposes",
        "other_adap": null,
        "storage_fa": "yes",
        "total_capa": "10000.0",
        "num_litres": "2000.0",
        "school_pur": "no",
        "treatment_": null,
        "other_trea": null,
        "waterborne": "no",
        "waterbor_1": null,
        "availabi_1": "no change",
        "other_avai": null,
        "challenges": "irregular water supply waterpoints expensive",
        "other_chal": null,
        "main_sourc": "tap stand",
        "satisfied_": "yes",
        "methods_wa": null,
        "other_meth": null,
        "challenge_": "lack storage facility",
        "main_type_": "pit latrine slab",
        "other_main": null,
        "studentsta": "yes",
        "type_stude": "pit latrine slab",
        "other_type": null,
        "pupils_sep": "yes",
        "total_at_s": null,
        "girls_toil": "7.0",
        "boys_toile": "7.0",
        "Total_pupi": null,
        "ratio_pupi": null,
        "pupils_sha": "0.0",
        "pupils_toi": "Within school building",
        "student_cl": "2 4 days",
        "reason_toi": "lack adequate water lack protective clothe lack of detergent",
        "pupils_san": "door walls",
        "items_pupi": "water",
        "type_staff": "pit latrine slab",
        "other_ty_1": null,
        "teachers_s": "yes",
        "total_toil": null,
        "female_onl": "1.0",
        "male_only_": "1.0",
        "Total_st_1": "2",
        "ratio_staf": "1.5",
        "shared_toi": "0.0",
        "staff_toil": "Within school building",
        "staff_clea": "2 4 days",
        "reason_sta": "lack adequate water lack of detergent",
        "staff_sani": "segregated toilets door walls",
        "items_staf": "water",
        "mixed_fema": null,
        "mixed_male": null,
        "Toilets_mi": null,
        "Total_pu_1": null,
        "ratio_mixe": null,
        "mixed_hcle": null,
        "reason_hmi": null,
        "school_san": null,
        "items_mixe": null,
        "usable_toi": "no",
        "modificati": null,
        "accessible": "no",
        "modication": null,
        "septic_tan": "yes",
        "sludge_was": "openly dumped away",
        "classrooms": "Daily",
        "compound_c": "Daily",
        "reason_com": null,
        "waste_gene": "Paper Plastic",
        "collection": "burned on premises",
        "waste_disp": "composit pit",
        "challeng_1": "lack bins",
        "challeng_2": null,
        "traces_dea": "never visible",
        "challeng_3": "persons disability noaccess",
        "other_ch_1": null,
        "adaptati_1": "less preferred sanitation",
        "adaptati_2": null,
        "num_handwa": null,
        "show_pupil": null,
        "water_av_1": null,
        "soap_avail": null,
        "water_av_2": null,
        "soap_ava_1": null,
        "reason_no_": null,
        "other_reas": null,
        "handwashin": null,
        "clear_sign": null,
        "accesible_": null,
        "handwash_1": null,
        "handwash_a": "no",
        "handwash_2": null,
        "items_avai": "water",
        "waste_segr": "toilets more5metres",
        "solidwaste": "openly dumped premises",
        "times_scho": "everyday",
        "hygiene_pr": "no",
        "when_promo": null,
        "kind_hygie": null,
        "changes_du": null,
        "notable_be": null,
        "dryspell_e": "low enrollment",
        "march_may_": "toilets Infrastructure damage",
        "effects_fl": "no effect",
        "wash_needs": "hygiene promotion menstrual management accessibility inclusivity",
        "improve_to": "assist building renovating hygiene materials schools continous inspection",
        "type_dispo": "sanitary bins",
        "adequate_m": "some bathrooms toilets",
        "when_waste": "Daily",
        "water_soap": "water but nosoap",
        "challeng_4": "inadequate bins",
        "provisions": "bathing areas",
        "menstrual_": "yes free",
        "challeng_5": "inadequately safe lack menstrual supplies lack menstruation hygiene",
        "adapt_mens": "less preferred product",
        "improve_me": "safe sanitation facilities",
        "teacher_in": "no",
        "enumerator": "It ended successfully",
        "uuid": "a215cb8b-e052-45ae-af7b-89cc864e70b0",
        "longitude": "39.7444701",
        "latitude": "0.458701",
        "sub_county": "Lagdera Sub County",
        "wash_nee_1": "0",
        "wash_nee_2": "0",
        "wash_nee_3": "1",
        "wash_nee_4": "0",
        "wash_nee_5": "0",
        "wash_nee_6": "1",
        "wash_nee_7": "1",
        "wash_nee_8": "0",
        "Population": "170",
        "female_toi": "65",
        "male_toile": "84",
        "Total_male": "8.0",
        "Total_fema": "8.0",
        "host_or_re": "host",
        "ward": "goreale",
        "Total_pu_2": "1191.0",
        "Total_st_2": "1194.0",
        "other_wate": null,
        "adapted__1": null,
        "other_ad_1": null,
        "Total_stud": "14.0",
        "ratio_stud": "85.07",
        "items_pu_1": null,
        "items_pu_2": null,
        "items_pu_3": null,
        "items_pu_4": null,
        "items_pu_5": null,
        "items_pu_6": null,
        "other_item": null,
        "Total_mixe": "0.0",
        "ratio_mi_1": null,
        "other_modi": null,
        "other_slud": null,
        "reason_cla": null,
        "other_wast": null,
        "other_coll": null,
        "other_wa_1": null,
        "challeng_6": null,
        "other_ch_2": null,
        "challeng_7": null,
        "challeng_8": null,
        "other_ad_2": null,
        "type_of_so": null,
        "other_ty_2": null,
        "source_of_": null,
        "other_so_2": null,
        "other_hand": null,
        "other_ha_1": null,
        "other_ha_2": null,
        "other_wa_2": null,
        "other_soli": null,
        "other_drys": null,
        "other_marc": null,
        "other_wash": null,
        "other_impr": null,
        "type_dis_1": null,
        "other_ty_3": null,
        "other_ch_3": null,
        "other_prov": null,
        "other_ch_4": null,
        "other_ad_3": null,
        "other_im_1": null,
        "kind_insti": null,
        "layer": "Garissa Schools",
        "path": "C:/Users/USER/OneDrive - ACTED/Desktop/Garissa County Capacity Building - REACH/Training Materials/Modules/Training Data/Garissa HF and Schools/Garissa HF and Schools/Garissa Schools.geojson",
        "Risk_Level": "High Risk",
        "Distance_to_Flood_km": "0.15",
        "Poverty_Rate": "0.8",
        "Food_Poverty_Rate": "0.6",
        "Avg_HH_Income": "5169",
        "Avg_HH_Expenditure": "6177",
        "HH_Cash_Gap": "-1008",
        "Post_Assistance_Income": "13927",
        "Post_Assistance_Expenditure": "11092",
        "Post_Assistance_Surplus": "2835",
        "Vulnerability_Index": "0.797",
        "Wasting_Rate": "0.16",
        "marker_emoji": "🏫",
        "Author": "Garissa GIS Directorate — James M. Mburu",
        "NN_Vulnerability_Score": "0.551",
        "NN_Risk_Class": "High",
        "tana_buffer_zone": false
      },
      "geometry": {
        "type": "Point",
        "coordinates": [
          39.74447010000006,
          0.458701
        ]
      }
    },
    {
      "type": "Feature",
      "properties": {
        "OBJECTID": "568",
        "county": "garissa",
        "camp": null,
        "camp_locat": null,
        "school_nam": "Bersaben Primary School",
        "school_typ": "day school",
        "school_lev": "pre primary lower primary",
        "role_respo": null,
        "other_role": null,
        "resp_gende": null,
        "other_gend": null,
        "allow_obse": null,
        "duration_w": null,
        "num_malest": "2.0",
        "num_female": null,
        "Total_staf": "2",
        "gender_pup": "boys girls",
        "num_childb": "55.0",
        "num_chilgi": "50.0",
        "Total_chil": null,
        "drinking_w": "handpumps",
        "other_sour": null,
        "main_water": "morethan 500m fromcompound",
        "hygiene_wa": "water vendor",
        "other_so_1": null,
        "main_wat_1": null,
        "num_water_": null,
        "availabili": "2 3 days",
        "condition_": null,
        "other_cond": null,
        "reason_not": null,
        "what_damag": null,
        "other_what": null,
        "reason_cit": null,
        "efforts_ma": null,
        "accesibili": "yes",
        "adaptated_": "adequate space",
        "accesibi_1": "no",
        "adapted_to": null,
        "water_avai": "no",
        "days_water": null,
        "cause_of_l": null,
        "other_caus": null,
        "adaptation": "fetch outside school",
        "other_adap": null,
        "storage_fa": "no",
        "total_capa": null,
        "num_litres": null,
        "school_pur": "no",
        "treatment_": null,
        "other_trea": null,
        "waterborne": "yes",
        "waterbor_1": "110",
        "availabi_1": "no water school",
        "other_avai": null,
        "challenges": "waterpoints expensive infrastructure damaged lack proper storage",
        "other_chal": null,
        "main_sourc": "water vendor",
        "satisfied_": "no",
        "methods_wa": "boiling",
        "other_meth": null,
        "challenge_": "lack water treatment lack storage facility",
        "main_type_": "pit latrine slab",
        "other_main": null,
        "studentsta": "no",
        "type_stude": null,
        "other_type": null,
        "pupils_sep": null,
        "total_at_s": null,
        "girls_toil": null,
        "boys_toile": null,
        "Total_pupi": null,
        "ratio_pupi": null,
        "pupils_sha": null,
        "pupils_toi": null,
        "student_cl": null,
        "reason_toi": null,
        "pupils_san": null,
        "items_pupi": null,
        "type_staff": null,
        "other_ty_1": null,
        "teachers_s": null,
        "total_toil": null,
        "female_onl": null,
        "male_only_": null,
        "Total_st_1": "0",
        "ratio_staf": null,
        "shared_toi": null,
        "staff_toil": null,
        "staff_clea": null,
        "reason_sta": null,
        "staff_sani": null,
        "items_staf": null,
        "mixed_fema": "1.0",
        "mixed_male": null,
        "Toilets_mi": null,
        "Total_pu_1": null,
        "ratio_mixe": null,
        "mixed_hcle": "2 4 days",
        "reason_hmi": null,
        "school_san": null,
        "items_mixe": null,
        "usable_toi": null,
        "modificati": null,
        "accessible": "no",
        "modication": null,
        "septic_tan": "no",
        "sludge_was": "openly dumped away",
        "classrooms": "2 4 days",
        "compound_c": "2 4 days",
        "reason_com": "lack adequate water lack of detergent lack protective clothe",
        "waste_gene": "Paper Plastic Glass",
        "collection": "burned on premises burned away premises burried covered premises",
        "waste_disp": "composit pit",
        "challeng_1": "lack bins lack awareness",
        "challeng_2": null,
        "traces_dea": "less 10days",
        "challeng_3": "lack sanitation facilities unclean unhygienic toilets lack privacy sanitation not segrgated sanitation difficult reach",
        "other_ch_1": null,
        "adaptati_1": "less preferred sanitation defecate in open",
        "adaptati_2": null,
        "num_handwa": null,
        "show_pupil": null,
        "water_av_1": null,
        "soap_avail": null,
        "water_av_2": null,
        "soap_ava_1": null,
        "reason_no_": null,
        "other_reas": null,
        "handwashin": null,
        "clear_sign": null,
        "accesible_": null,
        "handwash_1": null,
        "handwash_a": "no",
        "handwash_2": null,
        "items_avai": "none",
        "waste_segr": "toilets more5metres",
        "solidwaste": "burned on premises burned away premises burned covered premises openly dumped premises openly dumped away premises",
        "times_scho": "everyday",
        "hygiene_pr": "yes",
        "when_promo": "last 30days",
        "kind_hygie": null,
        "changes_du": "yes",
        "notable_be": "proper use toilets reduced open defaction reduced incidences waterborne better menst hygiene provision safe sanitation improved confidence students",
        "dryspell_e": "reduced water supply increased water cost disrupted water practices raised water quality",
        "march_may_": "increased water supply waterborn vector diseases flooding stagnant water",
        "effects_fl": "reduced extracurricula children commuting red enrollment rate",
        "wash_needs": "access to clean wataer accessibility inclusivity handwashing facilities",
        "improve_to": "assist building renovating advocacy awareness creation community mobilization WASH communities training teachers hygiene materials schools",
        "type_dispo": "none",
        "adequate_m": "No",
        "when_waste": "weekly",
        "water_soap": "no",
        "challeng_4": "inadequate bins",
        "provisions": "none above",
        "menstrual_": "no",
        "challeng_5": "lack menstrual supplies inadequately safe lack of privacy lack water soap insufficient water sources",
        "adapt_mens": "soap substitute less preferred product",
        "improve_me": "provision sanitary pads safe sanitation facilities",
        "teacher_in": "no",
        "enumerator": "There is no lack of water,class, toilet and there is nothing",
        "uuid": "283b4ceb-4122-420c-824b-b1e7982e461a",
        "longitude": "39.6454985",
        "latitude": "0.5465391",
        "sub_county": "Lagdera Sub County",
        "wash_nee_1": "1",
        "wash_nee_2": "0",
        "wash_nee_3": "0",
        "wash_nee_4": "0",
        "wash_nee_5": "1",
        "wash_nee_6": "0",
        "wash_nee_7": "1",
        "wash_nee_8": "0",
        "Population": "212",
        "female_toi": "50",
        "male_toile": "0",
        "Total_male": "0.0",
        "Total_fema": "1.0",
        "host_or_re": "host",
        "ward": "goreale",
        "Total_pu_2": "105.0",
        "Total_st_2": "107.0",
        "other_wate": null,
        "adapted__1": null,
        "other_ad_1": null,
        "Total_stud": "0.0",
        "ratio_stud": null,
        "items_pu_1": null,
        "items_pu_2": null,
        "items_pu_3": null,
        "items_pu_4": null,
        "items_pu_5": null,
        "items_pu_6": null,
        "other_item": null,
        "Total_mixe": "1.0",
        "ratio_mi_1": "107.0",
        "other_modi": null,
        "other_slud": null,
        "reason_cla": "lack adequate water lack of detergent",
        "other_wast": null,
        "other_coll": null,
        "other_wa_1": null,
        "challeng_6": null,
        "other_ch_2": null,
        "challeng_7": null,
        "challeng_8": null,
        "other_ad_2": null,
        "type_of_so": null,
        "other_ty_2": null,
        "source_of_": null,
        "other_so_2": null,
        "other_hand": null,
        "other_ha_1": null,
        "other_ha_2": null,
        "other_wa_2": null,
        "other_soli": null,
        "other_drys": null,
        "other_marc": null,
        "other_wash": null,
        "other_impr": null,
        "type_dis_1": null,
        "other_ty_3": null,
        "other_ch_3": null,
        "other_prov": null,
        "other_ch_4": null,
        "other_ad_3": null,
        "other_im_1": null,
        "kind_insti": null,
        "layer": "Garissa Schools",
        "path": "C:/Users/USER/OneDrive - ACTED/Desktop/Garissa County Capacity Building - REACH/Training Materials/Modules/Training Data/Garissa HF and Schools/Garissa HF and Schools/Garissa Schools.geojson",
        "Risk_Level": "High Risk",
        "Distance_to_Flood_km": "0.26",
        "Poverty_Rate": "0.8",
        "Food_Poverty_Rate": "0.6",
        "Avg_HH_Income": "5169",
        "Avg_HH_Expenditure": "6177",
        "HH_Cash_Gap": "-1008",
        "Post_Assistance_Income": "13927",
        "Post_Assistance_Expenditure": "11092",
        "Post_Assistance_Surplus": "2835",
        "Vulnerability_Index": "0.795",
        "Wasting_Rate": "0.16",
        "marker_emoji": "🏫",
        "Author": "Garissa GIS Directorate — James M. Mburu",
        "NN_Vulnerability_Score": "0.551",
        "NN_Risk_Class": "High",
        "tana_buffer_zone": false
      },
      "geometry": {
        "type": "Point",
        "coordinates": [
          39.64549850000003,
          0.546539100000075
        ]
      }
    },
    {
      "type": "Feature",
      "properties": {
        "OBJECTID": "569",
        "county": "garissa",
        "camp": null,
        "camp_locat": null,
        "school_nam": "Baraki Primary School",
        "school_typ": "day and boarding",
        "school_lev": "pre primary lower primary Junior secondary upper primary",
        "role_respo": null,
        "other_role": null,
        "resp_gende": null,
        "other_gend": null,
        "allow_obse": null,
        "duration_w": null,
        "num_malest": "9.0",
        "num_female": "2.0",
        "Total_staf": "11",
        "gender_pup": "boys girls",
        "num_childb": "150.0",
        "num_chilgi": null,
        "Total_chil": null,
        "drinking_w": "bore hole",
        "other_sour": null,
        "main_water": "approx 200m fromcompound",
        "hygiene_wa": "tap stand",
        "other_so_1": null,
        "main_wat_1": null,
        "num_water_": "7.0",
        "availabili": "4 7 days",
        "condition_": null,
        "other_cond": null,
        "reason_not": null,
        "what_damag": null,
        "other_what": null,
        "reason_cit": null,
        "efforts_ma": null,
        "accesibili": "yes",
        "adaptated_": "adequate space",
        "accesibi_1": "no",
        "adapted_to": null,
        "water_avai": "no",
        "days_water": null,
        "cause_of_l": null,
        "other_caus": null,
        "adaptation": "spend money otherpurposes",
        "other_adap": null,
        "storage_fa": "yes",
        "total_capa": "16000.0",
        "num_litres": "200.0",
        "school_pur": "no",
        "treatment_": null,
        "other_trea": null,
        "waterborne": "no",
        "waterbor_1": null,
        "availabi_1": "water sources increased",
        "other_avai": null,
        "challenges": "infrastructure damaged",
        "other_chal": null,
        "main_sourc": "tap stand",
        "satisfied_": "yes",
        "methods_wa": null,
        "other_meth": null,
        "challenge_": "no challenge",
        "main_type_": "pit latrine slab",
        "other_main": null,
        "studentsta": "yes",
        "type_stude": "pit latrine slab",
        "other_type": null,
        "pupils_sep": "yes",
        "total_at_s": null,
        "girls_toil": "4.0",
        "boys_toile": "4.0",
        "Total_pupi": null,
        "ratio_pupi": null,
        "pupils_sha": "0.0",
        "pupils_toi": "Within school building",
        "student_cl": "Daily",
        "reason_toi": null,
        "pupils_san": "door walls lock",
        "items_pupi": "water",
        "type_staff": "pit latrine slab",
        "other_ty_1": null,
        "teachers_s": "yes",
        "total_toil": null,
        "female_onl": "1.0",
        "male_only_": "1.0",
        "Total_st_1": "2",
        "ratio_staf": "5.5",
        "shared_toi": "0.0",
        "staff_toil": "Within school building",
        "staff_clea": "Daily",
        "reason_sta": null,
        "staff_sani": "door walls",
        "items_staf": "water",
        "mixed_fema": null,
        "mixed_male": null,
        "Toilets_mi": null,
        "Total_pu_1": null,
        "ratio_mixe": null,
        "mixed_hcle": null,
        "reason_hmi": null,
        "school_san": null,
        "items_mixe": null,
        "usable_toi": "no",
        "modificati": null,
        "accessible": "no",
        "modication": null,
        "septic_tan": "yes",
        "sludge_was": "dig another latrine",
        "classrooms": "Daily",
        "compound_c": "Daily",
        "reason_com": null,
        "waste_gene": "Paper",
        "collection": "burned on premises",
        "waste_disp": "composit pit",
        "challeng_1": "no challenge",
        "challeng_2": "0",
        "traces_dea": "never visible",
        "challeng_3": "lack sanitation facilities",
        "other_ch_1": null,
        "adaptati_1": "school no issue",
        "adaptati_2": null,
        "num_handwa": "2 15",
        "show_pupil": "allow",
        "water_av_1": "water available",
        "soap_avail": "soap not available",
        "water_av_2": null,
        "soap_ava_1": null,
        "reason_no_": "lack financial resources",
        "other_reas": null,
        "handwashin": "classrooms more than 5metres",
        "clear_sign": "yes",
        "accesible_": "no",
        "handwash_1": null,
        "handwash_a": "no",
        "handwash_2": null,
        "items_avai": "water",
        "waste_segr": "classrooms",
        "solidwaste": "burned on premises",
        "times_scho": "everyday",
        "hygiene_pr": "yes",
        "when_promo": "last 30days",
        "kind_hygie": null,
        "changes_du": "yes",
        "notable_be": "increased hand practices maintenance facilities proper disposal waste",
        "dryspell_e": "reduced water supply",
        "march_may_": "toilets Infrastructure damage",
        "effects_fl": "children commuting",
        "wash_needs": "infrastructure handwashing facilities sanitation facilities",
        "improve_to": "hygiene materials schools hygiene promotion WASH communities",
        "type_dispo": "compost pits",
        "adequate_m": "some bathrooms toilets",
        "when_waste": "monthly",
        "water_soap": "water but nosoap",
        "challeng_4": "inadequate bins",
        "provisions": "MHM materials",
        "menstrual_": "yes free",
        "challeng_5": "lack menstrual supplies lack water soap",
        "adapt_mens": "girls to sort issue",
        "improve_me": "provision sanitary pads safe sanitation facilities",
        "teacher_in": "yes",
        "enumerator": null,
        "uuid": "482d4a2c-78c2-4ca2-a6ce-b6aba0d2e885",
        "longitude": "39.5804113",
        "latitude": "0.6608817",
        "sub_county": "Lagdera Sub County",
        "wash_nee_1": "0",
        "wash_nee_2": "1",
        "wash_nee_3": "0",
        "wash_nee_4": "0",
        "wash_nee_5": "1",
        "wash_nee_6": "0",
        "wash_nee_7": "0",
        "wash_nee_8": "1",
        "Population": "39",
        "female_toi": "0",
        "male_toile": "32",
        "Total_male": "5.0",
        "Total_fema": "5.0",
        "host_or_re": "host",
        "ward": "baraki",
        "Total_pu_2": "150.0",
        "Total_st_2": "161.0",
        "other_wate": null,
        "adapted__1": null,
        "other_ad_1": null,
        "Total_stud": "8.0",
        "ratio_stud": "18.75",
        "items_pu_1": "0",
        "items_pu_2": "0",
        "items_pu_3": "1",
        "items_pu_4": "0",
        "items_pu_5": "0",
        "items_pu_6": "0",
        "other_item": null,
        "Total_mixe": "0.0",
        "ratio_mi_1": null,
        "other_modi": null,
        "other_slud": null,
        "reason_cla": null,
        "other_wast": null,
        "other_coll": null,
        "other_wa_1": null,
        "challeng_6": "1",
        "other_ch_2": null,
        "challeng_7": null,
        "challeng_8": null,
        "other_ad_2": null,
        "type_of_so": null,
        "other_ty_2": null,
        "source_of_": null,
        "other_so_2": null,
        "other_hand": null,
        "other_ha_1": null,
        "other_ha_2": null,
        "other_wa_2": null,
        "other_soli": null,
        "other_drys": null,
        "other_marc": null,
        "other_wash": null,
        "other_impr": null,
        "type_dis_1": "0.0",
        "other_ty_3": null,
        "other_ch_3": null,
        "other_prov": null,
        "other_ch_4": null,
        "other_ad_3": null,
        "other_im_1": null,
        "kind_insti": null,
        "layer": "Garissa Schools",
        "path": "C:/Users/USER/OneDrive - ACTED/Desktop/Garissa County Capacity Building - REACH/Training Materials/Modules/Training Data/Garissa HF and Schools/Garissa HF and Schools/Garissa Schools.geojson",
        "Risk_Level": "High Risk",
        "Distance_to_Flood_km": "0.0",
        "Poverty_Rate": "0.8",
        "Food_Poverty_Rate": "0.6",
        "Avg_HH_Income": "5169",
        "Avg_HH_Expenditure": "6177",
        "HH_Cash_Gap": "-1008",
        "Post_Assistance_Income": "13927",
        "Post_Assistance_Expenditure": "11092",
        "Post_Assistance_Surplus": "2835",
        "Vulnerability_Index": "0.8",
        "Wasting_Rate": "0.16",
        "marker_emoji": "🏫",
        "Author": "Garissa GIS Directorate — James M. Mburu",
        "NN_Vulnerability_Score": "0.551",
        "NN_Risk_Class": "High",
        "tana_buffer_zone": false
      },
      "geometry": {
        "type": "Point",
        "coordinates": [
          39.58041130000004,
          0.660881700000061
        ]
      }
    },
    {
      "type": "Feature",
      "properties": {
        "OBJECTID": "564",
        "county": "garissa",
        "camp": null,
        "camp_locat": null,
        "school_nam": "Garafu Pri Sch",
        "school_typ": "day and boarding",
        "school_lev": "pre primary lower primary upper primary Junior secondary",
        "role_respo": null,
        "other_role": null,
        "resp_gende": null,
        "other_gend": null,
        "allow_obse": null,
        "duration_w": null,
        "num_malest": "5.0",
        "num_female": "5.0",
        "Total_staf": "10",
        "gender_pup": "boys girls",
        "num_childb": "186.0",
        "num_chilgi": "160.0",
        "Total_chil": null,
        "drinking_w": "tap stand",
        "other_sour": null,
        "main_water": "on premises",
        "hygiene_wa": "tap stand",
        "other_so_1": null,
        "main_wat_1": null,
        "num_water_": "2.0",
        "availabili": "2 3 days",
        "condition_": null,
        "other_cond": null,
        "reason_not": null,
        "what_damag": null,
        "other_what": null,
        "reason_cit": null,
        "efforts_ma": null,
        "accesibili": "yes",
        "adaptated_": "adequate space",
        "accesibi_1": "yes",
        "adapted_to": "children friendly handles",
        "water_avai": "yes",
        "days_water": "3 weeks",
        "cause_of_l": "lack adquate storage water infrastructure damaged increased num pupils",
        "other_caus": null,
        "adaptation": null,
        "other_adap": null,
        "storage_fa": "yes",
        "total_capa": "20000.0",
        "num_litres": "500.0",
        "school_pur": "no",
        "treatment_": null,
        "other_trea": null,
        "waterborne": "no",
        "waterbor_1": null,
        "availabi_1": "water system damaged",
        "other_avai": null,
        "challenges": "waterpoints too far infrastructure damaged waterpoints expensive",
        "other_chal": null,
        "main_sourc": "tap stand",
        "satisfied_": "yes",
        "methods_wa": null,
        "other_meth": null,
        "challenge_": "lack water treatment high costs",
        "main_type_": "pit latrine slab",
        "other_main": null,
        "studentsta": "no",
        "type_stude": null,
        "other_type": null,
        "pupils_sep": null,
        "total_at_s": null,
        "girls_toil": null,
        "boys_toile": null,
        "Total_pupi": null,
        "ratio_pupi": null,
        "pupils_sha": null,
        "pupils_toi": null,
        "student_cl": null,
        "reason_toi": null,
        "pupils_san": null,
        "items_pupi": null,
        "type_staff": null,
        "other_ty_1": null,
        "teachers_s": null,
        "total_toil": null,
        "female_onl": null,
        "male_only_": null,
        "Total_st_1": "0",
        "ratio_staf": null,
        "shared_toi": null,
        "staff_toil": null,
        "staff_clea": null,
        "reason_sta": null,
        "staff_sani": null,
        "items_staf": null,
        "mixed_fema": "2.0",
        "mixed_male": "2.0",
        "Toilets_mi": null,
        "Total_pu_1": null,
        "ratio_mixe": null,
        "mixed_hcle": "2 4 days",
        "reason_hmi": null,
        "school_san": null,
        "items_mixe": null,
        "usable_toi": null,
        "modificati": null,
        "accessible": "no",
        "modication": null,
        "septic_tan": "no",
        "sludge_was": "dig another latrine",
        "classrooms": "Daily",
        "compound_c": "Daily",
        "reason_com": null,
        "waste_gene": "Paper Plastic",
        "collection": "burned away premises",
        "waste_disp": "composit pit",
        "challeng_1": "lack bins",
        "challeng_2": null,
        "traces_dea": "never visible",
        "challeng_3": "lack sanitation facilities damages sanitation facilities sanitation not segrgated sanitation not functioning",
        "other_ch_1": null,
        "adaptati_1": "less preferred sanitation",
        "adaptati_2": null,
        "num_handwa": "2 15",
        "show_pupil": "allow",
        "water_av_1": "water available",
        "soap_avail": "soap not available",
        "water_av_2": null,
        "soap_ava_1": null,
        "reason_no_": "soap too expensive",
        "other_reas": null,
        "handwashin": "five metres toilet more than 5metres classrooms",
        "clear_sign": "yes",
        "accesible_": "yes",
        "handwash_1": "low height taps adequate space",
        "handwash_a": "yes",
        "handwash_2": "lower taps",
        "items_avai": "water",
        "waste_segr": "toilets within5metres",
        "solidwaste": "burned on premises",
        "times_scho": "every two three",
        "hygiene_pr": "yes",
        "when_promo": "last 30days",
        "kind_hygie": null,
        "changes_du": "yes",
        "notable_be": "improved hand techniques increased hand practices proper use toilets reduced open defaction better menst hygiene",
        "dryspell_e": "reduced water supply increased water cost",
        "march_may_": "access sanitation affected waste management system water Infrastructure damage toilets Infrastructure damage classrooms Infrastructure damage",
        "effects_fl": "reduced extracurricula inability to learn",
        "wash_needs": "access to clean wataer hygiene promotion menstrual management",
        "improve_to": "assist building renovating hygiene materials schools part of wash projects continous inspection",
        "type_dispo": "compost pits",
        "adequate_m": "No",
        "when_waste": "weekly",
        "water_soap": "water but nosoap",
        "challeng_4": "inadequate bins too expensive",
        "provisions": "MHM education girls MHM education girls boys",
        "menstrual_": "no",
        "challeng_5": "rely on donations lack menstrual supplies inadequately safe",
        "adapt_mens": "girls to sort issue less preferred product",
        "improve_me": "safe sanitation facilities provision sanitary pads",
        "teacher_in": "yes",
        "enumerator": "No comments",
        "uuid": "ba375908-4e8e-4806-8f99-4ebebaa5a4f1",
        "longitude": "39.4582283",
        "latitude": "0.8011836",
        "sub_county": "Lagdera Sub County",
        "wash_nee_1": "1",
        "wash_nee_2": "0",
        "wash_nee_3": "1",
        "wash_nee_4": "0",
        "wash_nee_5": "0",
        "wash_nee_6": "1",
        "wash_nee_7": "0",
        "wash_nee_8": "0",
        "Population": "176",
        "female_toi": "83",
        "male_toile": "96",
        "Total_male": "2.0",
        "Total_fema": "2.0",
        "host_or_re": "host",
        "ward": "sabena",
        "Total_pu_2": "346.0",
        "Total_st_2": "356.0",
        "other_wate": null,
        "adapted__1": null,
        "other_ad_1": null,
        "Total_stud": "0.0",
        "ratio_stud": null,
        "items_pu_1": null,
        "items_pu_2": null,
        "items_pu_3": null,
        "items_pu_4": null,
        "items_pu_5": null,
        "items_pu_6": null,
        "other_item": null,
        "Total_mixe": "4.0",
        "ratio_mi_1": "89.0",
        "other_modi": null,
        "other_slud": null,
        "reason_cla": null,
        "other_wast": null,
        "other_coll": null,
        "other_wa_1": null,
        "challeng_6": null,
        "other_ch_2": null,
        "challeng_7": null,
        "challeng_8": null,
        "other_ad_2": null,
        "type_of_so": null,
        "other_ty_2": null,
        "source_of_": null,
        "other_so_2": null,
        "other_hand": null,
        "other_ha_1": null,
        "other_ha_2": null,
        "other_wa_2": null,
        "other_soli": null,
        "other_drys": null,
        "other_marc": null,
        "other_wash": null,
        "other_impr": null,
        "type_dis_1": null,
        "other_ty_3": null,
        "other_ch_3": null,
        "other_prov": null,
        "other_ch_4": null,
        "other_ad_3": null,
        "other_im_1": null,
        "kind_insti": null,
        "layer": "Garissa Schools",
        "path": "C:/Users/USER/OneDrive - ACTED/Desktop/Garissa County Capacity Building - REACH/Training Materials/Modules/Training Data/Garissa HF and Schools/Garissa HF and Schools/Garissa Schools.geojson",
        "Risk_Level": "High Risk",
        "Distance_to_Flood_km": "0.0",
        "Poverty_Rate": "0.8",
        "Food_Poverty_Rate": "0.6",
        "Avg_HH_Income": "5169",
        "Avg_HH_Expenditure": "6177",
        "HH_Cash_Gap": "-1008",
        "Post_Assistance_Income": "13927",
        "Post_Assistance_Expenditure": "11092",
        "Post_Assistance_Surplus": "2835",
        "Vulnerability_Index": "0.8",
        "Wasting_Rate": "0.16",
        "marker_emoji": "🏫",
        "Author": "Garissa GIS Directorate — James M. Mburu",
        "NN_Vulnerability_Score": "0.551",
        "NN_Risk_Class": "High",
        "tana_buffer_zone": false
      },
      "geometry": {
        "type": "Point",
        "coordinates": [
          39.45822830000003,
          0.801183600000059
        ]
      }
    },
    {
      "type": "Feature",
      "properties": {
        "OBJECTID": "570",
        "county": "garissa",
        "camp": null,
        "camp_locat": null,
        "school_nam": "Hagar Primary School",
        "school_typ": "day school",
        "school_lev": "pre primary lower primary upper primary",
        "role_respo": null,
        "other_role": null,
        "resp_gende": null,
        "other_gend": null,
        "allow_obse": null,
        "duration_w": null,
        "num_malest": "3.0",
        "num_female": null,
        "Total_staf": "3",
        "gender_pup": "boys girls",
        "num_childb": "150.0",
        "num_chilgi": "50.0",
        "Total_chil": null,
        "drinking_w": "no water source",
        "other_sour": null,
        "main_water": null,
        "hygiene_wa": "no water source",
        "other_so_1": null,
        "main_wat_1": null,
        "num_water_": null,
        "availabili": null,
        "condition_": null,
        "other_cond": null,
        "reason_not": null,
        "what_damag": null,
        "other_what": null,
        "reason_cit": null,
        "efforts_ma": null,
        "accesibili": "no",
        "adaptated_": null,
        "accesibi_1": "no",
        "adapted_to": null,
        "water_avai": "no",
        "days_water": null,
        "cause_of_l": null,
        "other_caus": null,
        "adaptation": "children bring water home",
        "other_adap": null,
        "storage_fa": "no",
        "total_capa": null,
        "num_litres": null,
        "school_pur": "no",
        "treatment_": null,
        "other_trea": null,
        "waterborne": "no",
        "waterbor_1": null,
        "availabi_1": "no water school",
        "other_avai": null,
        "challenges": "irregular water supply lack proper storage",
        "other_chal": null,
        "main_sourc": "no water source",
        "satisfied_": "no",
        "methods_wa": "no method",
        "other_meth": null,
        "challenge_": "lack storage facility",
        "main_type_": "pit latrine slab",
        "other_main": null,
        "studentsta": "yes",
        "type_stude": "pit latrine slab",
        "other_type": null,
        "pupils_sep": "no",
        "total_at_s": null,
        "girls_toil": null,
        "boys_toile": null,
        "Total_pupi": null,
        "ratio_pupi": null,
        "pupils_sha": null,
        "pupils_toi": "Within school building",
        "student_cl": "Daily",
        "reason_toi": null,
        "pupils_san": "door walls",
        "items_pupi": "water",
        "type_staff": "pit latrine slab",
        "other_ty_1": null,
        "teachers_s": "yes",
        "total_toil": null,
        "female_onl": "1.0",
        "male_only_": "1.0",
        "Total_st_1": "2",
        "ratio_staf": "1.5",
        "shared_toi": "0.0",
        "staff_toil": "Within school building",
        "staff_clea": "Daily",
        "reason_sta": null,
        "staff_sani": "door walls",
        "items_staf": "water",
        "mixed_fema": null,
        "mixed_male": null,
        "Toilets_mi": null,
        "Total_pu_1": null,
        "ratio_mixe": null,
        "mixed_hcle": null,
        "reason_hmi": null,
        "school_san": null,
        "items_mixe": null,
        "usable_toi": "no",
        "modificati": null,
        "accessible": "no",
        "modication": null,
        "septic_tan": "yes",
        "sludge_was": "dig another latrine",
        "classrooms": "Daily",
        "compound_c": "Daily",
        "reason_com": null,
        "waste_gene": "Paper",
        "collection": "burned on premises",
        "waste_disp": "none",
        "challeng_1": "lack bins",
        "challeng_2": "0",
        "traces_dea": "never visible",
        "challeng_3": "persons disability noaccess no access sanitation",
        "other_ch_1": null,
        "adaptati_1": "communal sanitation facilities",
        "adaptati_2": null,
        "num_handwa": null,
        "show_pupil": null,
        "water_av_1": null,
        "soap_avail": null,
        "water_av_2": null,
        "soap_ava_1": null,
        "reason_no_": null,
        "other_reas": null,
        "handwashin": null,
        "clear_sign": null,
        "accesible_": null,
        "handwash_1": null,
        "handwash_a": "no",
        "handwash_2": null,
        "items_avai": "water",
        "waste_segr": "toilets more5metres",
        "solidwaste": "burned on premises",
        "times_scho": "every two three",
        "hygiene_pr": "yes",
        "when_promo": "last 30days",
        "kind_hygie": null,
        "changes_du": "yes",
        "notable_be": "proper use toilets",
        "dryspell_e": "no effect",
        "march_may_": "toilets Infrastructure damage",
        "effects_fl": "no effect",
        "wash_needs": "waste management handwashing facilities menstrual management",
        "improve_to": "hygiene promotion community mobilization WASH communities",
        "type_dispo": "compost pits",
        "adequate_m": "some bathrooms toilets",
        "when_waste": "monthly",
        "water_soap": "no",
        "challeng_4": "inadequate bins",
        "provisions": "none above",
        "menstrual_": "no",
        "challeng_5": "lack menstrual supplies lack water soap",
        "adapt_mens": "soap substitute",
        "improve_me": "provision sanitary pads",
        "teacher_in": "no",
        "enumerator": "There is lack of water, toilets, handwashing facilities",
        "uuid": "53e1f536-4366-404e-938c-f130c72b4f75",
        "longitude": "39.3895066",
        "latitude": "0.8158272",
        "sub_county": "Lagdera Sub County",
        "wash_nee_1": "0",
        "wash_nee_2": "0",
        "wash_nee_3": "0",
        "wash_nee_4": "1",
        "wash_nee_5": "1",
        "wash_nee_6": "1",
        "wash_nee_7": "0",
        "wash_nee_8": "0",
        "Population": "0",
        "female_toi": "50",
        "male_toile": "153",
        "Total_male": "1.0",
        "Total_fema": "1.0",
        "host_or_re": "host",
        "ward": "sabena",
        "Total_pu_2": "200.0",
        "Total_st_2": "203.0",
        "other_wate": null,
        "adapted__1": null,
        "other_ad_1": null,
        "Total_stud": "0.0",
        "ratio_stud": null,
        "items_pu_1": "0",
        "items_pu_2": "0",
        "items_pu_3": "1",
        "items_pu_4": "0",
        "items_pu_5": "0",
        "items_pu_6": "0",
        "other_item": null,
        "Total_mixe": "0.0",
        "ratio_mi_1": null,
        "other_modi": null,
        "other_slud": null,
        "reason_cla": null,
        "other_wast": null,
        "other_coll": null,
        "other_wa_1": null,
        "challeng_6": null,
        "other_ch_2": null,
        "challeng_7": null,
        "challeng_8": null,
        "other_ad_2": null,
        "type_of_so": null,
        "other_ty_2": null,
        "source_of_": null,
        "other_so_2": null,
        "other_hand": null,
        "other_ha_1": null,
        "other_ha_2": null,
        "other_wa_2": null,
        "other_soli": null,
        "other_drys": null,
        "other_marc": null,
        "other_wash": null,
        "other_impr": null,
        "type_dis_1": "0.0",
        "other_ty_3": null,
        "other_ch_3": null,
        "other_prov": null,
        "other_ch_4": null,
        "other_ad_3": null,
        "other_im_1": null,
        "kind_insti": null,
        "layer": "Garissa Schools",
        "path": "C:/Users/USER/OneDrive - ACTED/Desktop/Garissa County Capacity Building - REACH/Training Materials/Modules/Training Data/Garissa HF and Schools/Garissa HF and Schools/Garissa Schools.geojson",
        "Risk_Level": "Medium Risk",
        "Distance_to_Flood_km": "1.33",
        "Poverty_Rate": "0.8",
        "Food_Poverty_Rate": "0.6",
        "Avg_HH_Income": "5169",
        "Avg_HH_Expenditure": "6177",
        "HH_Cash_Gap": "-1008",
        "Post_Assistance_Income": "13927",
        "Post_Assistance_Expenditure": "11092",
        "Post_Assistance_Surplus": "2835",
        "Vulnerability_Index": "0.683",
        "Wasting_Rate": "0.16",
        "marker_emoji": "🏫",
        "Author": "Garissa GIS Directorate — James M. Mburu",
        "NN_Vulnerability_Score": "0.551",
        "NN_Risk_Class": "High",
        "tana_buffer_zone": false
      },
      "geometry": {
        "type": "Point",
        "coordinates": [
          39.38950660000006,
          0.815827200000058
        ]
      }
    },
    {
      "type": "Feature",
      "properties": {
        "OBJECTID": "625",
        "county": "garissa",
        "camp": null,
        "camp_locat": null,
        "school_nam": "Skanska Primary School",
        "school_typ": "day school",
        "school_lev": "pre primary lower primary upper primary Junior secondary",
        "role_respo": null,
        "other_role": null,
        "resp_gende": null,
        "other_gend": null,
        "allow_obse": null,
        "duration_w": null,
        "num_malest": "6.0",
        "num_female": "1.0",
        "Total_staf": "7",
        "gender_pup": "boys girls",
        "num_childb": "127.0",
        "num_chilgi": "162.0",
        "Total_chil": null,
        "drinking_w": "surface water",
        "other_sour": null,
        "main_water": "approx 500m fromcompound",
        "hygiene_wa": "piped into school",
        "other_so_1": null,
        "main_wat_1": null,
        "num_water_": null,
        "availabili": null,
        "condition_": null,
        "other_cond": null,
        "reason_not": null,
        "what_damag": null,
        "other_what": null,
        "reason_cit": null,
        "efforts_ma": null,
        "accesibili": "yes",
        "adaptated_": "tap can be reached adequate space clear path without obstructions",
        "accesibi_1": "no",
        "adapted_to": null,
        "water_avai": "yes",
        "days_water": "2 weeks",
        "cause_of_l": "lack sufficient water water infrastructure damaged",
        "other_caus": null,
        "adaptation": null,
        "other_adap": null,
        "storage_fa": "yes",
        "total_capa": "15000.0",
        "num_litres": "300.0",
        "school_pur": "no",
        "treatment_": null,
        "other_trea": null,
        "waterborne": "no",
        "waterbor_1": null,
        "availabi_1": "water sources increased water system damaged",
        "other_avai": null,
        "challenges": "children no access water not quality water notsource functional",
        "other_chal": null,
        "main_sourc": "surface water",
        "satisfied_": "no",
        "methods_wa": "boiling",
        "other_meth": null,
        "challenge_": "limited access water lack water treatment",
        "main_type_": "pit latrine slab",
        "other_main": null,
        "studentsta": "no",
        "type_stude": null,
        "other_type": null,
        "pupils_sep": null,
        "total_at_s": null,
        "girls_toil": null,
        "boys_toile": null,
        "Total_pupi": null,
        "ratio_pupi": null,
        "pupils_sha": null,
        "pupils_toi": null,
        "student_cl": null,
        "reason_toi": null,
        "pupils_san": null,
        "items_pupi": null,
        "type_staff": null,
        "other_ty_1": null,
        "teachers_s": null,
        "total_toil": null,
        "female_onl": null,
        "male_only_": null,
        "Total_st_1": "0",
        "ratio_staf": null,
        "shared_toi": null,
        "staff_toil": null,
        "staff_clea": null,
        "reason_sta": null,
        "staff_sani": null,
        "items_staf": null,
        "mixed_fema": "1.0",
        "mixed_male": "1.0",
        "Toilets_mi": null,
        "Total_pu_1": null,
        "ratio_mixe": null,
        "mixed_hcle": "2 4 days",
        "reason_hmi": null,
        "school_san": null,
        "items_mixe": null,
        "usable_toi": null,
        "modificati": null,
        "accessible": "no",
        "modication": null,
        "septic_tan": "no",
        "sludge_was": "dig another latrine",
        "classrooms": "Daily",
        "compound_c": "Daily",
        "reason_com": null,
        "waste_gene": "Paper Plastic",
        "collection": "burned on premises",
        "waste_disp": "general waste bins",
        "challeng_1": "lack bins lack awareness",
        "challeng_2": "0",
        "traces_dea": "never visible",
        "challeng_3": "lack sanitation facilities sanitation not segrgated sanitation difficult reach",
        "other_ch_1": null,
        "adaptati_1": "less preferred sanitation communal sanitation facilities",
        "adaptati_2": null,
        "num_handwa": "1",
        "show_pupil": "allow",
        "water_av_1": "water available",
        "soap_avail": "soap not available",
        "water_av_2": null,
        "soap_ava_1": null,
        "reason_no_": "run out soap",
        "other_reas": null,
        "handwashin": "school yard",
        "clear_sign": "no",
        "accesible_": "no",
        "handwash_1": null,
        "handwash_a": "no",
        "handwash_2": null,
        "items_avai": "water",
        "waste_segr": "playground outdoor",
        "solidwaste": "burned away premises",
        "times_scho": "everyday",
        "hygiene_pr": "no",
        "when_promo": null,
        "kind_hygie": null,
        "changes_du": null,
        "notable_be": null,
        "dryspell_e": "reduced water supply",
        "march_may_": "increased water supply",
        "effects_fl": "caused evacuation waterborne cases increased reduced extracurricula",
        "wash_needs": "access to clean wataer hygiene promotion menstrual management",
        "improve_to": "assist building renovating hygiene materials schools hygiene promotion",
        "type_dispo": "pit latrines",
        "adequate_m": "No",
        "when_waste": "weekly",
        "water_soap": "no",
        "challeng_4": "inadequate bins lack awareness",
        "provisions": "none above",
        "menstrual_": "no",
        "challeng_5": "lack menstrual supplies",
        "adapt_mens": "girls to sort issue",
        "improve_me": "safe sanitation facilities",
        "teacher_in": "no",
        "enumerator": "The interview ended well",
        "uuid": "51c76ddd-6ca0-487c-a7f3-505c91a02b8a",
        "longitude": "39.3067231",
        "latitude": "0.9039907",
        "sub_county": "Lagdera Sub County",
        "wash_nee_1": "1",
        "wash_nee_2": "0",
        "wash_nee_3": "1",
        "wash_nee_4": "0",
        "wash_nee_5": "0",
        "wash_nee_6": "1",
        "wash_nee_7": "0",
        "wash_nee_8": "0",
        "Population": "293",
        "female_toi": "163",
        "male_toile": "133",
        "Total_male": "1.0",
        "Total_fema": "1.0",
        "host_or_re": "host",
        "ward": "maalamin",
        "Total_pu_2": "289.0",
        "Total_st_2": "296.0",
        "other_wate": null,
        "adapted__1": null,
        "other_ad_1": null,
        "Total_stud": "0.0",
        "ratio_stud": null,
        "items_pu_1": null,
        "items_pu_2": null,
        "items_pu_3": null,
        "items_pu_4": null,
        "items_pu_5": null,
        "items_pu_6": null,
        "other_item": null,
        "Total_mixe": "2.0",
        "ratio_mi_1": "148.0",
        "other_modi": null,
        "other_slud": null,
        "reason_cla": null,
        "other_wast": null,
        "other_coll": null,
        "other_wa_1": null,
        "challeng_6": null,
        "other_ch_2": null,
        "challeng_7": null,
        "challeng_8": null,
        "other_ad_2": null,
        "type_of_so": null,
        "other_ty_2": null,
        "source_of_": null,
        "other_so_2": null,
        "other_hand": null,
        "other_ha_1": null,
        "other_ha_2": null,
        "other_wa_2": null,
        "other_soli": null,
        "other_drys": null,
        "other_marc": null,
        "other_wash": null,
        "other_impr": null,
        "type_dis_1": "1.0",
        "other_ty_3": null,
        "other_ch_3": null,
        "other_prov": null,
        "other_ch_4": null,
        "other_ad_3": null,
        "other_im_1": null,
        "kind_insti": null,
        "layer": "Garissa Schools",
        "path": "C:/Users/USER/OneDrive - ACTED/Desktop/Garissa County Capacity Building - REACH/Training Materials/Modules/Training Data/Garissa HF and Schools/Garissa HF and Schools/Garissa Schools.geojson",
        "Risk_Level": "Medium Risk",
        "Distance_to_Flood_km": "1.42",
        "Poverty_Rate": "0.8",
        "Food_Poverty_Rate": "0.6",
        "Avg_HH_Income": "5169",
        "Avg_HH_Expenditure": "6177",
        "HH_Cash_Gap": "-1008",
        "Post_Assistance_Income": "13927",
        "Post_Assistance_Expenditure": "11092",
        "Post_Assistance_Surplus": "2835",
        "Vulnerability_Index": "0.682",
        "Wasting_Rate": "0.16",
        "marker_emoji": "🏫",
        "Author": "Garissa GIS Directorate — James M. Mburu",
        "NN_Vulnerability_Score": "0.551",
        "NN_Risk_Class": "High",
        "tana_buffer_zone": false
      },
      "geometry": {
        "type": "Point",
        "coordinates": [
          39.306723100000056,
          0.903990700000065
        ]
      }
    },
    {
      "type": "Feature",
      "properties": {
        "OBJECTID": "619",
        "county": "garissa",
        "camp": null,
        "camp_locat": null,
        "school_nam": "Cheron Primary School",
        "school_typ": "day school",
        "school_lev": "pre primary lower primary",
        "role_respo": null,
        "other_role": null,
        "resp_gende": null,
        "other_gend": null,
        "allow_obse": null,
        "duration_w": null,
        "num_malest": "2.0",
        "num_female": "0.0",
        "Total_staf": "2",
        "gender_pup": "boys girls",
        "num_childb": "95.0",
        "num_chilgi": "70.0",
        "Total_chil": null,
        "drinking_w": "surface water",
        "other_sour": null,
        "main_water": null,
        "hygiene_wa": "no water source",
        "other_so_1": null,
        "main_wat_1": null,
        "num_water_": null,
        "availabili": null,
        "condition_": null,
        "other_cond": null,
        "reason_not": null,
        "what_damag": null,
        "other_what": null,
        "reason_cit": null,
        "efforts_ma": null,
        "accesibili": "no",
        "adaptated_": null,
        "accesibi_1": "no",
        "adapted_to": null,
        "water_avai": "no",
        "days_water": null,
        "cause_of_l": null,
        "other_caus": null,
        "adaptation": "fetch outside school surface water",
        "other_adap": null,
        "storage_fa": "no",
        "total_capa": null,
        "num_litres": null,
        "school_pur": "yes",
        "treatment_": "boiling",
        "other_trea": null,
        "waterborne": "no",
        "waterbor_1": null,
        "availabi_1": "water sources increased",
        "other_avai": null,
        "challenges": "waterpoints too far children no access disabled unable accesswaterpoints",
        "other_chal": null,
        "main_sourc": "surface water",
        "satisfied_": "no",
        "methods_wa": "boiling",
        "other_meth": null,
        "challenge_": "limited access water",
        "main_type_": "pit latrine slab",
        "other_main": null,
        "studentsta": "no",
        "type_stude": null,
        "other_type": null,
        "pupils_sep": null,
        "total_at_s": null,
        "girls_toil": null,
        "boys_toile": null,
        "Total_pupi": null,
        "ratio_pupi": null,
        "pupils_sha": null,
        "pupils_toi": null,
        "student_cl": null,
        "reason_toi": null,
        "pupils_san": null,
        "items_pupi": null,
        "type_staff": null,
        "other_ty_1": null,
        "teachers_s": null,
        "total_toil": null,
        "female_onl": null,
        "male_only_": null,
        "Total_st_1": "0",
        "ratio_staf": null,
        "shared_toi": null,
        "staff_toil": null,
        "staff_clea": null,
        "reason_sta": null,
        "staff_sani": null,
        "items_staf": null,
        "mixed_fema": "1.0",
        "mixed_male": "1.0",
        "Toilets_mi": null,
        "Total_pu_1": null,
        "ratio_mixe": null,
        "mixed_hcle": "2 4 days",
        "reason_hmi": null,
        "school_san": null,
        "items_mixe": null,
        "usable_toi": null,
        "modificati": null,
        "accessible": "no",
        "modication": null,
        "septic_tan": "no",
        "sludge_was": "dig another latrine",
        "classrooms": "2 4 days",
        "compound_c": "2 4 days",
        "reason_com": "lack adequate water",
        "waste_gene": "Paper",
        "collection": "burned on premises",
        "waste_disp": "general waste bins",
        "challeng_1": "lack awareness lack bins",
        "challeng_2": "0",
        "traces_dea": "never visible",
        "challeng_3": "lack sanitation facilities",
        "other_ch_1": null,
        "adaptati_1": "less preferred sanitation",
        "adaptati_2": null,
        "num_handwa": "0",
        "show_pupil": null,
        "water_av_1": null,
        "soap_avail": null,
        "water_av_2": null,
        "soap_ava_1": null,
        "reason_no_": null,
        "other_reas": null,
        "handwashin": null,
        "clear_sign": null,
        "accesible_": null,
        "handwash_1": null,
        "handwash_a": "no",
        "handwash_2": null,
        "items_avai": "none",
        "waste_segr": "none",
        "solidwaste": "burned away premises",
        "times_scho": "every two three",
        "hygiene_pr": "yes",
        "when_promo": "last 30days",
        "kind_hygie": null,
        "changes_du": "yes",
        "notable_be": "proper use toilets reduced open defaction maintenance facilities",
        "dryspell_e": "reduced water supply",
        "march_may_": "increased water supply",
        "effects_fl": "caused evacuation children commuting reduced extracurricula",
        "wash_needs": "access to clean wataer hygiene promotion sanitation facilities",
        "improve_to": "assist building renovating community sanitation",
        "type_dispo": "pit latrines",
        "adequate_m": "No",
        "when_waste": "dont know",
        "water_soap": "no",
        "challeng_4": "inadequate bins lack awareness",
        "provisions": "none above",
        "menstrual_": "no",
        "challeng_5": "inadequately safe lack of privacy lack menstruation hygiene",
        "adapt_mens": "girls to sort issue",
        "improve_me": "safe sanitation facilities",
        "teacher_in": "no",
        "enumerator": null,
        "uuid": "a3d2d736-f019-4c91-9102-ce57a35f8a98",
        "longitude": "39.3296498",
        "latitude": "0.9274186",
        "sub_county": "Lagdera Sub County",
        "wash_nee_1": "1",
        "wash_nee_2": "1",
        "wash_nee_3": "1",
        "wash_nee_4": "0",
        "wash_nee_5": "0",
        "wash_nee_6": "0",
        "wash_nee_7": "0",
        "wash_nee_8": "0",
        "Population": "166",
        "female_toi": "70",
        "male_toile": "97",
        "Total_male": "1.0",
        "Total_fema": "1.0",
        "host_or_re": "host",
        "ward": "maalamin",
        "Total_pu_2": "165.0",
        "Total_st_2": "167.0",
        "other_wate": null,
        "adapted__1": null,
        "other_ad_1": null,
        "Total_stud": "0.0",
        "ratio_stud": null,
        "items_pu_1": null,
        "items_pu_2": null,
        "items_pu_3": null,
        "items_pu_4": null,
        "items_pu_5": null,
        "items_pu_6": null,
        "other_item": null,
        "Total_mixe": "2.0",
        "ratio_mi_1": "83.5",
        "other_modi": null,
        "other_slud": null,
        "reason_cla": "lack adequate water",
        "other_wast": null,
        "other_coll": null,
        "other_wa_1": null,
        "challeng_6": null,
        "other_ch_2": null,
        "challeng_7": null,
        "challeng_8": null,
        "other_ad_2": null,
        "type_of_so": null,
        "other_ty_2": null,
        "source_of_": null,
        "other_so_2": null,
        "other_hand": null,
        "other_ha_1": null,
        "other_ha_2": null,
        "other_wa_2": null,
        "other_soli": null,
        "other_drys": null,
        "other_marc": null,
        "other_wash": null,
        "other_impr": null,
        "type_dis_1": "1.0",
        "other_ty_3": null,
        "other_ch_3": null,
        "other_prov": null,
        "other_ch_4": null,
        "other_ad_3": null,
        "other_im_1": null,
        "kind_insti": null,
        "layer": "Garissa Schools",
        "path": "C:/Users/USER/OneDrive - ACTED/Desktop/Garissa County Capacity Building - REACH/Training Materials/Modules/Training Data/Garissa HF and Schools/Garissa HF and Schools/Garissa Schools.geojson",
        "Risk_Level": "High Risk",
        "Distance_to_Flood_km": "0.0",
        "Poverty_Rate": "0.8",
        "Food_Poverty_Rate": "0.6",
        "Avg_HH_Income": "5169",
        "Avg_HH_Expenditure": "6177",
        "HH_Cash_Gap": "-1008",
        "Post_Assistance_Income": "13927",
        "Post_Assistance_Expenditure": "11092",
        "Post_Assistance_Surplus": "2835",
        "Vulnerability_Index": "0.8",
        "Wasting_Rate": "0.16",
        "marker_emoji": "🏫",
        "Author": "Garissa GIS Directorate — James M. Mburu",
        "NN_Vulnerability_Score": "0.551",
        "NN_Risk_Class": "High",
        "tana_buffer_zone": false
      },
      "geometry": {
        "type": "Point",
        "coordinates": [
          39.32964980000003,
          0.927418600000067
        ]
      }
    }
  ]
}