{
"type": "FeatureCollection",
"name": "tana_buffer_zone",
"crs": { "type": "name", "properties": { "name": "urn:ogc:def:crs:OGC:1.3:CRS84" } },
"features": [
{ "type": "Feature", "properties": { }, "geometry": { "type": "Polygon", "coordinates": [ [ [ 38.668065073930222, 0.492176140883607 ], [ 38.667900033297194, 0.492295867048029 ], [ 38.667842249201378, 0.492339466217602 ], [ 38.667192422607442, 0.492313369496858 ], [ 38.666325496231096, 0.492320684886995 ], [ 38.665463304003623, 0.492412059856086 ], [ 38.664613869629896, 0.492586644030976 ], [ 38.663668301544455, 0.492829347251489 ], [ 38.662725034033031, 0.493127974747025 ], [ 38.661820065329081, 0.493529117449624 ], [ 38.660964351043191, 0.494027919068738 ], [ 38.660168250509692, 0.494618341051422 ], [ 38.657234627794033, 0.497055689014901 ], [ 38.656756254069016, 0.497482829134289 ], [ 38.652563898421775, 0.501503363392428 ], [ 38.651971836129924, 0.502128063033005 ], [ 38.651441624611344, 0.502806735573687 ], [ 38.650978093045438, 0.50353319965066 ], [ 38.650585463294284, 0.504300838615438 ], [ 38.650267311450051, 0.505102660798839 ], [ 38.650026535263812, 0.505931363190516 ], [ 38.649865327752373, 0.506779397954118 ], [ 38.649785157223661, 0.507639041172394 ], [ 38.649786753902596, 0.508502463195963 ], [ 38.649870103279071, 0.509361799955317 ], [ 38.65003444623899, 0.510209224586188 ], [ 38.650278285977002, 0.511037018716476 ], [ 38.650599401627986, 0.511837642764871 ], [ 38.650994868493406, 0.512603804611419 ], [ 38.651461084678104, 0.513328526014347 ], [ 38.651993803895181, 0.514005206168208 ], [ 38.652588174140121, 0.514627681824629 ], [ 38.654178307225841, 0.516141307128545 ], [ 38.654784835663968, 0.516718986276613 ], [ 38.655368765626704, 0.517278356260049 ], [ 38.65604098754158, 0.517861431259178 ], [ 38.656767050196727, 0.518374929180511 ], [ 38.657539875491878, 0.518813844100974 ], [ 38.658351929446766, 0.51917389717617 ], [ 38.659195295646896, 0.519451578354406 ], [ 38.660061752417981, 0.519644180596028 ], [ 38.660942852976611, 0.519749826264584 ], [ 38.661830007775613, 0.519767485432288 ], [ 38.664226583127622, 0.519696008556381 ], [ 38.665228735814715, 0.519609430166271 ], [ 38.666215001372557, 0.519410656900413 ], [ 38.667782857672435, 0.519001613932877 ], [ 38.668333940982215, 0.518868696476506 ], [ 38.668817340070611, 0.518792652180713 ], [ 38.670210624870975, 0.519159099129839 ], [ 38.67100113501705, 0.519329183128722 ], [ 38.671803628984662, 0.519427070048571 ], [ 38.672611613997887, 0.519451967893247 ], [ 38.673750817445566, 0.519435464545044 ], [ 38.674650597629075, 0.519376890257722 ], [ 38.675540018952077, 0.519227845783742 ], [ 38.677165054767059, 0.518870372663412 ], [ 38.678103893542577, 0.518754248650472 ], [ 38.67814679812323, 0.518748836315384 ], [ 38.678230608701114, 0.518738057537521 ], [ 38.679463524328852, 0.518855597552789 ], [ 38.680737692903165, 0.5189991061299 ], [ 38.681395390339681, 0.519312365780627 ], [ 38.682294643606639, 0.519628411290357 ], [ 38.683222072797449, 0.51984687135439 ], [ 38.684167260355871, 0.519965292042517 ], [ 38.685119589242404, 0.519982343138696 ], [ 38.686854035391882, 0.519920797576861 ], [ 38.68742591292586, 0.52002411456031 ], [ 38.689664403946146, 0.520528642236615 ], [ 38.690482257412263, 0.520673398428823 ], [ 38.691309891952017, 0.520741541971398 ], [ 38.692140241382027, 0.52073249104984 ], [ 38.69381972782692, 0.520635940226899 ], [ 38.694536974991173, 0.520565572450113 ], [ 38.695246315628083, 0.52043757782473 ], [ 38.698187177383339, 0.519783422282928 ], [ 38.698979708211994, 0.519568491642112 ], [ 38.699749454932068, 0.519281666384741 ], [ 38.700489996875511, 0.518925338982995 ], [ 38.700644600961624, 0.518832628886049 ], [ 38.700822084622821, 0.519144348089334 ], [ 38.701347064679908, 0.519883197260454 ], [ 38.701942998302854, 0.520565323728932 ], [ 38.702603877466338, 0.521183850451328 ], [ 38.703323039372727, 0.521732541576153 ], [ 38.704093233623908, 0.522205865313049 ], [ 38.704906695317547, 0.52259904970389 ], [ 38.705755223330762, 0.522908130733597 ], [ 38.70663026300209, 0.523129992295604 ], [ 38.70752299237806, 0.52326239760879 ], [ 38.708424411154965, 0.52330401176941 ], [ 38.709325431418868, 0.523254415210264 ], [ 38.711096094400226, 0.523066830680919 ], [ 38.711254946196071, 0.524483569839361 ], [ 38.711402617659473, 0.525387291921577 ], [ 38.711640293225791, 0.526271353431808 ], [ 38.711965537248311, 0.527126694541296 ], [ 38.712375016680099, 0.527944549741201 ], [ 38.712899761507614, 0.528872540597598 ], [ 38.713359821071073, 0.529602629149343 ], [ 38.713887007776648, 0.53028517433458 ], [ 38.71447650700491, 0.530913942650851 ], [ 38.715122935047987, 0.531483191720444 ], [ 38.716873014797414, 0.532881529733657 ], [ 38.717644008297157, 0.533433557436289 ], [ 38.718468377840587, 0.533900929416263 ], [ 38.719336987045551, 0.534278465819129 ], [ 38.720076952396738, 0.534554539632447 ], [ 38.720923739661259, 0.534823377814959 ], [ 38.721792746068395, 0.535006785802255 ], [ 38.722675489209792, 0.535102973320923 ], [ 38.723563352586623, 0.535111001459951 ], [ 38.724447669716604, 0.53503079183637 ], [ 38.725319808729139, 0.534863127361118 ], [ 38.726171256622763, 0.534609644597691 ], [ 38.728422406525091, 0.53381576121967 ], [ 38.729123000401657, 0.533534945359881 ], [ 38.729797742542026, 0.533195990966297 ], [ 38.732596072107476, 0.531639349287936 ], [ 38.733647580075818, 0.530954011720359 ], [ 38.734511649900242, 0.530300511646661 ], [ 38.734842683541864, 0.530028807289345 ], [ 38.73547915238489, 0.530428478996951 ], [ 38.737366092452376, 0.53174678017179 ], [ 38.738344780600265, 0.532341446949539 ], [ 38.739137632129676, 0.532756370750961 ], [ 38.739919488961974, 0.533118772325831 ], [ 38.740732199173905, 0.533404212836072 ], [ 38.741504804713607, 0.533634427485766 ], [ 38.742506558580978, 0.53387107875558 ], [ 38.744312294989115, 0.534189143652342 ], [ 38.745491658470073, 0.534316877601716 ], [ 38.748372020114907, 0.534436217124431 ], [ 38.749253909758856, 0.534429156645768 ], [ 38.750130865764682, 0.534335113916328 ], [ 38.750994443094328, 0.534154994544805 ], [ 38.752124516859091, 0.53386040572234 ], [ 38.753201474021942, 0.533505364050097 ], [ 38.75479253560642, 0.532866431721013 ], [ 38.75519040703626, 0.532695369270539 ], [ 38.756105081078907, 0.532275624104425 ], [ 38.756519324994407, 0.532072457571088 ], [ 38.757426398812136, 0.53159823946416 ], [ 38.758168994497019, 0.531163435052195 ], [ 38.75886695831246, 0.530659239041836 ], [ 38.759513912695894, 0.53009025845762 ], [ 38.760103946181353, 0.529461692286806 ], [ 38.760631667415268, 0.528779283973822 ], [ 38.761092254419594, 0.528049268939828 ], [ 38.761481498652117, 0.527278317606716 ], [ 38.762425066298228, 0.525165053344329 ], [ 38.762571346439415, 0.524794783703735 ], [ 38.763284591663115, 0.525214738135726 ], [ 38.764063169042743, 0.525577732516593 ], [ 38.766408112265601, 0.52653696082093 ], [ 38.767149116891154, 0.52680267078939 ], [ 38.767910363144985, 0.527002133273677 ], [ 38.768686019130335, 0.527133820182533 ], [ 38.769470142554304, 0.527196722652141 ], [ 38.7701931721611, 0.527222748518715 ], [ 38.770411866376598, 0.527350201677815 ], [ 38.771476533394988, 0.528187941105093 ], [ 38.771806457990564, 0.528710267265406 ], [ 38.772327970965058, 0.529451007938385 ], [ 38.772920606711658, 0.530135398754545 ], [ 38.773578396882655, 0.530756547271419 ], [ 38.774294716959396, 0.531308197949174 ], [ 38.776377386975717, 0.532751300119011 ], [ 38.777254536130705, 0.533508915442487 ], [ 38.777296646572694, 0.533547142403275 ], [ 38.778466625529418, 0.535023430355268 ], [ 38.778586236102413, 0.535201776535201 ], [ 38.778794287957091, 0.535578794934354 ], [ 38.77951932133174, 0.53697391125103 ], [ 38.779879757208157, 0.537686348904984 ], [ 38.779948075083198, 0.537818677650456 ], [ 38.780574948452355, 0.539008828208321 ], [ 38.780844924571248, 0.539520509444576 ], [ 38.780949976741432, 0.539742718026841 ], [ 38.781738648116153, 0.541883869461238 ], [ 38.782132824319767, 0.542796567209975 ], [ 38.783055600589634, 0.544647528042058 ], [ 38.783538141260586, 0.545497377318103 ], [ 38.784109063723726, 0.546289770164301 ], [ 38.784615299491314, 0.546917858060401 ], [ 38.785198424129895, 0.547573420454322 ], [ 38.785842054929041, 0.548168852252987 ], [ 38.786540102854495, 0.548698520375801 ], [ 38.787495026396037, 0.549352301562125 ], [ 38.788146142433128, 0.549758348268359 ], [ 38.788829237984991, 0.550107108326899 ], [ 38.789539351519622, 0.550396048574428 ], [ 38.7916789726819, 0.551161579653666 ], [ 38.792160647899394, 0.551313513062833 ], [ 38.792179350776621, 0.551436189665866 ], [ 38.792402800282069, 0.552309731663118 ], [ 38.792711547631114, 0.55315653199941 ], [ 38.793102523687708, 0.553968172852496 ], [ 38.793571841898071, 0.554736585906341 ], [ 38.794114836924386, 0.555454132556423 ], [ 38.795230520076004, 0.556785191449279 ], [ 38.795926154106517, 0.557526050243771 ], [ 38.796700165907296, 0.558183422109109 ], [ 38.797404929426506, 0.558716563471652 ], [ 38.79818481289395, 0.559244642775834 ], [ 38.7990152169601, 0.559687839086598 ], [ 38.799296500858929, 0.559819481751386 ], [ 38.799352001060292, 0.560109103235611 ], [ 38.799502756315164, 0.56076396301912 ], [ 38.799701395146442, 0.561405746854714 ], [ 38.800098729083921, 0.562539369335353 ], [ 38.800382254583582, 0.563250712755761 ], [ 38.800724572390912, 0.563935344596762 ], [ 38.801256396791274, 0.564895420738181 ], [ 38.801611698005431, 0.5654831190135 ], [ 38.802646880708792, 0.567057329609035 ], [ 38.803031634645556, 0.56765301360825 ], [ 38.803670278241427, 0.568662326682601 ], [ 38.804221688287775, 0.56955800172236 ], [ 38.804800516318913, 0.570389974977952 ], [ 38.805468335316291, 0.571151388298957 ], [ 38.806216727738899, 0.571832644373919 ], [ 38.806340671289149, 0.571933334971616 ], [ 38.806475396935632, 0.572406422368717 ], [ 38.806738645491755, 0.573192739622626 ], [ 38.807072349927076, 0.573951469827291 ], [ 38.8077696731267, 0.575358804981359 ], [ 38.808189912138694, 0.5761141322864 ], [ 38.808679942096994, 0.576825566265514 ], [ 38.80923527603619, 0.577486592615631 ], [ 38.809811642012683, 0.578109577002636 ], [ 38.810471497474964, 0.578753410275543 ], [ 38.811193212692167, 0.579326045360092 ], [ 38.812762726266783, 0.580445310547033 ], [ 38.814023299686617, 0.58140869582709 ], [ 38.81446335519459, 0.581847099111328 ], [ 38.815211713926388, 0.582701855062386 ], [ 38.815455496065283, 0.583168504760461 ], [ 38.815489693651926, 0.58323332643104 ], [ 38.816323327831192, 0.584798127672737 ], [ 38.816878800670395, 0.585707528125266 ], [ 38.817536816437212, 0.586544728905433 ], [ 38.818187973505282, 0.587279570156858 ], [ 38.81874549647501, 0.587855093006547 ], [ 38.819351566361902, 0.588378523938744 ], [ 38.820001398247989, 0.588845730448983 ], [ 38.821659958953333, 0.589929505269281 ], [ 38.822076237228728, 0.590185626571017 ], [ 38.822752840676763, 0.590576928613471 ], [ 38.823169512963545, 0.590803420247257 ], [ 38.823834144086028, 0.591142241012598 ], [ 38.824604095173541, 0.591553111350561 ], [ 38.825646096368139, 0.592395268896831 ], [ 38.826617905041694, 0.593079668166741 ], [ 38.827282612209643, 0.59348479907788 ], [ 38.82796248953445, 0.593859826273869 ], [ 38.828671943312678, 0.594174473395851 ], [ 38.829405694389258, 0.594426399095868 ], [ 38.830217279513477, 0.59466624538606 ], [ 38.830994124778044, 0.594858470978509 ], [ 38.831784872531081, 0.594980393049464 ], [ 38.832583257525016, 0.59503104557781 ], [ 38.834019369187978, 0.59505767606605 ], [ 38.834222408380633, 0.595257586067928 ], [ 38.835340124008219, 0.596296812415563 ], [ 38.836027566181883, 0.596874817159505 ], [ 38.837604763055978, 0.598071832755181 ], [ 38.838445571285227, 0.598638179430014 ], [ 38.839484027931867, 0.599255441912393 ], [ 38.840195630621011, 0.599636181974216 ], [ 38.840938252204374, 0.599951221160752 ], [ 38.84285429725238, 0.600664010031622 ], [ 38.842864142265817, 0.600668554798282 ], [ 38.843554461143782, 0.601165854314437 ], [ 38.84435712737676, 0.601681637720814 ], [ 38.845209499624779, 0.602109029896238 ], [ 38.8455142458956, 0.60224204364439 ], [ 38.847389412384963, 0.603296476015766 ], [ 38.847975983483259, 0.603654171018311 ], [ 38.848419703258287, 0.603963770283867 ], [ 38.850125630421637, 0.605234167495664 ], [ 38.850322401432727, 0.605376609884748 ], [ 38.851432742456062, 0.606157737056268 ], [ 38.852331750286545, 0.606714097838937 ], [ 38.8534977598583, 0.607343890662426 ], [ 38.854033817667279, 0.607610700860573 ], [ 38.855791855300446, 0.608413595689165 ], [ 38.856584806999322, 0.608730954248927 ], [ 38.857404083377531, 0.608971175216295 ], [ 38.858588831138263, 0.609257902444272 ], [ 38.859428059757228, 0.60941896469124 ], [ 38.860278688555866, 0.609499078048754 ], [ 38.861333037440154, 0.609547655413083 ], [ 38.861744121675734, 0.609557116007162 ], [ 38.864414413802329, 0.609557057666101 ], [ 38.865042539453718, 0.609534919856898 ], [ 38.865832474289419, 0.609479187704187 ], [ 38.866011307311759, 0.609472880206582 ], [ 38.867811407293708, 0.609702843968869 ], [ 38.869361905236403, 0.610014983776609 ], [ 38.870186707277007, 0.610141275065222 ], [ 38.871019588812999, 0.610190026842509 ], [ 38.871853372465665, 0.610160818981083 ], [ 38.872680873080768, 0.610053903172819 ], [ 38.873494959647743, 0.609870200760216 ], [ 38.874288616752409, 0.609611294796803 ], [ 38.875055005033381, 0.609279416405146 ], [ 38.875787520121399, 0.608877425550023 ], [ 38.87676129826108, 0.608282412758765 ], [ 38.877551136418141, 0.607739893841258 ], [ 38.878279248248958, 0.6071159703219 ], [ 38.878937391895661, 0.606417704707821 ], [ 38.879518117514358, 0.605653001021711 ], [ 38.879600203790275, 0.605532080982202 ], [ 38.879659141924428, 0.605551625774346 ], [ 38.880640408049572, 0.605816178144671 ], [ 38.881423849957201, 0.605980264448112 ], [ 38.88220779102199, 0.60610837229674 ], [ 38.88299990590064, 0.606166307990515 ], [ 38.884873686901898, 0.60621975718648 ], [ 38.885265020575794, 0.606222339086348 ], [ 38.886110445853198, 0.606209384599546 ], [ 38.886922640096834, 0.606159854244427 ], [ 38.887727055491574, 0.606036577061924 ], [ 38.888506273482307, 0.605880538374371 ], [ 38.889370608411305, 0.605662105652427 ], [ 38.889537959241572, 0.605601532789479 ], [ 38.889745537710482, 0.605733395281695 ], [ 38.890552474249269, 0.606138443781248 ], [ 38.891395667430196, 0.606460055343793 ], [ 38.89226662957909, 0.606694992582151 ], [ 38.89465301458447, 0.607211095186777 ], [ 38.89550826405474, 0.607353020264783 ], [ 38.896373117366167, 0.607411344290131 ], [ 38.89723952959428, 0.607385524721816 ], [ 38.898311975633149, 0.607301321365329 ], [ 38.899168954258265, 0.607192117683287 ], [ 38.900011559842156, 0.607000594324567 ], [ 38.900711714128242, 0.606805417514053 ], [ 38.901233860236076, 0.607190066219745 ], [ 38.901915363700638, 0.607604234961396 ], [ 38.902630600269958, 0.607956069702769 ], [ 38.903999090132437, 0.608555196510043 ], [ 38.904866501798843, 0.608882540922414 ], [ 38.905762778171251, 0.609118260146957 ], [ 38.906678396790596, 0.609259849784035 ], [ 38.907603629692041, 0.609305805510714 ], [ 38.908528646760942, 0.609255639063928 ], [ 38.908929719312951, 0.609212932866262 ], [ 38.909638153909526, 0.609708703620401 ], [ 38.910583802435802, 0.610286975576743 ], [ 38.911807689038262, 0.610935124392347 ], [ 38.912713523684353, 0.611352056980896 ], [ 38.913691434101551, 0.611737741900018 ], [ 38.914217728526175, 0.611926534213713 ], [ 38.916465548770425, 0.612654434273083 ], [ 38.918616076278191, 0.613568015085326 ], [ 38.919417731786211, 0.613968962098107 ], [ 38.919606524718894, 0.614506838624808 ], [ 38.920027505813266, 0.615519528790293 ], [ 38.92062114393174, 0.616697708209907 ], [ 38.921840575572183, 0.618734117470051 ], [ 38.922235930510595, 0.619338312155456 ], [ 38.922677979025245, 0.619908773173652 ], [ 38.923231764888385, 0.620567338693694 ], [ 38.924394837107194, 0.622550925290738 ], [ 38.925291480122411, 0.624542355622417 ], [ 38.925536882830933, 0.625045351618012 ], [ 38.927144698637782, 0.628098109520829 ], [ 38.927285563744896, 0.628355387944819 ], [ 38.928018756104905, 0.629644540053192 ], [ 38.92860331415708, 0.630543874134791 ], [ 38.929153747189524, 0.631289897545157 ], [ 38.92997367640006, 0.632252204206935 ], [ 38.931600893950076, 0.633911083026621 ], [ 38.932320249884846, 0.634569129107163 ], [ 38.933105992468839, 0.635145121823757 ], [ 38.933948930956738, 0.635632323831255 ], [ 38.934839205577489, 0.636025036359762 ], [ 38.936379712924854, 0.636606786447757 ], [ 38.937573635266062, 0.636964821448605 ], [ 38.938788115792363, 0.637238420139835 ], [ 38.939688005382969, 0.637393313606826 ], [ 38.940598861956481, 0.637455503456016 ], [ 38.941511286388419, 0.637424347946031 ], [ 38.942415863374421, 0.637300168565821 ], [ 38.944297135878195, 0.636943118516625 ], [ 38.945261565124028, 0.636703847998715 ], [ 38.94619387512634, 0.636358901124565 ], [ 38.946822025999751, 0.63604340629335 ], [ 38.947256647234553, 0.636283295391983 ], [ 38.948088734357817, 0.636688019085316 ], [ 38.948957708000037, 0.637004585877889 ], [ 38.949854380380081, 0.637229648658113 ], [ 38.950769270848681, 0.637360827799299 ], [ 38.951692706130146, 0.637396736320426 ], [ 38.952614922600887, 0.637336994551203 ], [ 38.953526169523421, 0.637182234146748 ], [ 38.954416812144068, 0.636934091408915 ], [ 38.955277433564291, 0.636595189985381 ], [ 38.957347947321985, 0.635653582350412 ], [ 38.957848085049832, 0.635395606966073 ], [ 38.957917411567166, 0.635393319599949 ], [ 38.958827642036013, 0.635268844134624 ], [ 38.959720496187337, 0.635051485317855 ], [ 38.960586646444703, 0.634743513877245 ], [ 38.961417044208879, 0.634348147163309 ], [ 38.962218202606856, 0.633914946742124 ], [ 38.962579356638997, 0.633708703918421 ], [ 38.962613143277125, 0.633688356906385 ], [ 38.963665695649247, 0.633342698361938 ], [ 38.965147076247767, 0.63304556765852 ], [ 38.967313365205854, 0.632923974288844 ], [ 38.967402986558291, 0.632918491641501 ], [ 38.968133227123054, 0.632870131835863 ], [ 38.968384049991386, 0.632866354957263 ], [ 38.970372502751509, 0.633030589029923 ], [ 38.970687934566506, 0.633051027414136 ], [ 38.971553334763534, 0.633091732665734 ], [ 38.972451800055623, 0.633088733252806 ], [ 38.973345478098075, 0.632995441304939 ], [ 38.97411315237936, 0.632876005797668 ], [ 38.975003519475564, 0.63269063411831 ], [ 38.975870725125588, 0.632415650515878 ], [ 38.976705893797607, 0.632053869346034 ], [ 38.977243444357285, 0.631787804993176 ], [ 38.977626241301579, 0.63208135777561 ], [ 38.978240731464055, 0.632477657615521 ], [ 38.980538800897378, 0.633830517001564 ], [ 38.981268269811444, 0.634215917519155 ], [ 38.982029731008055, 0.634532455501282 ], [ 38.982816786166453, 0.634777471174996 ], [ 38.983712321644013, 0.63501157321568 ], [ 38.984558342810359, 0.635189508219551 ], [ 38.985417430372529, 0.635284811829397 ], [ 38.986389183681517, 0.635345201443813 ], [ 38.986720092326834, 0.635359609915002 ], [ 38.988347541601733, 0.635400245452872 ], [ 38.988954490492176, 0.635468943226508 ], [ 38.989154537476161, 0.635489307156573 ], [ 38.99018176375111, 0.635582201013225 ], [ 38.991447781704018, 0.635606528871033 ], [ 38.993536493130236, 0.635498316908282 ], [ 38.994273191253185, 0.635429451627072 ], [ 38.997124705244772, 0.635043160722016 ], [ 38.998262315953582, 0.63481296124794 ], [ 38.999741464689365, 0.634412111181861 ], [ 38.999803128061757, 0.634395163391521 ], [ 39.000388910843746, 0.634231909076387 ], [ 39.000972421699146, 0.634099893255267 ], [ 39.001064873800217, 0.634078459853186 ], [ 39.001937012260392, 0.633871383957033 ], [ 39.003080545933578, 0.634062928823859 ], [ 39.003156296314629, 0.634073715840226 ], [ 39.003136287175288, 0.634316465840764 ], [ 39.003097638779288, 0.635377207156837 ], [ 39.003104106246091, 0.636185960373994 ], [ 39.003182294722578, 0.63699090062471 ], [ 39.00334534438732, 0.638137496964537 ], [ 39.003491424865906, 0.638918466671635 ], [ 39.003976225385564, 0.641002323513964 ], [ 39.004259969635697, 0.641973567478292 ], [ 39.004649728125528, 0.642906818539975 ], [ 39.005140620667447, 0.643790391276557 ], [ 39.006409033561582, 0.645800493945852 ], [ 39.006948432107691, 0.646564713712786 ], [ 39.007563493124174, 0.647268640383666 ], [ 39.008247612582004, 0.647904715728305 ], [ 39.008993444946569, 0.64846611004998 ], [ 39.009869531949597, 0.649056876437269 ], [ 39.010678127871444, 0.649542378659892 ], [ 39.011532741099259, 0.649940060834215 ], [ 39.012423992716414, 0.650245558610693 ], [ 39.013342101713448, 0.650455519313994 ], [ 39.014175421436931, 0.650555457566943 ], [ 39.014006798654052, 0.651176986103976 ], [ 39.013594315221638, 0.652621928727165 ], [ 39.013396251422193, 0.653466401864584 ], [ 39.013279459219177, 0.654326091570482 ], [ 39.013245012907461, 0.655193090429613 ], [ 39.013293229366354, 0.656059423793232 ], [ 39.013423665143378, 0.656917123129767 ], [ 39.013635120531582, 0.657758299319475 ], [ 39.013925650602964, 0.658575215218715 ], [ 39.014447487720851, 0.659846790048209 ], [ 39.015007379717154, 0.660979430455585 ], [ 39.016339754491717, 0.663259606974698 ], [ 39.016390676218322, 0.663364767313364 ], [ 39.01641271766519, 0.66342663796847 ], [ 39.016807033872219, 0.664868360890905 ], [ 39.017031524666038, 0.665574664381878 ], [ 39.017312722739987, 0.666260087273359 ], [ 39.017648738878229, 0.66692002452872 ], [ 39.019052787603705, 0.669419578230385 ], [ 39.019531045575526, 0.670180040099694 ], [ 39.020081995811488, 0.670888902236379 ], [ 39.020700185643612, 0.67153914910593 ], [ 39.021379496933278, 0.672124345280626 ], [ 39.022113206621491, 0.672638699131038 ], [ 39.022894053266455, 0.673077120145876 ], [ 39.02371430890971, 0.67343526931307 ], [ 39.024565855559793, 0.673709602063191 ], [ 39.025440265536218, 0.673897403350163 ], [ 39.026729781438981, 0.674107476267195 ], [ 39.027712271575012, 0.674212154541112 ], [ 39.027905845308737, 0.674221994363153 ], [ 39.027960351454432, 0.674351758020969 ], [ 39.028400441799718, 0.675159108215968 ], [ 39.029494357594523, 0.676944025935536 ], [ 39.030241825066298, 0.677989101536491 ], [ 39.030870584041182, 0.67874785235014 ], [ 39.031418906022076, 0.679351783321015 ], [ 39.032837010281774, 0.68077843817057 ], [ 39.033470294099125, 0.681357580241665 ], [ 39.034155414640708, 0.681873477040289 ], [ 39.034848862743523, 0.682345551646907 ], [ 39.035740161938087, 0.682879580391377 ], [ 39.036686647141771, 0.683306675240114 ], [ 39.037531654154158, 0.683630422662241 ], [ 39.038781831649196, 0.684007344671199 ], [ 39.03979130088041, 0.684232803016797 ], [ 39.039985218985805, 0.684553690898805 ], [ 39.040554086142855, 0.68650830809287 ], [ 39.040860450291156, 0.687389606468519 ], [ 39.041255412542974, 0.68823442567984 ], [ 39.041734766291789, 0.689033767755137 ], [ 39.042293406089428, 0.68977911908512 ], [ 39.042925382021799, 0.690462541100307 ], [ 39.043623963079376, 0.691076754823749 ], [ 39.044381708847268, 0.691615218398784 ], [ 39.045190548751606, 0.692072196765764 ], [ 39.047979945656394, 0.693462735057736 ], [ 39.048429724163874, 0.69367161962326 ], [ 39.050130824091561, 0.694405101455609 ], [ 39.050848756512345, 0.694678755122579 ], [ 39.051587268654821, 0.694889734509024 ], [ 39.052340972282202, 0.695036500296211 ], [ 39.054006533319615, 0.695287083113138 ], [ 39.055024817046153, 0.695381073619793 ], [ 39.05604711577967, 0.695358015514378 ], [ 39.057060195685985, 0.695218207294126 ], [ 39.059016041046242, 0.694833097715345 ], [ 39.059684672971962, 0.694674514275236 ], [ 39.06050398903897, 0.694446594965933 ], [ 39.061439192917263, 0.694129868282644 ], [ 39.062334269835333, 0.693711847417454 ], [ 39.063052231744649, 0.693326992635111 ], [ 39.063700861852809, 0.692943394563389 ], [ 39.064315351417619, 0.692506533335047 ], [ 39.064362004804742, 0.692467086393222 ], [ 39.064709437910928, 0.692475623562962 ], [ 39.065573633195932, 0.692412843924205 ], [ 39.066427807118806, 0.69226658409672 ], [ 39.068026082231739, 0.69191235821809 ], [ 39.068838451708913, 0.691691712610925 ], [ 39.069626762775684, 0.691395555088478 ], [ 39.070619851193371, 0.690968141527811 ], [ 39.071413400278736, 0.690579157797463 ], [ 39.072165220108239, 0.690113692618959 ], [ 39.072868059602307, 0.689576235279118 ], [ 39.074116552641136, 0.688520295656218 ], [ 39.074238698953984, 0.688415097624529 ], [ 39.07475832096523, 0.687959410288317 ], [ 39.075220687032747, 0.688026924533421 ], [ 39.075971669636708, 0.688072574345736 ], [ 39.078084673920223, 0.688111807789435 ], [ 39.07891271619237, 0.688088746733544 ], [ 39.079735132051873, 0.687989036454239 ], [ 39.080544934918976, 0.687813524014026 ], [ 39.081335245366333, 0.687563700428981 ], [ 39.082099349561972, 0.687241688001916 ], [ 39.082655448909968, 0.686944050857465 ], [ 39.083252928221093, 0.687540755177798 ], [ 39.083860956726738, 0.688094922137938 ], [ 39.084516640714625, 0.688590979290411 ], [ 39.085214519078995, 0.689024795034795 ], [ 39.085948779277345, 0.689392756171803 ], [ 39.08696658231343, 0.68984570749324 ], [ 39.087814891256748, 0.690172702964867 ], [ 39.088691656625208, 0.690411826467716 ], [ 39.089587921714646, 0.690560635212264 ], [ 39.090455021783448, 0.690615126189863 ], [ 39.090649984889922, 0.690993711532072 ], [ 39.091070867930227, 0.691716151203708 ], [ 39.091548122540942, 0.692451124059595 ], [ 39.092093905285004, 0.693136062505815 ], [ 39.092981796092751, 0.694145755133077 ], [ 39.093661003493636, 0.694839078857431 ], [ 39.094410297405076, 0.695454903744185 ], [ 39.095220997986097, 0.695986096049187 ], [ 39.096083714048319, 0.696426502415892 ], [ 39.098845975392024, 0.697653219681605 ], [ 39.09975470535759, 0.697999014238361 ], [ 39.100695203155922, 0.698244049786582 ], [ 39.101656479587561, 0.698385463229146 ], [ 39.102627302663805, 0.698421602236868 ], [ 39.104552380671421, 0.698388437634478 ], [ 39.104715715365046, 0.698391840694437 ], [ 39.106325926872472, 0.69878264530132 ], [ 39.107572120978453, 0.699114212002271 ], [ 39.107645296639426, 0.699133350239675 ], [ 39.108925397633804, 0.699462365653898 ], [ 39.109500170560786, 0.69959006989609 ], [ 39.112520976628744, 0.700157501789003 ], [ 39.113372338894706, 0.700275348111842 ], [ 39.114230990144137, 0.700310799704928 ], [ 39.115089079555922, 0.700263532434685 ], [ 39.117537983302157, 0.700009974324742 ], [ 39.11815912992224, 0.699997292815003 ], [ 39.118395407628519, 0.699989338184307 ], [ 39.119335282759963, 0.699945231443295 ], [ 39.120043724732078, 0.699883636976042 ], [ 39.12402138823186, 0.699377543947849 ], [ 39.124934009052097, 0.699212901596907 ], [ 39.125824923485915, 0.698954485899938 ], [ 39.126684649962414, 0.698605047061361 ], [ 39.127504038836499, 0.698168303999821 ], [ 39.128619030773301, 0.69749768815626 ], [ 39.128718317657935, 0.697430322687695 ], [ 39.129531909381136, 0.698047696489325 ], [ 39.130272510902472, 0.69855350919598 ], [ 39.13105941394884, 0.698982665393283 ], [ 39.131884815410281, 0.699330909474102 ], [ 39.132740530412725, 0.699594788175248 ], [ 39.133618073482396, 0.699771684821261 ], [ 39.13461650057112, 0.699921350097423 ], [ 39.134819530816841, 0.70068296678111 ], [ 39.135111212868267, 0.701473912268025 ], [ 39.136104353113772, 0.703824729918012 ], [ 39.136115499609197, 0.703850999041859 ], [ 39.136521080186562, 0.704802675204757 ], [ 39.136869405043662, 0.70552885059793 ], [ 39.137280579587468, 0.706220918714514 ], [ 39.137751337250712, 0.706873381395945 ], [ 39.138277938101126, 0.707481055129076 ], [ 39.138412355962046, 0.707622878394208 ], [ 39.138498254759703, 0.707906408234824 ], [ 39.138801488464601, 0.708753658521301 ], [ 39.139186893181673, 0.709566364215273 ], [ 39.139650650289838, 0.710336472884834 ], [ 39.1401881648315, 0.711056354154413 ], [ 39.140794111039511, 0.711718875308749 ], [ 39.141537861612697, 0.712454920132981 ], [ 39.142135773004895, 0.712995881250295 ], [ 39.142779312653367, 0.713480893259461 ], [ 39.143463331514859, 0.713906075514783 ], [ 39.144918026769481, 0.714722185193873 ], [ 39.145697526475104, 0.715110977529883 ], [ 39.146510714882737, 0.715422083381673 ], [ 39.14734997300787, 0.715652587921191 ], [ 39.148469124859091, 0.715902078778207 ], [ 39.14849659088258, 0.715906895173289 ], [ 39.150386529099855, 0.71765890737732 ], [ 39.15119707960028, 0.718326774167029 ], [ 39.152079316649093, 0.718895170558239 ], [ 39.152990228805642, 0.71940930730325 ], [ 39.153819839558679, 0.719822545938039 ], [ 39.154687272549282, 0.720147695982297 ], [ 39.155638011853, 0.720448938500863 ], [ 39.15725679048262, 0.720989246916926 ], [ 39.158097787875938, 0.721222722456739 ], [ 39.159294014927276, 0.723076640070409 ], [ 39.159731363550762, 0.723695875009496 ], [ 39.160218783969675, 0.7242759857175 ], [ 39.16075283857186, 0.724812880854124 ], [ 39.161469593449077, 0.725475320581624 ], [ 39.162182161792401, 0.726068857262115 ], [ 39.162951552429128, 0.726585531795265 ], [ 39.163769617478586, 0.727019872576465 ], [ 39.164627693588741, 0.727367279920679 ], [ 39.165516693682946, 0.727624074773891 ], [ 39.166524403153822, 0.727859415266584 ], [ 39.166566141691497, 0.728511238981102 ], [ 39.16727731042301, 0.734784485815873 ], [ 39.167406268006978, 0.735954851195133 ], [ 39.167422687893527, 0.736094024347798 ], [ 39.167572974105113, 0.737288743958075 ], [ 39.167589269822031, 0.737411537217896 ], [ 39.168516534293474, 0.74405202189146 ], [ 39.168605776062321, 0.744578050344818 ], [ 39.16877714760178, 0.745435038426962 ], [ 39.168943709590025, 0.746126287025797 ], [ 39.16915688549247, 0.746880260641731 ], [ 39.169940020316673, 0.749656092540995 ], [ 39.170166961625718, 0.750351972152901 ], [ 39.170452802037744, 0.751121803456226 ], [ 39.170669759929353, 0.751653898419828 ], [ 39.170996508005004, 0.752387921439262 ], [ 39.172363650747108, 0.755454261909922 ], [ 39.172656863626592, 0.756051931897172 ], [ 39.172992995105915, 0.756626247466616 ], [ 39.175683284118115, 0.760858249646082 ], [ 39.177958079180733, 0.765362496885953 ], [ 39.178091766564336, 0.765617093320084 ], [ 39.181125781698256, 0.771179012365678 ], [ 39.183049301474682, 0.775576370260173 ], [ 39.18305955267617, 0.775599716146457 ], [ 39.184252734133594, 0.778306708493743 ], [ 39.18432394359953, 0.77846418324156 ], [ 39.186735105015998, 0.78366384680207 ], [ 39.186795586042074, 0.783791655167201 ], [ 39.188380340173289, 0.787074154264529 ], [ 39.188656750764437, 0.787601705848477 ], [ 39.189180615973598, 0.78852633517114 ], [ 39.189441254368901, 0.788957908944711 ], [ 39.189951359634776, 0.789751756418124 ], [ 39.19292618924824, 0.794382769126133 ], [ 39.193176830926589, 0.794752554213522 ], [ 39.195552135828272, 0.798077202876664 ], [ 39.196249101415525, 0.799053135424931 ], [ 39.196503007760683, 0.799391636255185 ], [ 39.197173876868341, 0.800243724478037 ], [ 39.197557732758028, 0.800699501507899 ], [ 39.201106583459911, 0.804641605626808 ], [ 39.201606954973251, 0.805154862165553 ], [ 39.202146241308178, 0.805626492571005 ], [ 39.206970669066337, 0.809518031944181 ], [ 39.20823842198002, 0.810785339539587 ], [ 39.208641692001834, 0.811188629410879 ], [ 39.20883141091111, 0.811402429340742 ], [ 39.211377453077048, 0.814697020893984 ], [ 39.213856956786664, 0.817958462644594 ], [ 39.214391341437128, 0.818661982749111 ], [ 39.2148462699286, 0.819333976267339 ], [ 39.217030193635679, 0.822558968575939 ], [ 39.219155092806758, 0.826313182206716 ], [ 39.219164806195089, 0.826330300145489 ], [ 39.220818952853691, 0.829238045280878 ], [ 39.221400484684253, 0.83136119389088 ], [ 39.221595535736697, 0.831984516593325 ], [ 39.222606678932792, 0.834850235086266 ], [ 39.222660671149313, 0.834999108846439 ], [ 39.222949596165883, 0.835774613232683 ], [ 39.223301734801161, 0.836594275711598 ], [ 39.225060145876171, 0.840189058085236 ], [ 39.225659414872581, 0.841648632937799 ], [ 39.225972888797507, 0.842411143996486 ], [ 39.226181738028828, 0.842880879884189 ], [ 39.226537992896439, 0.843624665237876 ], [ 39.226650903510681, 0.843852168712747 ], [ 39.22844947606945, 0.847352182322733 ], [ 39.228961106336421, 0.848224396759414 ], [ 39.229598998726296, 0.849184675449426 ], [ 39.230052143673575, 0.849807572514436 ], [ 39.230685340259647, 0.85060428498933 ], [ 39.232267832222306, 0.852594339660036 ], [ 39.23267450498254, 0.853070847558859 ], [ 39.236043115480172, 0.856751296742761 ], [ 39.238950319930609, 0.860377728465884 ], [ 39.242308827204404, 0.864989681347276 ], [ 39.242913766793166, 0.865733947494693 ], [ 39.243593766678543, 0.866409375089564 ], [ 39.248194417027058, 0.870516901573392 ], [ 39.25034015091979, 0.872544986267869 ], [ 39.250419411296789, 0.87261900287598 ], [ 39.252616139394682, 0.874645786692778 ], [ 39.252931382439385, 0.874923317956448 ], [ 39.25599200647909, 0.877493615950888 ], [ 39.256014050660575, 0.877512068580994 ], [ 39.258691268705519, 0.879745836702553 ], [ 39.261366246560648, 0.882286460592016 ], [ 39.264197852158702, 0.885424268296269 ], [ 39.264516238434105, 0.885759408991526 ], [ 39.26948807112398, 0.890731273627898 ], [ 39.271699198780212, 0.893280080241282 ], [ 39.272540254399587, 0.894249959582511 ], [ 39.273281259615928, 0.895135909644155 ], [ 39.276618977088127, 0.899261781531821 ], [ 39.277367247511677, 0.900078681867579 ], [ 39.279843674973144, 0.902469347411708 ], [ 39.280116241665617, 0.902721828800145 ], [ 39.282025640923315, 0.904418724620328 ], [ 39.28203621024084, 0.904428102805717 ], [ 39.285484913596271, 0.907483310142237 ], [ 39.289599015582191, 0.911517941099597 ], [ 39.293320686193006, 0.915899414266421 ], [ 39.298569950199905, 0.922232624527195 ], [ 39.29888751826153, 0.922595587144197 ], [ 39.302871165303642, 0.926910434925457 ], [ 39.303216289251822, 0.927264288501566 ], [ 39.307358655651335, 0.931284833429349 ], [ 39.308187304524594, 0.931996782022254 ], [ 39.309095440560924, 0.932602578370747 ], [ 39.31196069986165, 0.934271638622429 ], [ 39.311987343018778, 0.934287097488041 ], [ 39.314614864235672, 0.935805611010406 ], [ 39.314782931955612, 0.935900345768037 ], [ 39.317855174656259, 0.937588801283964 ], [ 39.324658808132803, 0.941336166973946 ], [ 39.327634220166907, 0.94307007671839 ], [ 39.330990088193381, 0.945049024956489 ], [ 39.333633890055594, 0.946926888913052 ], [ 39.335964815965603, 0.948640584413342 ], [ 39.336089255575239, 0.948730445797083 ], [ 39.343175495090563, 0.953756110579231 ], [ 39.343431996840629, 0.953931439600507 ], [ 39.350431997619872, 0.958540650659266 ], [ 39.351326563063004, 0.959058429590584 ], [ 39.357234876251127, 0.962037700294001 ], [ 39.357789000671211, 0.962293830772618 ], [ 39.361376121475317, 0.963805769993253 ], [ 39.367018568385006, 0.966245793363767 ], [ 39.367217599936865, 0.966329031363967 ], [ 39.372693222586733, 0.968541898395956 ], [ 39.377765955672501, 0.970621814573612 ], [ 39.385407081852478, 0.973781109412795 ], [ 39.388479397005398, 0.975177917309088 ], [ 39.388616217843207, 0.975238747269006 ], [ 39.392109544441674, 0.976757022214056 ], [ 39.392809398940678, 0.977026933038424 ], [ 39.397864692815595, 0.978736901938522 ], [ 39.400130114802039, 0.979516289011715 ], [ 39.400229646086849, 0.979549879181151 ], [ 39.401162247602919, 0.979858529990598 ], [ 39.401211975983259, 0.979874826705695 ], [ 39.404884052028819, 0.981066334359039 ], [ 39.407797665553829, 0.98225614658409 ], [ 39.407842437795104, 0.982274289118099 ], [ 39.408882095796024, 0.982692315684814 ], [ 39.409130919751824, 0.98278808378933 ], [ 39.413908769340111, 0.984545750155344 ], [ 39.4139782391917, 0.984570981332399 ], [ 39.416563826896756, 0.985497987834443 ], [ 39.419280964208063, 0.986615385764735 ], [ 39.419345115515611, 0.98664147777762 ], [ 39.423150893124358, 0.988172257265449 ], [ 39.423191603621518, 0.988188516340085 ], [ 39.424144667455892, 0.98856645066297 ], [ 39.425031468298727, 0.988925721177979 ], [ 39.428737438207733, 0.990427124169054 ], [ 39.428960445947567, 0.990514019478396 ], [ 39.43433075114833, 0.992524288215802 ], [ 39.435106881804494, 0.992775118223016 ], [ 39.440297473960499, 0.994194742803642 ], [ 39.442891067860039, 0.994908762055629 ], [ 39.443589254511167, 0.995104446828354 ], [ 39.448163367093393, 0.99654187132952 ], [ 39.451084977851693, 0.997549551656926 ], [ 39.452165920350453, 0.998065514351596 ], [ 39.452829199585324, 0.998744199489377 ], [ 39.453882909119812, 0.999908352058874 ], [ 39.454117453270342, 1.000372409662192 ], [ 39.454584375271324, 1.001109992550307 ], [ 39.45511987077689, 1.001798745864303 ], [ 39.455718935218528, 1.002432232715305 ], [ 39.456375969920863, 1.003004532720522 ], [ 39.457084834425928, 1.003510297334407 ], [ 39.457838903881232, 1.003944799835303 ], [ 39.458631130955183, 1.004303979500628 ], [ 39.459454111701255, 1.004584479557468 ], [ 39.460300154755252, 1.004783678554003 ], [ 39.461161353218785, 1.004899714858527 ], [ 39.462029658557178, 1.004931504057167 ], [ 39.462896955821044, 1.004878749087692 ], [ 39.463755139488391, 1.004741943014633 ], [ 39.464596189218391, 1.004522364419938 ], [ 39.465412244808732, 1.004222065452418 ], [ 39.466195679656018, 1.003843852647322 ], [ 39.466939172032511, 1.003391260695755 ], [ 39.46763577351313, 1.002868519408946 ], [ 39.468278973913151, 1.002280514186275 ], [ 39.46886276212966, 1.001632740356431 ], [ 39.469381682318385, 1.000931251818674 ], [ 39.469830884880572, 1.000182604463965 ], [ 39.470206171783857, 0.999393794905179 ], [ 39.470504035793368, 0.998572195088488 ], [ 39.470721693246588, 0.997725483397651 ], [ 39.471001803638238, 0.996368366523806 ], [ 39.471242795135566, 0.995912201280692 ], [ 39.471722502424008, 0.995394620413782 ], [ 39.472928261276834, 0.994526471172146 ], [ 39.475224298911328, 0.993361313779585 ], [ 39.477418212055376, 0.992533418287656 ], [ 39.478261573972489, 0.992164602368462 ], [ 39.481261575779669, 0.990664596202978 ], [ 39.482074611797302, 0.990203632453393 ], [ 39.482835784240052, 0.98966029976533 ], [ 39.485035782201663, 0.987910295508585 ], [ 39.485717661328913, 0.98730925743038 ], [ 39.486335935086082, 0.986642146972356 ], [ 39.48813593041249, 0.984492143732776 ], [ 39.488417063700147, 0.984138766183026 ], [ 39.490117058220015, 0.981888763274305 ], [ 39.490329047167613, 0.981596217582533 ], [ 39.496015534856468, 0.973409597600637 ], [ 39.497494999787058, 0.971467790693236 ], [ 39.497994057142243, 0.970742019605658 ], [ 39.498420476836273, 0.969970749670302 ], [ 39.500017184653856, 0.966718883160128 ], [ 39.500099134893439, 0.966547468859648 ], [ 39.500915687955569, 0.964792510007828 ], [ 39.501019905186965, 0.964560047832655 ], [ 39.501452254820464, 0.963558239936221 ], [ 39.501625457860662, 0.963126881176737 ], [ 39.502311107042388, 0.961284266900851 ], [ 39.502659973250509, 0.960110045527736 ], [ 39.503278681448101, 0.957361294808338 ], [ 39.503419463833154, 0.956576945514158 ], [ 39.503767479583637, 0.953991632016826 ], [ 39.504165447200094, 0.951106312751637 ], [ 39.504217573347226, 0.950639833175348 ], [ 39.504506385243801, 0.94727024845758 ], [ 39.50480676097073, 0.944652633332687 ], [ 39.505401946039171, 0.941401955002693 ], [ 39.505416181988856, 0.941322201507799 ], [ 39.505756823372558, 0.939363484666628 ], [ 39.506475057681229, 0.936530418136704 ], [ 39.507497472932293, 0.933590948773674 ], [ 39.508272109816552, 0.931576877877215 ], [ 39.510218177750957, 0.927773176229835 ], [ 39.511781788729316, 0.92484138908459 ], [ 39.511821682977022, 0.9247657296316 ], [ 39.516721655949205, 0.915365727347375 ], [ 39.516910424516574, 0.914981766745229 ], [ 39.523110385016103, 0.901581766402416 ], [ 39.523122820452478, 0.901554773717149 ], [ 39.52812278791852, 0.890654774010006 ], [ 39.528270170627856, 0.890315390564094 ], [ 39.529825053504794, 0.886525337236287 ], [ 39.531277081658281, 0.883234052264072 ], [ 39.5314405735948, 0.882838471416004 ], [ 39.53358080120865, 0.877293297310009 ], [ 39.534715430705198, 0.874645810242091 ], [ 39.534855523777132, 0.874299407302797 ], [ 39.541555472025053, 0.856699412900233 ], [ 39.541670230481493, 0.856380151221442 ], [ 39.547120184515933, 0.840280159857303 ], [ 39.547191645647267, 0.840059849299844 ], [ 39.552141600247161, 0.824109859454644 ], [ 39.552190536002684, 0.823946798440813 ], [ 39.556398964541572, 0.809431472387495 ], [ 39.556653043820042, 0.808584348133649 ], [ 39.556679137156223, 0.80849571647511 ], [ 39.557176841481393, 0.806772895490024 ], [ 39.557250494688198, 0.806502369535286 ], [ 39.557755932558386, 0.804526228810646 ], [ 39.557790235832272, 0.804387586290466 ], [ 39.558009523125804, 0.803470478726066 ], [ 39.558700842960299, 0.800579316395691 ], [ 39.55876721315326, 0.800279461590744 ], [ 39.559290463079002, 0.797710750601276 ], [ 39.560204515567371, 0.793813957897396 ], [ 39.561013316781327, 0.790443919135418 ], [ 39.561799080378584, 0.788042956405863 ], [ 39.561943079362493, 0.787557643355953 ], [ 39.562662262127382, 0.784860680675976 ], [ 39.563125867916931, 0.784010732716575 ], [ 39.564372974197198, 0.78218163540475 ], [ 39.564700656222904, 0.781664263188205 ], [ 39.566050650100465, 0.779364262794825 ], [ 39.566538033036849, 0.778408504577363 ], [ 39.567195131019076, 0.776906556980697 ], [ 39.568210463134903, 0.775507498475777 ], [ 39.5687047044404, 0.774749436284175 ], [ 39.569121080615254, 0.773945378406521 ], [ 39.569455408960359, 0.773103402120958 ], [ 39.569704331003017, 0.772231965610236 ], [ 39.569865346232099, 0.771339822994224 ], [ 39.569936837214392, 0.770435936390125 ], [ 39.570024588294551, 0.767423654508109 ], [ 39.57002815080422, 0.767232297721745 ], [ 39.570045185183709, 0.765131161003089 ], [ 39.570150328875791, 0.764377617379895 ], [ 39.570824460526687, 0.762324565253258 ], [ 39.571388679903926, 0.761120890342734 ], [ 39.571970653394423, 0.760555392660907 ], [ 39.572383556354495, 0.760126797591273 ], [ 39.572921915200624, 0.759529761274025 ], [ 39.573359934146957, 0.759005404885181 ], [ 39.573757278772902, 0.758449184817783 ], [ 39.57443807807541, 0.757415750972422 ], [ 39.574833560395099, 0.756756049348028 ], [ 39.575171843322515, 0.756064864021426 ], [ 39.575720714977471, 0.754811408272084 ], [ 39.575804892151702, 0.754612783610229 ], [ 39.576110348319837, 0.753867507581767 ], [ 39.576113672596875, 0.753861308363964 ], [ 39.577290534569642, 0.7526867965964 ], [ 39.577404069237971, 0.752571436358723 ], [ 39.580304062147334, 0.74957143249167 ], [ 39.580843287380326, 0.748960701478678 ], [ 39.581325573640342, 0.74830348582555 ], [ 39.58292556722715, 0.74590348483991 ], [ 39.58325335251503, 0.745373106397389 ], [ 39.584453347211671, 0.743273106544199 ], [ 39.584896212291362, 0.742389522943278 ], [ 39.585723931196021, 0.740485758623022 ], [ 39.586642993149013, 0.738824368404148 ], [ 39.588118668913985, 0.736589763525002 ], [ 39.589460091659348, 0.734691585889734 ], [ 39.58987352220182, 0.734050912904043 ], [ 39.590231780815969, 0.733377410147584 ], [ 39.590532312652577, 0.73267588064376 ], [ 39.591209607896509, 0.730891160909881 ], [ 39.591280942192064, 0.73069652456039 ], [ 39.591804081965549, 0.729217113618163 ], [ 39.592335949434343, 0.728357939033039 ], [ 39.593439313095637, 0.72693932242762 ], [ 39.593969895102802, 0.726179856772823 ], [ 39.594289101639532, 0.725669124133372 ], [ 39.595002497237289, 0.725030820514282 ], [ 39.596365987165584, 0.723970324321684 ], [ 39.600797490215342, 0.720892865378721 ], [ 39.601430106490056, 0.720410704829832 ], [ 39.60201800829153, 0.71987425108251 ], [ 39.602556612583612, 0.71928768615119 ], [ 39.603041720641698, 0.718655582692929 ], [ 39.604165072076562, 0.717050031356791 ], [ 39.604602271949169, 0.716361004843112 ], [ 39.604975891696519, 0.71563505833326 ], [ 39.605282879869861, 0.714878120912312 ], [ 39.605520729227976, 0.714096374773348 ], [ 39.605911887157433, 0.712567080625969 ], [ 39.607017243362215, 0.710165775434053 ], [ 39.607453009465146, 0.709021768223275 ], [ 39.607818955415084, 0.70782405614483 ], [ 39.608018009152076, 0.707479587565703 ], [ 39.608181079386355, 0.707257545261121 ], [ 39.60899110664095, 0.706238284169454 ], [ 39.609134543637992, 0.706052912016066 ], [ 39.609787056142657, 0.705186656645148 ], [ 39.610088410414811, 0.704761647201642 ], [ 39.61122674692789, 0.703054060778325 ], [ 39.611283191345173, 0.702968341086567 ], [ 39.612653944872314, 0.700860720973999 ], [ 39.612853965912201, 0.700560688291048 ], [ 39.61293297249329, 0.700502070299947 ], [ 39.614624666992903, 0.699394783365075 ], [ 39.615351307741847, 0.698865417930685 ], [ 39.616021909510728, 0.698265772639316 ], [ 39.616629792103872, 0.697601820919645 ], [ 39.617168900116383, 0.696880176783175 ], [ 39.618090708663338, 0.695508769629678 ], [ 39.618470459912487, 0.694891853638681 ], [ 39.619273887781127, 0.693461536012087 ], [ 39.619814266923157, 0.692319959590849 ], [ 39.620520765867852, 0.690511763273097 ], [ 39.621056393055298, 0.69008326011555 ], [ 39.622788775969489, 0.68873584597273 ], [ 39.624408973952704, 0.687489535383823 ], [ 39.626275831930727, 0.686296826954402 ], [ 39.626641491860582, 0.686050366364339 ], [ 39.628771561405379, 0.684537340479971 ], [ 39.629513885627382, 0.683948856366764 ], [ 39.630190728358244, 0.683285165509045 ], [ 39.630794607581329, 0.68255360462099 ], [ 39.631967482012975, 0.68097028265816 ], [ 39.63215288472572, 0.680710540163501 ], [ 39.633252880692012, 0.679110539657122 ], [ 39.633705207331076, 0.678380745982891 ], [ 39.634086635526586, 0.67761100479286 ], [ 39.634310221559147, 0.677026537145144 ], [ 39.634518607573561, 0.676918846179386 ], [ 39.635193824855797, 0.676489692067192 ], [ 39.635706337670705, 0.67613093157381 ], [ 39.636734280817706, 0.675910656063477 ], [ 39.637586375976007, 0.675683571826882 ], [ 39.638412273427612, 0.675373548084236 ], [ 39.639204027880005, 0.674983567370429 ], [ 39.639954022515404, 0.674517381418054 ], [ 39.640655042265756, 0.673979475063106 ], [ 39.641300343222241, 0.673375023098594 ], [ 39.642800340160676, 0.671825021722753 ], [ 39.643581104548375, 0.670901791599121 ], [ 39.644460257113067, 0.669708650662233 ], [ 39.64521939480413, 0.66901277174277 ], [ 39.646185728760848, 0.668318216600536 ], [ 39.647778761612045, 0.667300441786058 ], [ 39.648554433189808, 0.66674474569348 ], [ 39.650054430574507, 0.665544742767799 ], [ 39.650772944614708, 0.664904013028076 ], [ 39.651419473639621, 0.664189791620599 ], [ 39.652719469900624, 0.662589790518206 ], [ 39.653251759180563, 0.661863556275163 ], [ 39.653709518622925, 0.661087546003063 ], [ 39.654088192448022, 0.660269482932379 ], [ 39.654384011977314, 0.65941750881281 ], [ 39.654594033138409, 0.658540102883168 ], [ 39.654946444876742, 0.656660548751881 ], [ 39.655128106589132, 0.656076632588026 ], [ 39.655281085663809, 0.655836787639996 ], [ 39.655577067121982, 0.655338232221796 ], [ 39.656018649985121, 0.654537093850351 ], [ 39.656446858266747, 0.65364926246712 ], [ 39.656987244758085, 0.652353315111541 ], [ 39.657230216699446, 0.651701391641323 ], [ 39.657623157957154, 0.650509504204047 ], [ 39.65774460367318, 0.650110584106697 ], [ 39.657967852053389, 0.649311976236383 ], [ 39.658062719761055, 0.648942972131955 ], [ 39.658275911519908, 0.648035306071019 ], [ 39.658829815816212, 0.646899797085071 ], [ 39.658966325011761, 0.646606821433834 ], [ 39.659966319089079, 0.644356822476577 ], [ 39.660072864223146, 0.644107098266214 ], [ 39.661422855492681, 0.640807100496054 ], [ 39.661735360785421, 0.639912732587352 ], [ 39.661953170806484, 0.638990352550431 ], [ 39.662073893466207, 0.638050090660253 ], [ 39.662242588218746, 0.635823260893965 ], [ 39.662400024364828, 0.635333456243837 ], [ 39.663029772316037, 0.63442564181347 ], [ 39.663146878414111, 0.634252595033646 ], [ 39.664094745443698, 0.632816499003879 ], [ 39.664260372182831, 0.632556007958751 ], [ 39.665224903565367, 0.63098034648029 ], [ 39.669330789814019, 0.625813367837772 ], [ 39.669819223927341, 0.625136818289903 ], [ 39.670243506121686, 0.624417751993582 ], [ 39.670600010227496, 0.623662314604712 ], [ 39.670885689357142, 0.622876962624797 ], [ 39.671635682760012, 0.620476965157766 ], [ 39.671647492145489, 0.620438881695885 ], [ 39.672014257524545, 0.61924688574614 ], [ 39.67222477393549, 0.618952161618114 ], [ 39.672869464463311, 0.618307468316682 ], [ 39.674363559908358, 0.61724025346108 ], [ 39.675209448788976, 0.616555090913911 ], [ 39.675967086535927, 0.615772238923805 ], [ 39.677767080172188, 0.613672237710726 ], [ 39.678184395429923, 0.613147106859828 ], [ 39.680134387996475, 0.610497106173372 ], [ 39.680292318070883, 0.610275578766926 ], [ 39.681742312473041, 0.608175578764456 ], [ 39.682262783242052, 0.607325177396874 ], [ 39.682686953270654, 0.60642219808259 ], [ 39.683636946739263, 0.604072199594514 ], [ 39.683945769384387, 0.603176443718622 ], [ 39.684151216439638, 0.602289951019235 ], [ 39.684746268039575, 0.601709085138833 ], [ 39.68539467241397, 0.600913290393603 ], [ 39.686544205666188, 0.599326275295043 ], [ 39.687127605618819, 0.598409681304561 ], [ 39.687597416387518, 0.597429180359082 ], [ 39.687893446596746, 0.596702605986259 ], [ 39.688475890079175, 0.596342800526847 ], [ 39.68914936215527, 0.595883261897176 ], [ 39.689778788251388, 0.595364289185296 ], [ 39.690359009246926, 0.594790136224268 ], [ 39.691376574750592, 0.593687688722475 ], [ 39.691813378454022, 0.593177624053502 ], [ 39.692211280378103, 0.592636261908475 ], [ 39.693050595256835, 0.591400670686725 ], [ 39.693127046008698, 0.591286262703455 ], [ 39.694163652290158, 0.589709169328182 ], [ 39.694449054874376, 0.589245121875435 ], [ 39.695543061296299, 0.587340245958438 ], [ 39.695994365408929, 0.586442689408492 ], [ 39.696341639013447, 0.585506300589072 ], [ 39.696642783099207, 0.585345977286094 ], [ 39.697366744000583, 0.584865364217786 ], [ 39.699144465103039, 0.583557068040246 ], [ 39.699441240851492, 0.583328986419046 ], [ 39.700459184196895, 0.582512418432964 ], [ 39.700767012511612, 0.582253979873839 ], [ 39.701864245896317, 0.581290223491238 ], [ 39.702119437919663, 0.581057253307826 ], [ 39.70301063145002, 0.58021176538423 ], [ 39.703039365576259, 0.580184384427126 ], [ 39.704205261689609, 0.579068484438992 ], [ 39.704811397131245, 0.578428733690131 ], [ 39.705352607412607, 0.577732477980032 ], [ 39.705823723850401, 0.576986366792321 ], [ 39.7062202471853, 0.576197525736836 ], [ 39.706538390548964, 0.575373488497775 ], [ 39.706775115627501, 0.574522124885007 ], [ 39.707117497511533, 0.573009557942199 ], [ 39.707385498537711, 0.572690649863143 ], [ 39.707729839537144, 0.572254326996988 ], [ 39.708396620831195, 0.571353821684713 ], [ 39.708558884440713, 0.571146730366179 ], [ 39.708890322138664, 0.570831889928044 ], [ 39.71080540484359, 0.569503349847069 ], [ 39.711378156528859, 0.569071166177307 ], [ 39.711914922971651, 0.568594464211873 ], [ 39.713201356640432, 0.567356848972692 ], [ 39.713862371573804, 0.566648732353318 ], [ 39.714351921805772, 0.566064345915212 ], [ 39.714426937005584, 0.56597701840084 ], [ 39.714964525760642, 0.565677520639254 ], [ 39.715779591815902, 0.565164267979398 ], [ 39.716535527627087, 0.564566297556383 ], [ 39.717223681464297, 0.563890453257388 ], [ 39.717836177383624, 0.563144470232814 ], [ 39.719086172572524, 0.561444469776262 ], [ 39.719478975009544, 0.560864480923646 ], [ 39.720575241658608, 0.559102615559146 ], [ 39.721449052403088, 0.558029736099727 ], [ 39.722595578752916, 0.556827575377195 ], [ 39.723163715329164, 0.556171405512819 ], [ 39.723666578889059, 0.555463306122008 ], [ 39.724099514029369, 0.554709832719394 ], [ 39.724204222078633, 0.554478869882204 ], [ 39.724863667497559, 0.554078831935749 ], [ 39.725553236523268, 0.553564267060101 ], [ 39.727253233040166, 0.552164264779155 ], [ 39.728036469584055, 0.551437091398541 ], [ 39.72982282724189, 0.549569517061652 ], [ 39.73036042968733, 0.548953939143146 ], [ 39.730840479318395, 0.548291903423713 ], [ 39.731995686683533, 0.546536998986584 ], [ 39.732287354474209, 0.546062794043387 ], [ 39.733482476492298, 0.543978810355168 ], [ 39.733956204709543, 0.543027586744581 ], [ 39.735036737853122, 0.540496411463311 ], [ 39.7359900835025, 0.538982267312701 ], [ 39.737444887402745, 0.53729775138437 ], [ 39.737995038436225, 0.536593062155946 ], [ 39.738473222196163, 0.535837028202178 ], [ 39.738874745030238, 0.535037070533723 ], [ 39.739195665769245, 0.534201041292981 ], [ 39.739432834409953, 0.533337146680246 ], [ 39.739687716635316, 0.532190165799592 ], [ 39.739707152328641, 0.53219137879286 ], [ 39.740630660275457, 0.532201147362705 ], [ 39.741550286765239, 0.532115443103258 ], [ 39.742456318365257, 0.531935171314288 ], [ 39.743339185250775, 0.531662236150072 ], [ 39.744189562285506, 0.531299520504479 ], [ 39.744998467516886, 0.530850855558175 ], [ 39.745757357045939, 0.530320980310028 ], [ 39.747557352731157, 0.528920977751388 ], [ 39.747936155899076, 0.528609415207867 ], [ 39.74967629399886, 0.527096822469821 ], [ 39.750389494524242, 0.526404210176448 ], [ 39.75099782000693, 0.525744484330133 ], [ 39.751155820059495, 0.525689722887688 ], [ 39.751898589995996, 0.525394508169347 ], [ 39.752612393259618, 0.525034077155093 ], [ 39.753505799426968, 0.524531749202958 ], [ 39.754024046800069, 0.524216849734073 ], [ 39.754135099877026, 0.524144124425281 ], [ 39.754407625030439, 0.524022183944153 ], [ 39.756714267457603, 0.523407074122755 ], [ 39.75747002587125, 0.523169205362271 ], [ 39.758202049865375, 0.522865285179919 ], [ 39.758904655769477, 0.522497673350227 ], [ 39.759572388332899, 0.522069224167254 ], [ 39.760902726471691, 0.521130157858306 ], [ 39.762417696400895, 0.52104440167105 ], [ 39.763284037766951, 0.520952790255713 ], [ 39.76413749740005, 0.520777165466066 ], [ 39.76497005548898, 0.52051917766966 ], [ 39.765773888642492, 0.52018125118186 ], [ 39.766541443404222, 0.519766561483008 ], [ 39.767265507230654, 0.519279005377217 ], [ 39.767939276265146, 0.518723164373197 ], [ 39.768556419271192, 0.518104261631249 ], [ 39.769111137124163, 0.517428112881186 ], [ 39.769598217302644, 0.51670107177236 ], [ 39.770013082867351, 0.515929970169361 ], [ 39.771063076599368, 0.513729972249866 ], [ 39.771406605848995, 0.51290888936575 ], [ 39.771455285929179, 0.512750529129414 ], [ 39.772211706326885, 0.512536787618154 ], [ 39.773012121181289, 0.51222500691094 ], [ 39.773779340358885, 0.511837779511817 ], [ 39.774506365776709, 0.511378637515045 ], [ 39.775186565985031, 0.510851768969233 ], [ 39.776417519900633, 0.509800380702875 ], [ 39.77721134957666, 0.509033424621924 ], [ 39.779170763489383, 0.506893388327794 ], [ 39.779631217806482, 0.506348778228915 ], [ 39.780047498890696, 0.505769253486253 ], [ 39.781477150169025, 0.50360356050295 ], [ 39.781881768025009, 0.503444362948531 ], [ 39.782611041736594, 0.50307757530793 ], [ 39.784239909735177, 0.502163136961875 ], [ 39.784935899852996, 0.501729441624081 ], [ 39.785589801955034, 0.501233790989549 ], [ 39.786196190693914, 0.500680297464009 ], [ 39.787156472864048, 0.499720011449745 ], [ 39.787431444374882, 0.499525239121078 ], [ 39.788434104807379, 0.499310381084325 ], [ 39.789665970016955, 0.498952255190135 ], [ 39.791231871090034, 0.498372287921617 ], [ 39.792238961485324, 0.498285705851984 ], [ 39.794066022444213, 0.498127405710429 ], [ 39.794871695158299, 0.498020471954913 ], [ 39.7956644772025, 0.497840703309742 ], [ 39.796437885186933, 0.497589569971124 ], [ 39.79870562184152, 0.496737441050817 ], [ 39.799484480532804, 0.49640186298718 ], [ 39.800228485843085, 0.495993937746117 ], [ 39.800931024922725, 0.495517291092367 ], [ 39.801585853492149, 0.494976159593933 ], [ 39.803242617751742, 0.493470003625289 ], [ 39.803748873086867, 0.493141933038122 ], [ 39.803942804090603, 0.493109421949571 ], [ 39.804709758102724, 0.493094737920713 ], [ 39.805051593920695, 0.493245780753236 ], [ 39.80581423926354, 0.493541889779122 ], [ 39.806600457108374, 0.493767009215583 ], [ 39.807403742174209, 0.493919276436253 ], [ 39.808217447969426, 0.493997431606247 ], [ 39.810217451582261, 0.494097427377763 ], [ 39.811172092738204, 0.494094045847463 ], [ 39.812120990315698, 0.49398873138683 ], [ 39.813053435128246, 0.493782672639371 ], [ 39.814378609401373, 0.493414565211937 ], [ 39.817205453743902, 0.492956151656872 ], [ 39.820914646220807, 0.492684739308046 ], [ 39.821758982860253, 0.492582337354359 ], [ 39.82258992216768, 0.492400041194281 ], [ 39.823400021763426, 0.492139483631264 ], [ 39.825800020608092, 0.491239477970671 ], [ 39.8265415912444, 0.490922592869694 ], [ 39.827251990192948, 0.490540120753596 ], [ 39.827925507842451, 0.490095135670902 ], [ 39.82890444087765, 0.489383181162066 ], [ 39.829752835689661, 0.489579224244501 ], [ 39.829866438164061, 0.489604696470792 ], [ 39.832166443183894, 0.49010469273492 ], [ 39.833041199724526, 0.490249814173207 ], [ 39.833925903684303, 0.490307454582187 ], [ 39.836025263323194, 0.490339748014558 ], [ 39.837039736030533, 0.490297600560451 ], [ 39.838043009783476, 0.49014051334247 ], [ 39.839037519945187, 0.489926260925529 ], [ 39.83979821071793, 0.489726990269977 ], [ 39.840538693436706, 0.489461561738085 ], [ 39.841253302550292, 0.489132006208676 ], [ 39.842095025574764, 0.488698031169468 ], [ 39.84278955534343, 0.488299737570946 ], [ 39.843446179760583, 0.48784088865639 ], [ 39.843610948270552, 0.487714456857371 ], [ 39.843866872424897, 0.487680333039006 ], [ 39.845308035133783, 0.487611702796795 ], [ 39.848327989048784, 0.487657452974611 ], [ 39.849299222998944, 0.487619241217434 ], [ 39.850260675532141, 0.487475650450448 ], [ 39.851201098040015, 0.487228360708036 ], [ 39.854151096497347, 0.486278352937956 ], [ 39.855054083531385, 0.485932669811764 ], [ 39.855914989113344, 0.485491396819492 ], [ 39.856723862978463, 0.484959634236028 ], [ 39.857471356258678, 0.484343528197954 ], [ 39.859321350555959, 0.482643525884607 ], [ 39.860013367773043, 0.481933576579734 ], [ 39.86062377787745, 0.481151435500105 ], [ 39.86222377047531, 0.478851436134195 ], [ 39.862676518160299, 0.478130515314754 ], [ 39.862685050025505, 0.478113583862179 ], [ 39.863021023533683, 0.477979466276384 ], [ 39.863877940017304, 0.477524440213388 ], [ 39.864681215491956, 0.476979187403662 ], [ 39.865421512913336, 0.476350045799696 ], [ 39.865579568752089, 0.476200308049998 ], [ 39.865953184429536, 0.476110362541385 ], [ 39.866833898901568, 0.47584980449711 ], [ 39.867683612522207, 0.475500152537335 ], [ 39.8684934581741, 0.475065055497572 ], [ 39.870393454320229, 0.47391505177928 ], [ 39.871284683524792, 0.473299249769964 ], [ 39.872096013950546, 0.472580171124439 ], [ 39.873796008382669, 0.470880169414716 ], [ 39.87439411360176, 0.470219848530214 ], [ 39.874924584833757, 0.469503342750287 ], [ 39.875386856399658, 0.468809932396795 ], [ 39.87543538021464, 0.46876984733813 ], [ 39.875892778415441, 0.468608411390137 ], [ 39.876301095849009, 0.468608410395772 ], [ 39.876418421328481, 0.468647891825445 ], [ 39.877206187802557, 0.469175109349263 ], [ 39.877630307317155, 0.469442122533142 ], [ 39.879048221632814, 0.470280455102462 ], [ 39.880102294058347, 0.470813292536149 ], [ 39.88211986678828, 0.471671257407937 ], [ 39.88304077682637, 0.472004632353985 ], [ 39.883992237057043, 0.472235213217375 ], [ 39.887144364752956, 0.47281840252946 ], [ 39.888074956305701, 0.472940416653711 ], [ 39.889013113220578, 0.472964060598404 ], [ 39.889948603249266, 0.472889076560117 ], [ 39.892002696513217, 0.472615163862356 ], [ 39.892981508564503, 0.472428562351525 ], [ 39.893933787434484, 0.472134034086529 ], [ 39.894985403572662, 0.471743344434897 ], [ 39.895447104490771, 0.471557043562898 ], [ 39.89594005619707, 0.471342006056783 ], [ 39.896522279296647, 0.471362727100329 ], [ 39.898843251275679, 0.472045359732014 ], [ 39.899775008391153, 0.472265937350236 ], [ 39.900724785402865, 0.47238548992064 ], [ 39.901681805799825, 0.472402661037753 ], [ 39.904481808505778, 0.472302653796816 ], [ 39.905306725056235, 0.472234793567861 ], [ 39.906121940042453, 0.472090812306453 ], [ 39.906920537421925, 0.471871931559813 ], [ 39.907695742141769, 0.471580008297663 ], [ 39.908440977616074, 0.471217519156465 ], [ 39.909149921519216, 0.470787539426774 ], [ 39.909816559421728, 0.47029371696186 ], [ 39.9118338405112, 0.468649998541881 ], [ 39.91425704478219, 0.467362664540952 ], [ 39.915193175280002, 0.466789291613533 ], [ 39.917193170204555, 0.465389287328292 ], [ 39.917982286105655, 0.464768471657458 ], [ 39.918697877086828, 0.464063110905446 ], [ 39.920389809780779, 0.462198397924578 ], [ 39.922366219289422, 0.460231655224065 ], [ 39.925456478943495, 0.457515959717036 ], [ 39.925677699211199, 0.457314949775226 ], [ 39.928927262846415, 0.454262315015137 ], [ 39.933722728511185, 0.449894149044768 ], [ 39.939600097228471, 0.445163561439322 ], [ 39.945793958899216, 0.440346090223482 ], [ 39.949307247800526, 0.437687372381858 ], [ 39.95286012159864, 0.435209698507958 ], [ 39.957440236209088, 0.43220398170476 ], [ 39.961698260863606, 0.429591089594059 ], [ 39.966086167720746, 0.426939043047955 ], [ 39.969765636532053, 0.424889707201032 ], [ 39.974989500862357, 0.422205869810395 ], [ 39.979789983848853, 0.419878348271325 ], [ 39.982630621060885, 0.418549654865804 ], [ 39.987160840309357, 0.416700571455268 ], [ 39.995395830153981, 0.41371046221385 ], [ 39.995640400278262, 0.413617590448914 ], [ 39.99811332820952, 0.41263693908366 ], [ 40.001571338519007, 0.411661592466188 ], [ 40.001824938861922, 0.411585993883884 ], [ 40.005137660080266, 0.410544842989362 ], [ 40.007913257930099, 0.40980467544732 ], [ 40.010802220692256, 0.409059128275232 ], [ 40.015118889850072, 0.408130800407992 ], [ 40.018342575922851, 0.407556709866271 ], [ 40.021858973915712, 0.40715096154013 ], [ 40.026465843985349, 0.40673633010696 ], [ 40.043183378140462, 0.406293758806982 ], [ 40.043990149839878, 0.406235739532956 ], [ 40.049090152383542, 0.405635724601773 ], [ 40.050136998346737, 0.40544881033983 ], [ 40.055536996404761, 0.404148794837611 ], [ 40.056654002819258, 0.403801147465817 ], [ 40.06120399670197, 0.402051134406923 ], [ 40.061901922292151, 0.401748053010375 ], [ 40.06257190628606, 0.40138667425368 ], [ 40.067021895886754, 0.398736664591812 ], [ 40.067514538265982, 0.398421100036663 ], [ 40.070630996981237, 0.396278522858542 ], [ 40.074746190655084, 0.393584035473519 ], [ 40.074773636128462, 0.393565993324532 ], [ 40.07727362856334, 0.391915988685874 ], [ 40.07775473307229, 0.391575280939827 ], [ 40.08040011562133, 0.389568428731284 ], [ 40.08358253976639, 0.387492922310948 ], [ 40.083869691928967, 0.387297632502541 ], [ 40.099319645361156, 0.376347603723785 ], [ 40.099355146241216, 0.376322313215321 ], [ 40.103405133390488, 0.373422306155281 ], [ 40.103446365600064, 0.373392604989876 ], [ 40.106896354631488, 0.370892598681368 ], [ 40.107201390828614, 0.370661496876335 ], [ 40.1203148892711, 0.360279920946839 ], [ 40.130007898124767, 0.352985646668853 ], [ 40.134810003894458, 0.349614917834372 ], [ 40.138527450827382, 0.347402137978047 ], [ 40.144266874435701, 0.34436359808555 ], [ 40.146781663939855, 0.34304225920148 ], [ 40.148720143018096, 0.342274175293314 ], [ 40.151846241815619, 0.341262780432467 ], [ 40.152035050995238, 0.341199363288063 ], [ 40.15648504532534, 0.339649349694938 ], [ 40.157298321829771, 0.339320537663616 ], [ 40.158075908655697, 0.338913524026309 ], [ 40.162075897972741, 0.336563515337218 ], [ 40.162900492051271, 0.336015756042986 ], [ 40.166850477861921, 0.333065749097148 ], [ 40.167286098698433, 0.332718892732025 ], [ 40.17123608361738, 0.329368887839134 ], [ 40.17153156146162, 0.329106936516155 ], [ 40.174931546362906, 0.325956932783873 ], [ 40.174985651623402, 0.325906390825221 ], [ 40.179285633402316, 0.321856387297382 ], [ 40.179390074641496, 0.321756424558283 ], [ 40.183040057574487, 0.318206421783747 ], [ 40.183204626794733, 0.318042177473718 ], [ 40.187354608148972, 0.313792175367398 ], [ 40.187646890439815, 0.313478251247211 ], [ 40.191596870215179, 0.309028250812073 ], [ 40.191603338609703, 0.309020955670195 ], [ 40.202453284131508, 0.296770955134062 ], [ 40.202744795469322, 0.296424718223332 ], [ 40.207622668001981, 0.290327346541519 ], [ 40.21127734751682, 0.286143679920331 ], [ 40.217569932045777, 0.279021802949953 ], [ 40.220665936392741, 0.275833363825973 ], [ 40.224418042790134, 0.272221942681581 ], [ 40.228453758634473, 0.26865547534067 ], [ 40.235501154909642, 0.262863062250992 ], [ 40.238481696645415, 0.260592160125717 ], [ 40.241179192259771, 0.258581287552033 ], [ 40.243241775034207, 0.257056760372127 ], [ 40.246518765177584, 0.254933626214284 ], [ 40.248875831138726, 0.253442411520576 ], [ 40.252836602032161, 0.251011921230613 ], [ 40.255228011155488, 0.249858911912816 ], [ 40.255497836110941, 0.249723164816265 ], [ 40.259597824994614, 0.247573154113001 ], [ 40.25974742359179, 0.247492890246738 ], [ 40.263495621452236, 0.245435936391985 ], [ 40.268574692448226, 0.243213823592467 ], [ 40.272864656617791, 0.241525204416495 ], [ 40.276454890770388, 0.24035953064883 ], [ 40.276995068820739, 0.240164766003203 ], [ 40.280625746949305, 0.238722427607768 ], [ 40.284306389646439, 0.237279999021581 ], [ 40.284862638197332, 0.23703998834249 ], [ 40.290262624277162, 0.234489973523338 ], [ 40.290399567080236, 0.234423878338927 ], [ 40.297699547624887, 0.230823858854719 ], [ 40.297796811132102, 0.230775156756517 ], [ 40.303796793934772, 0.2277251403754 ], [ 40.304082495952727, 0.227573357682781 ], [ 40.310032477603059, 0.224273342625635 ], [ 40.310312334570781, 0.224111463106232 ], [ 40.313962322388463, 0.221911454865177 ], [ 40.314874929394186, 0.221281426793288 ], [ 40.317611907873335, 0.219130930301506 ], [ 40.327509453952523, 0.211635653651049 ], [ 40.332041302231609, 0.208834127000035 ], [ 40.334198860996324, 0.207935135425148 ], [ 40.334891175183373, 0.207790900782193 ], [ 40.343067159227502, 0.207746192254824 ], [ 40.351188369716859, 0.207845201138885 ], [ 40.351542717945641, 0.207842485162041 ], [ 40.356992719381651, 0.207692464906234 ], [ 40.357265174148942, 0.207680797003331 ], [ 40.36156517511531, 0.207430780896833 ], [ 40.361837376310575, 0.207410773839316 ], [ 40.366337375579796, 0.207010756336499 ], [ 40.366912271607312, 0.206940790998489 ], [ 40.37111226846865, 0.206290775865897 ], [ 40.371214571813645, 0.206274334430954 ], [ 40.375414569177302, 0.205574318806485 ], [ 40.375606492602046, 0.205540173648614 ], [ 40.379306489100777, 0.204840159076299 ], [ 40.380113984217353, 0.204648139926959 ], [ 40.380900439334134, 0.20438194319087 ], [ 40.383347200257028, 0.203425035055362 ], [ 40.383705807032271, 0.20327573524292 ], [ 40.386098092633311, 0.202218275402753 ], [ 40.387175519738982, 0.201651600146496 ], [ 40.390236449921289, 0.199765945809896 ], [ 40.391017427782337, 0.199225865070163 ], [ 40.393934892462696, 0.196971445927264 ], [ 40.397732156438813, 0.194641289463897 ], [ 40.400161887973255, 0.193312518581986 ], [ 40.40136342101777, 0.192867501686519 ], [ 40.402960886022164, 0.192635605293665 ], [ 40.404677486301942, 0.192608776471651 ], [ 40.405802075579246, 0.192822056271983 ], [ 40.407372437436877, 0.193463270163045 ], [ 40.407641161959972, 0.193567976172624 ], [ 40.408746279305227, 0.193978184226728 ], [ 40.409074207076102, 0.194092713047732 ], [ 40.411117181038371, 0.194761996949876 ], [ 40.412702549369236, 0.195661336398772 ], [ 40.414568467463525, 0.196741597104852 ], [ 40.415293893466583, 0.197118505257829 ], [ 40.416050308272318, 0.197427565740933 ], [ 40.41683146646276, 0.197666226842364 ], [ 40.417630918335384, 0.197832518114233 ], [ 40.420430923737214, 0.19828250779975 ], [ 40.420692847038964, 0.198320627687301 ], [ 40.422804756058746, 0.198596086024397 ], [ 40.424917861878598, 0.198963573792696 ], [ 40.425664311057368, 0.199061172268427 ], [ 40.426416255427633, 0.19909552156003 ], [ 40.427168416469705, 0.199066380603913 ], [ 40.430868415836763, 0.198766365580565 ], [ 40.431409386832847, 0.198705847639977 ], [ 40.434909385178834, 0.198205834212642 ], [ 40.435428910715487, 0.198115888281896 ], [ 40.438128907327489, 0.197565877709444 ], [ 40.438817179735139, 0.19739698212321 ], [ 40.441905847905652, 0.196507807490831 ], [ 40.445898146139491, 0.195568426539462 ], [ 40.449795092196666, 0.194692692847585 ], [ 40.453070890772807, 0.194349863445696 ], [ 40.457239736085654, 0.194389175051855 ], [ 40.459623243290338, 0.194746691355812 ], [ 40.460649895310034, 0.194840484589112 ], [ 40.465149898628248, 0.194990466153778 ], [ 40.465329782028746, 0.194994646505684 ], [ 40.469111570291432, 0.195044391990368 ], [ 40.471930899139245, 0.19509298921618 ], [ 40.474536481179946, 0.195174403134044 ], [ 40.476892225131046, 0.195531324106813 ], [ 40.478329800757564, 0.195890711901499 ], [ 40.478919741886358, 0.19618567990815 ], [ 40.479885143783633, 0.196990176506918 ], [ 40.483389531051586, 0.199968621237147 ], [ 40.484273751011749, 0.200740816679331 ], [ 40.48451648592728, 0.200945366153313 ], [ 40.486140617988966, 0.202265714439306 ], [ 40.48680063539976, 0.202753966770787 ], [ 40.488626079074244, 0.203979399835348 ], [ 40.489480897998114, 0.204486919584404 ], [ 40.490386104895684, 0.204896423139358 ], [ 40.491330653613176, 0.205202913514944 ], [ 40.493967685808727, 0.205899312947952 ], [ 40.494814440280997, 0.206079538011458 ], [ 40.495674491421738, 0.206176898326929 ], [ 40.496539857102562, 0.206190490393445 ], [ 40.497402505889582, 0.206120188163052 ], [ 40.49825443158349, 0.205966644206809 ], [ 40.500854427499462, 0.205366634118561 ], [ 40.501634183117154, 0.205149050515399 ], [ 40.502391328859254, 0.204861716582759 ], [ 40.502639754810076, 0.2047407244267 ], [ 40.502751553521371, 0.205086282160779 ], [ 40.503704319583122, 0.208468595216937 ], [ 40.503985648012439, 0.209308205969196 ], [ 40.504785653307195, 0.211358213204222 ], [ 40.505125663944909, 0.21212327748814 ], [ 40.505534565575637, 0.21285336842456 ], [ 40.50600884638466, 0.213542215765552 ], [ 40.50654443305595, 0.214183903487329 ], [ 40.507136725757391, 0.214772920599922 ], [ 40.508736734842401, 0.216222920585681 ], [ 40.509571576555132, 0.21689349864641 ], [ 40.510479565998914, 0.217459597266246 ], [ 40.512596531315431, 0.218610112145022 ], [ 40.51314956240779, 0.218944838895766 ], [ 40.513208760083188, 0.219011674636708 ], [ 40.513472604699373, 0.219461185902276 ], [ 40.513854740110688, 0.220935131766663 ], [ 40.514087788480474, 0.221695434960236 ], [ 40.514386313130508, 0.222432174523616 ], [ 40.51536229808967, 0.224567127923702 ], [ 40.515741507245359, 0.225305311131537 ], [ 40.516186421989275, 0.226005334826254 ], [ 40.516693285554823, 0.226661288227844 ], [ 40.517892326726233, 0.228073973843738 ], [ 40.518520755928797, 0.228742300538889 ], [ 40.51921339499178, 0.229342874140851 ], [ 40.520247566907649, 0.230151083088375 ], [ 40.521082009754259, 0.23073033005385 ], [ 40.522175250561361, 0.231400913700443 ], [ 40.52239200868754, 0.231529714297514 ], [ 40.523494241672331, 0.232163885036487 ], [ 40.523824249502567, 0.232344646280974 ], [ 40.525237235265557, 0.233080482476778 ], [ 40.525739929112063, 0.233322676079754 ], [ 40.527225754265075, 0.233982318234281 ], [ 40.527756291741603, 0.234197811302582 ], [ 40.529469524080007, 0.234830610121852 ], [ 40.530035465763646, 0.235018451982094 ], [ 40.531013104537656, 0.235307120994495 ], [ 40.531391823082629, 0.235409961427579 ], [ 40.533497524578436, 0.235932392232589 ], [ 40.534434352582039, 0.236112330819868 ], [ 40.535384849251528, 0.236191270292354 ], [ 40.538784852557249, 0.236291255089369 ], [ 40.539580150459074, 0.236279179232282 ], [ 40.540371269896731, 0.236196331997288 ], [ 40.541152009275962, 0.236043362904414 ], [ 40.541916248385981, 0.235821471157156 ], [ 40.544716242794934, 0.234871460795379 ], [ 40.545396115055212, 0.234609451164205 ], [ 40.546052682084017, 0.23429288298751 ], [ 40.548761942496633, 0.232847930554523 ], [ 40.551060717955359, 0.231831153441305 ], [ 40.551805742921353, 0.231459299056547 ], [ 40.552513421790998, 0.231019684663721 ], [ 40.553944818413996, 0.230035591797941 ], [ 40.555088861028509, 0.229628815955614 ], [ 40.555452926424245, 0.229490368716832 ], [ 40.556667274184065, 0.228998059530716 ], [ 40.558933324903649, 0.228462540326467 ], [ 40.559721601955744, 0.228237615730517 ], [ 40.560486244584276, 0.227941324171829 ], [ 40.561220892423073, 0.22757613031908 ], [ 40.56276101697194, 0.226720467650123 ], [ 40.563488204334526, 0.226269788686796 ], [ 40.564424493771298, 0.225625803528076 ], [ 40.565266950864213, 0.22511764097022 ], [ 40.566073572223324, 0.224716500435647 ], [ 40.567549440223736, 0.224456024189845 ], [ 40.569982936728572, 0.224334338650197 ], [ 40.57040748860291, 0.224577497735332 ], [ 40.572607498088644, 0.225727492088499 ], [ 40.573434279300471, 0.226107514772751 ], [ 40.574294970839986, 0.226401489004278 ], [ 40.575180762604106, 0.226606405761444 ], [ 40.576082587583294, 0.226720167627049 ], [ 40.576991214674059, 0.226741610253092 ], [ 40.577897343170285, 0.226670514274355 ], [ 40.578791697965912, 0.226507607548908 ], [ 40.582191693440215, 0.22570759335079 ], [ 40.58276323395841, 0.225552956057712 ], [ 40.583591950076197, 0.22529899084183 ], [ 40.583942064203399, 0.225862634749762 ], [ 40.584076802743468, 0.226073014691741 ], [ 40.584574017032033, 0.226826264339564 ], [ 40.584959107451489, 0.227365584665768 ], [ 40.586122296544332, 0.228874469830421 ], [ 40.586637889943233, 0.229485349064882 ], [ 40.587205190042916, 0.230047864776665 ], [ 40.589433234117024, 0.232069283975197 ], [ 40.590079940131311, 0.232603248067281 ], [ 40.590773171620242, 0.233074346696393 ], [ 40.591506919254357, 0.233478496201078 ], [ 40.592274822498069, 0.233812193280812 ], [ 40.59477483169772, 0.234762184697225 ], [ 40.595616890953742, 0.235035287881934 ], [ 40.596481549615916, 0.235223683525577 ], [ 40.597360421875585, 0.23532554460446 ], [ 40.5982449840958, 0.23533988334462 ], [ 40.599126657478038, 0.235266560797471 ], [ 40.601208750200001, 0.234988939411291 ], [ 40.601425640054259, 0.235292125123486 ], [ 40.602012451819952, 0.235961731529856 ], [ 40.602661996284574, 0.236569814356792 ], [ 40.605612013774717, 0.239069812803598 ], [ 40.606257201253364, 0.239568142085725 ], [ 40.606944508148715, 0.240005691789024 ], [ 40.607668302237535, 0.24037887644348 ], [ 40.608422652308214, 0.240684638033008 ], [ 40.609201376766649, 0.24092047105299 ], [ 40.609998094293651, 0.241084443039595 ], [ 40.613148101093245, 0.241584430357353 ], [ 40.614120454304384, 0.241684573514972 ], [ 40.615097858629021, 0.241677771843651 ], [ 40.616068742856513, 0.241564106021061 ], [ 40.617021612999451, 0.241344921855256 ], [ 40.619263249287442, 0.240698284982383 ], [ 40.619931280903856, 0.240564675685353 ], [ 40.623249642534546, 0.241014021310885 ], [ 40.623541308211287, 0.241048639697085 ], [ 40.628441316004249, 0.241548618818052 ], [ 40.629347192615782, 0.241594714821966 ], [ 40.634947196391479, 0.241594689466358 ], [ 40.635932664568955, 0.241540102335189 ], [ 40.640432662753838, 0.241040081371249 ], [ 40.641317381800746, 0.240896502203298 ], [ 40.644185266352473, 0.240281941906081 ], [ 40.645597297365455, 0.241340957153136 ], [ 40.647431553828035, 0.242956839066914 ], [ 40.647837355052438, 0.243293728176014 ], [ 40.650500262406815, 0.245375623042693 ], [ 40.652664854624291, 0.247155386167867 ], [ 40.653075129504288, 0.247473326345087 ], [ 40.65677515005077, 0.250173321651453 ], [ 40.656799343698871, 0.250190914670069 ], [ 40.660249362983322, 0.252690909077676 ], [ 40.660681402466061, 0.252985191543438 ], [ 40.66363640064268, 0.254874436783031 ], [ 40.667368499016646, 0.257394795273334 ], [ 40.67060556566264, 0.259611947078761 ], [ 40.673751732554727, 0.262290421942635 ], [ 40.674779140809498, 0.263271124117492 ], [ 40.674685788736426, 0.264624714746562 ], [ 40.67467904361429, 0.264731690178152 ], [ 40.674479039908903, 0.268231705672947 ], [ 40.674471663677508, 0.269119346913419 ], [ 40.674550764703653, 0.270003440026143 ], [ 40.674715580867613, 0.270875466891887 ], [ 40.674964524184119, 0.271727025650991 ], [ 40.675864529693364, 0.274327036548324 ], [ 40.67619199144427, 0.275142929846394 ], [ 40.67659667050048, 0.275922919852225 ], [ 40.677074735099829, 0.276659621204058 ], [ 40.677621658619543, 0.277346058434622 ], [ 40.678232262439884, 0.27797573202015 ], [ 40.680346591966611, 0.279953713605117 ], [ 40.681149058651179, 0.280621512403956 ], [ 40.682022887804237, 0.281191349964483 ], [ 40.683741834540108, 0.28217486604625 ], [ 40.68489345457823, 0.28272878626305 ], [ 40.685953536481861, 0.283148391030198 ], [ 40.686578358742771, 0.283369303929996 ], [ 40.687518806771998, 0.283663081452642 ], [ 40.688136890562291, 0.28386872011734 ], [ 40.690177024332783, 0.287242770598853 ], [ 40.692586694257628, 0.291628351327626 ], [ 40.692733551761371, 0.291885575500987 ], [ 40.69452934456308, 0.294914815943223 ], [ 40.694844596287098, 0.295458183466653 ], [ 40.695692166909765, 0.297102639102283 ], [ 40.696771940776166, 0.299870864365718 ], [ 40.697995770997217, 0.30308825001267 ], [ 40.698894879921383, 0.30633183773177 ], [ 40.698925022165447, 0.306438066618413 ], [ 40.699825028140467, 0.309538080075346 ], [ 40.700084565256702, 0.310303205406293 ], [ 40.70158457574076, 0.314153221204812 ], [ 40.701843205801225, 0.314752406923884 ], [ 40.703743219026606, 0.318752421574202 ], [ 40.704388447106112, 0.3198906658619 ], [ 40.706388462060012, 0.322890673590921 ], [ 40.706847451727185, 0.323518822422903 ], [ 40.707358488365422, 0.324104828045545 ], [ 40.707917772058224, 0.324644333166812 ], [ 40.710517788035688, 0.326944332494088 ], [ 40.711149759302018, 0.327454435218098 ], [ 40.711824805353189, 0.327905151708703 ], [ 40.714224818259019, 0.32935514594561 ], [ 40.714911823640087, 0.329730287865352 ], [ 40.715628619394607, 0.3300438912957 ], [ 40.717828629153701, 0.330893884169655 ], [ 40.718747094354015, 0.33119281624517 ], [ 40.721747103908029, 0.331992804068347 ], [ 40.722886793777796, 0.332218506562506 ], [ 40.725936799651528, 0.332618492245245 ], [ 40.726245436689787, 0.332653516294416 ], [ 40.729289087274168, 0.332945358629005 ], [ 40.730965446383813, 0.333341157721066 ], [ 40.731871540485635, 0.334392194872829 ], [ 40.732496815561717, 0.335241743926593 ], [ 40.733262721183507, 0.336319808793362 ], [ 40.73338179345587, 0.336483498729837 ], [ 40.735609932105824, 0.339475538123714 ], [ 40.735788480183594, 0.339707367509346 ], [ 40.737938495802631, 0.342407373058554 ], [ 40.738497634358424, 0.34304553348362 ], [ 40.741097652471872, 0.345745535272058 ], [ 40.741487467235373, 0.346126573027414 ], [ 40.743987483922545, 0.348426573067575 ], [ 40.744631043704665, 0.348965452536552 ], [ 40.746931057758786, 0.350715449781486 ], [ 40.74741094702452, 0.351056349337255 ], [ 40.751110968082401, 0.353506343297646 ], [ 40.752143853252356, 0.354095729334223 ], [ 40.759097573228928, 0.357473212964603 ], [ 40.764051543234004, 0.359950171340258 ], [ 40.764598383339546, 0.360200993951388 ], [ 40.768898402185393, 0.362000979704372 ], [ 40.76948278110811, 0.362221950984983 ], [ 40.772582793287263, 0.363271938989734 ], [ 40.773155543745276, 0.363444793608095 ], [ 40.776355554649598, 0.36429478074737 ], [ 40.776571282360216, 0.364349215673514 ], [ 40.781085950418081, 0.365428786888217 ], [ 40.786001033291868, 0.366706682915711 ], [ 40.786082295303991, 0.366727403855058 ], [ 40.794882323541799, 0.368927366841591 ], [ 40.794912477851426, 0.368934849540004 ], [ 40.804936650797579, 0.371403805547003 ], [ 40.810761751825126, 0.373019139869472 ], [ 40.810812093017951, 0.373032941502402 ], [ 40.816162112076697, 0.374482919088921 ], [ 40.816673082634594, 0.374605392412809 ], [ 40.821223095612744, 0.375555371558279 ], [ 40.821649884024247, 0.375633707693277 ], [ 40.825625912166394, 0.376264032687278 ], [ 40.828702532645281, 0.376840883771852 ], [ 40.828761509077069, 0.376851736647426 ], [ 40.832361518632332, 0.37750171926388 ], [ 40.832442561776809, 0.377515966252119 ], [ 40.835959385929719, 0.378117510531409 ], [ 40.839718192908919, 0.379012444998501 ], [ 40.843694921458955, 0.380117071044955 ], [ 40.846441461592072, 0.381135933758114 ], [ 40.846666199465631, 0.381215909557991 ], [ 40.850705625693067, 0.38259296493873 ], [ 40.854116632724065, 0.384090460715476 ], [ 40.863869595264902, 0.389375260947976 ], [ 40.869549880877472, 0.392585824804982 ], [ 40.869665928214651, 0.392650286904778 ], [ 40.880683739060032, 0.398664114594707 ], [ 40.890835468413037, 0.408077464983469 ], [ 40.89334633602909, 0.410443458715684 ], [ 40.895684646780118, 0.412733039467727 ], [ 40.898084660975073, 0.415083036972005 ], [ 40.898235447968027, 0.415227298460465 ], [ 40.90022706993193, 0.41708901965044 ], [ 40.902296819891454, 0.419422977673745 ], [ 40.902622829809474, 0.419771569690948 ], [ 40.906051199809582, 0.423248204458629 ], [ 40.908034359089086, 0.42542022252618 ], [ 40.908191083608628, 0.42558754998859 ], [ 40.910641102600962, 0.428137552412251 ], [ 40.911177305558624, 0.428651455464379 ], [ 40.911753727403855, 0.429119157150094 ], [ 40.914303744284418, 0.431019153459965 ], [ 40.915014591741439, 0.431497807596436 ], [ 40.918314612051773, 0.433497800474366 ], [ 40.918500631068554, 0.433607497791632 ], [ 40.921790422803959, 0.435494502669977 ], [ 40.921909905753303, 0.43556182796782 ], [ 40.922837020459419, 0.436074927361399 ], [ 40.922884387913619, 0.436100956002557 ], [ 40.924671093229804, 0.4370757561824 ], [ 40.925446057874929, 0.437516994661433 ], [ 40.925505412967972, 0.43755049131072 ], [ 40.928284834462268, 0.439105136534719 ], [ 40.928860270143048, 0.439400262485943 ], [ 40.931210283137716, 0.440500255068201 ], [ 40.932422611197758, 0.440963783418294 ], [ 40.936356631281932, 0.442148707557567 ], [ 40.938815820466829, 0.443026975776919 ], [ 40.941730400514089, 0.444169159071629 ], [ 40.944400573044561, 0.445737869994641 ], [ 40.946870588188176, 0.447889155327981 ], [ 40.947578675612462, 0.448446039240147 ], [ 40.949978690833994, 0.450146035695254 ], [ 40.950057778093878, 0.450201419281318 ], [ 40.952657795630643, 0.452001415214139 ], [ 40.95306877834463, 0.452269622881639 ], [ 40.956568800740719, 0.454419615140034 ], [ 40.957711966316744, 0.455013216337206 ], [ 40.96061198107904, 0.456263205076918 ], [ 40.961622456538862, 0.456628475442925 ], [ 40.965522472638497, 0.457778459009363 ], [ 40.96558076591036, 0.457795432654675 ], [ 40.969482286691083, 0.458917097817179 ], [ 40.972802170615452, 0.459954542220222 ], [ 40.974873040425422, 0.460927211474234 ], [ 40.977977522857486, 0.463076448597961 ], [ 40.981372292999431, 0.465680633848519 ], [ 40.983647306910832, 0.467509551444467 ], [ 40.986461037984014, 0.470041889781906 ], [ 40.9871581515591, 0.470608906131924 ], [ 40.987907926694497, 0.4711031593732 ], [ 40.988702897898619, 0.471519728379176 ], [ 40.989535149680812, 0.471854465535133 ], [ 40.9903963953697, 0.472104038032387 ], [ 40.99127805962668, 0.472265961048493 ], [ 40.992171363832981, 0.472338622483585 ], [ 40.99306741349978, 0.472321299006447 ], [ 40.993957286830977, 0.472214163250952 ], [ 40.994832123556733, 0.472018282091251 ], [ 40.995683213153228, 0.471735606013309 ], [ 40.996502081570192, 0.471368949688727 ], [ 40.997280575602815, 0.470921963944573 ], [ 40.998010944068014, 0.470399099408376 ], [ 40.99868591497691, 0.469805562190693 ], [ 40.999298767935343, 0.469147262046353 ], [ 40.999843401051677, 0.468430753530868 ], [ 41.000314391686089, 0.46766317073791 ], [ 41.00070705043651, 0.466852156267512 ], [ 41.001017467824099, 0.466005785132491 ], [ 41.001242553213586, 0.465132484360413 ], [ 41.001380065581124, 0.46424094909161 ], [ 41.001428635823672, 0.463340056008393 ], [ 41.002122048911787, 0.30317127471289 ], [ 41.002122136095551, 0.303130593493686 ], [ 41.002122011093753, 0.002532247989355 ], [ 41.002082171833031, -0.330769920134159 ], [ 41.002032289945646, -0.825945711534971 ], [ 41.115639936566801, -0.979315150058668 ], [ 41.115667592179669, -0.979352681059302 ], [ 41.226849892428469, -1.131029189575087 ], [ 41.566804873319697, -1.588401673439408 ], [ 41.568055438937961, -1.589818989003368 ], [ 41.568488554027965, -1.590349096552433 ], [ 41.56888045098129, -1.590910747918143 ], [ 41.569780443405797, -1.592310739636536 ], [ 41.570182320480328, -1.593001076744407 ], [ 41.570521957578919, -1.593724474564093 ], [ 41.570796693244155, -1.594475264428106 ], [ 41.571004374580902, -1.595247563027725 ], [ 41.571404375881869, -1.597047549812559 ], [ 41.571568280483753, -1.598043377303655 ], [ 41.571620820670717, -1.599051386829482 ], [ 41.571421083169248, -1.657450974525865 ], [ 41.571373778192672, -1.658346992478008 ], [ 41.571238418976392, -1.659233874787136 ], [ 41.57101633946656, -1.66010288040076 ], [ 41.57070972830978, -1.660945444435767 ], [ 41.570321607289166, -1.66175326258952 ], [ 41.569855801549721, -1.662518372983905 ], [ 41.5693169019059, -1.663233234635741 ], [ 41.568710219602742, -1.663890801780329 ], [ 41.568041733976024, -1.664484593315576 ], [ 41.567318033526831, -1.66500875668227 ], [ 41.566546250991301, -1.665458125550852 ], [ 41.565733993044965, -1.665828270745923 ], [ 41.564889265334472, -1.66611554390636 ], [ 41.56402039357539, -1.666317113450724 ], [ 41.563135941493641, -1.666430992492831 ], [ 41.533806041681203, -1.668725716450568 ], [ 41.510540003359367, -1.670915524481711 ], [ 41.510528402278119, -1.670916608681631 ], [ 41.48795532760078, -1.673011242158698 ], [ 41.487919910406056, -1.673014457322278 ], [ 41.444268560514352, -1.676889034468445 ], [ 41.444255333792768, -1.676890198453083 ], [ 41.40045599368441, -1.680711389094912 ], [ 41.369679734671855, -1.683401289295273 ], [ 41.338842667380931, -1.686127030345009 ], [ 41.338811664562748, -1.686129716072485 ], [ 41.291656183061953, -1.690131422760185 ], [ 41.244249743563813, -1.69420780181143 ], [ 41.244226772638271, -1.694209746907676 ], [ 41.204231379503263, -1.69754404135712 ], [ 41.164291585002772, -1.700906759214783 ], [ 41.120890356606971, -1.70471891273585 ], [ 41.120879712349861, -1.704719841149595 ], [ 41.077632662479083, -1.708465423458662 ], [ 41.048175520260706, -1.711285380222938 ], [ 41.018692327684548, -1.714208162452886 ], [ 41.018561502273606, -1.714220159717267 ], [ 40.956647136909098, -1.719438109189438 ], [ 40.947247483018664, -1.720277545782295 ], [ 40.895131748807891, -1.725170643712793 ], [ 40.890198410493156, -1.727580662793989 ], [ 40.890102610600643, -1.727626760708298 ], [ 40.884749554094931, -1.730163593202779 ], [ 40.877809111198474, -1.733539041977038 ], [ 40.870807031309333, -1.736944434392468 ], [ 40.86355299983574, -1.74055229187729 ], [ 40.856241369931979, -1.744359219908745 ], [ 40.856083932317958, -1.744439231158262 ], [ 40.848730536571544, -1.748085587774517 ], [ 40.841295708960715, -1.751846065800172 ], [ 40.841106834174759, -1.751938828888722 ], [ 40.820912289870094, -1.761564396271278 ], [ 40.820878290152685, -1.761580514297389 ], [ 40.800543884934719, -1.771167984609186 ], [ 40.775423631834492, -1.783509457656046 ], [ 40.750263019411591, -1.795840261733217 ], [ 40.745696525544737, -1.798105956229156 ], [ 40.741564192278283, -1.80166771301606 ], [ 40.740953905861005, -1.802149387167468 ], [ 40.740304616969091, -1.802576317529232 ], [ 40.739621161853002, -1.802945323996452 ], [ 40.738908631273496, -1.803253657906924 ], [ 40.717974965451674, -1.811253763406808 ], [ 40.698208593390255, -1.820936158291333 ], [ 40.698151119475725, -1.820964057597536 ], [ 40.654764435457636, -1.841833844351793 ], [ 40.611377735636928, -1.862825678212953 ], [ 40.568403450847903, -1.883580537284452 ], [ 40.525320944896684, -1.904343697643324 ], [ 40.522059565450768, -1.905941526347925 ], [ 40.520809955272654, -1.906555439084689 ], [ 40.512475773380032, -1.910696165349958 ], [ 40.504272515517151, -1.914797837761868 ], [ 40.503582876578506, -1.915107032570682 ], [ 40.497392662415258, -1.917574334969046 ], [ 40.491321745373185, -1.920005899958956 ], [ 40.469071446549727, -1.929671480640779 ], [ 40.446420881049306, -1.939519129836111 ], [ 40.446189274029315, -1.939615987289229 ], [ 40.441486583484334, -1.941505655832717 ], [ 40.436670109931924, -1.943489822061576 ], [ 40.436636893117658, -1.943503428034666 ], [ 40.421647238257336, -1.949608245451678 ], [ 40.421624113035733, -1.949617625993476 ], [ 40.406878096124963, -1.95557524517492 ], [ 40.393480109085878, -1.961748051553805 ], [ 40.379974245015909, -1.968012702958893 ], [ 40.379953272410589, -1.968022398118907 ], [ 40.374291235062088, -1.970630967683123 ], [ 40.36873012078631, -1.973279175186806 ], [ 40.368621665257606, -1.973329935758851 ], [ 40.366035061113564, -1.974519548343877 ], [ 40.366005429146135, -1.974533111234471 ], [ 40.363163100164584, -1.975827830578617 ], [ 40.354485577216089, -1.979876334184958 ], [ 40.346039214230508, -1.983810746872281 ], [ 40.346018041498411, -1.983820575782387 ], [ 40.338460273236819, -1.987317107665421 ], [ 40.338420827289127, -1.987335241029886 ], [ 40.330754743180897, -1.990836869094029 ], [ 40.323040574685137, -1.994417849771619 ], [ 40.31538557859912, -1.997967104055792 ], [ 40.315334083622929, -1.997990782157326 ], [ 40.308848489579482, -2.000948129830296 ], [ 40.30334754464382, -2.003466145860553 ], [ 40.302815113783865, -2.003726346734363 ], [ 40.298726126404198, -2.005917706099589 ], [ 40.298624045326122, -2.005971570574768 ], [ 40.294255631220999, -2.008240809581653 ], [ 40.294039618353935, -2.008349348921676 ], [ 40.293212700147279, -2.00875098024605 ], [ 40.293066325986501, -2.00882044610815 ], [ 40.289388516453045, -2.010525299297116 ], [ 40.28639845117285, -2.012016794591749 ], [ 40.286146192623804, -2.012137748071784 ], [ 40.280678773115696, -2.014655117195226 ], [ 40.275896862159698, -2.016869766816872 ], [ 40.269915614477959, -2.019676608611514 ], [ 40.269819849663556, -2.019720862614993 ], [ 40.263740968729486, -2.02248667696176 ], [ 40.259611926312829, -2.024517588747644 ], [ 40.259445287623244, -2.024597429661922 ], [ 40.255249119403182, -2.026555007099295 ], [ 40.245129500180958, -2.031381038878627 ], [ 40.245117141787176, -2.031386920962063 ], [ 40.235119803923389, -2.036135849325584 ], [ 40.235063800252597, -2.036162215387639 ], [ 40.228269091746945, -2.039332481899122 ], [ 40.228252641314555, -2.039340137020909 ], [ 40.221391914962204, -2.042524281209911 ], [ 40.220589827384806, -2.042850419168551 ], [ 40.21976029568075, -2.0430974842222 ], [ 40.214310435299531, -2.044437420628545 ], [ 40.213426299820156, -2.044608114225834 ], [ 40.212529628809122, -2.044688989992356 ], [ 40.211629413586436, -2.044679236860229 ], [ 40.210734681031326, -2.044578952538143 ], [ 40.20985440306081, -2.044389142535062 ], [ 40.208997406658959, -2.044111710080591 ], [ 40.208172285358991, -2.043749437042742 ], [ 40.207387313066384, -2.043305956034593 ], [ 40.206650361087192, -2.04278571398906 ], [ 40.205968819193878, -2.042193927567617 ], [ 40.205349521520489, -2.041536530849573 ], [ 40.204798678030357, -2.040820115826885 ], [ 40.204321812243691, -2.040051866301061 ], [ 40.203923705849768, -2.039239485845281 ], [ 40.20360835075892, -2.038391120554084 ], [ 40.203378909075397, -2.037515277355526 ], [ 40.2031166305689, -2.036262586682552 ], [ 40.202906503123877, -2.035345333199265 ], [ 40.202739815201355, -2.03467567421017 ], [ 40.202485578309648, -2.033695401413314 ], [ 40.202285709145457, -2.032925250836319 ], [ 40.201855147860009, -2.031568884115353 ], [ 40.201368238446967, -2.030035143714464 ], [ 40.200535233131113, -2.027503753425335 ], [ 40.199753688124318, -2.025128575890546 ], [ 40.199011941753767, -2.023165963634486 ], [ 40.198224100440527, -2.021081152165054 ], [ 40.197824801778353, -2.020053481958326 ], [ 40.197454460163726, -2.019186042668113 ], [ 40.196942590658573, -2.018116972806901 ], [ 40.196486624149017, -2.017164296532875 ], [ 40.195869065830166, -2.016088498597313 ], [ 40.195061595620771, -2.014717112308809 ], [ 40.194670877347271, -2.014137067842417 ], [ 40.194379857814958, -2.013675602046328 ], [ 40.193965561527513, -2.012972569994646 ], [ 40.193887143624984, -2.012836828297651 ], [ 40.193473305272818, -2.012105944104475 ], [ 40.193253473698071, -2.011693210185921 ], [ 40.192925580010801, -2.011037356600519 ], [ 40.192604580261964, -2.010423211478737 ], [ 40.192330702793662, -2.009979775269422 ], [ 40.192060169433994, -2.009592669634674 ], [ 40.19126224605202, -2.008565848281794 ], [ 40.190284652022207, -2.007308592952918 ], [ 40.190137205482642, -2.007113579817351 ], [ 40.189460350581285, -2.006192747335117 ], [ 40.189099871038032, -2.005664121969469 ], [ 40.188468583079057, -2.0046641639474 ], [ 40.188000510513, -2.003827743770365 ], [ 40.187623171598631, -2.002946127533854 ], [ 40.18734081570323, -2.002029243718257 ], [ 40.187156622499238, -2.001087417971186 ], [ 40.187072666160191, -2.000131256818878 ], [ 40.187089892007954, -1.999171528214638 ], [ 40.187159956795476, -1.998182315186392 ], [ 40.187265720179688, -1.997301388079568 ], [ 40.187435288247457, -1.996303206723824 ], [ 40.187492120446414, -1.995999912442462 ], [ 40.187763940946454, -1.994673971854568 ], [ 40.187783986310528, -1.994578781456031 ], [ 40.188037662262815, -1.993405302493041 ], [ 40.188154774394015, -1.992747952043649 ], [ 40.188222194639955, -1.992162851819766 ], [ 40.188313358346399, -1.991371703087211 ], [ 40.188415577179818, -1.990339591994779 ], [ 40.188518874227142, -1.989264788965871 ], [ 40.188599170422023, -1.988369760823918 ], [ 40.18868204374342, -1.987446006465483 ], [ 40.188690043259264, -1.987361291973326 ], [ 40.188742210189851, -1.98683514427011 ], [ 40.188750752883266, -1.986563895654839 ], [ 40.1887387634821, -1.985970864576084 ], [ 40.188731614414074, -1.985617253050801 ], [ 40.188726584686435, -1.985577050564776 ], [ 40.188600754140658, -1.985094624343535 ], [ 40.188457625388878, -1.984673968332019 ], [ 40.188265126252283, -1.984252456205014 ], [ 40.188256928290301, -1.984234453339309 ], [ 40.187903238432774, -1.983455492992467 ], [ 40.187666992862027, -1.982935168445779 ], [ 40.187406642707721, -1.982444761476515 ], [ 40.187083609845615, -1.981836194423337 ], [ 40.186586452856488, -1.980966907816289 ], [ 40.186489013748144, -1.98079208104328 ], [ 40.185919542622983, -1.979743252565418 ], [ 40.18544625281092, -1.978898617540912 ], [ 40.184989849635784, -1.978181469471481 ], [ 40.184691762918391, -1.977677865172502 ], [ 40.184366854935888, -1.977086139191534 ], [ 40.183971503989774, -1.976422735328819 ], [ 40.183822252278645, -1.976162590167617 ], [ 40.183372433472279, -1.975347595046018 ], [ 40.182826839616503, -1.974365169833623 ], [ 40.182193110921652, -1.973232820569647 ], [ 40.182170496328546, -1.97319216814807 ], [ 40.181551400424695, -1.972072512510284 ], [ 40.181540893825662, -1.972053456957353 ], [ 40.18108368488847, -1.971221868070678 ], [ 40.180831648032822, -1.970728288859755 ], [ 40.180354737620334, -1.969719331268357 ], [ 40.17986533879818, -1.968682546312799 ], [ 40.179648955720843, -1.968186301759919 ], [ 40.179257456444212, -1.967209952877734 ], [ 40.179176626550948, -1.967000941747421 ], [ 40.17878020755392, -1.965937028214616 ], [ 40.178726043421108, -1.965787681788318 ], [ 40.178367542652026, -1.964771545880289 ], [ 40.178080492439314, -1.963782502945521 ], [ 40.177767863139771, -1.962421490238784 ], [ 40.177638754458556, -1.96174190705706 ], [ 40.177434542073058, -1.960388054228733 ], [ 40.177424881592216, -1.960322385118687 ], [ 40.177238927083579, -1.959025477623543 ], [ 40.177165730646585, -1.958320446426471 ], [ 40.177147632009898, -1.957611813118026 ], [ 40.177158859178903, -1.956775309651922 ], [ 40.177159238968457, -1.956749698714085 ], [ 40.177174527159607, -1.955808128931899 ], [ 40.177191467555097, -1.955381561002658 ], [ 40.177255339568397, -1.954371469227304 ], [ 40.177418833411252, -1.953136744701508 ], [ 40.177681212361151, -1.951843450692249 ], [ 40.177911619714195, -1.950700638278032 ], [ 40.177981687306598, -1.950382609931761 ], [ 40.178174806578788, -1.94957516390502 ], [ 40.178344510070602, -1.948961486348224 ], [ 40.178607572606239, -1.948125404512569 ], [ 40.17885506903125, -1.947338855125698 ], [ 40.179105240564489, -1.946511146705333 ], [ 40.179325447859689, -1.945782575969698 ], [ 40.179457270640903, -1.945286111842388 ], [ 40.179645583047552, -1.944488845259462 ], [ 40.17976159221562, -1.943851473276795 ], [ 40.17982542556728, -1.943346444252338 ], [ 40.179930241929895, -1.942463701665122 ], [ 40.180039103261045, -1.941546884634882 ], [ 40.180044545105375, -1.941502006594329 ], [ 40.180165730477384, -1.940522969962773 ], [ 40.180224484674227, -1.939796850247106 ], [ 40.18026456124997, -1.938753746329013 ], [ 40.180311278480445, -1.937537798933674 ], [ 40.180342169409229, -1.936631476061114 ], [ 40.180343791061716, -1.936587080935889 ], [ 40.180378150024701, -1.935705450360258 ], [ 40.180388166549442, -1.935505167673995 ], [ 40.180470383106304, -1.934158771948035 ], [ 40.180549487134122, -1.932861360990816 ], [ 40.180605729775401, -1.931611239843529 ], [ 40.180650876515102, -1.930600811080328 ], [ 40.180636358812386, -1.930101311299009 ], [ 40.180592227904796, -1.929530286285374 ], [ 40.180442649801918, -1.928444738214139 ], [ 40.180432387715975, -1.928367838710654 ], [ 40.180221177038668, -1.926731947780896 ], [ 40.180038393784827, -1.925369971411555 ], [ 40.179832105928355, -1.923896861579406 ], [ 40.179752608190562, -1.923026490775507 ], [ 40.179710695595041, -1.922053390362329 ], [ 40.179668220336389, -1.921064747527579 ], [ 40.179664874013874, -1.92097698625818 ], [ 40.179641432616485, -1.920273006192386 ], [ 40.179603136139427, -1.919703941625007 ], [ 40.179515451970303, -1.918818247264864 ], [ 40.179414868156599, -1.917801696782787 ], [ 40.179411156915499, -1.917763361217388 ], [ 40.179308005648679, -1.916673812362559 ], [ 40.179210355968721, -1.915642498217717 ], [ 40.179112008417469, -1.914704978120788 ], [ 40.179109250481311, -1.914678308799532 ], [ 40.179016401348107, -1.913767338031796 ], [ 40.179004268736627, -1.913639343446284 ], [ 40.178890452883358, -1.912341059385853 ], [ 40.178778778855119, -1.91106691761696 ], [ 40.178431483472416, -1.907451651327851 ], [ 40.178079570631517, -1.903788301553375 ], [ 40.178037881496898, -1.902932425612117 ], [ 40.178034093982468, -1.900528515147499 ], [ 40.178025252812724, -1.897836205378143 ], [ 40.17801032502679, -1.896838060254565 ], [ 40.178009684037903, -1.896619167112955 ], [ 40.178020085254659, -1.89547593016507 ], [ 40.178029211993881, -1.894157891684344 ], [ 40.178014269325914, -1.893376602838336 ], [ 40.177997179787518, -1.892508362349082 ], [ 40.177977002918091, -1.891633277887929 ], [ 40.17803667708003, -1.890362203583627 ], [ 40.17815920226986, -1.889318730097402 ], [ 40.178281758375682, -1.888275005932688 ], [ 40.178293691406239, -1.888177891911434 ], [ 40.178417325980689, -1.887214543241902 ], [ 40.178521354205053, -1.886321143299499 ], [ 40.178614225008907, -1.885397115972061 ], [ 40.178713354372292, -1.884410819250542 ], [ 40.178821788898205, -1.883309894144326 ], [ 40.17882443092094, -1.88328346544542 ], [ 40.178941558915696, -1.882128838946285 ], [ 40.178943972968405, -1.882105345365815 ], [ 40.179019938742272, -1.881375364354621 ], [ 40.179116003591695, -1.880274279204013 ], [ 40.179122531673542, -1.880202719322573 ], [ 40.179245518584054, -1.87891095118747 ], [ 40.179248868391227, -1.878876463272961 ], [ 40.179339447008061, -1.877962010351598 ], [ 40.179347559338844, -1.877883576942594 ], [ 40.17944154137534, -1.877011845596418 ], [ 40.179542792176385, -1.876028574591968 ], [ 40.179617403575456, -1.875224429630562 ], [ 40.179641107171051, -1.874642027109417 ], [ 40.179649192990169, -1.873891397406019 ], [ 40.179658754189035, -1.873012401024355 ], [ 40.179664738826993, -1.872766876953632 ], [ 40.179698668729358, -1.871871189921815 ], [ 40.179726428028935, -1.871138566356375 ], [ 40.179727727240859, -1.870811447715396 ], [ 40.179721609048507, -1.870737188551355 ], [ 40.179609215436841, -1.870023860130956 ], [ 40.179478009581132, -1.869189284737228 ], [ 40.179338210211824, -1.868526822714951 ], [ 40.179153235992267, -1.867651158547894 ], [ 40.178992368658562, -1.866918461581566 ], [ 40.178870317837429, -1.866430705208875 ], [ 40.178635786980571, -1.865670633920347 ], [ 40.178630325431442, -1.865652869568919 ], [ 40.178260401745781, -1.864445250904932 ], [ 40.178040434555868, -1.863793844002905 ], [ 40.177764518961474, -1.863103820710628 ], [ 40.177507752214218, -1.862461683107198 ], [ 40.177263390124942, -1.861949283889908 ], [ 40.176963738981037, -1.861320954398418 ], [ 40.17672464636712, -1.860861524372498 ], [ 40.176159142873672, -1.859896041726018 ], [ 40.175658463263787, -1.859051849508857 ], [ 40.175278799996569, -1.858431836168354 ], [ 40.174946309063195, -1.857935294525563 ], [ 40.174435126062214, -1.857233746266643 ], [ 40.173818310650688, -1.856387229310011 ], [ 40.173573041269677, -1.856033210688577 ], [ 40.172953489991173, -1.855091860208139 ], [ 40.172876612422669, -1.85497303924679 ], [ 40.172198795161663, -1.853907235901694 ], [ 40.171723955102664, -1.853162539830457 ], [ 40.171200301746666, -1.852343099566223 ], [ 40.171172833564505, -1.852299846590787 ], [ 40.170484571167769, -1.851209260298412 ], [ 40.170117972468837, -1.850652749572086 ], [ 40.169958838301326, -1.850450073801899 ], [ 40.169166662389898, -1.849508949804937 ], [ 40.168518654823401, -1.848739051835534 ], [ 40.167884264646723, -1.848099901291068 ], [ 40.167073207989752, -1.847282724522046 ], [ 40.166417742556781, -1.846654505377439 ], [ 40.166411009582738, -1.846648045584167 ], [ 40.165637204021053, -1.845904865829505 ], [ 40.165439038769101, -1.845708560446064 ], [ 40.164818129660489, -1.845074152147419 ], [ 40.164260553131804, -1.844504453386036 ], [ 40.16374758319656, -1.844000962565 ], [ 40.163569718455626, -1.843821421853951 ], [ 40.163000978402707, -1.843231001327962 ], [ 40.162619758998588, -1.842809449172732 ], [ 40.162065649193615, -1.84215652179395 ], [ 40.161507866646275, -1.841499489818024 ], [ 40.161077145625086, -1.840950490796941 ], [ 40.16068987156666, -1.840369644564739 ], [ 40.160012340446087, -1.83926327226314 ], [ 40.15933180588808, -1.838151899570818 ], [ 40.159267600374932, -1.838045411432881 ], [ 40.158796626816752, -1.837252009927895 ], [ 40.158653028729582, -1.837001065726234 ], [ 40.158190671924032, -1.836162307591805 ], [ 40.157983498819476, -1.83576338803456 ], [ 40.157483424750446, -1.834739171879479 ], [ 40.15698099985503, -1.833710405929875 ], [ 40.156530832553486, -1.83261159948967 ], [ 40.156283921675751, -1.831874898714194 ], [ 40.156035661267858, -1.831133988146378 ], [ 40.155997046535532, -1.831016079290828 ], [ 40.155659905716462, -1.829962357177277 ], [ 40.155510751127082, -1.829443568855301 ], [ 40.154978519528399, -1.827361404928972 ], [ 40.154960496527003, -1.827289681713349 ], [ 40.15454225272984, -1.82559614947844 ], [ 40.154309600480019, -1.824691607483925 ], [ 40.154183677858128, -1.824128534086059 ], [ 40.154001886842664, -1.823174467447137 ], [ 40.153891853453175, -1.822431235322131 ], [ 40.153754652019728, -1.821137786057518 ], [ 40.153617451263955, -1.819844332946817 ], [ 40.153612311620179, -1.819794575656104 ], [ 40.153474805679593, -1.818426587641202 ], [ 40.153445626066365, -1.818063333473137 ], [ 40.15336233353618, -1.816679862902672 ], [ 40.153357379720269, -1.81659021061214 ], [ 40.153293874508535, -1.815327907974499 ], [ 40.153230370118401, -1.814065604778239 ], [ 40.153219028854089, -1.813661315583738 ], [ 40.153213947461118, -1.812788905641183 ], [ 40.15321808154269, -1.812456527818935 ], [ 40.15324395485645, -1.811613988209257 ], [ 40.153252576436749, -1.811408755497257 ], [ 40.15331917778947, -1.810159662782275 ], [ 40.153385507538715, -1.808921191516607 ], [ 40.153435327658123, -1.808340243694195 ], [ 40.15355690733913, -1.807311083900672 ], [ 40.153609340596617, -1.806870859839796 ], [ 40.153595438262201, -1.80634457388512 ], [ 40.153567951751384, -1.805272486831162 ], [ 40.153565487860618, -1.805137027607579 ], [ 40.153556883520558, -1.804336228900745 ], [ 40.153544314178049, -1.803640446126068 ], [ 40.153520557750859, -1.803010661703986 ], [ 40.153466072981274, -1.802369055572531 ], [ 40.153406747710939, -1.801942352186032 ], [ 40.153245730885523, -1.801113919712145 ], [ 40.15299098089487, -1.799833773119974 ], [ 40.152746813964114, -1.798634163933021 ], [ 40.152739993768279, -1.798600327377527 ], [ 40.152523432566461, -1.797515290145247 ], [ 40.152489054434049, -1.797333423661705 ], [ 40.152288742510756, -1.796211299209766 ], [ 40.152111551029286, -1.795217514035231 ], [ 40.151917949420145, -1.794273148306602 ], [ 40.151703777361085, -1.793228809453711 ], [ 40.151686342118914, -1.793141629166573 ], [ 40.15152023572432, -1.792289418353763 ], [ 40.151501135711193, -1.792188387681475 ], [ 40.151354870956538, -1.791390015021705 ], [ 40.151347047831607, -1.791346722809696 ], [ 40.150961616815401, -1.789183913245174 ], [ 40.15095575425233, -1.789150658688847 ], [ 40.150513786935527, -1.78661614802221 ], [ 40.150467410359511, -1.786321784802383 ], [ 40.150235430247257, -1.784674267386725 ], [ 40.150158953087463, -1.783880562684451 ], [ 40.150033541730188, -1.781481820669948 ], [ 40.150030021329066, -1.781408873137257 ], [ 40.149952276476981, -1.77965146247344 ], [ 40.149826860055477, -1.778336377619571 ], [ 40.149679812174924, -1.776794567223296 ], [ 40.149663492408173, -1.776601793261578 ], [ 40.149573914377861, -1.775390643237059 ], [ 40.149562621166289, -1.775214834851796 ], [ 40.149496684890927, -1.774005503862823 ], [ 40.149444714727558, -1.77307379546074 ], [ 40.149377989620248, -1.771982972773742 ], [ 40.149308277436347, -1.771217493107444 ], [ 40.149300485607583, -1.771126928842432 ], [ 40.14923759159565, -1.770350530146045 ], [ 40.149177340232924, -1.769607776468612 ], [ 40.149030682057905, -1.767987880451967 ], [ 40.148880501909744, -1.766329062773759 ], [ 40.148843978434293, -1.765608265930783 ], [ 40.14883004664609, -1.764338232737575 ], [ 40.148815767402191, -1.763079622762042 ], [ 40.148841141962166, -1.762289420366691 ], [ 40.148934992506327, -1.761504466058823 ], [ 40.149118286031666, -1.760386119672597 ], [ 40.149206057458841, -1.759925359061854 ], [ 40.149512615755064, -1.758514947753165 ], [ 40.149523041798474, -1.758467588439518 ], [ 40.149813019573209, -1.757166918061193 ], [ 40.149931465198335, -1.756695376265422 ], [ 40.150207912783372, -1.755707420014302 ], [ 40.150272005656248, -1.755488950411237 ], [ 40.150568114123615, -1.754524514341739 ], [ 40.150757703670237, -1.753971168134009 ], [ 40.151066656316189, -1.753156039915887 ], [ 40.151126244520114, -1.753003014788574 ], [ 40.151417431435497, -1.752274781045436 ], [ 40.151446776816961, -1.752202297875272 ], [ 40.15177206562138, -1.751408677785126 ], [ 40.152109913544408, -1.750567539808249 ], [ 40.15222846163342, -1.75028616907214 ], [ 40.152667826856472, -1.74929049670309 ], [ 40.153078343307236, -1.748349474716439 ], [ 40.15349650916778, -1.747390916277828 ], [ 40.153668324826533, -1.747020086267281 ], [ 40.154168848661818, -1.746000663275468 ], [ 40.154186962091892, -1.745963980805167 ], [ 40.154627241587754, -1.745077390429715 ], [ 40.155051460630098, -1.744142102060661 ], [ 40.155541452701542, -1.743061799066042 ], [ 40.155668344310847, -1.742793771034942 ], [ 40.156066647218168, -1.741986831787791 ], [ 40.156107690288131, -1.741904730390373 ], [ 40.156513104986594, -1.741103910201505 ], [ 40.156547731758351, -1.741036217412435 ], [ 40.157110956909413, -1.739946448678064 ], [ 40.157675220005132, -1.738854606786812 ], [ 40.157714840081951, -1.738778820975938 ], [ 40.158145447546637, -1.737964527269591 ], [ 40.158554281367536, -1.737191444024037 ], [ 40.158846984552632, -1.73662327605228 ], [ 40.159076465435305, -1.736129066973333 ], [ 40.159410382351375, -1.735358345233318 ], [ 40.159739642527946, -1.734598250580176 ], [ 40.160170622395817, -1.733527226741518 ], [ 40.160576733519392, -1.732518443448451 ], [ 40.160789274343109, -1.731924921366439 ], [ 40.160936338677438, -1.731434317519562 ], [ 40.161113194726575, -1.730734799526186 ], [ 40.161326856578469, -1.729889698610713 ], [ 40.161427006349484, -1.729475186496166 ], [ 40.161464867328604, -1.729254354514541 ], [ 40.16153292730688, -1.728656646201021 ], [ 40.161608658038766, -1.727991566222949 ], [ 40.161646932224215, -1.727459890515157 ], [ 40.161659870441241, -1.726626540572322 ], [ 40.161658895148499, -1.726023274629728 ], [ 40.161603273307527, -1.725515533364192 ], [ 40.161507784710913, -1.724954028105346 ], [ 40.161483989832064, -1.724868785689704 ], [ 40.161304369983448, -1.724339090380862 ], [ 40.161094878990347, -1.723721308808896 ], [ 40.160974097020514, -1.723401587373558 ], [ 40.160906031563499, -1.723257014271023 ], [ 40.160449324523718, -1.722419379513291 ], [ 40.1600585218699, -1.721702722261666 ], [ 40.159728254832721, -1.721205832459238 ], [ 40.15924436042453, -1.720477788199355 ], [ 40.158805267801768, -1.719850776572988 ], [ 40.15873140290698, -1.719743668505137 ], [ 40.158267542340234, -1.719060587504893 ], [ 40.157976633836576, -1.718603312593313 ], [ 40.157506035392693, -1.717812263084548 ], [ 40.157042609423478, -1.717033270112991 ], [ 40.156647922260433, -1.716374474742209 ], [ 40.156622016192458, -1.71633095787559 ], [ 40.156042286473216, -1.715350906840179 ], [ 40.156002777191212, -1.715283452552769 ], [ 40.155253785114361, -1.713991948806906 ], [ 40.155210630289425, -1.713916708203986 ], [ 40.154002507142565, -1.711786776517429 ], [ 40.153968448296261, -1.711726190033911 ], [ 40.152989087829553, -1.709968276136275 ], [ 40.152644170174973, -1.709282361567205 ], [ 40.152325475548146, -1.708575545718486 ], [ 40.151864654839649, -1.707555236727311 ], [ 40.151718772235562, -1.707213780363845 ], [ 40.151345650037037, -1.706288498212269 ], [ 40.151076054168797, -1.705522971669903 ], [ 40.150665519311033, -1.704166684150311 ], [ 40.150656172536927, -1.70413560505814 ], [ 40.150167472868624, -1.702500036442965 ], [ 40.150040417285211, -1.702029093301876 ], [ 40.149829979218197, -1.701156653911301 ], [ 40.14970917219668, -1.700572330580427 ], [ 40.149549498853006, -1.699648066804568 ], [ 40.149333102403716, -1.698388302320762 ], [ 40.149308206387843, -1.698235593789471 ], [ 40.149151665833934, -1.697221151106296 ], [ 40.149142367755715, -1.697159494903208 ], [ 40.148946635914868, -1.695830717326775 ], [ 40.148873451992102, -1.695164534949407 ], [ 40.148773049264577, -1.693783763230836 ], [ 40.148672399377027, -1.692399533342814 ], [ 40.14864884419427, -1.691825893957259 ], [ 40.148635635254607, -1.690434976756704 ], [ 40.148615025166649, -1.688828682328021 ], [ 40.148625549480919, -1.688259023904408 ], [ 40.148680833384169, -1.687149283163363 ], [ 40.148712768121136, -1.686330847250466 ], [ 40.148729650000156, -1.68544627022521 ], [ 40.148733599604967, -1.685300520029466 ], [ 40.148767725447854, -1.684328709700394 ], [ 40.148793372181245, -1.683894506709998 ], [ 40.148882307058926, -1.682824101870538 ], [ 40.148970934328489, -1.681758741920522 ], [ 40.148988573933558, -1.681570412650825 ], [ 40.14933930741158, -1.678203097351382 ], [ 40.149687668413037, -1.67485848560759 ], [ 40.149690248678311, -1.674834033230699 ], [ 40.149891209882142, -1.672953931159912 ], [ 40.150076686317405, -1.671218668452951 ], [ 40.150197724473607, -1.669584867060053 ], [ 40.150331342635639, -1.667783248960778 ], [ 40.150350358406548, -1.667563116070301 ], [ 40.150472627664698, -1.666323396023748 ], [ 40.150555974603101, -1.66532319868906 ], [ 40.150609744378784, -1.664073821355829 ], [ 40.150669229921895, -1.662692454244952 ], [ 40.150708268926849, -1.66141246654742 ], [ 40.150749397392154, -1.66006822906746 ], [ 40.15075828446048, -1.659857598573878 ], [ 40.150819228650064, -1.658724820925826 ], [ 40.150858890495279, -1.657671085945755 ], [ 40.150901745837821, -1.656233791568565 ], [ 40.150943895640651, -1.654820129923416 ], [ 40.150965040248536, -1.653561528679216 ], [ 40.150966560291714, -1.652371693739711 ], [ 40.150918042146813, -1.649409566686112 ], [ 40.150917821598831, -1.649395430974129 ], [ 40.15087316346888, -1.646383055004311 ], [ 40.150713927980433, -1.642840776799656 ], [ 40.150567126808632, -1.639509940164612 ], [ 40.150446803143609, -1.638338240487605 ], [ 40.150299368545063, -1.63690279578114 ], [ 40.150143210844362, -1.635498146113697 ], [ 40.149999131285981, -1.634203381626914 ], [ 40.149857620366426, -1.633245284738405 ], [ 40.149684013349244, -1.632181121387905 ], [ 40.149663623705322, -1.632050140829054 ], [ 40.149354811892103, -1.629966614201305 ], [ 40.14906370329745, -1.628002759048263 ], [ 40.148538145753015, -1.625060955139892 ], [ 40.148525624746092, -1.624989211026439 ], [ 40.147906681269667, -1.621356923502552 ], [ 40.147278790883504, -1.61868529724304 ], [ 40.146635465814192, -1.615986597716418 ], [ 40.146186961793404, -1.614371536227562 ], [ 40.145583203962872, -1.612210110202483 ], [ 40.144727803283061, -1.609514104932867 ], [ 40.143933646411043, -1.607037580866755 ], [ 40.143666227003024, -1.606231484391212 ], [ 40.143414753880194, -1.605555750855808 ], [ 40.142718036263702, -1.603896006064242 ], [ 40.142011413083466, -1.602212380131546 ], [ 40.141384268193072, -1.600862701088659 ], [ 40.140788431235201, -1.599580416020582 ], [ 40.140238654368488, -1.598549603849632 ], [ 40.139639764045413, -1.597426657857901 ], [ 40.139145744659686, -1.596565788715668 ], [ 40.138613862798927, -1.595737115227898 ], [ 40.138099306971682, -1.594982319150795 ], [ 40.137375620071147, -1.593923386469051 ], [ 40.136887714586237, -1.593246705206539 ], [ 40.13637706589013, -1.592592277975863 ], [ 40.135945547994766, -1.592039284003132 ], [ 40.134412008525771, -1.590318921347525 ], [ 40.132805709353121, -1.588517006370871 ], [ 40.131583288569367, -1.587263062113537 ], [ 40.130438567487737, -1.586088738243828 ], [ 40.129839081265743, -1.585556605329351 ], [ 40.129123890420146, -1.584921727411412 ], [ 40.128489242284651, -1.584398105622823 ], [ 40.127721260976244, -1.583789067396202 ], [ 40.127645021006394, -1.583727928824454 ], [ 40.126268080003669, -1.582611387418255 ], [ 40.124891145518184, -1.581494849833156 ], [ 40.124762516426912, -1.581388554528767 ], [ 40.124032974656799, -1.580774213577395 ], [ 40.123755833156551, -1.580530963615661 ], [ 40.123026456144856, -1.579863858215235 ], [ 40.122810483333581, -1.579659681858469 ], [ 40.121991456911239, -1.578859407831034 ], [ 40.121101114198645, -1.578008226638864 ], [ 40.120480155930956, -1.577351971978049 ], [ 40.119523742273408, -1.576234038894686 ], [ 40.11867795421329, -1.575258256444778 ], [ 40.118199447675188, -1.574726015225642 ], [ 40.117789302638649, -1.574235991962284 ], [ 40.117000766457629, -1.573223149405989 ], [ 40.116956400156297, -1.573165688044127 ], [ 40.116172636770294, -1.572142118310192 ], [ 40.116150264903396, -1.572112777478368 ], [ 40.115672321446482, -1.571483291163155 ], [ 40.115485886313863, -1.571228633241652 ], [ 40.115005692313218, -1.570548117014911 ], [ 40.114525499338249, -1.569867603516557 ], [ 40.114336112449237, -1.569588294562232 ], [ 40.113884197708686, -1.568894292314019 ], [ 40.113863178961132, -1.568861862768628 ], [ 40.113406035582962, -1.568153232087237 ], [ 40.113400618368253, -1.568144824513441 ], [ 40.112765720154556, -1.567158258297735 ], [ 40.112118165212109, -1.566152707077856 ], [ 40.111998204057421, -1.565961217849842 ], [ 40.111458744905669, -1.565075730282113 ], [ 40.110907150137692, -1.564170034694615 ], [ 40.110476980964805, -1.563463072346879 ], [ 40.110341907365822, -1.563233552862987 ], [ 40.109953222697953, -1.562550311876727 ], [ 40.109757946307525, -1.562188161125406 ], [ 40.109293234054157, -1.561277437115028 ], [ 40.108827221297858, -1.560364212814687 ], [ 40.108492473164716, -1.559629101608558 ], [ 40.108189844462672, -1.558877518087567 ], [ 40.107739837073559, -1.557825741210226 ], [ 40.106696221529248, -1.555411800896139 ], [ 40.106644122734856, -1.555288816732862 ], [ 40.105855052043339, -1.553387305196433 ], [ 40.105634442652558, -1.552798953752174 ], [ 40.104777647381958, -1.550248892415596 ], [ 40.103926184060711, -1.54771482261219 ], [ 40.103818363554069, -1.547371570101739 ], [ 40.103353731951287, -1.545783066282151 ], [ 40.102918698546596, -1.544295734721185 ], [ 40.102569965710067, -1.543196628176402 ], [ 40.102193799154364, -1.542020927885091 ], [ 40.102120201965064, -1.541779390112462 ], [ 40.101869724514607, -1.54091443497928 ], [ 40.101619245584125, -1.540049476947839 ], [ 40.101559325207887, -1.539832542952719 ], [ 40.101300261486813, -1.538847272556961 ], [ 40.101234024764572, -1.538578829405277 ], [ 40.101044695864751, -1.537758064698647 ], [ 40.100741272917574, -1.536464972931243 ], [ 40.100735302888658, -1.536439364118302 ], [ 40.100523513609495, -1.535524902450785 ], [ 40.100294138193753, -1.534686048199272 ], [ 40.100282017787301, -1.534641273668369 ], [ 40.09993735359307, -1.533355031416763 ], [ 40.099862890492126, -1.533057108964275 ], [ 40.099648156249806, -1.532131824530977 ], [ 40.099612386503097, -1.531971100094362 ], [ 40.099433459587488, -1.531131349632325 ], [ 40.09925694483514, -1.530302689236295 ], [ 40.09917167373726, -1.529845255474003 ], [ 40.099042386057896, -1.529037547174278 ], [ 40.099039190051343, -1.529017436339032 ], [ 40.098882397979175, -1.528023649534614 ], [ 40.098631910655627, -1.526734927742594 ], [ 40.098443647448164, -1.525861031089933 ], [ 40.098355331648598, -1.525391505176904 ], [ 40.09817456321457, -1.524268955695466 ], [ 40.09799019277736, -1.523122721011733 ], [ 40.097946882473067, -1.52282139325695 ], [ 40.097813802440875, -1.521771018323951 ], [ 40.097794254941114, -1.52160443709234 ], [ 40.097688193851049, -1.520622509430143 ], [ 40.09758754987805, -1.519794877076066 ], [ 40.097479536111649, -1.518906647716468 ], [ 40.097468597059269, -1.518812613709325 ], [ 40.097362768065018, -1.517859734664833 ], [ 40.097361179722768, -1.51784532873847 ], [ 40.097232335148995, -1.516668129234134 ], [ 40.097139313739348, -1.515811760328954 ], [ 40.097018434374618, -1.514765663479134 ], [ 40.097013615676325, -1.514723083242321 ], [ 40.096894558057464, -1.513648396008179 ], [ 40.096881366208478, -1.513521153153427 ], [ 40.096792992191084, -1.512606082524043 ], [ 40.096709161344712, -1.511890736629172 ], [ 40.096611554958855, -1.511467701319416 ], [ 40.096601000946677, -1.511421407902953 ], [ 40.09639186198126, -1.510492875975551 ], [ 40.096376714852653, -1.510425721676683 ], [ 40.095948314483614, -1.509463733305257 ], [ 40.095873664674677, -1.509291323979089 ], [ 40.095396884958049, -1.50815814023866 ], [ 40.095035144593801, -1.507376967552758 ], [ 40.094801617562482, -1.506939754812644 ], [ 40.094705361800933, -1.506763949749549 ], [ 40.094211114613557, -1.506339814140834 ], [ 40.093651458558419, -1.505816618748238 ], [ 40.093137965551065, -1.505247489429479 ], [ 40.092674344321438, -1.504636536741565 ], [ 40.091666983324124, -1.50318510026818 ], [ 40.090675118673794, -1.501756134450458 ], [ 40.090627401320155, -1.501686700676078 ], [ 40.090083812028254, -1.500887776971371 ], [ 40.089643413859072, -1.500240430354141 ], [ 40.089251227888937, -1.499710148433738 ], [ 40.088774009615229, -1.499068646767039 ], [ 40.088565315484232, -1.498776149733424 ], [ 40.087745545518679, -1.497577536213819 ], [ 40.086935085702834, -1.496392201203055 ], [ 40.086502602217976, -1.495693613214361 ], [ 40.08591754144458, -1.494645105891458 ], [ 40.085381914580445, -1.493684990023846 ], [ 40.084890618633928, -1.492842362134282 ], [ 40.084772226712353, -1.492632966959905 ], [ 40.084249525961546, -1.491679155003405 ], [ 40.084018796409424, -1.491228732220258 ], [ 40.083483665873949, -1.490108059368535 ], [ 40.082959184821917, -1.489009560379925 ], [ 40.082616886594202, -1.488301421809061 ], [ 40.082595993332831, -1.488257903116872 ], [ 40.082122519392236, -1.487264937185686 ], [ 40.082000672790215, -1.486998403680729 ], [ 40.081651828930937, -1.486201537457424 ], [ 40.081490950628023, -1.485809361540657 ], [ 40.080978071307072, -1.484470943520507 ], [ 40.080540858755064, -1.483345065176142 ], [ 40.080395543767594, -1.482943072896275 ], [ 40.080121295827524, -1.48212467145268 ], [ 40.080114818537588, -1.482105269664254 ], [ 40.079705320491676, -1.480874063672362 ], [ 40.079381136809275, -1.47990792900621 ], [ 40.079285397417962, -1.479605164695675 ], [ 40.07904940865641, -1.478810865204978 ], [ 40.078941665669952, -1.478415842089415 ], [ 40.078671234743872, -1.477328464209183 ], [ 40.078649736001978, -1.477240136950388 ], [ 40.078380445608701, -1.476109189475543 ], [ 40.07829181506068, -1.475694235011893 ], [ 40.078097224318562, -1.474666382692224 ], [ 40.078071673895415, -1.474525352706313 ], [ 40.077914955187403, -1.473619705231904 ], [ 40.077908154785142, -1.473579880907709 ], [ 40.077733692852625, -1.472544349299853 ], [ 40.077730620664468, -1.47252599957659 ], [ 40.077596166235907, -1.471717849761667 ], [ 40.077568993953712, -1.471544182696834 ], [ 40.077374213787955, -1.470215358729012 ], [ 40.077322743867001, -1.469796873762193 ], [ 40.077194748562825, -1.468510968458682 ], [ 40.07716677752277, -1.468161974022672 ], [ 40.077071390263072, -1.466593578225071 ], [ 40.076975978672252, -1.465024846254953 ], [ 40.076963622681973, -1.464756309217169 ], [ 40.076917527232702, -1.463280028833839 ], [ 40.076871407504647, -1.461802797109159 ], [ 40.0768682623263, -1.461671862438687 ], [ 40.076853332730416, -1.460784474483946 ], [ 40.07682638099827, -1.460150772432886 ], [ 40.076630239070106, -1.457679130791789 ], [ 40.076450841859213, -1.455418856486669 ], [ 40.076271267535127, -1.45436044171657 ], [ 40.076020614093714, -1.452883404037848 ], [ 40.075970558735811, -1.452551419377031 ], [ 40.075751792633255, -1.450893578417958 ], [ 40.075513359742544, -1.44923091061562 ], [ 40.075285111022097, -1.448170888479696 ], [ 40.074995529290462, -1.446837891981714 ], [ 40.07496908696843, -1.446711880408938 ], [ 40.074739219510278, -1.445576519148168 ], [ 40.074734005769798, -1.445550573412372 ], [ 40.074579086027001, -1.444773779430931 ], [ 40.074564781491517, -1.44470048690226 ], [ 40.074393257389289, -1.443802045654958 ], [ 40.074162819215381, -1.442722343971318 ], [ 40.073976251506117, -1.441870618974611 ], [ 40.073785675636557, -1.441015441583369 ], [ 40.073516796723311, -1.439883232303228 ], [ 40.073494537597398, -1.439787189571929 ], [ 40.073005729580572, -1.437624877937945 ], [ 40.073000763248253, -1.43760278071439 ], [ 40.072593496170938, -1.435780076031887 ], [ 40.072340971260729, -1.434690317365411 ], [ 40.072013893636587, -1.433292980978764 ], [ 40.071981096176685, -1.433147499162556 ], [ 40.071696145801646, -1.431833398495343 ], [ 40.071483129778564, -1.430853591277641 ], [ 40.071235883626123, -1.42978971673718 ], [ 40.071224665921342, -1.429740837250208 ], [ 40.07090581813641, -1.428333719614359 ], [ 40.070048422060722, -1.424814907110134 ], [ 40.069250695840239, -1.421553516064989 ], [ 40.069224396753377, -1.42144300964684 ], [ 40.068676495606866, -1.419075213838615 ], [ 40.068127019863802, -1.41670069697147 ], [ 40.068119706119212, -1.416668830432405 ], [ 40.067444345170728, -1.413701770821959 ], [ 40.066787849124388, -1.410818814817103 ], [ 40.066254057470623, -1.408580574369277 ], [ 40.065713200002776, -1.406312683604376 ], [ 40.064815113099229, -1.402585089199056 ], [ 40.063911061295968, -1.39883262376388 ], [ 40.063279355279548, -1.396245779899973 ], [ 40.062640790511082, -1.393631180855994 ], [ 40.062608229316083, -1.393493201469591 ], [ 40.061443144770038, -1.38837805279593 ], [ 40.060284588742462, -1.38329172016513 ], [ 40.059897295541454, -1.381615645760879 ], [ 40.059508211065427, -1.379931711611558 ], [ 40.059505529991831, -1.379920073231606 ], [ 40.059159738543009, -1.378414492438766 ], [ 40.058812260895458, -1.376901687449681 ], [ 40.058790190960913, -1.376803095325362 ], [ 40.058184950716068, -1.37402708436125 ], [ 40.057595005489588, -1.37132093721023 ], [ 40.057028715040914, -1.368948254932681 ], [ 40.056437959768097, -1.36647346338905 ], [ 40.056434880294297, -1.366460520914497 ], [ 40.056028230207509, -1.364745872123363 ], [ 40.055626718805321, -1.363053065278257 ], [ 40.055574172921666, -1.36281767009468 ], [ 40.055313728582824, -1.361573578764169 ], [ 40.055032770318491, -1.360266229470962 ], [ 40.054761005050281, -1.3592264538706 ], [ 40.054738076056985, -1.3591368678122 ], [ 40.054375831036758, -1.357690967782028 ], [ 40.05433192207034, -1.357507667495144 ], [ 40.05412184237543, -1.356588747796857 ], [ 40.054061760756241, -1.35630522460183 ], [ 40.053744179803594, -1.35467926631393 ], [ 40.053423958834337, -1.353038860464858 ], [ 40.053341386448523, -1.352543537437613 ], [ 40.053219979264341, -1.351666726526028 ], [ 40.053097882525307, -1.350786377934953 ], [ 40.052969204661871, -1.349884254758433 ], [ 40.05292709767226, -1.349543078194513 ], [ 40.052836759778572, -1.348676824108699 ], [ 40.05280198438745, -1.34824309869107 ], [ 40.052731629275847, -1.34699043516854 ], [ 40.052665488506939, -1.345812807823198 ], [ 40.052609671621731, -1.345045497634342 ], [ 40.052544762071584, -1.344364169925004 ], [ 40.052382307740174, -1.343064474987939 ], [ 40.052214932433486, -1.341725410980482 ], [ 40.05209270657533, -1.340888394711145 ], [ 40.051971713728697, -1.340416727635638 ], [ 40.051577140756876, -1.339310451747952 ], [ 40.051028086887747, -1.3377965607953 ], [ 40.050660026342022, -1.33696837848408 ], [ 40.050376605523788, -1.33633474024157 ], [ 40.050084904170305, -1.33575490516084 ], [ 40.04965113572851, -1.334952657550129 ], [ 40.049634345624966, -1.334921458927278 ], [ 40.048906454072302, -1.333562564530222 ], [ 40.048320478691309, -1.332468766252939 ], [ 40.047064804486638, -1.330481488795683 ], [ 40.045622343573278, -1.328198372769792 ], [ 40.045603778033957, -1.328168861639332 ], [ 40.04494756393639, -1.327121296313303 ], [ 40.044863211453709, -1.326983935241554 ], [ 40.044243597295576, -1.325954510165514 ], [ 40.043778685156369, -1.325180496674923 ], [ 40.043318082244355, -1.324413649713358 ], [ 40.042830054705632, -1.323482785343999 ], [ 40.042398308385891, -1.322528562595013 ], [ 40.04199518645644, -1.321464693025104 ], [ 40.041703488174093, -1.320520185697998 ], [ 40.04166180724058, -1.320381304875509 ], [ 40.041385414655885, -1.319432955644831 ], [ 40.041336388558989, -1.319258267985195 ], [ 40.041004137025126, -1.318027319322324 ], [ 40.040945169479578, -1.317796916562288 ], [ 40.040707856460557, -1.316816464173657 ], [ 40.040542191337643, -1.315950339119231 ], [ 40.040434240699156, -1.315187136157846 ], [ 40.040326289164199, -1.31442393412717 ], [ 40.040312626700143, -1.31432329610057 ], [ 40.040203662639563, -1.31348562704235 ], [ 40.040145720300416, -1.312885274424537 ], [ 40.040074862692492, -1.311763478228373 ], [ 40.040073529294382, -1.311741963355308 ], [ 40.040000887679213, -1.31054694504065 ], [ 40.039986995029345, -1.310223562712745 ], [ 40.039946946458386, -1.308631894670833 ], [ 40.039944381602439, -1.308327082969934 ], [ 40.039953932941117, -1.307180105050379 ], [ 40.039954264883001, -1.307147329765764 ], [ 40.039967508203851, -1.30603708464477 ], [ 40.039975995816675, -1.305175198114258 ], [ 40.040029139615072, -1.304278542848686 ], [ 40.040174162020726, -1.302947868336347 ], [ 40.040318468534167, -1.301623461251254 ], [ 40.0403336566877, -1.301492838546501 ], [ 40.040436973387514, -1.300656963479129 ], [ 40.040448948949063, -1.300564009969298 ], [ 40.040559992627067, -1.299735769303703 ], [ 40.040679236078695, -1.298847628474336 ], [ 40.040798252893588, -1.297961171042726 ], [ 40.040813555674845, -1.297852193348368 ], [ 40.040970070130719, -1.296784504990517 ], [ 40.041019076432129, -1.296485075151516 ], [ 40.041199146652296, -1.295489296010117 ], [ 40.04123119134168, -1.295321140243194 ], [ 40.041474518852688, -1.294106524621858 ], [ 40.041717845903285, -1.292891905891449 ], [ 40.041728790605347, -1.292838116181057 ], [ 40.041937411745245, -1.291828411132984 ], [ 40.0419460920047, -1.291786888382219 ], [ 40.042157704262706, -1.290786277320159 ], [ 40.042200465200416, -1.290594353265734 ], [ 40.042436870077168, -1.289584830919121 ], [ 40.042654040417268, -1.288657447645103 ], [ 40.042827049109285, -1.287851599115588 ], [ 40.042892814238563, -1.287567538864755 ], [ 40.043168187226691, -1.286459273550182 ], [ 40.04321153683474, -1.286291644562267 ], [ 40.043505630714257, -1.285197494461544 ], [ 40.043774581262419, -1.284172639321567 ], [ 40.043828693761569, -1.283975494377462 ], [ 40.044041058633184, -1.283234538169648 ], [ 40.044137261437335, -1.282920426265311 ], [ 40.044572818100036, -1.28158498026234 ], [ 40.045008978813733, -1.280247663682404 ], [ 40.04501295823696, -1.280235491437904 ], [ 40.045457825552148, -1.278877972562757 ], [ 40.045876952610946, -1.277598941551505 ], [ 40.046229501692814, -1.276456225940362 ], [ 40.046597623603816, -1.27526468313606 ], [ 40.04661307270235, -1.275215178579267 ], [ 40.046860485295333, -1.274430259953916 ], [ 40.046993138478328, -1.274009870756863 ], [ 40.047124874867997, -1.273438225325494 ], [ 40.047310722237455, -1.272540877879454 ], [ 40.047434563880259, -1.27186376437878 ], [ 40.047555717871866, -1.270788670444874 ], [ 40.047565953322191, -1.270701612663891 ], [ 40.047707763890706, -1.269543555664372 ], [ 40.047811747591062, -1.268683989004016 ], [ 40.04790462680635, -1.267889260433523 ], [ 40.048019963310018, -1.266906039996149 ], [ 40.048104883518072, -1.266068168000708 ], [ 40.048155621322458, -1.265219630961834 ], [ 40.048272145299926, -1.263261995422077 ], [ 40.048371887149074, -1.261586653397693 ], [ 40.048371892764202, -1.259970144194322 ], [ 40.0483718992121, -1.258086503516083 ], [ 40.048367189874959, -1.256670322936069 ], [ 40.04836363102239, -1.255586238297478 ], [ 40.048306791374493, -1.254909602571498 ], [ 40.048195985344456, -1.253578149915402 ], [ 40.048194087073988, -1.253554981651284 ], [ 40.048104829869565, -1.252448240179717 ], [ 40.046995301633473, -1.251080940440448 ], [ 40.046475795113906, -1.250373062113868 ], [ 40.046027091062037, -1.249617723029274 ], [ 40.045653436579066, -1.248822072701653 ], [ 40.045283061941745, -1.247922568547839 ], [ 40.045197323022414, -1.247706526185174 ], [ 40.044744293889522, -1.246520961971484 ], [ 40.044509844317645, -1.245824053145229 ], [ 40.044346920906307, -1.245265998758008 ], [ 40.04347521256679, -1.242961649598227 ], [ 40.042471387812789, -1.240307774700639 ], [ 40.042235282359911, -1.239596110579926 ], [ 40.041742738174896, -1.237877252841509 ], [ 40.041274933499317, -1.236244837308869 ], [ 40.04090979896106, -1.235063769982556 ], [ 40.040521707959634, -1.233809038156408 ], [ 40.040169212855893, -1.232670406012385 ], [ 40.040145717441554, -1.232593302348151 ], [ 40.039806079107727, -1.231460742608995 ], [ 40.039745259006438, -1.231248606196591 ], [ 40.03951890715323, -1.230421334987815 ], [ 40.039302882631752, -1.229631808167714 ], [ 40.039134644404861, -1.229037086759577 ], [ 40.038980428080173, -1.228558636512347 ], [ 40.038665891267328, -1.227658472815742 ], [ 40.038211980325293, -1.226361654966001 ], [ 40.038161133439637, -1.226212236257618 ], [ 40.037765954551546, -1.2250170241293 ], [ 40.037607379401088, -1.224483042374516 ], [ 40.037281860874387, -1.223249617968891 ], [ 40.037243020463166, -1.223097110636557 ], [ 40.037065126280559, -1.222372445750934 ], [ 40.03696485054062, -1.222017557425247 ], [ 40.036830987401785, -1.221634561855449 ], [ 40.035085272884785, -1.21705050129753 ], [ 40.033299984493823, -1.212362526968291 ], [ 40.033002323822735, -1.211588222775775 ], [ 40.032834209098453, -1.211111744337562 ], [ 40.032521766754904, -1.210140983110858 ], [ 40.032346434493768, -1.209521895834556 ], [ 40.032017248845797, -1.20818017205371 ], [ 40.031994969566711, -1.208087257710354 ], [ 40.031731375708901, -1.206961917855424 ], [ 40.031714904190743, -1.206890295386521 ], [ 40.031545851113144, -1.206141368719643 ], [ 40.031362890012382, -1.205363816451635 ], [ 40.03112517493124, -1.204593403783614 ], [ 40.030927363558476, -1.204034964098168 ], [ 40.030732675572494, -1.20362751273918 ], [ 40.030409207058248, -1.203053259829501 ], [ 40.030047966195212, -1.202437836860243 ], [ 40.029669024668792, -1.201805353474912 ], [ 40.029650023499727, -1.201773491189967 ], [ 40.029252173551811, -1.201103236266023 ], [ 40.028854322243141, -1.200432983879191 ], [ 40.028849386480374, -1.200424658561392 ], [ 40.028345866579691, -1.199574318742423 ], [ 40.027936859118121, -1.198970529621635 ], [ 40.027208708142282, -1.198006957474795 ], [ 40.026333569212142, -1.196848902799664 ], [ 40.022011090349565, -1.191138433672997 ], [ 40.017704858395597, -1.185449392221747 ], [ 40.017172796922111, -1.184760464010985 ], [ 40.016587775829599, -1.184019808475737 ], [ 40.016556087046801, -1.183979454434763 ], [ 40.015661067208811, -1.182833006269065 ], [ 40.014852714527933, -1.181797571014202 ], [ 40.01440410311033, -1.181258454287084 ], [ 40.013880666281004, -1.180647096906722 ], [ 40.013744522861444, -1.180484250374351 ], [ 40.01325399320536, -1.179883297473196 ], [ 40.0127703985792, -1.179290838779245 ], [ 40.012105094612998, -1.178479795789134 ], [ 40.012024777974567, -1.178380461221952 ], [ 40.011172021853255, -1.177310398142767 ], [ 40.011153516574694, -1.177287098559334 ], [ 40.010527038726934, -1.176495641711503 ], [ 40.010224567088692, -1.176090752255754 ], [ 40.009365326390252, -1.174870899236407 ], [ 40.008525436789164, -1.173678364501505 ], [ 40.008276345408824, -1.173305382320459 ], [ 40.007818180297811, -1.172581105679949 ], [ 40.007449934490928, -1.171998885557985 ], [ 40.007134978781671, -1.17153491207314 ], [ 40.006759105956625, -1.171019114748004 ], [ 40.006709092925028, -1.170949797687956 ], [ 40.00623660579739, -1.170288374967722 ], [ 40.005764120760567, -1.169626954815109 ], [ 40.005628622644707, -1.169431911147442 ], [ 40.00505934406619, -1.168589062201502 ], [ 40.004842661829102, -1.168252434395734 ], [ 40.004082978694647, -1.167012837412034 ], [ 40.004009779911385, -1.166891269242214 ], [ 40.003553929832357, -1.166120598192128 ], [ 40.003499684688109, -1.166027634090899 ], [ 40.00294427603982, -1.165062663894599 ], [ 40.002383307003242, -1.164088093625012 ], [ 40.002040027223877, -1.163430933834812 ], [ 40.001258866853533, -1.161773762062076 ], [ 40.001252139641039, -1.161759458484936 ], [ 40.000338182664954, -1.159811772368013 ], [ 40.000169756743254, -1.159430294017571 ], [ 39.999827847326607, -1.158605079676106 ], [ 39.999641461388279, -1.158115795215782 ], [ 39.9993534636154, -1.157288874436793 ], [ 39.998980365070523, -1.156314421354518 ], [ 39.99888412036907, -1.156050937138895 ], [ 39.998603207869756, -1.15524342420596 ], [ 39.998570054389013, -1.15514635882943 ], [ 39.998282099220816, -1.154287476744947 ], [ 39.997994144874298, -1.153428598015386 ], [ 39.997925519379585, -1.153215213135805 ], [ 39.997508768708151, -1.151862345929058 ], [ 39.997504799714697, -1.151849427534232 ], [ 39.997103709502397, -1.150540480594253 ], [ 39.996866248125194, -1.149773476210705 ], [ 39.996617210241723, -1.14877051315057 ], [ 39.996405058746781, -1.147646455936841 ], [ 39.996191288939222, -1.14651350822999 ], [ 39.996164290635704, -1.146363539637862 ], [ 39.996053069543144, -1.145714621593272 ], [ 39.995657080556235, -1.14475132877572 ], [ 39.995022305000106, -1.143207161539436 ], [ 39.994830594494523, -1.142697929432228 ], [ 39.994539213934203, -1.141847534002356 ], [ 39.994520891478977, -1.141793507289103 ], [ 39.994263323691719, -1.141026114805847 ], [ 39.99333969303914, -1.138382144428777 ], [ 39.992394655539506, -1.135677026804728 ], [ 39.992316323282473, -1.135442612624373 ], [ 39.992027630557104, -1.134537935731482 ], [ 39.991700360192496, -1.133589448458399 ], [ 39.991246964377432, -1.132529757027026 ], [ 39.99110420617361, -1.132175693802999 ], [ 39.990647754987378, -1.130971217056521 ], [ 39.990589745221598, -1.130813768063846 ], [ 39.990232145765731, -1.129814832941653 ], [ 39.990170515519011, -1.12963688105131 ], [ 39.989869453601663, -1.128737559436368 ], [ 39.989603820277146, -1.128059410592238 ], [ 39.989539098363977, -1.127889171692013 ], [ 39.989184660817529, -1.126927986641385 ], [ 39.989033256480809, -1.126482133285517 ], [ 39.9888237970791, -1.125808480771106 ], [ 39.988600211369231, -1.125214159987498 ], [ 39.988366338530213, -1.12459249664256 ], [ 39.988225661871496, -1.124270410936683 ], [ 39.987988720272448, -1.123805564197781 ], [ 39.987527571661801, -1.12293018899972 ], [ 39.987128714739796, -1.122173057719562 ], [ 39.98678247507253, -1.121579142146719 ], [ 39.986108568382178, -1.120484908425492 ], [ 39.985536711442222, -1.119556960022427 ], [ 39.985200063290321, -1.118961457014491 ], [ 39.984419060645138, -1.117449426598771 ], [ 39.983635908836114, -1.11593309823613 ], [ 39.98323207136449, -1.115158454780413 ], [ 39.982833428411318, -1.114418971032739 ], [ 39.982826656134421, -1.114406384688962 ], [ 39.982206524438723, -1.113251682111757 ], [ 39.981577857329327, -1.112081413112338 ], [ 39.981263440481655, -1.11143608899166 ], [ 39.980562661100905, -1.109840358640054 ], [ 39.97987345669231, -1.108271072357845 ], [ 39.979412420609592, -1.107249081955491 ], [ 39.978953239293752, -1.106255132141747 ], [ 39.978255525476726, -1.104791746454609 ], [ 39.977652508113394, -1.103527150559129 ], [ 39.977024706870758, -1.102388394351014 ], [ 39.976455920899333, -1.10135651884999 ], [ 39.975765450707833, -1.100308575272224 ], [ 39.974891157871909, -1.098982319517483 ], [ 39.974622527608226, -1.098548716512792 ], [ 39.97412302258973, -1.097689303787713 ], [ 39.973974596465027, -1.097423771201237 ], [ 39.973383974044637, -1.096324225211222 ], [ 39.973369041013051, -1.096296307929112 ], [ 39.972927390604248, -1.09546716462506 ], [ 39.972921320263623, -1.095455748702301 ], [ 39.972416234474316, -1.094504244168408 ], [ 39.971782335176499, -1.09332077906212 ], [ 39.971369122982239, -1.092561536191143 ], [ 39.971222039824539, -1.092279617733169 ], [ 39.970861696466642, -1.091558375398919 ], [ 39.970506788021147, -1.09084800950404 ], [ 39.970112991840892, -1.09006506687005 ], [ 39.96959568037768, -1.089077895465339 ], [ 39.969507382616612, -1.088904918425322 ], [ 39.969030028267269, -1.087944512458956 ], [ 39.968296056723993, -1.08670106896309 ], [ 39.967421363569322, -1.085292522960822 ], [ 39.966914555910478, -1.08450181631222 ], [ 39.966740388482314, -1.084218784199726 ], [ 39.966285719204166, -1.083448611505599 ], [ 39.965885876302444, -1.082771063126774 ], [ 39.965457131323554, -1.08208067063723 ], [ 39.964977909087942, -1.081309113307414 ], [ 39.964816761545819, -1.081039330204672 ], [ 39.964392402238445, -1.080300063690757 ], [ 39.964360767419706, -1.080244500259353 ], [ 39.964009354197394, -1.079622181407313 ], [ 39.963623117433713, -1.078978134533225 ], [ 39.963580408594936, -1.078906166198264 ], [ 39.962985139968389, -1.077892442888642 ], [ 39.962863894001657, -1.077679417251536 ], [ 39.962324891715092, -1.076701885598051 ], [ 39.961915976080853, -1.075964473211998 ], [ 39.961417568421261, -1.075081865674058 ], [ 39.961310745648966, -1.074887164534919 ], [ 39.960586705960786, -1.073528274914878 ], [ 39.960343491905, -1.073036516228427 ], [ 39.959835537589257, -1.071926190899069 ], [ 39.959717148020012, -1.071655872845977 ], [ 39.959414472414565, -1.07093302176943 ], [ 39.958832061609172, -1.069591236554518 ], [ 39.95834674889268, -1.068473137629112 ], [ 39.95750031625537, -1.066833385634865 ], [ 39.95651372783869, -1.06492209812114 ], [ 39.956495704742082, -1.064886995303544 ], [ 39.955948100969806, -1.063814714593595 ], [ 39.9553897945598, -1.062726771655162 ], [ 39.955012613008797, -1.061992820656128 ], [ 39.954634234494911, -1.061256542260882 ], [ 39.954501842195086, -1.06098811847227 ], [ 39.954002050904862, -1.059931193293522 ], [ 39.953987088310129, -1.059899392138395 ], [ 39.953430471139043, -1.058710397208461 ], [ 39.953146903483606, -1.058112268324819 ], [ 39.952726206725067, -1.057345722895194 ], [ 39.952121937834924, -1.056247090192666 ], [ 39.95205709633791, -1.056127070609236 ], [ 39.951694511722302, -1.055443691727778 ], [ 39.951410527647504, -1.054858717245264 ], [ 39.950961112111806, -1.053841737363854 ], [ 39.950942329857511, -1.053798937334525 ], [ 39.950405980503604, -1.052568128587106 ], [ 39.950238749022454, -1.052157236634936 ], [ 39.949792614735394, -1.050979466439138 ], [ 39.949549986266632, -1.050246287460394 ], [ 39.949322194473702, -1.049445337510618 ], [ 39.949076445582143, -1.048755080223944 ], [ 39.948731684124169, -1.047786717547417 ], [ 39.948710821813101, -1.047727472306856 ], [ 39.948390563089205, -1.046807859961879 ], [ 39.948024956614994, -1.04587379874648 ], [ 39.947724569278819, -1.045125029398277 ], [ 39.94770910673676, -1.045086228212998 ], [ 39.947410323368707, -1.044331427642187 ], [ 39.947087790980326, -1.043571685617596 ], [ 39.946661066745683, -1.042568506006542 ], [ 39.946304804257551, -1.041730973708348 ], [ 39.946152803944173, -1.041410237746602 ], [ 39.945972067978921, -1.04107879490061 ], [ 39.945250994820896, -1.039851276160146 ], [ 39.944463828517179, -1.038511266525628 ], [ 39.94325950359471, -1.0364943352026 ], [ 39.942028941934304, -1.03443309933089 ], [ 39.941598407039386, -1.033621014370969 ], [ 39.941107719609285, -1.032569969031313 ], [ 39.940857603685728, -1.031980888243219 ], [ 39.940343432077526, -1.03064042664283 ], [ 39.940330364857296, -1.030606153141838 ], [ 39.939956149246292, -1.029618651344955 ], [ 39.939922087101358, -1.029527289277123 ], [ 39.939570637767375, -1.028568942852385 ], [ 39.939268453898968, -1.027819608289433 ], [ 39.93875980533786, -1.02667796656805 ], [ 39.938402999734294, -1.02587711279158 ], [ 39.937706957947228, -1.024715247865946 ], [ 39.936906804830528, -1.02337991702685 ], [ 39.936703245871257, -1.023094229947153 ], [ 39.936356313602161, -1.022695153447895 ], [ 39.935605548392914, -1.02190616729435 ], [ 39.93469244631369, -1.020946041910788 ], [ 39.934230252746623, -1.020420684062024 ], [ 39.933809907542887, -1.019860843730598 ], [ 39.933204504881239, -1.018985943153669 ], [ 39.932580368021192, -1.018083070611924 ], [ 39.932286024935848, -1.017628810446075 ], [ 39.931607455442276, -1.016509626207282 ], [ 39.931444345468009, -1.016229412905381 ], [ 39.930745487519687, -1.014977834514408 ], [ 39.930324972749879, -1.014224467700621 ], [ 39.930320261750445, -1.014216017179244 ], [ 39.929972742425669, -1.013591858772929 ], [ 39.929486953016841, -1.0128208597674 ], [ 39.929018778780176, -1.01209221255186 ], [ 39.928947994459378, -1.011980254235455 ], [ 39.928474019278234, -1.011218293434081 ], [ 39.927994907523455, -1.01044803632033 ], [ 39.927806115987075, -1.010130239751233 ], [ 39.927329461937227, -1.009289266925516 ], [ 39.926834831535444, -1.00827394367234 ], [ 39.926410136734994, -1.007243848121788 ], [ 39.926281143096979, -1.006912733489095 ], [ 39.925918603439904, -1.005925448479118 ], [ 39.925661007181617, -1.005106240816422 ], [ 39.925481791440028, -1.004266127109469 ], [ 39.925382573167212, -1.003412687406226 ], [ 39.925307996749339, -1.002326175705499 ], [ 39.925288493779014, -1.001518148133486 ], [ 39.925340722016003, -1.000711593657422 ], [ 39.925490482440189, -0.999343933127489 ], [ 39.925601959926709, -0.998606551647541 ], [ 39.925773408210752, -0.99788092093277 ], [ 39.926003661670713, -0.997171974109316 ], [ 39.926204480786112, -0.996630354443042 ], [ 39.926294552589859, -0.996232491912977 ], [ 39.926460716063602, -0.99533647861304 ], [ 39.926484301459141, -0.995213986966268 ], [ 39.926633991780498, -0.994464281016422 ], [ 39.92666021482372, -0.994337640387822 ], [ 39.927024183753915, -0.992640736194726 ], [ 39.927384255354482, -0.990962800255925 ], [ 39.927485988033744, -0.990538582172181 ], [ 39.927827062916499, -0.989253097626995 ], [ 39.928168051078146, -0.987967925683922 ], [ 39.928291534451738, -0.987544277096291 ], [ 39.928534568963478, -0.986780027712293 ], [ 39.928739832278588, -0.986099009762822 ], [ 39.928938637523942, -0.985303112745423 ], [ 39.9291599597437, -0.984403789239102 ], [ 39.929316357900859, -0.983638542176197 ], [ 39.929442732124329, -0.982801043415161 ], [ 39.929533312943917, -0.982179693587956 ], [ 39.929573295095899, -0.981779815078194 ], [ 39.929604780154975, -0.981168765837468 ], [ 39.92969952656658, -0.979360927230095 ], [ 39.92977167253985, -0.977986085938736 ], [ 39.929725154735507, -0.976743837460254 ], [ 39.929671478479641, -0.975307769075927 ], [ 39.92960877690161, -0.974537814425894 ], [ 39.929487234174253, -0.973631441668332 ], [ 39.929355896720651, -0.972766643594288 ], [ 39.929212657219203, -0.971823481916449 ], [ 39.929194930019349, -0.97170116842905 ], [ 39.929076034953276, -0.970839655017558 ], [ 39.929044801368981, -0.970587372105085 ], [ 39.9289556568216, -0.969774380891572 ], [ 39.928949137715769, -0.96971300765626 ], [ 39.928825397479031, -0.968509234959605 ], [ 39.928701656912295, -0.967305459989789 ], [ 39.928687737062354, -0.967158310585162 ], [ 39.928616949270797, -0.96633912568381 ], [ 39.928557523109944, -0.965934405931716 ], [ 39.928337454107769, -0.964993895884313 ], [ 39.928065083867295, -0.96382986373589 ], [ 39.927979967932401, -0.96351436832498 ], [ 39.927898699713708, -0.963302121967989 ], [ 39.927455703515129, -0.962297378557715 ], [ 39.926963364127232, -0.961180720032291 ], [ 39.926477611946417, -0.960143340131993 ], [ 39.925917319412648, -0.95902726565304 ], [ 39.925831624932982, -0.95885188509147 ], [ 39.925299746555702, -0.957732992133607 ], [ 39.924972740452013, -0.957045081087919 ], [ 39.92486782791724, -0.956873541283279 ], [ 39.924461300646271, -0.956301706075967 ], [ 39.924418964668234, -0.956241639647058 ], [ 39.923761631356768, -0.955300921227628 ], [ 39.923132895745816, -0.954401085195219 ], [ 39.922620131372462, -0.953681639100763 ], [ 39.9225094576584, -0.953522786186135 ], [ 39.921798777392425, -0.952479094201874 ], [ 39.921298255922892, -0.951652407132226 ], [ 39.920794198665185, -0.950709810666245 ], [ 39.920521933634291, -0.95015616584321 ], [ 39.920070939114318, -0.949154429036887 ], [ 39.919658233679847, -0.948237740795314 ], [ 39.919263044422529, -0.947406058441787 ], [ 39.919160520483587, -0.947182530318168 ], [ 39.918777491879609, -0.946316659646817 ], [ 39.918706686197503, -0.946152233035906 ], [ 39.918184052362392, -0.944904841849189 ], [ 39.917661419479245, -0.943657450795362 ], [ 39.917461647338286, -0.943136256465534 ], [ 39.917154942942688, -0.942256069407209 ], [ 39.916952333675113, -0.941594604320184 ], [ 39.916720572577766, -0.940720487748943 ], [ 39.916487148249459, -0.939886493048367 ], [ 39.916480709954897, -0.939863372326706 ], [ 39.916253041669137, -0.939041591274695 ], [ 39.916051124043875, -0.938498695031273 ], [ 39.915796559071346, -0.937886918515017 ], [ 39.915498545534568, -0.937060027173614 ], [ 39.91528172423358, -0.93620790992007 ], [ 39.915068901109855, -0.935162377579531 ], [ 39.914850375454776, -0.934087101013016 ], [ 39.914810386091482, -0.933877800777729 ], [ 39.914578018541, -0.932579312732678 ], [ 39.914345276208479, -0.931278639432805 ], [ 39.914330470350571, -0.931193571630152 ], [ 39.914193587588734, -0.930384398961216 ], [ 39.914041890177273, -0.929592907726648 ], [ 39.913857467677587, -0.928662577351887 ], [ 39.913760075066676, -0.928171277055501 ], [ 39.91371597480147, -0.928028886537356 ], [ 39.913495096978195, -0.927438889363886 ], [ 39.913339979584343, -0.926989002279568 ], [ 39.912821511573156, -0.925346972129928 ], [ 39.912442664930296, -0.924147036507192 ], [ 39.91218120418538, -0.923541229632169 ], [ 39.911776134826269, -0.922602677282302 ], [ 39.911445859212058, -0.92188083254215 ], [ 39.911086446643701, -0.921141887479217 ], [ 39.910441513836837, -0.919828461352269 ], [ 39.909817404335207, -0.918557442614454 ], [ 39.909365822673053, -0.917669788757677 ], [ 39.908942113081608, -0.916952570785895 ], [ 39.908269517625946, -0.915926929449841 ], [ 39.907484640825089, -0.914730060149691 ], [ 39.907415336589473, -0.914622733101698 ], [ 39.906340487432054, -0.912932122794516 ], [ 39.905564163297662, -0.911711300868912 ], [ 39.90496995265007, -0.91098584664612 ], [ 39.904144581931092, -0.909978082761607 ], [ 39.903886576794108, -0.909686191154291 ], [ 39.903723701053337, -0.909532079742199 ], [ 39.903142321130915, -0.909065814750224 ], [ 39.90263618582356, -0.908659689376876 ], [ 39.901973415438157, -0.908235147781816 ], [ 39.900894117671584, -0.907543012310098 ], [ 39.900242274918114, -0.907082906114997 ], [ 39.899633443249009, -0.906566533983291 ], [ 39.898983588971539, -0.905963849722977 ], [ 39.898435399211039, -0.905409467834335 ], [ 39.89793683564141, -0.904809488691236 ], [ 39.897491625883653, -0.904168398157739 ], [ 39.897103098641715, -0.903490989479677 ], [ 39.896655424518727, -0.902626129799135 ], [ 39.896337627607274, -0.901944336141253 ], [ 39.896077271117207, -0.901238295976672 ], [ 39.895716247003357, -0.900118429987225 ], [ 39.89568771544478, -0.90002832595016 ], [ 39.895362601292966, -0.898982741477251 ], [ 39.895306102653478, -0.898793837125338 ], [ 39.89509294502151, -0.898051927597307 ], [ 39.895064343380703, -0.897950151941958 ], [ 39.894789955684814, -0.896951521214809 ], [ 39.894771142809155, -0.896881974704587 ], [ 39.894442021741149, -0.895645889910823 ], [ 39.894274307536683, -0.894886939770175 ], [ 39.894171954636583, -0.894116296139517 ], [ 39.89406133684583, -0.892881287161862 ], [ 39.894043317343169, -0.892645756694782 ], [ 39.893983164578721, -0.891698020766918 ], [ 39.893992791346584, -0.890408815625484 ], [ 39.894061034326526, -0.889539262767258 ], [ 39.894204733808408, -0.888492268929648 ], [ 39.894382053350853, -0.887592062965529 ], [ 39.894443363482203, -0.887305264703922 ], [ 39.894721419896442, -0.886099939035093 ], [ 39.894997000597371, -0.884906450050728 ], [ 39.895204662019445, -0.884155464422301 ], [ 39.895921164303076, -0.881938851068704 ], [ 39.896418964392304, -0.880399174882986 ], [ 39.896446412931191, -0.880233028227196 ], [ 39.896523930092208, -0.879764164780395 ], [ 39.896559244812536, -0.879355505302329 ], [ 39.896558936982956, -0.879089835850787 ], [ 39.896540044615172, -0.879035562359468 ], [ 39.896284299480193, -0.878321347415104 ], [ 39.896093992255956, -0.877726154224527 ], [ 39.895817259017015, -0.876745685368165 ], [ 39.895695864679617, -0.87626603506323 ], [ 39.89547330696405, -0.875273964043468 ], [ 39.895456014255423, -0.875195249418372 ], [ 39.89526238767673, -0.874294869941355 ], [ 39.895077342620759, -0.873434395289974 ], [ 39.894884111619717, -0.8725735061053 ], [ 39.894775106728964, -0.872003301449576 ], [ 39.894634154627084, -0.871112832576766 ], [ 39.894543014144979, -0.87030467937711 ], [ 39.894453987643516, -0.868990156910617 ], [ 39.894366071778229, -0.867692033679778 ], [ 39.894275489966141, -0.866422543586283 ], [ 39.894273454247987, -0.866393352570479 ], [ 39.894188500400716, -0.865146289307478 ], [ 39.894042604509167, -0.863226942660053 ], [ 39.893893604161498, -0.861266809565293 ], [ 39.893875225491421, -0.860199440189521 ], [ 39.893981887144783, -0.859137323579371 ], [ 39.894340910017348, -0.856894818373294 ], [ 39.894583565888844, -0.85537891136037 ], [ 39.894579930433821, -0.854696120707576 ], [ 39.894573516885288, -0.853469260278552 ], [ 39.894489754813954, -0.85198004404748 ], [ 39.894393086842108, -0.850261265914495 ], [ 39.894385838725107, -0.850109951183431 ], [ 39.894322288496177, -0.848503783122832 ], [ 39.894283222264619, -0.847520101194747 ], [ 39.894151441038616, -0.846753233464157 ], [ 39.893940602870664, -0.845525366513636 ], [ 39.893766052122999, -0.844645856269142 ], [ 39.893576506816707, -0.843698198002619 ], [ 39.893281436733808, -0.842302201634879 ], [ 39.892976118401201, -0.840857719300794 ], [ 39.892891097016616, -0.840397207452426 ], [ 39.892686400572352, -0.839102765626139 ], [ 39.892652547201457, -0.838869077282837 ], [ 39.892483756363802, -0.837586924765732 ], [ 39.892444793819394, -0.837239541470524 ], [ 39.892360464481506, -0.83633041522436 ], [ 39.891572794476581, -0.834880161274168 ], [ 39.891553047995544, -0.834843604620314 ], [ 39.89072716337224, -0.833306228278937 ], [ 39.889798392951597, -0.831877453167025 ], [ 39.888944692407158, -0.830564209233892 ], [ 39.887795869994747, -0.829177454402225 ], [ 39.886305207647702, -0.827377762794717 ], [ 39.886059954181341, -0.827068130109245 ], [ 39.885307181665809, -0.826073862691623 ], [ 39.885138391426963, -0.825843449785002 ], [ 39.884430158098596, -0.824843917620579 ], [ 39.884360037869463, -0.824743523040856 ], [ 39.883529845998432, -0.823537591803341 ], [ 39.882693762767886, -0.822323314054028 ], [ 39.882259976449724, -0.821627882809741 ], [ 39.881890623687646, -0.820895719739338 ], [ 39.880937104983019, -0.818771947962905 ], [ 39.879971412157168, -0.816620631571212 ], [ 39.879807104807448, -0.816230493826361 ], [ 39.879222560835665, -0.81474674932039 ], [ 39.878622000025977, -0.813222962399915 ], [ 39.878388494917218, -0.812555428130179 ], [ 39.878207543466353, -0.811871561671849 ], [ 39.877860482717544, -0.810317902331446 ], [ 39.877607816436992, -0.809187687979035 ], [ 39.877403816386945, -0.808570897624544 ], [ 39.87706188105134, -0.80755207990579 ], [ 39.876801100195948, -0.806609861146739 ], [ 39.876148780181083, -0.803640385577189 ], [ 39.875511072875668, -0.800739727216383 ], [ 39.875039926489798, -0.798788815743037 ], [ 39.874690125393336, -0.797340585584296 ], [ 39.874116250300723, -0.795896497044733 ], [ 39.873435983289504, -0.794184489838188 ], [ 39.872367727646918, -0.792025756342567 ], [ 39.871302613149567, -0.789873525015482 ], [ 39.870057397383526, -0.787827632344297 ], [ 39.868659341468543, -0.785530655722852 ], [ 39.868129996889643, -0.784710241660508 ], [ 39.867567777318257, -0.783919382644231 ], [ 39.865977433949212, -0.781747364065085 ], [ 39.864348974195913, -0.779523297338887 ], [ 39.864038950964755, -0.779071821494245 ], [ 39.862531161252917, -0.776727067045731 ], [ 39.86093177791583, -0.774281311184389 ], [ 39.859585823659835, -0.772603364879261 ], [ 39.85835845211092, -0.771093182015474 ], [ 39.857984187805428, -0.770684535609703 ], [ 39.857351773455456, -0.769912356396409 ], [ 39.856807959950771, -0.769074582070994 ], [ 39.856298049622453, -0.768185197199912 ], [ 39.856038825256057, -0.767699437742256 ], [ 39.855359887787586, -0.766328525090551 ], [ 39.854787918847499, -0.765181225120773 ], [ 39.854437675331404, -0.764385296460346 ], [ 39.85416505183948, -0.76355916420537 ], [ 39.853944522342367, -0.762765044546093 ], [ 39.853762216481456, -0.761972796686215 ], [ 39.853651325484577, -0.761167269088084 ], [ 39.853516248761132, -0.75970523934804 ], [ 39.853505110719816, -0.759574390154105 ], [ 39.853411860227162, -0.758376746499615 ], [ 39.853389286264125, -0.757371090950357 ], [ 39.853477766528876, -0.756369129760432 ], [ 39.853619477701237, -0.755387329396638 ], [ 39.853760693375143, -0.754408298977808 ], [ 39.853982483080507, -0.753333871004021 ], [ 39.854204047970057, -0.752513873260608 ], [ 39.854633220787647, -0.751283584241537 ], [ 39.854962931932135, -0.750519604936165 ], [ 39.855254390792744, -0.749908074996424 ], [ 39.855685306419737, -0.749084604562597 ], [ 39.856029203526518, -0.748427381542235 ], [ 39.856492678095307, -0.747443964571659 ], [ 39.856716175622878, -0.747001510220375 ], [ 39.857471914662803, -0.745601813277959 ], [ 39.8583243490855, -0.743987274457012 ], [ 39.858563744195969, -0.743438805069839 ], [ 39.858699328510731, -0.74293550287679 ], [ 39.859007510093953, -0.741791015469716 ], [ 39.859020842141057, -0.741742049139958 ], [ 39.859142768779066, -0.741299113066901 ], [ 39.859145217327601, -0.741284630483364 ], [ 39.859202307667161, -0.740528144697116 ], [ 39.859262942482466, -0.739724683676491 ], [ 39.859261909869687, -0.739565616150485 ], [ 39.859213229701005, -0.739158639542991 ], [ 39.859067219309679, -0.738106802327515 ], [ 39.858955809348082, -0.737304226467137 ], [ 39.858829155257737, -0.736716027937218 ], [ 39.858594284940438, -0.735886361974179 ], [ 39.858553080662602, -0.735735897321283 ], [ 39.858328658932194, -0.734887894646463 ], [ 39.85815345317107, -0.734225860831186 ], [ 39.85796730289205, -0.733626253393717 ], [ 39.857710793351885, -0.732936586279191 ], [ 39.857123619654772, -0.732125414931011 ], [ 39.856487602206897, -0.731279943553413 ], [ 39.856435475821435, -0.731209950199192 ], [ 39.856297693075291, -0.731023064725425 ], [ 39.855780658923528, -0.730482196344636 ], [ 39.854873246744653, -0.729533031634772 ], [ 39.854433221451814, -0.729037551381417 ], [ 39.853646331809486, -0.728083130619124 ], [ 39.852869579534826, -0.727141380373088 ], [ 39.852619149216949, -0.726823512142222 ], [ 39.851996042256154, -0.725995112594345 ], [ 39.851564446720744, -0.725368033377921 ], [ 39.851186871874042, -0.724706577146337 ], [ 39.850576584590002, -0.723524712234166 ], [ 39.850279344551971, -0.722890092808781 ], [ 39.849755319052704, -0.721648617849876 ], [ 39.849494648716991, -0.720952924341737 ], [ 39.849291613518638, -0.720238031100603 ], [ 39.849147585071719, -0.719508767683094 ], [ 39.848930098249824, -0.718108957637287 ], [ 39.848904182877988, -0.717930527059709 ], [ 39.848725703298001, -0.716609844990969 ], [ 39.848647463601743, -0.715652800696681 ], [ 39.848601098361236, -0.7140443395662 ], [ 39.848597415967568, -0.713824325794701 ], [ 39.84859275753368, -0.712823246999189 ], [ 39.848583287841166, -0.71138881436047 ], [ 39.84857375748782, -0.709937418175732 ], [ 39.84858048948302, -0.709522466906185 ], [ 39.84867429203495, -0.7071191635748 ], [ 39.848759816875329, -0.704928192753959 ], [ 39.848747848685669, -0.703513929463736 ], [ 39.848736699176612, -0.702191016114214 ], [ 39.848701751969401, -0.701726991954794 ], [ 39.848611560551682, -0.701120731275533 ], [ 39.848302566249053, -0.699267898742954 ], [ 39.848041107883304, -0.697700126533372 ], [ 39.847732924093172, -0.696454027085002 ], [ 39.847400884214224, -0.695110567230176 ], [ 39.847281365564143, -0.694715465300651 ], [ 39.847167518487083, -0.694433378527209 ], [ 39.846796333120295, -0.69366748330914 ], [ 39.846505752483758, -0.693067989468011 ], [ 39.84595373059733, -0.692185204046183 ], [ 39.845298890508559, -0.691138050580655 ], [ 39.844961600222852, -0.690668100230041 ], [ 39.844598819565114, -0.690187034419273 ], [ 39.844358543537702, -0.6899375415408 ], [ 39.844343329632302, -0.689921705497863 ], [ 39.843253430494208, -0.688784468916353 ], [ 39.842171792723001, -0.68765580978664 ], [ 39.841490022831096, -0.686855976666688 ], [ 39.840905289092916, -0.685981749091411 ], [ 39.840078932591446, -0.684575899647166 ], [ 39.840053872050063, -0.684532996193769 ], [ 39.839099552564583, -0.682888872623953 ], [ 39.839057711121143, -0.682816011180785 ], [ 39.838808931944556, -0.682378105798842 ], [ 39.838355222097682, -0.681705019819838 ], [ 39.837711901517551, -0.680750710821842 ], [ 39.83734498100582, -0.680158462237109 ], [ 39.837024512672691, -0.679539498283262 ], [ 39.836119788894649, -0.677614312257404 ], [ 39.835227874301069, -0.675716166765052 ], [ 39.834870110574386, -0.674838433980681 ], [ 39.834605632603761, -0.673927808913731 ], [ 39.834254862677717, -0.672433070364757 ], [ 39.833908547058314, -0.670957428884892 ], [ 39.833745395960932, -0.670063787894158 ], [ 39.833672117572462, -0.669158179138579 ], [ 39.833616761905972, -0.66736322072527 ], [ 39.83356108739401, -0.665556852537565 ], [ 39.833556955852195, -0.665217376508081 ], [ 39.833565536120005, -0.663891602494228 ], [ 39.833573244770768, -0.662695539511167 ], [ 39.833551264225946, -0.661749216495739 ], [ 39.833478598705653, -0.660772197950959 ], [ 39.833398658919315, -0.659800919547063 ], [ 39.833282077929496, -0.658675523478933 ], [ 39.833160384623582, -0.657894405879951 ], [ 39.833160186125703, -0.657893972381951 ], [ 39.832629975286999, -0.656736078014079 ], [ 39.83235559844568, -0.656158962213781 ], [ 39.831878929220075, -0.65525314388188 ], [ 39.831246810743458, -0.654220926786338 ], [ 39.831187721737464, -0.654123055876298 ], [ 39.830525843464407, -0.653010965318558 ], [ 39.830500308798996, -0.652967790321051 ], [ 39.829629893023565, -0.651486714229247 ], [ 39.828976570277163, -0.650377235306753 ], [ 39.82864810931715, -0.649859415092543 ], [ 39.828335363504749, -0.649442696082595 ], [ 39.827193891888449, -0.648080106353884 ], [ 39.825893387587257, -0.646527522823515 ], [ 39.824798343648048, -0.645224723760258 ], [ 39.823689925543761, -0.64390610970483 ], [ 39.823667752272328, -0.643879628934229 ], [ 39.823103419820676, -0.643203042026592 ], [ 39.822614538139483, -0.642624084714723 ], [ 39.822173305608224, -0.642129517134929 ], [ 39.821916920435811, -0.641875951935354 ], [ 39.821646574704282, -0.641683070000165 ], [ 39.821040331095269, -0.641270987198659 ], [ 39.820811542085806, -0.641110210520097 ], [ 39.820168719833454, -0.640643373268887 ], [ 39.819666394946061, -0.640250629752361 ], [ 39.819057104941336, -0.639738449310794 ], [ 39.818488233995993, -0.639217055744552 ], [ 39.817772550211345, -0.638502354297919 ], [ 39.816965296164945, -0.637721778184344 ], [ 39.816498115126521, -0.637234919568048 ], [ 39.815990114417112, -0.636664257524161 ], [ 39.815492512080347, -0.636053613161255 ], [ 39.815049716238086, -0.635401603127846 ], [ 39.814665102179632, -0.634713197476112 ], [ 39.814304253970953, -0.633995714925564 ], [ 39.814054979296479, -0.633456838830734 ], [ 39.813746533108194, -0.632728418597225 ], [ 39.813332511570181, -0.631786443443549 ], [ 39.813284323723309, -0.631674782597195 ], [ 39.812768936979019, -0.630458193053543 ], [ 39.812435757487506, -0.629536047562822 ], [ 39.812104505005877, -0.628437003189276 ], [ 39.812062588982918, -0.628293683079551 ], [ 39.811849287090332, -0.627541485580645 ], [ 39.811769751967766, -0.627241612054261 ], [ 39.81158251437418, -0.626483729024229 ], [ 39.811496683034513, -0.626101065264209 ], [ 39.811290789369743, -0.625080615532523 ], [ 39.811219809972492, -0.624683654554112 ], [ 39.810991970803272, -0.623223427202926 ], [ 39.810983490521863, -0.623167954726386 ], [ 39.810799279082993, -0.621937585660446 ], [ 39.810710868050329, -0.621055756270453 ], [ 39.810708601434591, -0.62016944979445 ], [ 39.810752136697374, -0.619226257679075 ], [ 39.810797038758992, -0.618262529434804 ], [ 39.810834989499511, -0.617754364189114 ], [ 39.81092781942769, -0.616852139988736 ], [ 39.810994127704319, -0.616346976149073 ], [ 39.811133461693146, -0.61547528771531 ], [ 39.811199913431544, -0.615108038097083 ], [ 39.811390414644677, -0.614165914736666 ], [ 39.811577400987822, -0.613243111005419 ], [ 39.811690766628587, -0.612753524452637 ], [ 39.811988527074284, -0.611612048218272 ], [ 39.811997553021008, -0.611577721299859 ], [ 39.812333349547075, -0.610310699226125 ], [ 39.812432612997334, -0.609885928477558 ], [ 39.812433498285991, -0.609876148726603 ], [ 39.812453139194616, -0.609158935118744 ], [ 39.812474543768296, -0.608393334325554 ], [ 39.812435417049031, -0.607050893673456 ], [ 39.8123910847753, -0.605530809437087 ], [ 39.812334257829271, -0.604406002629542 ], [ 39.812289363870093, -0.603517138702712 ], [ 39.812281029956367, -0.603449848340675 ], [ 39.812148106187074, -0.602916602930677 ], [ 39.811898894257268, -0.602062506087816 ], [ 39.811730919799672, -0.601591966268438 ], [ 39.811307628232704, -0.600559733532222 ], [ 39.810804585431192, -0.599333020719384 ], [ 39.810642310213701, -0.598907164382647 ], [ 39.810439452695583, -0.598331836895776 ], [ 39.810320038190575, -0.598044784498114 ], [ 39.810026940154778, -0.597461517494771 ], [ 39.809715349258902, -0.596841450385683 ], [ 39.80936953770258, -0.596248609924999 ], [ 39.808915292370187, -0.595590582472164 ], [ 39.80826750307935, -0.594732776444242 ], [ 39.807503600011444, -0.593721211719206 ], [ 39.80745675031789, -0.593658612031281 ], [ 39.806932868711534, -0.592952264839133 ], [ 39.806238883135599, -0.5920949553664 ], [ 39.805571999204012, -0.591281428949225 ], [ 39.805510626993993, -0.591205732407075 ], [ 39.804856124573128, -0.590389509114138 ], [ 39.804777523140025, -0.59029006490372 ], [ 39.803874367378263, -0.589130798207265 ], [ 39.803376774557442, -0.588492101328193 ], [ 39.802181489850305, -0.587694449278296 ], [ 39.80080489833135, -0.586775806017124 ], [ 39.799839425568528, -0.586139064564309 ], [ 39.798916206742419, -0.585586573260165 ], [ 39.797111855286147, -0.584572493524159 ], [ 39.795226334616245, -0.583512743055661 ], [ 39.795162090295563, -0.583476285817719 ], [ 39.791736747091555, -0.581513786992399 ], [ 39.788361321101171, -0.579579918647425 ], [ 39.788172317405639, -0.579468542306194 ], [ 39.786045726183069, -0.57818010107041 ], [ 39.783943219945122, -0.576906377308119 ], [ 39.783883275897864, -0.576869740961396 ], [ 39.78288790301125, -0.576256029345196 ], [ 39.782109021604086, -0.57582043032193 ], [ 39.78128343299224, -0.575425130491609 ], [ 39.781273341015478, -0.575420290602854 ], [ 39.779936398626461, -0.574778094858055 ], [ 39.779343650263918, -0.574465583685995 ], [ 39.778775643862325, -0.574109538582883 ], [ 39.775810251499593, -0.572092728292121 ], [ 39.775755200176846, -0.572054987096523 ], [ 39.773341962738982, -0.570387345320009 ], [ 39.771229538763379, -0.569161804952281 ], [ 39.768563226499253, -0.567614948006892 ], [ 39.768032351069806, -0.567281655323501 ], [ 39.767305926852849, -0.566789428575787 ], [ 39.76631672267029, -0.566012897966773 ], [ 39.764502384369749, -0.564371276014864 ], [ 39.762688048016365, -0.562729654018217 ], [ 39.762553374744208, -0.562605285392927 ], [ 39.76177184263986, -0.561868680625098 ], [ 39.761739982621989, -0.561838505282168 ], [ 39.7610643846428, -0.561195503188179 ], [ 39.760150954127539, -0.560372278817248 ], [ 39.759146571292113, -0.559467085987959 ], [ 39.759012662375802, -0.559343928202323 ], [ 39.758383827401516, -0.55875374958869 ], [ 39.757901332603922, -0.55833101803908 ], [ 39.757043993552514, -0.557665138276596 ], [ 39.756117662282882, -0.556945258160821 ], [ 39.7552106607844, -0.55630531962937 ], [ 39.754114905015804, -0.555532020192682 ], [ 39.753777067916722, -0.555294022821526 ], [ 39.753445911955595, -0.555144953221633 ], [ 39.753127836432455, -0.555001602369357 ], [ 39.75186665129943, -0.554594752606746 ], [ 39.750114435438455, -0.554029229732085 ], [ 39.749745047529217, -0.553901030893052 ], [ 39.748496799608212, -0.553437013657928 ], [ 39.748372102084289, -0.553389598317649 ], [ 39.747104894568977, -0.552896909745999 ], [ 39.746625910590531, -0.552694477649743 ], [ 39.745597122498154, -0.552224024175558 ], [ 39.74316116765376, -0.55238043195716 ], [ 39.740667431567893, -0.552540714880795 ], [ 39.739153842178581, -0.55280568637545 ], [ 39.737594369640604, -0.553078690925418 ], [ 39.7365412851793, -0.553367823666952 ], [ 39.735085684140721, -0.55376746422594 ], [ 39.734809940521131, -0.553838467410658 ], [ 39.733338336940193, -0.55419250317542 ], [ 39.73320661087272, -0.554223140971591 ], [ 39.731454987824534, -0.554616597330052 ], [ 39.73065652365284, -0.554758227207979 ], [ 39.729848628869824, -0.554826834176234 ], [ 39.729037879613244, -0.554821859744826 ], [ 39.727728779243229, -0.554754298913508 ], [ 39.726905918686363, -0.554673495416226 ], [ 39.726093917299991, -0.554516903370697 ], [ 39.725299648140016, -0.554285848183282 ], [ 39.724203124458498, -0.553911046255852 ], [ 39.723500431074385, -0.553637276133009 ], [ 39.722822989767828, -0.553305207650867 ], [ 39.722175563152049, -0.55291717531975 ], [ 39.721368872531102, -0.552386352403394 ], [ 39.720593906520591, -0.551814634376993 ], [ 39.71988400169591, -0.551162893239937 ], [ 39.719247272857892, -0.550438578888951 ], [ 39.718678614777069, -0.549717427653774 ], [ 39.718122968561651, -0.54892981883072 ], [ 39.717653916309324, -0.548087054216929 ], [ 39.717276806573999, -0.547198743771685 ], [ 39.716995939487788, -0.546275016813552 ], [ 39.716814517726689, -0.545326406514584 ], [ 39.716683776047624, -0.54437019941237 ], [ 39.716617640034777, -0.543705760044923 ], [ 39.716600370041718, -0.543038219673925 ], [ 39.716611507012111, -0.542007532524455 ], [ 39.716623736720976, -0.541623986454403 ], [ 39.716678767078378, -0.540585582279443 ], [ 39.716682023786213, -0.540527625386568 ], [ 39.716766043549924, -0.539112909993389 ], [ 39.716830911063596, -0.538441767260115 ], [ 39.716988015731822, -0.537270971070976 ], [ 39.717102580626758, -0.535945036271359 ], [ 39.717221243018386, -0.534528552938413 ], [ 39.717184363439372, -0.534439125964047 ], [ 39.716615024544211, -0.532979869717897 ], [ 39.7163111596684, -0.532201174041622 ], [ 39.715892433377817, -0.531487570005965 ], [ 39.715475964631494, -0.530777830300308 ], [ 39.714693672132867, -0.529832472001511 ], [ 39.71384707952032, -0.528809481054157 ], [ 39.712832117316978, -0.527889168055271 ], [ 39.712009404766007, -0.5271431830889 ], [ 39.710430700754053, -0.526206364527844 ], [ 39.708071369211346, -0.52480631202806 ], [ 39.707748858902058, -0.524605582937866 ], [ 39.706280406343353, -0.523647935677176 ], [ 39.704834263673632, -0.522704907104199 ], [ 39.704126113479148, -0.522192355900866 ], [ 39.703470655389026, -0.521613109933052 ], [ 39.702874063708464, -0.520972625566095 ], [ 39.701728863124607, -0.519616913792923 ], [ 39.700598399440501, -0.518278499951917 ], [ 39.700119838838418, -0.517659401739128 ], [ 39.699696354259167, -0.517000894731011 ], [ 39.698952661431278, -0.515726558718288 ], [ 39.69821146334202, -0.514456838838956 ], [ 39.697810657273159, -0.513687986586984 ], [ 39.697280410873688, -0.512540095981498 ], [ 39.696970836786583, -0.511781827154738 ], [ 39.696539837401794, -0.510573062107389 ], [ 39.696437861446832, -0.510270348832636 ], [ 39.696099257559844, -0.50920360776906 ], [ 39.69562534278667, -0.508638615533627 ], [ 39.695091111913037, -0.508116113526782 ], [ 39.694195843270748, -0.507300769273453 ], [ 39.694013570732039, -0.507130088279957 ], [ 39.691226969541702, -0.50444727059659 ], [ 39.688858493435497, -0.502167034397139 ], [ 39.662913101725074, -0.502033072506808 ], [ 39.633331359319854, -0.502096669097455 ], [ 39.63248532256921, -0.502058312711468 ], [ 39.631646629306459, -0.501939950669856 ], [ 39.630822728206738, -0.501742634140443 ], [ 39.630020936577147, -0.501468115510142 ], [ 39.629248375368384, -0.501118832822556 ], [ 39.628511905930125, -0.500697888125842 ], [ 39.627818069072021, -0.500209019923229 ], [ 39.62717302697142, -0.499656569970683 ], [ 39.626582508443938, -0.499045444716634 ], [ 39.626040170110237, -0.498428508176149 ], [ 39.625478739199409, -0.497721529586728 ], [ 39.62499029301447, -0.496961612359006 ], [ 39.624388946845741, -0.495914684644302 ], [ 39.623926617751358, -0.494991833839109 ], [ 39.623430911010907, -0.49384352790522 ], [ 39.623158270405575, -0.493131134329548 ], [ 39.622946264728739, -0.492398136142709 ], [ 39.62272779817588, -0.491503794649181 ], [ 39.622548928214329, -0.490556243383654 ], [ 39.62237928115696, -0.489293799731055 ], [ 39.62229838668086, -0.488144878750171 ], [ 39.622287374726241, -0.486574913340398 ], [ 39.622296017109413, -0.486109264854864 ], [ 39.622351329054325, -0.484856687024315 ], [ 39.622359735479684, -0.484697817427994 ], [ 39.622409189520774, -0.483896003062212 ], [ 39.622416221875724, -0.483791727311193 ], [ 39.622494585968624, -0.482721279634517 ], [ 39.622497505534575, -0.482682533999076 ], [ 39.622606839225405, -0.481271742748693 ], [ 39.622683349935222, -0.480604783310127 ], [ 39.622849301976331, -0.479514813277299 ], [ 39.622892158793654, -0.479258058143322 ], [ 39.623037691185253, -0.478456895347077 ], [ 39.623102002079392, -0.477888154560238 ], [ 39.622868723210487, -0.477222541638421 ], [ 39.622751961125331, -0.476865970085462 ], [ 39.622417917966629, -0.475769868930215 ], [ 39.622225524626636, -0.475027706599515 ], [ 39.622096270965045, -0.474271805233328 ], [ 39.622031086082885, -0.473507598493925 ], [ 39.621988337936855, -0.472513298179487 ], [ 39.62199855380041, -0.471540017815292 ], [ 39.622112577093269, -0.470573475434239 ], [ 39.622329087891309, -0.469624859233598 ], [ 39.622636464912794, -0.468547416197073 ], [ 39.622890816356929, -0.467785271229955 ], [ 39.623167385588225, -0.467064378512253 ], [ 39.623211447158944, -0.466951776496772 ], [ 39.62344302197716, -0.466371387506978 ], [ 39.623616243235901, -0.465823234165996 ], [ 39.623618345290787, -0.465774267811562 ], [ 39.623751774045552, -0.464564045076544 ], [ 39.623935656693355, -0.463534408896006 ], [ 39.624136814685485, -0.462659780732552 ], [ 39.624423092557933, -0.461809530475564 ], [ 39.624722875028574, -0.461144619343224 ], [ 39.624125513215304, -0.460580185382384 ], [ 39.623413705159848, -0.459915130339744 ], [ 39.62263878642031, -0.459094432673051 ], [ 39.622046703796784, -0.458383071693099 ], [ 39.621465202902058, -0.457602501591247 ], [ 39.62097058627424, -0.456763427175981 ], [ 39.620526932947861, -0.455908925910683 ], [ 39.620256469198971, -0.455304642223173 ], [ 39.619705776289578, -0.454663751047549 ], [ 39.619196778782722, -0.453938250208161 ], [ 39.618760904212593, -0.453165998074156 ], [ 39.618402354108568, -0.452354438620829 ], [ 39.618124584639382, -0.451511394721956 ], [ 39.61793027329778, -0.450644992741537 ], [ 39.617821293091552, -0.449763584199951 ], [ 39.617136443777554, -0.440554362486368 ], [ 39.617112730799228, -0.440036611133079 ], [ 39.616958338025675, -0.431117205963048 ], [ 39.616957043674304, -0.430923976252763 ], [ 39.617016889388871, -0.415625121008 ], [ 39.617070304435963, -0.400312598431176 ], [ 39.617106544324017, -0.38979836601331 ], [ 39.61714278550258, -0.379283875262821 ], [ 39.617171415388995, -0.371295397631729 ], [ 39.617200021157046, -0.363313572457956 ], [ 39.617238175621274, -0.347313818738993 ], [ 39.617276341526988, -0.3313085800995 ], [ 39.617276517320072, -0.331269695353479 ], [ 39.617316118586778, -0.325320222270913 ], [ 39.61729437850245, -0.322637591497955 ], [ 39.616757042756007, -0.322022233280042 ], [ 39.615738281835888, -0.32085686843914 ], [ 39.615139231006658, -0.320171611146223 ], [ 39.613659463943506, -0.31889792774989 ], [ 39.611956489292048, -0.317432122051362 ], [ 39.609560333461282, -0.315670278503218 ], [ 39.607235633344828, -0.313960975322318 ], [ 39.605364885238863, -0.312845842609161 ], [ 39.603121825303631, -0.311508776968606 ], [ 39.60274325502445, -0.311270127379469 ], [ 39.601925000536532, -0.310725342635439 ], [ 39.601106753063618, -0.310180562862943 ], [ 39.600504604113162, -0.309742599772975 ], [ 39.599680606482508, -0.309089441047099 ], [ 39.599634345304132, -0.309052522709796 ], [ 39.59859674380499, -0.308218871815963 ], [ 39.598422857900843, -0.308075545336898 ], [ 39.59735048132486, -0.307168848686787 ], [ 39.597018812284013, -0.306874105041325 ], [ 39.596107586484528, -0.306023246208995 ], [ 39.595988528401904, -0.305910026229256 ], [ 39.595336205432858, -0.305278267469255 ], [ 39.595229516933813, -0.305173211133358 ], [ 39.594630616517804, -0.304573595916733 ], [ 39.594615062573588, -0.304557985298932 ], [ 39.593948116596657, -0.303886971060408 ], [ 39.593702206886263, -0.30362959656928 ], [ 39.593123643792666, -0.302999632712307 ], [ 39.592612488578759, -0.302391388176708 ], [ 39.592057451837235, -0.301668645483131 ], [ 39.591813248571199, -0.301335143927317 ], [ 39.591225784048788, -0.300493151603452 ], [ 39.590525759127864, -0.29954069252812 ], [ 39.590379076711741, -0.29933516397427 ], [ 39.589707705250802, -0.298366129871388 ], [ 39.589468740128851, -0.298002876675316 ], [ 39.588890804886006, -0.297076650244195 ], [ 39.588600546564678, -0.296576617516148 ], [ 39.587986362369605, -0.295436256692296 ], [ 39.58774404210876, -0.29495227844922 ], [ 39.587405522615718, -0.294222567363451 ], [ 39.587125697371945, -0.293697288905416 ], [ 39.587062723062509, -0.293576911093826 ], [ 39.586496252524917, -0.292474045723831 ], [ 39.586386660105582, -0.292253354247337 ], [ 39.586045048091734, -0.291541319605788 ], [ 39.584976853738418, -0.289436295197177 ], [ 39.583862965918513, -0.287241227992024 ], [ 39.58382308662587, -0.287161675735728 ], [ 39.583245159627744, -0.285994556398822 ], [ 39.582667221221321, -0.284827413356257 ], [ 39.582662256693098, -0.284817371933161 ], [ 39.582223555797448, -0.283928659719683 ], [ 39.58189001248423, -0.283252974712647 ], [ 39.581597986990126, -0.282732035440059 ], [ 39.581189813176266, -0.282003897621372 ], [ 39.581003363761816, -0.281653525304325 ], [ 39.58049029777235, -0.280636308802283 ], [ 39.580170735506471, -0.280002737801597 ], [ 39.579907450627736, -0.27958453504756 ], [ 39.579499429054117, -0.278936429415255 ], [ 39.579158948240959, -0.278435244964261 ], [ 39.578838568959043, -0.277963651509958 ], [ 39.578364685906671, -0.277326534868081 ], [ 39.577880385043478, -0.276675413943642 ], [ 39.577317565090532, -0.275977230369661 ], [ 39.576723505116412, -0.275240291752081 ], [ 39.576065402170265, -0.274469055860426 ], [ 39.575520111634901, -0.273830026504539 ], [ 39.574894093168751, -0.273188125984525 ], [ 39.574184790741633, -0.272460829528072 ], [ 39.573320324683294, -0.271642715073188 ], [ 39.572425041708023, -0.270795436294498 ], [ 39.571553578006899, -0.270019946849454 ], [ 39.570634432283107, -0.269202028618145 ], [ 39.569857247352658, -0.268533087413452 ], [ 39.569095411238933, -0.267877357053454 ], [ 39.568363484704967, -0.267273673722506 ], [ 39.567612311331374, -0.266654116072604 ], [ 39.566608172449506, -0.26585171796787 ], [ 39.565703479325414, -0.265128786980858 ], [ 39.564952813359582, -0.264581026647444 ], [ 39.564043007056043, -0.263917144073098 ], [ 39.563800251525969, -0.26373363055176 ], [ 39.56315749362259, -0.263230416253291 ], [ 39.562514703159593, -0.262727178036793 ], [ 39.562058996928549, -0.262345470644432 ], [ 39.561463830763763, -0.261812542080497 ], [ 39.56086896622314, -0.261288334269324 ], [ 39.560560681279334, -0.261047299253689 ], [ 39.560297340087708, -0.260877162763228 ], [ 39.559742386333461, -0.260542746943639 ], [ 39.559654100162888, -0.260489545343257 ], [ 39.55929092926398, -0.260340357092323 ], [ 39.558090122930508, -0.259853871405825 ], [ 39.557354766731954, -0.259571150647996 ], [ 39.556536264518712, -0.259262159444508 ], [ 39.555498261591197, -0.258880281940533 ], [ 39.555032798696423, -0.258722176255318 ], [ 39.554409620316868, -0.258562839609174 ], [ 39.553126415095221, -0.258236596190773 ], [ 39.55216953431178, -0.257997201771518 ], [ 39.551365072437576, -0.257806496067621 ], [ 39.551237874243938, -0.257775356345382 ], [ 39.550019075364268, -0.257467496519427 ], [ 39.54950093220797, -0.257319871119516 ], [ 39.548144837954396, -0.256888924688224 ], [ 39.547229979200523, -0.256542061227364 ], [ 39.546094136192472, -0.256038798876391 ], [ 39.545285342942847, -0.255630336083263 ], [ 39.544252497497212, -0.25504141202487 ], [ 39.544158279917639, -0.254986929563466 ], [ 39.543108279856973, -0.254371225462452 ], [ 39.54296910566655, -0.254287916317862 ], [ 39.541900057906062, -0.253634793173159 ], [ 39.541323378363337, -0.253251173327567 ], [ 39.540315300170136, -0.252523000564365 ], [ 39.539577719619032, -0.251928686656928 ], [ 39.538906191375602, -0.251259701599714 ], [ 39.538098458176414, -0.250365655305683 ], [ 39.537528078394772, -0.24966716761508 ], [ 39.53694443966446, -0.248874816489208 ], [ 39.536745395891089, -0.248593526229138 ], [ 39.53617794681228, -0.247758313296965 ], [ 39.535853356153652, -0.247244231469384 ], [ 39.535185796209042, -0.246103890681574 ], [ 39.534902694391128, -0.245581773892754 ], [ 39.534323823146799, -0.244425322499605 ], [ 39.53416807685818, -0.244097999795764 ], [ 39.533630179764515, -0.242906776902859 ], [ 39.533400024906769, -0.242348246032188 ], [ 39.533027974417116, -0.241352589985612 ], [ 39.532892619422888, -0.241001876904596 ], [ 39.532535839995184, -0.240374775718348 ], [ 39.532321820685446, -0.239975730616799 ], [ 39.531578912797045, -0.238503441437794 ], [ 39.531499453966084, -0.238342009482356 ], [ 39.531029383433726, -0.237362599943347 ], [ 39.53068132554197, -0.236711268451757 ], [ 39.530240718501027, -0.235886745066334 ], [ 39.529985277689725, -0.235369846583678 ], [ 39.529590449468998, -0.234502547354093 ], [ 39.529212409662968, -0.233672123956941 ], [ 39.528865255248057, -0.232927268921619 ], [ 39.528532048049279, -0.232212342040362 ], [ 39.527499614260641, -0.230087843664717 ], [ 39.526388662715767, -0.227823117920331 ], [ 39.525919977464824, -0.226953689841795 ], [ 39.525909683932994, -0.226934540030315 ], [ 39.525272642581427, -0.225745990096157 ], [ 39.525151094910527, -0.225511047485751 ], [ 39.52489765873144, -0.225003160450729 ], [ 39.524734988919008, -0.224733923494593 ], [ 39.524378351060903, -0.224275518136161 ], [ 39.523663907261785, -0.223414154454845 ], [ 39.522988027546994, -0.22263367785132 ], [ 39.5222781257146, -0.221901054197093 ], [ 39.521374277050441, -0.221002471989327 ], [ 39.520775769337803, -0.220417534981326 ], [ 39.520270865730204, -0.219948191679937 ], [ 39.51992897590344, -0.219630380618348 ], [ 39.519547965571107, -0.219325734055174 ], [ 39.518951521828825, -0.218848832723568 ], [ 39.518227747354501, -0.218285603480111 ], [ 39.517646076520073, -0.217832957024308 ], [ 39.517134853187741, -0.217477127427262 ], [ 39.516650441384115, -0.217139960383955 ], [ 39.515951767961013, -0.216713980782436 ], [ 39.515063184212934, -0.216172212790862 ], [ 39.514273867562785, -0.215702815240943 ], [ 39.513288772500388, -0.21514041918395 ], [ 39.512154314401982, -0.214561855662447 ], [ 39.512024501300061, -0.214494311349428 ], [ 39.510783773827285, -0.213835813259545 ], [ 39.510557278483475, -0.213711388487103 ], [ 39.509624568393718, -0.213181371767799 ], [ 39.509442174132204, -0.213074865663465 ], [ 39.508745984328797, -0.21265727211287 ], [ 39.508695153022899, -0.212626552929311 ], [ 39.5077367150475, -0.212042995901659 ], [ 39.507604663626616, -0.21196101917885 ], [ 39.50681789572517, -0.211463110761923 ], [ 39.506119904874268, -0.210973502845137 ], [ 39.505221540704916, -0.210277505925655 ], [ 39.504323163936945, -0.209581498610975 ], [ 39.503794383547756, -0.209138375443284 ], [ 39.5023161902065, -0.207799946565089 ], [ 39.502169700587473, -0.207664323730867 ], [ 39.500372024255306, -0.205962629688105 ], [ 39.499801203656027, -0.205370648865732 ], [ 39.499083389885897, -0.204554883149705 ], [ 39.498606033646666, -0.204012487422761 ], [ 39.498012981156826, -0.203360471979028 ], [ 39.497370177865783, -0.202653756216958 ], [ 39.497293741027036, -0.202568641958495 ], [ 39.496448784036843, -0.201615682908265 ], [ 39.495603808521807, -0.200662701206335 ], [ 39.495452697937161, -0.200487816338295 ], [ 39.494727917591653, -0.199626979331543 ], [ 39.494154712430799, -0.198946171554663 ], [ 39.492268832402615, -0.196929617626324 ], [ 39.490398441614445, -0.194929624636765 ], [ 39.489116403864884, -0.19370700292698 ], [ 39.487647740142407, -0.192306404063835 ], [ 39.487191539966034, -0.191838631234406 ], [ 39.486020423456267, -0.190547383087766 ], [ 39.485113435281292, -0.189547357932076 ], [ 39.484104735921875, -0.188613247473528 ], [ 39.482873648882538, -0.187473193288765 ], [ 39.481788721151041, -0.186507961312773 ], [ 39.480707662126861, -0.185546170220324 ], [ 39.479524916524532, -0.184537804540424 ], [ 39.478396907451611, -0.183576106401288 ], [ 39.47756845165641, -0.182921253884895 ], [ 39.476794386860313, -0.182309396328023 ], [ 39.476199364339521, -0.18188786503115 ], [ 39.47561913961443, -0.181476819494632 ], [ 39.4741904462592, -0.180581593472601 ], [ 39.472654513674371, -0.179619172703698 ], [ 39.47162018496843, -0.179011332828845 ], [ 39.470740062167479, -0.178494113043781 ], [ 39.470010998377525, -0.178130202364469 ], [ 39.469007716436323, -0.177629417613981 ], [ 39.468200279659008, -0.17722559246463 ], [ 39.467399183052677, -0.176824934671764 ], [ 39.466658992651553, -0.176409837688314 ], [ 39.465960924251611, -0.175926405459057 ], [ 39.464988174485008, -0.175182375798043 ], [ 39.464015419929183, -0.174438341360473 ], [ 39.463940376482263, -0.174380312707074 ], [ 39.462897059488618, -0.173564721269474 ], [ 39.461853738664395, -0.172749126245542 ], [ 39.461437937271761, -0.17240346014284 ], [ 39.460449938528207, -0.171530621255534 ], [ 39.460394479085942, -0.171481217405284 ], [ 39.459214784111659, -0.17042157579107 ], [ 39.458947432215048, -0.170171431069369 ], [ 39.458372363300029, -0.169611036376217 ], [ 39.458287658564913, -0.169527395639999 ], [ 39.457740258238907, -0.168979686763236 ], [ 39.457403047590198, -0.168642286615467 ], [ 39.454263903779228, -0.165890618634002 ], [ 39.450995792820066, -0.163025901144058 ], [ 39.450177086853508, -0.162347732913023 ], [ 39.449532953520915, -0.161814169174227 ], [ 39.448703268151526, -0.161229998747311 ], [ 39.447612366972351, -0.160461909102606 ], [ 39.446710448783953, -0.159836677781059 ], [ 39.445964841219784, -0.159319802871946 ], [ 39.444981157965117, -0.158707848074787 ], [ 39.443828020466142, -0.157990474890858 ], [ 39.442917178947027, -0.157430407441512 ], [ 39.442595528714342, -0.157232627478731 ], [ 39.442010281168109, -0.156990590443914 ], [ 39.441181022596432, -0.156647638932747 ], [ 39.440619309259866, -0.156479063129384 ], [ 39.439283031914549, -0.156080887399566 ], [ 39.439197730369919, -0.156055006101478 ], [ 39.437831106535505, -0.155632908780811 ], [ 39.437431788890954, -0.155499198892045 ], [ 39.436761305315471, -0.155256994435073 ], [ 39.435865833017452, -0.155013026377282 ], [ 39.434962068408751, -0.154766799134505 ], [ 39.434377282220353, -0.154656027686419 ], [ 39.433658312215186, -0.154519840445905 ], [ 39.432082698068065, -0.154299506026724 ], [ 39.430884098566963, -0.15413189406792 ], [ 39.427589258283014, -0.154113532809613 ], [ 39.42387842090568, -0.15409285248759 ], [ 39.420768283559433, -0.15420109088101 ], [ 39.417697079910454, -0.154307974142191 ], [ 39.416660370854984, -0.154395122702023 ], [ 39.415405351231257, -0.154500622834628 ], [ 39.414543162648648, -0.154531264856203 ], [ 39.413148900799584, -0.154513392424085 ], [ 39.411754634595468, -0.154495519019896 ], [ 39.410885145264935, -0.154441863383813 ], [ 39.41002490128016, -0.154303706829134 ], [ 39.408415100862996, -0.153963897775921 ], [ 39.406805279763987, -0.153624083459912 ], [ 39.40605061895932, -0.153430063601823 ], [ 39.405315480454426, -0.153170985910021 ], [ 39.404605386624326, -0.15284879656187 ], [ 39.403441920515213, -0.152258553280564 ], [ 39.402278429858669, -0.151668296800561 ], [ 39.40161654412578, -0.151296477489314 ], [ 39.40048933591742, -0.150598931369013 ], [ 39.399362079547465, -0.149901355473273 ], [ 39.398770423175968, -0.149501853032298 ], [ 39.398212060003146, -0.149056423305023 ], [ 39.3974262222128, -0.148376780426506 ], [ 39.396640349140597, -0.147697105719845 ], [ 39.396032339253601, -0.147119665933808 ], [ 39.395480251452881, -0.146487852013806 ], [ 39.394782161505553, -0.145609760681116 ], [ 39.394387211670598, -0.145112973461662 ], [ 39.393281707079403, -0.143994283635016 ], [ 39.391834032894245, -0.142529342502954 ], [ 39.391519288223897, -0.142194173164272 ], [ 39.389643841504686, -0.140092182221193 ], [ 39.387545106029457, -0.137801341805872 ], [ 39.386803921142807, -0.137070743580417 ], [ 39.385600873216873, -0.13597695593852 ], [ 39.384586635839831, -0.135076587514806 ], [ 39.383247090433656, -0.133925285291189 ], [ 39.382220146657438, -0.133042656097247 ], [ 39.381760687062972, -0.132726708385038 ], [ 39.381225267784494, -0.132358527191589 ], [ 39.380618351478347, -0.132014918952089 ], [ 39.380033521496003, -0.131683843936062 ], [ 39.379381523556333, -0.131379199980315 ], [ 39.378810267758446, -0.131115767776416 ], [ 39.377980483351031, -0.130814079807581 ], [ 39.376799841338723, -0.130384829180041 ], [ 39.375729173389026, -0.129914283183943 ], [ 39.374834627487495, -0.129449256815442 ], [ 39.374675306202121, -0.129366434390672 ], [ 39.374054164096648, -0.129177773352066 ], [ 39.372640808196522, -0.128748489681185 ], [ 39.37184474450649, -0.128464981447344 ], [ 39.370057557722212, -0.1277316718549 ], [ 39.368600591466446, -0.127133855729007 ], [ 39.368045913374502, -0.126956399117876 ], [ 39.367151376090085, -0.126670213322586 ], [ 39.366615701402061, -0.126479871075941 ], [ 39.365702089115132, -0.126122158266498 ], [ 39.364788446377084, -0.125764432442262 ], [ 39.364441091771241, -0.125619940437693 ], [ 39.362940007480873, -0.124958195025241 ], [ 39.361438908321823, -0.124296442306497 ], [ 39.360750678151106, -0.123957129254004 ], [ 39.3592476808467, -0.12313434741124 ], [ 39.357744690942837, -0.122311570919399 ], [ 39.357055357757758, -0.121892887101903 ], [ 39.355588603042484, -0.120909197374342 ], [ 39.354121854961669, -0.119925512068423 ], [ 39.353618570770522, -0.11956216597612 ], [ 39.352027846072147, -0.11832801214542 ], [ 39.350568104859896, -0.117195479668694 ], [ 39.348288027388691, -0.115557478921764 ], [ 39.345923829769951, -0.113859045462899 ], [ 39.343487645067952, -0.112159513531861 ], [ 39.341000457353942, -0.110424401651609 ], [ 39.340419456936786, -0.10998297845824 ], [ 39.338773399624422, -0.108623615511306 ], [ 39.33712734834883, -0.107264256840292 ], [ 39.336944891047459, -0.107109453248582 ], [ 39.334728569292643, -0.105177803914624 ], [ 39.332623551517287, -0.103343159788531 ], [ 39.331378018777144, -0.102327526691009 ], [ 39.330464454879746, -0.101582587042842 ], [ 39.329629565203128, -0.101063656181452 ], [ 39.328551494941919, -0.100393574692803 ], [ 39.327036320000872, -0.099582124400541 ], [ 39.325967478599424, -0.099009706518069 ], [ 39.32518399204163, -0.098754787763538 ], [ 39.324203657089619, -0.098435821216049 ], [ 39.323890067019278, -0.098377700757421 ], [ 39.323018823257357, -0.098231342923556 ], [ 39.32252217804546, -0.098179977816322 ], [ 39.321806176221195, -0.098076463850979 ], [ 39.32103753062912, -0.097933342760652 ], [ 39.320287586379678, -0.097793702764205 ], [ 39.318929233674091, -0.097546770930965 ], [ 39.317970009798266, -0.097372395764851 ], [ 39.314815000275956, -0.097104295775373 ], [ 39.312311672990319, -0.096891571982108 ], [ 39.311300369254262, -0.097050356711159 ], [ 39.309223713381478, -0.09737641057914 ], [ 39.306672145686342, -0.097777311621318 ], [ 39.305255285180579, -0.097999803362808 ], [ 39.304576894218698, -0.098192273378703 ], [ 39.303379093890086, -0.098532109228368 ], [ 39.302897006397949, -0.098654500369729 ], [ 39.301894153458242, -0.098879592574876 ], [ 39.300858604344306, -0.099130280797959 ], [ 39.30041840740639, -0.099225169713216 ], [ 39.299388450580452, -0.099420162092099 ], [ 39.298297917005605, -0.099703024493265 ], [ 39.297887424126856, -0.099799223241152 ], [ 39.296564670800954, -0.100076460134978 ], [ 39.29633259720076, -0.100121902604503 ], [ 39.295350320829066, -0.100300775872105 ], [ 39.294102687324063, -0.100438304442829 ], [ 39.292742746644862, -0.10049196181178 ], [ 39.291382810789578, -0.100545619127183 ], [ 39.291243157570378, -0.100550034909529 ], [ 39.290309254860915, -0.100572249943335 ], [ 39.289392279733235, -0.100633877362729 ], [ 39.288657957575367, -0.100697803479923 ], [ 39.28788376136265, -0.100731439701918 ], [ 39.286542886227956, -0.100731440770442 ], [ 39.285634051825461, -0.100731441497358 ], [ 39.284935601146913, -0.100799206913522 ], [ 39.283601713171478, -0.100928820652631 ], [ 39.282411783864383, -0.101075627173135 ], [ 39.281107141243268, -0.101236586237467 ], [ 39.280304146673487, -0.101299050314936 ], [ 39.278103068982347, -0.101370626378731 ], [ 39.276019033116164, -0.101438396723977 ], [ 39.274615770909357, -0.101520918310979 ], [ 39.273095618969023, -0.10161031519962 ], [ 39.272978475744431, -0.101616432119078 ], [ 39.271263770190679, -0.101694676663851 ], [ 39.269783015276701, -0.101762247494717 ], [ 39.268652339621283, -0.10187347490323 ], [ 39.267288606342902, -0.10200763036739 ], [ 39.266414641540301, -0.102050516130383 ], [ 39.265502926881084, -0.102050516803141 ], [ 39.264747354393116, -0.102050519186691 ], [ 39.264090344138516, -0.102103911206524 ], [ 39.263278238280037, -0.102185105732372 ], [ 39.262040425597519, -0.102222540677434 ], [ 39.260899830366611, -0.102177822703065 ], [ 39.259759236083482, -0.102133104727028 ], [ 39.259056335654002, -0.102077681811637 ], [ 39.257738369581844, -0.101921191190181 ], [ 39.256431167457826, -0.101765979590483 ], [ 39.255480636376959, -0.101655459067795 ], [ 39.25451933048609, -0.101543686148154 ], [ 39.253720957176164, -0.101413981864741 ], [ 39.252759641650464, -0.101212753744775 ], [ 39.25179833964615, -0.101011528514981 ], [ 39.251151276653388, -0.100850667288324 ], [ 39.250144201716658, -0.100560020441631 ], [ 39.249137140470367, -0.100269378424249 ], [ 39.249090282581705, -0.100255716373543 ], [ 39.247951605270913, -0.099920344503967 ], [ 39.246812907323147, -0.099584966614282 ], [ 39.246511597608979, -0.09949040933124 ], [ 39.245706706553534, -0.09922211768551 ], [ 39.24490178695531, -0.098953816223873 ], [ 39.244714886087586, -0.098889213042756 ], [ 39.243528516740874, -0.098464402650548 ], [ 39.242342136608478, -0.098039588015046 ], [ 39.24176864750391, -0.097811634508637 ], [ 39.240696717800908, -0.097342153756504 ], [ 39.239977591810501, -0.097027192614346 ], [ 39.239089108658867, -0.096726029105904 ], [ 39.238287137265324, -0.096454189773009 ], [ 39.237254564958185, -0.096222900872992 ], [ 39.235757304008345, -0.095887525630439 ], [ 39.235237782787713, -0.09575466976364 ], [ 39.233917891124719, -0.095374610644633 ], [ 39.232977537905406, -0.09510383739309 ], [ 39.23256024064753, -0.095022701595214 ], [ 39.231755338970871, -0.094866202608362 ], [ 39.231375007324345, -0.094783617812589 ], [ 39.23025730861643, -0.094515304777298 ], [ 39.230167430119224, -0.094493728650611 ], [ 39.229614260347027, -0.09449372899578 ], [ 39.228128415557599, -0.094493729941727 ], [ 39.22664251338518, -0.09453500826583 ], [ 39.225470768477145, -0.094567558458285 ], [ 39.22396199028303, -0.094758477789273 ], [ 39.222192436265679, -0.094982394944186 ], [ 39.220353227202025, -0.0952889314748 ], [ 39.218405322027259, -0.095613584552296 ], [ 39.216293696544668, -0.095997309202142 ], [ 39.214212555947512, -0.096394413891656 ], [ 39.213809220225023, -0.096504376996205 ], [ 39.21341020558171, -0.096603361874177 ], [ 39.211670712630479, -0.096992638960069 ], [ 39.210249071916138, -0.097310785466728 ], [ 39.209536776851841, -0.097525695116493 ], [ 39.208512514553227, -0.097834728659316 ], [ 39.207779003965257, -0.09802254222178 ], [ 39.206644811041741, -0.098262254337059 ], [ 39.205399035614271, -0.098590641190241 ], [ 39.204766595596105, -0.09881593186703 ], [ 39.203811214736255, -0.099097386210446 ], [ 39.202907133491024, -0.099309793107841 ], [ 39.202079165118789, -0.099463546095719 ], [ 39.201240537814087, -0.099538617628646 ], [ 39.200179111843461, -0.099583336118418 ], [ 39.200049344353097, -0.099587858108705 ], [ 39.198452718241306, -0.099631871960067 ], [ 39.197135502662448, -0.09967573999271 ], [ 39.195971427907367, -0.0996384885763 ], [ 39.193823741766003, -0.099428926949646 ], [ 39.191676065356212, -0.099219366281488 ], [ 39.191080544185695, -0.099140958909365 ], [ 39.189918971249163, -0.098948082752677 ], [ 39.188757410560804, -0.098755209379378 ], [ 39.18801944221957, -0.098600413527681 ], [ 39.187296956270252, -0.098383898262371 ], [ 39.185553648301763, -0.097780246040172 ], [ 39.184053157290663, -0.097260674045358 ], [ 39.18311589802093, -0.096995319643429 ], [ 39.181931424072729, -0.096659974182182 ], [ 39.181213119799004, -0.096423374441387 ], [ 39.180517102807336, -0.096126849453501 ], [ 39.179848295782826, -0.095772496428536 ], [ 39.178663859104454, -0.095079411605066 ], [ 39.178344072932262, -0.094892285654123 ], [ 39.177463191418539, -0.094613245990139 ], [ 39.176800594274596, -0.094374263933521 ], [ 39.176158606746412, -0.094083810844197 ], [ 39.175399480456349, -0.093703716149043 ], [ 39.175261204186022, -0.09363297619179 ], [ 39.174336140282776, -0.09314957099845 ], [ 39.17384727454052, -0.092869951516474 ], [ 39.17376774027494, -0.092841251676717 ], [ 39.172603552721434, -0.092455785493783 ], [ 39.171745656632552, -0.092121848992508 ], [ 39.170926159065459, -0.09170138019044 ], [ 39.169806573477729, -0.091052232629012 ], [ 39.169652655429772, -0.090955473238897 ], [ 39.168842946403778, -0.090709387943282 ], [ 39.168824349632864, -0.090703713952741 ], [ 39.167729542303455, -0.09036837988489 ], [ 39.167108321716142, -0.090178104224466 ], [ 39.166377025064499, -0.090040107342587 ], [ 39.1652243763901, -0.089822388332273 ], [ 39.165098233690294, -0.089797620427762 ], [ 39.16400152350591, -0.089574076369832 ], [ 39.16315332031008, -0.089401185798507 ], [ 39.16201955866056, -0.089236437893655 ], [ 39.160801294719761, -0.089059410802946 ], [ 39.159715434913466, -0.0889431893693 ], [ 39.158462308042246, -0.088809064958303 ], [ 39.157617450709189, -0.088677469738832 ], [ 39.156745806985825, -0.088498597879581 ], [ 39.155874150321374, -0.088319724838949 ], [ 39.15494131056051, -0.088075179571771 ], [ 39.154039854862823, -0.087731452165145 ], [ 39.152832515295188, -0.087194893523465 ], [ 39.151756993006558, -0.086716914638614 ], [ 39.150460119818803, -0.086189914564523 ], [ 39.149029589984728, -0.085608600656186 ], [ 39.148220916731397, -0.085232033962661 ], [ 39.147416020157493, -0.084807254848484 ], [ 39.146611127045659, -0.08438248000795 ], [ 39.145866840910614, -0.083942581563951 ], [ 39.144949455044056, -0.083338938077195 ], [ 39.144032042208799, -0.082735278668326 ], [ 39.143551316190887, -0.082395891283023 ], [ 39.142546137983956, -0.081635747431304 ], [ 39.141540915236689, -0.080875568100322 ], [ 39.141225409878466, -0.080625684014603 ], [ 39.140443412052647, -0.079977349236104 ], [ 39.139661389915339, -0.079328993024235 ], [ 39.139647389754998, -0.079317361911265 ], [ 39.138975998713711, -0.078758432337561 ], [ 39.138304578908496, -0.078199475959157 ], [ 39.137750680435055, -0.077698024100391 ], [ 39.136409831900146, -0.076378936124807 ], [ 39.135208722569189, -0.07519732013853 ], [ 39.13421369645399, -0.07430016539352 ], [ 39.133073089061099, -0.073271748884972 ], [ 39.132532386154317, -0.07274137749988 ], [ 39.132037806841126, -0.072167190696857 ], [ 39.131168066646616, -0.071067327684638 ], [ 39.130687914506488, -0.070460133244977 ], [ 39.130491175896275, -0.070272090942352 ], [ 39.129840758213774, -0.06965042383053 ], [ 39.129359840386115, -0.069154131127463 ], [ 39.128918085702942, -0.068622219608127 ], [ 39.127956787294742, -0.067370201162963 ], [ 39.127031838400271, -0.066165525778495 ], [ 39.125428517873424, -0.064133477710654 ], [ 39.123887211554077, -0.062180027202308 ], [ 39.121696040469544, -0.059596391921932 ], [ 39.119562180632528, -0.057080333767367 ], [ 39.118928091235595, -0.056411064054482 ], [ 39.118123183333104, -0.055561497754975 ], [ 39.117317006443137, -0.054580845562255 ], [ 39.116109662318131, -0.05288169330176 ], [ 39.115163864755935, -0.051550629877852 ], [ 39.114699568580647, -0.051018671636296 ], [ 39.113938536519406, -0.05014673500388 ], [ 39.113862321493713, -0.050058264985376 ], [ 39.11272173414779, -0.048716834637742 ], [ 39.111581136357707, -0.047375393589281 ], [ 39.111418291855216, -0.047178288616062 ], [ 39.110144197457387, -0.045590922000723 ], [ 39.108870090083499, -0.044003540279404 ], [ 39.108649159100786, -0.043716702773326 ], [ 39.107823270831965, -0.042598835381576 ], [ 39.107166092169919, -0.041709323237478 ], [ 39.106051758970224, -0.040383913456194 ], [ 39.104814696816987, -0.038912529210211 ], [ 39.104092152208104, -0.038088245109107 ], [ 39.103308211449672, -0.03719391852221 ], [ 39.102583157602375, -0.036247447839327 ], [ 39.100946659684674, -0.033791299061243 ], [ 39.099334191689927, -0.03137121665872 ], [ 39.097832703624626, -0.029163821639441 ], [ 39.096462148963759, -0.027148918081338 ], [ 39.095389368620324, -0.025761954338173 ], [ 39.094147675028857, -0.024156605629074 ], [ 39.093828053844092, -0.023716652407719 ], [ 39.093370938155026, -0.023045934328802 ], [ 39.093364698384612, -0.023036766755086 ], [ 39.092726592262274, -0.022098014694917 ], [ 39.091896309659496, -0.020876542155593 ], [ 39.091350304510193, -0.020229357654633 ], [ 39.090889053250862, -0.019682632163267 ], [ 39.08988028178441, -0.018767081927942 ], [ 39.089040812768168, -0.018005188009095 ], [ 39.08775416192583, -0.0172106475309 ], [ 39.086158770029705, -0.016225452216232 ], [ 39.084677863194052, -0.015510881748026 ], [ 39.083206204465334, -0.014800773961013 ], [ 39.081215935181646, -0.014088846970213 ], [ 39.079192790050655, -0.01336515953585 ], [ 39.078458075510561, -0.013181336725772 ], [ 39.077608541030322, -0.012968786236902 ], [ 39.07613624351356, -0.012711214087209 ], [ 39.074506218726647, -0.012426048959681 ], [ 39.07378990261563, -0.012327268238936 ], [ 39.07256494990348, -0.012185498299914 ], [ 39.071617128718898, -0.012082427567759 ], [ 39.070749331172017, -0.011997859174919 ], [ 39.070344746374531, -0.011958431900053 ], [ 39.069631567976387, -0.011971386709345 ], [ 39.068592256187053, -0.01199026580502 ], [ 39.067304708662171, -0.012068269995016 ], [ 39.066301815541223, -0.012129029180588 ], [ 39.065869319904543, -0.012201778647295 ], [ 39.064969020405542, -0.012353218464529 ], [ 39.064315987566133, -0.012438440732734 ], [ 39.063631934490658, -0.012502160802007 ], [ 39.063475650012101, -0.012551143346138 ], [ 39.062417072008181, -0.012882921501011 ], [ 39.061266897732274, -0.013161314893619 ], [ 39.060237828729832, -0.013339239633151 ], [ 39.060178117600174, -0.01334935524296 ], [ 39.058913714906971, -0.013559149292926 ], [ 39.058615434702517, -0.013603480177041 ], [ 39.057668302014172, -0.013727938404786 ], [ 39.057468724326348, -0.013751882040727 ], [ 39.056387902912576, -0.013869224851249 ], [ 39.05608416836224, -0.013896960623 ], [ 39.054514751602561, -0.014013280314577 ], [ 39.053408235534938, -0.014097999273825 ], [ 39.052230381518775, -0.014110239076202 ], [ 39.051672903051582, -0.014079192647901 ], [ 39.051273961470415, -0.014079823364196 ], [ 39.050427733955978, -0.014174728398397 ], [ 39.049661341370403, -0.014227422623661 ], [ 39.048659965138107, -0.014253072324595 ], [ 39.047923069554365, -0.014241514653543 ], [ 39.047189592574547, -0.014169208397351 ], [ 39.046464467062044, -0.014036639836396 ], [ 39.045669090392352, -0.013857028228366 ], [ 39.044818786205759, -0.013620335555413 ], [ 39.043995631408173, -0.013300849586626 ], [ 39.04320755868067, -0.012901649181404 ], [ 39.042412208047125, -0.012448200263426 ], [ 39.04191019146041, -0.012138106608535 ], [ 39.04171708850761, -0.012074833087065 ], [ 39.04161778596319, -0.012041650038126 ], [ 39.040835329178464, -0.01177508259395 ], [ 39.040180799296095, -0.011615874597544 ], [ 39.039036688404266, -0.011391776471331 ], [ 39.038092187673591, -0.011212981048475 ], [ 39.036900569876273, -0.011033913962606 ], [ 39.035991434546602, -0.010904163785599 ], [ 39.035053821708331, -0.010837143444927 ], [ 39.034120446168984, -0.010770426509894 ], [ 39.033075320076655, -0.010770426607219 ], [ 39.031711574619322, -0.010770426729793 ], [ 39.031343738700322, -0.010762844916764 ], [ 39.029175078393273, -0.01067340662116 ], [ 39.027660955013388, -0.010610963246337 ], [ 39.025562033739803, -0.010832771877682 ], [ 39.022811648119713, -0.011123427052472 ], [ 39.021983646115721, -0.01117218410401 ], [ 39.020173568911972, -0.011194528765553 ], [ 39.018634234773572, -0.011213531396627 ], [ 39.017069388317381, -0.011327943726224 ], [ 39.015613253905862, -0.011434408554338 ], [ 39.015006017752469, -0.01153115527567 ], [ 39.014023744670951, -0.011687654336323 ], [ 39.013879688243868, -0.011709402576408 ], [ 39.012939367895427, -0.011843527501366 ], [ 39.012357733995685, -0.01192649076997 ], [ 39.011526687413955, -0.012114744016814 ], [ 39.010342220918609, -0.012383055884826 ], [ 39.010190400316603, -0.012416062073487 ], [ 39.008580585057373, -0.012751408515291 ], [ 39.006970782012409, -0.013086751468184 ], [ 39.006571118223071, -0.013160562717216 ], [ 39.005184484015679, -0.013384155975585 ], [ 39.003797858999647, -0.013607749196677 ], [ 39.003347409666205, -0.013668666387769 ], [ 39.001916852657807, -0.013825168221088 ], [ 39.00089957777535, -0.013936457186231 ], [ 38.999451053454493, -0.014233106420454 ], [ 38.998313595908975, -0.01446605050601 ], [ 38.997947820455721, -0.014606116897274 ], [ 38.996896877682353, -0.015008553695126 ], [ 38.996191620699072, -0.015245490689584 ], [ 38.995243060753012, -0.015520826966983 ], [ 38.994292984959422, -0.015819033920641 ], [ 38.993529333401412, -0.016022123765214 ], [ 38.992633846928875, -0.016218338736321 ], [ 38.991803601486687, -0.016359615802576 ], [ 38.991402049803952, -0.016408597287314 ], [ 38.989676590721267, -0.016788686185307 ], [ 38.98773562873037, -0.017239835618767 ], [ 38.987708469358864, -0.01724610380222 ], [ 38.985776336483511, -0.017688852979743 ], [ 38.984322087190314, -0.018022095731109 ], [ 38.983194563565739, -0.018414418594329 ], [ 38.981603831143588, -0.018967916350938 ], [ 38.981393973591338, -0.019038039101177 ], [ 38.980106523845805, -0.01945060214318 ], [ 38.9789451274751, -0.019822770297414 ], [ 38.977076771327326, -0.020483061552053 ], [ 38.975646314002923, -0.020988595688564 ], [ 38.973614536998618, -0.022027975877605 ], [ 38.97077770857841, -0.023478919418538 ], [ 38.970247432621498, -0.02374966366741 ], [ 38.968274914141055, -0.024947042453448 ], [ 38.966173241978062, -0.026222823039268 ], [ 38.964500739862387, -0.027331534585985 ], [ 38.962715522735593, -0.028514965208475 ], [ 38.961384010040213, -0.029416339315606 ], [ 38.960432067251048, -0.030060762296933 ], [ 38.957996882026308, -0.032139675083387 ], [ 38.955316861327837, -0.034427603855242 ], [ 38.954503179344236, -0.035180590229575 ], [ 38.953637102411768, -0.035982061535753 ], [ 38.952271389288541, -0.037308615320682 ], [ 38.951098304375442, -0.038448063895369 ], [ 38.950644383531404, -0.038969505295505 ], [ 38.950472362151544, -0.039167114791375 ], [ 38.949991388572556, -0.039972774374356 ], [ 38.94917428865373, -0.041344755001908 ], [ 38.94836732383547, -0.042795040902408 ], [ 38.94750296858583, -0.044348137843437 ], [ 38.947460227769703, -0.044424074388266 ], [ 38.946741033524532, -0.045687600466639 ], [ 38.946659076334754, -0.04582862080724 ], [ 38.945756241391663, -0.047350398041816 ], [ 38.945307126675502, -0.048034877605312 ], [ 38.944582164146304, -0.049037745028111 ], [ 38.944055391757317, -0.049698971113664 ], [ 38.943469464708322, -0.050307665147596 ], [ 38.942829525905402, -0.050858484390832 ], [ 38.942141192336777, -0.051346594093802 ], [ 38.941410505770286, -0.051767709932945 ], [ 38.940643879722373, -0.05211813561586 ], [ 38.939848043164041, -0.052394795325079 ], [ 38.939029981458013, -0.052595260715675 ], [ 38.9378789029792, -0.052820417521461 ], [ 38.936935285010669, -0.052953194465298 ], [ 38.935983007129565, -0.052984648555436 ], [ 38.93503277352157, -0.052914426234267 ], [ 38.934095265392259, -0.052743316849299 ], [ 38.930551405803442, -0.051898987638838 ], [ 38.930479515705805, -0.051881544969464 ], [ 38.9274301437747, -0.051128299250634 ], [ 38.924394968006979, -0.050550919282538 ], [ 38.92113084934013, -0.049929987552202 ], [ 38.919102028722605, -0.049548310624746 ], [ 38.916832568454815, -0.049131207482319 ], [ 38.915662055188811, -0.048942766169212 ], [ 38.915194925418142, -0.048885216292872 ], [ 38.913752724395025, -0.049003383975606 ], [ 38.912090528137448, -0.049163549878949 ], [ 38.910662874809567, -0.0494091512431 ], [ 38.909139620737868, -0.049671198218973 ], [ 38.908453237239556, -0.04982681251315 ], [ 38.908076761863242, -0.049912165197619 ], [ 38.905983765506299, -0.050667774782879 ], [ 38.903833013132079, -0.051444236357985 ], [ 38.902832568817907, -0.051935136541242 ], [ 38.901404403090837, -0.052635913871328 ], [ 38.898558995972138, -0.0540441877061 ], [ 38.895759989970841, -0.055429495802533 ], [ 38.8937444592869, -0.056464878160882 ], [ 38.891669275691697, -0.057530905358164 ], [ 38.891504941612375, -0.057613205745089 ], [ 38.889945460499156, -0.05837431146775 ], [ 38.888192306336812, -0.059243740454486 ], [ 38.88774480934773, -0.059450526268055 ], [ 38.886909387428211, -0.05980901117348 ], [ 38.886138493642839, -0.060098584540654 ], [ 38.885344523358619, -0.060315961568085 ], [ 38.884534132319857, -0.060459320020276 ], [ 38.883770222815983, -0.060558414291991 ], [ 38.883081593845866, -0.060620745406594 ], [ 38.882390243056797, -0.060629593869721 ], [ 38.879843926549697, -0.060563530622709 ], [ 38.877297618557655, -0.060497467345292 ], [ 38.877048765392502, -0.060487535568318 ], [ 38.873897822066226, -0.060317728069533 ], [ 38.870952147204271, -0.060158981379725 ], [ 38.869950350698723, -0.060151174141014 ], [ 38.869034783376271, -0.060144034669292 ], [ 38.868583972283879, -0.060129123205309 ], [ 38.86725265535155, -0.060051377217693 ], [ 38.86712668757712, -0.060043126912152 ], [ 38.866087176410709, -0.059967659011334 ], [ 38.865331350840115, -0.059880281969113 ], [ 38.864585574753406, -0.059728858387217 ], [ 38.863855193027646, -0.059514473504283 ], [ 38.862912957237846, -0.059193754236858 ], [ 38.861970713840819, -0.05887303243454 ], [ 38.861357938516477, -0.058639059707142 ], [ 38.859046246010664, -0.057657904848357 ], [ 38.856774298410592, -0.056693620568222 ], [ 38.855946373369605, -0.056351609782833 ], [ 38.855853589297872, -0.056312669444939 ], [ 38.855693715140362, -0.056244513107715 ], [ 38.854915371287404, -0.056260063000342 ], [ 38.853063128088124, -0.056333828411305 ], [ 38.851055006102456, -0.056512564490324 ], [ 38.849395154470535, -0.0566603013864 ], [ 38.849175968946014, -0.056708366369057 ], [ 38.8484015911867, -0.056878178066956 ], [ 38.848316735027801, -0.056896354531139 ], [ 38.846439918072797, -0.0572888513191 ], [ 38.844609149659242, -0.057671719912655 ], [ 38.843524046388033, -0.057910602092665 ], [ 38.842392980991747, -0.058159603228669 ], [ 38.841667510167895, -0.058288201708752 ], [ 38.840934014837607, -0.058356551721785 ], [ 38.839839212344074, -0.058413144683359 ], [ 38.838744387601011, -0.058469739242201 ], [ 38.838115000827692, -0.058480050733994 ], [ 38.837115548134271, -0.05846117531034 ], [ 38.836116084352184, -0.058442299929273 ], [ 38.835649538258679, -0.058421270371743 ], [ 38.834856067251373, -0.058364675667908 ], [ 38.834062609481435, -0.058308081715405 ], [ 38.833164886101684, -0.058198126962415 ], [ 38.8322826850955, -0.057997896467296 ], [ 38.831510206219185, -0.057780925682733 ], [ 38.830737738866588, -0.057563957941505 ], [ 38.830038130709639, -0.057336010898819 ], [ 38.828668659567583, -0.056826604626219 ], [ 38.827299176587914, -0.056317192250454 ], [ 38.826503122668143, -0.055976397296777 ], [ 38.825743303482298, -0.055560127932357 ], [ 38.824942245294977, -0.055069542995621 ], [ 38.824141158268233, -0.054578940786103 ], [ 38.823973424059417, -0.054473655250589 ], [ 38.823406158867755, -0.054108804091955 ], [ 38.822502442435329, -0.053558433836033 ], [ 38.821627885898756, -0.053052530086774 ], [ 38.821580815152885, -0.053025110069112 ], [ 38.82149042791702, -0.052972088831859 ], [ 38.820751040303541, -0.052684292006375 ], [ 38.820735931104913, -0.052678395181344 ], [ 38.819151896659868, -0.052058523040329 ], [ 38.816119173020219, -0.050997284590287 ], [ 38.813280684437245, -0.050020382121728 ], [ 38.811742260715988, -0.049498203963989 ], [ 38.810185840720941, -0.048969915118747 ], [ 38.810005801634048, -0.048906655833626 ], [ 38.809071211112602, -0.048567033618642 ], [ 38.809055258808442, -0.048561219547375 ], [ 38.807790691830114, -0.048098968319493 ], [ 38.807745728852957, -0.04808239588197 ], [ 38.807363415548146, -0.047940319052457 ], [ 38.80694022544909, -0.047849632656507 ], [ 38.805883543585672, -0.047623194147968 ], [ 38.805813672705007, -0.047607928630217 ], [ 38.804348833689886, -0.04728173994766 ], [ 38.80288399452327, -0.046955552921931 ], [ 38.802871398062052, -0.046952738420069 ], [ 38.801044147669927, -0.046543079168773 ], [ 38.80079864995033, -0.046484386382496 ], [ 38.798740625531039, -0.045961527549626 ], [ 38.797956737491624, -0.045723650991847 ], [ 38.797197606733413, -0.045414939544006 ], [ 38.796614427024743, -0.045146056573539 ], [ 38.795849841726017, -0.044863428410268 ], [ 38.795021134151852, -0.04450871171215 ], [ 38.79423184873815, -0.044072281606867 ], [ 38.792335005087011, -0.042895206869878 ], [ 38.792090097069327, -0.042737672976656 ], [ 38.790630672328874, -0.041765106585188 ], [ 38.789184269846913, -0.040879066382865 ], [ 38.788343349083256, -0.040363933351387 ], [ 38.787798145770402, -0.040162694110472 ], [ 38.786426769725985, -0.039656507522092 ], [ 38.786237284322098, -0.039584116341953 ], [ 38.784396692903108, -0.038856927212427 ], [ 38.782556101753336, -0.038129738534682 ], [ 38.782237471879519, -0.037996693055746 ], [ 38.780774564193742, -0.037352448614175 ], [ 38.779311633464495, -0.03670819471185 ], [ 38.779149189113845, -0.03663471755419 ], [ 38.778328970935796, -0.036253836921018 ], [ 38.777571914610192, -0.03592280555781 ], [ 38.777486557498513, -0.035893381419648 ], [ 38.776907429003096, -0.035749783599024 ], [ 38.775990135277318, -0.035522337031275 ], [ 38.77502529057417, -0.035294365830885 ], [ 38.774837794212019, -0.035250064725411 ], [ 38.773129993540707, -0.035298259281 ], [ 38.771234631432485, -0.035378338795149 ], [ 38.769950025464951, -0.035433440639429 ], [ 38.768662559228538, -0.035488663947412 ], [ 38.767595330509543, -0.035470567194054 ], [ 38.766279256350337, -0.035369326063332 ], [ 38.764963201697348, -0.035268087050886 ], [ 38.764931205135206, -0.035265567814736 ], [ 38.763635286343685, -0.035161189933267 ], [ 38.762762454548039, -0.035105768625105 ], [ 38.762085829106141, -0.035183052652557 ], [ 38.761069785050829, -0.035333460704697 ], [ 38.759384086426202, -0.035614568698324 ], [ 38.757617877508878, -0.03590910067466 ], [ 38.757520433284469, -0.035924797501384 ], [ 38.75639664959683, -0.036099457128304 ], [ 38.756146700462793, -0.036145284975979 ], [ 38.754662496844148, -0.03687190365125 ], [ 38.754551490016382, -0.036925306281418 ], [ 38.752549099623643, -0.037871711436035 ], [ 38.751735471569241, -0.038208379518377 ], [ 38.750893046152974, -0.038463350840843 ], [ 38.750029895297068, -0.038634182345363 ], [ 38.749154289507082, -0.038719237182543 ], [ 38.748274618625615, -0.038717700395003 ], [ 38.747399311442628, -0.038629586725421 ], [ 38.746536754932734, -0.038455740474599 ], [ 38.74569521389332, -0.038197827410906 ], [ 38.744882751753387, -0.037858318808685 ], [ 38.744107153312079, -0.037440467768405 ], [ 38.743375850147096, -0.036948278045795 ], [ 38.742695849407596, -0.036386465688354 ], [ 38.742073666674109, -0.035760413847045 ], [ 38.741515263528505, -0.035076121196041 ], [ 38.741025990432341, -0.034340144454846 ], [ 38.740610535460767, -0.033559535563551 ], [ 38.740272879383312, -0.032741774113043 ], [ 38.740016257521788, -0.031894695677835 ], [ 38.739843128750856, -0.031026416738015 ], [ 38.739755151938162, -0.030145256909656 ], [ 38.739753170049894, -0.029259659229036 ], [ 38.739837202073872, -0.028378109254238 ], [ 38.739855833797527, -0.028249327955357 ], [ 38.739775243803102, -0.028086263210328 ], [ 38.739313666517333, -0.02701770997151 ], [ 38.739011278233626, -0.026215699189564 ], [ 38.738785700712434, -0.025388460909761 ], [ 38.738638962011215, -0.024543432450586 ], [ 38.738572381385367, -0.023688211072646 ], [ 38.738586557427645, -0.022830485675584 ], [ 38.73865819371747, -0.022186310206678 ], [ 38.737788421197202, -0.021580269452597 ], [ 38.737142499599052, -0.021085317684498 ], [ 38.736251767787628, -0.020336464631143 ], [ 38.735605256441829, -0.019736513250626 ], [ 38.735020077157792, -0.019075827729747 ], [ 38.734501831844966, -0.018360732817319 ], [ 38.734055481653584, -0.017598074120233 ], [ 38.733685299482218, -0.016795152570652 ], [ 38.733368680114516, -0.016009936034125 ], [ 38.733083439452429, -0.015192161660126 ], [ 38.732877237114934, -0.014350661184059 ], [ 38.732751965565065, -0.013493157665868 ], [ 38.732708774506953, -0.012627521035957 ], [ 38.732748060334458, -0.011761695867545 ], [ 38.732869462493149, -0.010903628464166 ], [ 38.733071866789444, -0.010061193931118 ], [ 38.73329884188923, -0.00928194446958 ], [ 38.733451934950303, -0.008834810821851 ], [ 38.733416890537057, -0.008518576726713 ], [ 38.73339991556626, -0.007703498499849 ], [ 38.73345589153795, -0.006890191129137 ], [ 38.733534234426017, -0.006202857226183 ], [ 38.733218912385475, -0.005785141640759 ], [ 38.732577091285172, -0.004876226788623 ], [ 38.732020090591092, -0.003980994044784 ], [ 38.731712183537567, -0.003415158987145 ], [ 38.731525069497309, -0.003142974891928 ], [ 38.730999809388969, -0.002504099713333 ], [ 38.730431910722537, -0.001733572009878 ], [ 38.729948259965653, -0.000906830308144 ], [ 38.729554296678316, -0.000033172894066 ], [ 38.729260565006662, 0.000722275172281 ], [ 38.728997224968573, 0.00150251651439 ], [ 38.728805495424929, 0.002303643854037 ], [ 38.72868696699895, 0.003119010877546 ], [ 38.728642623024058, 0.003941853136736 ], [ 38.728672831386078, 0.004765344167821 ], [ 38.728765337299798, 0.005892017605699 ], [ 38.728855325416717, 0.006623527412489 ], [ 38.729009774513912, 0.00756331989502 ], [ 38.729054615032553, 0.008118265569606 ], [ 38.729189447891123, 0.009107441017131 ], [ 38.729431728501432, 0.010075635261477 ], [ 38.729778506088998, 0.011011056477917 ], [ 38.730008549348774, 0.011540408338958 ], [ 38.730267613626168, 0.012222819298012 ], [ 38.730598873492717, 0.01318469742886 ], [ 38.730763837723579, 0.013698183806092 ], [ 38.730709983009028, 0.013870369660862 ], [ 38.730540572000471, 0.014641133489956 ], [ 38.73035555919504, 0.015699973836339 ], [ 38.730238135845688, 0.016687606742181 ], [ 38.730167563397323, 0.017793983392213 ], [ 38.730158385479157, 0.017962402028942 ], [ 38.730122413177753, 0.018758041205892 ], [ 38.730105762918974, 0.019002100718963 ], [ 38.730042081597468, 0.019378039804298 ], [ 38.730004413972431, 0.019501892429294 ], [ 38.729944352615263, 0.019594674584562 ], [ 38.729823722718521, 0.019786229356518 ], [ 38.729292716853912, 0.020653287860421 ], [ 38.728854924117066, 0.021456542637406 ], [ 38.728440267917357, 0.022318124172698 ], [ 38.728110092567995, 0.023094589097874 ], [ 38.72785328090157, 0.023898668495126 ], [ 38.727440626573376, 0.025433106916342 ], [ 38.727252017246549, 0.026301568247494 ], [ 38.727085214307216, 0.02730323386216 ], [ 38.726974464290258, 0.027500684032862 ], [ 38.726436584992882, 0.02863797374457 ], [ 38.726034770189209, 0.029666547521482 ], [ 38.725807747756058, 0.030320060822482 ], [ 38.725631028135567, 0.030989137534047 ], [ 38.725439342067077, 0.031845596408886 ], [ 38.725213420369222, 0.032730610787478 ], [ 38.725118639519039, 0.033141387450088 ], [ 38.724970784506894, 0.033857527015688 ], [ 38.72472302873426, 0.034274571546787 ], [ 38.724242744461485, 0.03520051533088 ], [ 38.723871677878172, 0.036176021296196 ], [ 38.72350705716633, 0.03733007373632 ], [ 38.723315196386011, 0.038034639182973 ], [ 38.723180427806476, 0.03875249197973 ], [ 38.723088457211936, 0.03938035326192 ], [ 38.722971292048342, 0.03989055158354 ], [ 38.722781895643955, 0.040703555486499 ], [ 38.722576847175432, 0.04200234930464 ], [ 38.722510090509175, 0.04279225024188 ], [ 38.722492599073973, 0.043039164780436 ], [ 38.722444726030389, 0.043876193514421 ], [ 38.722386688159339, 0.044296994586414 ], [ 38.722191500780049, 0.045226285091898 ], [ 38.722148255587591, 0.045445522529822 ], [ 38.722053673095367, 0.045958084289941 ], [ 38.721943272501669, 0.046334930540778 ], [ 38.721723973853514, 0.047260312310997 ], [ 38.721602410469053, 0.048203761391578 ], [ 38.721529295569695, 0.049165379645773 ], [ 38.721503180915576, 0.049813707498698 ], [ 38.721497459267873, 0.051049285123992 ], [ 38.721497361610147, 0.051091461975082 ], [ 38.721497361460465, 0.052164400752609 ], [ 38.721493616261476, 0.05295322979869 ], [ 38.721433303591368, 0.053611265046109 ], [ 38.721274979320164, 0.0545005289322 ], [ 38.721169579833067, 0.055292560158822 ], [ 38.721082796137885, 0.056271622547398 ], [ 38.721047777376747, 0.056975645684478 ], [ 38.721036332458809, 0.058016675814234 ], [ 38.721059128654275, 0.058768522685702 ], [ 38.721140190543359, 0.059898471438179 ], [ 38.721166228512679, 0.060160302638734 ], [ 38.72114088621646, 0.060227010809869 ], [ 38.720772133072977, 0.061335799483251 ], [ 38.720477446572843, 0.062455396872416 ], [ 38.720239663281092, 0.063667583157923 ], [ 38.72012679655279, 0.064399426005182 ], [ 38.720073766293389, 0.065138110562308 ], [ 38.720040706175304, 0.066204294704721 ], [ 38.720036330652455, 0.066486581691026 ], [ 38.720036330494409, 0.067355079713953 ], [ 38.720043133474945, 0.067707045657551 ], [ 38.720096538478721, 0.069088024669638 ], [ 38.720123366590059, 0.069518039334491 ], [ 38.720218733945572, 0.070624685775967 ], [ 38.720341967461472, 0.071525730255384 ], [ 38.720554443062838, 0.072409764565454 ], [ 38.720844359619342, 0.073396142183945 ], [ 38.721166042026759, 0.074306230445799 ], [ 38.721160269407136, 0.074343116822895 ], [ 38.720976204747316, 0.075117292990552 ], [ 38.720897826411317, 0.075479593835816 ], [ 38.720750325075663, 0.076235604746495 ], [ 38.720625135092924, 0.077092224936495 ], [ 38.720581857213567, 0.077956970159689 ], [ 38.720581209073352, 0.078220923153801 ], [ 38.720559630703065, 0.078407783224142 ], [ 38.72051901447162, 0.078600165538362 ], [ 38.720178291128803, 0.079655063475788 ], [ 38.719916642146323, 0.080656931380607 ], [ 38.719770468799837, 0.081682343308511 ], [ 38.719678597555585, 0.082764564141644 ], [ 38.719656064282752, 0.083105992150961 ], [ 38.719586128272212, 0.084589248257676 ], [ 38.719576141618226, 0.085065115647895 ], [ 38.719581227046916, 0.086052798033086 ], [ 38.719627002069203, 0.086919093571254 ], [ 38.719754983261183, 0.087776992744164 ], [ 38.71996399390396, 0.088618607569774 ], [ 38.720052546890415, 0.088914160129476 ], [ 38.720060905937906, 0.088975150100832 ], [ 38.720189524709681, 0.089696448596883 ], [ 38.720375708431291, 0.090404901070607 ], [ 38.720574238658592, 0.091052949425618 ], [ 38.720745184947546, 0.091710237109252 ], [ 38.72103530621343, 0.092624685519495 ], [ 38.721420037383432, 0.093503039034501 ], [ 38.721841560609747, 0.094341791413056 ], [ 38.721961761373535, 0.094572651443076 ], [ 38.722379772682693, 0.095348116505405 ], [ 38.722424167069789, 0.095928291171366 ], [ 38.722468362587705, 0.09636635999629 ], [ 38.722601240547895, 0.09742619499491 ], [ 38.722701004013821, 0.098047240209262 ], [ 38.722794275799529, 0.098522391864789 ], [ 38.722781673309264, 0.098654657301845 ], [ 38.722706111950146, 0.099385204071571 ], [ 38.722582466889222, 0.100280258278434 ], [ 38.722557302878535, 0.100478432104706 ], [ 38.722505435733154, 0.100926149786982 ], [ 38.72244268631453, 0.101180464898838 ], [ 38.722220889001456, 0.10247496623056 ], [ 38.722182338186727, 0.102869117465456 ], [ 38.722106107630474, 0.103205769090665 ], [ 38.721821303308424, 0.104441929291226 ], [ 38.721627029975551, 0.105653614658929 ], [ 38.721548828401737, 0.106505548970363 ], [ 38.721517963453458, 0.107701745799077 ], [ 38.721569462674566, 0.108990483227988 ], [ 38.721661447350229, 0.109967684842346 ], [ 38.721790183130828, 0.110832489567289 ], [ 38.721827776997536, 0.111149913931649 ], [ 38.721823125532531, 0.111343927299092 ], [ 38.721723244824112, 0.111902890912054 ], [ 38.721604677705734, 0.112852146851551 ], [ 38.721549701618535, 0.113617478753296 ], [ 38.721414661827055, 0.114556208784876 ], [ 38.721232140736859, 0.115363670000724 ], [ 38.721131220995694, 0.115878792643154 ], [ 38.720982129536857, 0.11677624250266 ], [ 38.720894195336051, 0.117468945302599 ], [ 38.720859594075066, 0.118166412646844 ], [ 38.720848149890266, 0.119186036227708 ], [ 38.720873838483307, 0.119979420013875 ], [ 38.720968507513163, 0.120767483000052 ], [ 38.721171956849666, 0.122003344013964 ], [ 38.721349644193779, 0.122836988476469 ], [ 38.721567081713239, 0.123664813027379 ], [ 38.721831583740006, 0.124504182839286 ], [ 38.722173413679194, 0.125307869978551 ], [ 38.722381119410002, 0.125965651194516 ], [ 38.72268660074262, 0.126701332075003 ], [ 38.723055238329799, 0.127407077063164 ], [ 38.723381889511238, 0.127917563460861 ], [ 38.723418661291433, 0.128450010118028 ], [ 38.723439021448648, 0.128979630692854 ], [ 38.723439021218944, 0.129620058111994 ], [ 38.723460924929739, 0.130251345168376 ], [ 38.723500185613936, 0.130816418146329 ], [ 38.723512209235381, 0.131779493420085 ], [ 38.723514793684352, 0.131910733618172 ], [ 38.723537681989903, 0.132761521322518 ], [ 38.723550001428855, 0.133049660323385 ], [ 38.723588257766458, 0.133702168366009 ], [ 38.723583527142651, 0.133942258096776 ], [ 38.723541813725902, 0.134462568098 ], [ 38.723436868147417, 0.134937986470478 ], [ 38.723287256373432, 0.135819478239658 ], [ 38.723224817272062, 0.136711533539952 ], [ 38.723197795796487, 0.138012476537675 ], [ 38.723239144148515, 0.139088800515179 ], [ 38.723407259532756, 0.140152549204432 ], [ 38.72361961703735, 0.141120641501194 ], [ 38.723780280272265, 0.142222919280973 ], [ 38.723993960117419, 0.143261062383398 ], [ 38.724326805906117, 0.14426691203707 ], [ 38.72467394256914, 0.145141371939454 ], [ 38.724870725638155, 0.145599923214796 ], [ 38.724990320849706, 0.145858739194121 ], [ 38.7250326895104, 0.146420046777764 ], [ 38.725053438207141, 0.146654514145088 ], [ 38.7251783695583, 0.147884954023895 ], [ 38.725237078226101, 0.148345832550475 ], [ 38.725409692508691, 0.149471048265895 ], [ 38.725612825816533, 0.150440064542272 ], [ 38.725919948536202, 0.151380922724926 ], [ 38.726301416720382, 0.152364434371361 ], [ 38.726607564911454, 0.153064792995375 ], [ 38.726971402737838, 0.153736602894497 ], [ 38.727547422055515, 0.154700800945288 ], [ 38.728047100016084, 0.155449904392166 ], [ 38.728618413356116, 0.156145172810023 ], [ 38.729255679055711, 0.156779690133165 ], [ 38.729952558043173, 0.157347144602941 ], [ 38.730702118251003, 0.157841891553027 ], [ 38.731496903570779, 0.158259009559324 ], [ 38.732329008020919, 0.158594349395505 ], [ 38.733011654589696, 0.158792708081062 ], [ 38.733046616071732, 0.158830608526331 ], [ 38.734570025281769, 0.160549623393443 ], [ 38.734634492086293, 0.160621588138873 ], [ 38.735555764951791, 0.161639002124888 ], [ 38.736250481597196, 0.162459462471356 ], [ 38.736885872094376, 0.163226042890183 ], [ 38.737196732691075, 0.163581726208229 ], [ 38.737877737657563, 0.164320962384936 ], [ 38.738772398033909, 0.165298170293158 ], [ 38.739042038380461, 0.16558019466339 ], [ 38.739909607573978, 0.166449175066191 ], [ 38.740432536428301, 0.167034864518401 ], [ 38.740530129909658, 0.167142416574939 ], [ 38.741375083426355, 0.168058666769614 ], [ 38.741540002621242, 0.168232799651608 ], [ 38.742887543607004, 0.169618261423939 ], [ 38.743136103071393, 0.169864095399993 ], [ 38.744117433388709, 0.170797724241737 ], [ 38.744218377327677, 0.170892296025851 ], [ 38.74460560298067, 0.171249536261683 ], [ 38.744871208954386, 0.171540464437594 ], [ 38.744879746168664, 0.171549802414127 ], [ 38.74552824300185, 0.172258128405759 ], [ 38.745840934706521, 0.172582982195165 ], [ 38.746507158311374, 0.173241355261367 ], [ 38.747106958067086, 0.173978807195405 ], [ 38.747844031266261, 0.174780883777111 ], [ 38.748306158084375, 0.175175471345635 ], [ 38.748303766235779, 0.175386350928095 ], [ 38.748303415079683, 0.175424271748564 ], [ 38.748292050258939, 0.177007473844769 ], [ 38.748280712764661, 0.178186035486394 ], [ 38.74828030523966, 0.178257746920612 ], [ 38.748276548193665, 0.180409383357444 ], [ 38.748265404323014, 0.181641456857661 ], [ 38.748265402584693, 0.181806021605915 ], [ 38.748271567073672, 0.182489165587182 ], [ 38.748264803207888, 0.182743383586544 ], [ 38.74817514159583, 0.183063463431936 ], [ 38.748159462231406, 0.183120141465613 ], [ 38.74788734707726, 0.184116308967307 ], [ 38.747837808917389, 0.184305650190146 ], [ 38.7476278956374, 0.185144725728365 ], [ 38.747424580353226, 0.185932643297599 ], [ 38.747417518447278, 0.185960188521064 ], [ 38.747181007426107, 0.186888738741809 ], [ 38.747173666547042, 0.186917758803927 ], [ 38.746963858201269, 0.187752953169411 ], [ 38.746712932982405, 0.188755004322974 ], [ 38.7464212830075, 0.189892032488802 ], [ 38.746124876855568, 0.190959551322388 ], [ 38.74603602968002, 0.191305790726446 ], [ 38.745791169344471, 0.192344358306824 ], [ 38.745541737856577, 0.193241966102726 ], [ 38.745481487797328, 0.193470225472673 ], [ 38.745159145404891, 0.194758974576175 ], [ 38.74489673435626, 0.195810343919256 ], [ 38.744853712982838, 0.195990498782779 ], [ 38.744518518157591, 0.197460208766525 ], [ 38.744264707485819, 0.198439341830834 ], [ 38.74426212303414, 0.198449335285277 ], [ 38.743869209010739, 0.199972202911852 ], [ 38.743847952554859, 0.200056242508612 ], [ 38.743440698367877, 0.201699253093523 ], [ 38.743019654247618, 0.20327411794752 ], [ 38.742967822370275, 0.203477350484896 ], [ 38.742701776618695, 0.204573112713711 ], [ 38.742332707770416, 0.205919552423739 ], [ 38.742290249311644, 0.206080190305865 ], [ 38.741790840140773, 0.208042013307924 ], [ 38.741673094633725, 0.208504007664537 ], [ 38.741492503912234, 0.208991252310768 ], [ 38.741116351244159, 0.209949039241189 ], [ 38.740904628419209, 0.210549092644194 ], [ 38.74058324032071, 0.211572835102152 ], [ 38.740414557473613, 0.212183925789903 ], [ 38.740011151832277, 0.213872744257381 ], [ 38.739962718611189, 0.214086908433811 ], [ 38.73978685516996, 0.21491061927894 ], [ 38.739518512358494, 0.215864712093331 ], [ 38.739068946012175, 0.217291251943712 ], [ 38.738851512528747, 0.21811351754163 ], [ 38.738711773739972, 0.218952711190514 ], [ 38.738616404797952, 0.219755378886646 ], [ 38.738552796780908, 0.220829896687652 ], [ 38.738552796587918, 0.221164825409765 ], [ 38.738548981990583, 0.221177360350806 ], [ 38.738220610601665, 0.222088017172022 ], [ 38.73794906823359, 0.22280458330681 ], [ 38.737849268338167, 0.223081387615462 ], [ 38.737513574752292, 0.224061935654869 ], [ 38.73744213889178, 0.224279502566445 ], [ 38.737196090596711, 0.225061991265643 ], [ 38.737076949841509, 0.225474712378558 ], [ 38.736861419062038, 0.226293433832627 ], [ 38.736854048069915, 0.226321616718308 ], [ 38.736505185286887, 0.227664267015946 ], [ 38.736217674052362, 0.228733389182115 ], [ 38.736125396907418, 0.229108033812512 ], [ 38.73595755083732, 0.22985759115987 ], [ 38.73590186415921, 0.230125038591312 ], [ 38.735751159360774, 0.230907501672162 ], [ 38.735614761717841, 0.231424761182602 ], [ 38.735412933725293, 0.232054224077948 ], [ 38.735372847001777, 0.232182500253619 ], [ 38.735086744654637, 0.233122361181563 ], [ 38.734800525566364, 0.234062754021201 ], [ 38.734687421437691, 0.234467753138911 ], [ 38.734496685854211, 0.235217190869051 ], [ 38.734409469763953, 0.235593053046768 ], [ 38.734207291080459, 0.23655671091746 ], [ 38.73414802681426, 0.236865664681007 ], [ 38.734063549873717, 0.237351270788884 ], [ 38.734004091287709, 0.237596859139079 ], [ 38.733806779368244, 0.238268013140479 ], [ 38.733705501150354, 0.238641731912498 ], [ 38.733496412696738, 0.239483878647089 ], [ 38.733264182272528, 0.240195726054843 ], [ 38.733191537334413, 0.240428986007356 ], [ 38.732859657639239, 0.241547346915818 ], [ 38.732646608157566, 0.242421784542659 ], [ 38.732632056436444, 0.242497649697924 ], [ 38.7326265330803, 0.24251185236295 ], [ 38.732249531624852, 0.243726909111099 ], [ 38.732000304007343, 0.244787257498749 ], [ 38.731832116187547, 0.245717301378096 ], [ 38.731761243960698, 0.246659936018964 ], [ 38.731751146454449, 0.247096534031108 ], [ 38.731645601055433, 0.247433056174104 ], [ 38.731580592336293, 0.247649734405354 ], [ 38.73126015647685, 0.248768124981057 ], [ 38.731213637583515, 0.248936582148298 ], [ 38.730843611197677, 0.250328528276345 ], [ 38.730829351335395, 0.250382845022877 ], [ 38.730548531382773, 0.251466110102141 ], [ 38.730216952935933, 0.252680063707777 ], [ 38.730168535366694, 0.252864947121817 ], [ 38.729893877618672, 0.253960569575022 ], [ 38.729855702302395, 0.254118843924249 ], [ 38.729683741288518, 0.254860857631309 ], [ 38.728622076334901, 0.258837897649929 ], [ 38.728598638151162, 0.258927527151241 ], [ 38.728396277617755, 0.259717789662663 ], [ 38.728038947190534, 0.261094772738345 ], [ 38.727163999869546, 0.264449650115933 ], [ 38.726574455862597, 0.266671647666597 ], [ 38.726338581407916, 0.267552962651203 ], [ 38.726319501467501, 0.267625446877868 ], [ 38.725808331640778, 0.269600385185493 ], [ 38.725779127566284, 0.269716354119462 ], [ 38.72547892822115, 0.270942415514944 ], [ 38.725084902169101, 0.272430599810541 ], [ 38.72500126508605, 0.272773191643811 ], [ 38.724727088261318, 0.273998902456744 ], [ 38.724060636005994, 0.276818885596949 ], [ 38.723774898642347, 0.278031917706772 ], [ 38.723515418770482, 0.279124542275602 ], [ 38.723258380956551, 0.28011858090274 ], [ 38.723020940288862, 0.281015879014381 ], [ 38.722559920539929, 0.282757331435443 ], [ 38.722295316773369, 0.283648365804421 ], [ 38.722021208288709, 0.284162212900113 ], [ 38.721670252687062, 0.284897926558352 ], [ 38.721386583643998, 0.285662487021756 ], [ 38.721172509647005, 0.286449672348078 ], [ 38.720786271732685, 0.288171440892119 ], [ 38.720674098918494, 0.288762255634805 ], [ 38.720499735155521, 0.289881179935596 ], [ 38.720305859910589, 0.290739472860225 ], [ 38.720059738405759, 0.291797115509146 ], [ 38.719725279947539, 0.293142447161328 ], [ 38.719719603010887, 0.293165409620729 ], [ 38.719514684080934, 0.293998928832773 ], [ 38.719298907051147, 0.294834921471796 ], [ 38.719282470120312, 0.294899582604989 ], [ 38.719000182413843, 0.296027376417263 ], [ 38.71896810563409, 0.296159727038883 ], [ 38.71870082619963, 0.297299741938928 ], [ 38.718412498243708, 0.29838603323226 ], [ 38.718377426654087, 0.29852241618372 ], [ 38.717246368290134, 0.303066282629718 ], [ 38.717242078433735, 0.30308358883236 ], [ 38.716878934443251, 0.304554761000794 ], [ 38.716593202032236, 0.305681691529593 ], [ 38.715845182313707, 0.308490741637398 ], [ 38.715786408805144, 0.308723794022569 ], [ 38.715203124033572, 0.311172658397984 ], [ 38.714956087754658, 0.312160574071609 ], [ 38.714952833987127, 0.31217362711702 ], [ 38.714772295791995, 0.312900175336514 ], [ 38.714428237713534, 0.314212902273242 ], [ 38.714111981509383, 0.315365797867392 ], [ 38.714099891613671, 0.315410313104851 ], [ 38.713857657090102, 0.316311251306168 ], [ 38.713807706766111, 0.31650555090421 ], [ 38.713515906248084, 0.317694844819917 ], [ 38.712658116346716, 0.32103770240877 ], [ 38.712654598531614, 0.321051456096317 ], [ 38.712357051959671, 0.322218573588829 ], [ 38.712312185808578, 0.322402536680437 ], [ 38.712048969917674, 0.323532758625275 ], [ 38.712038707626405, 0.32357733067133 ], [ 38.711538250613309, 0.325776218181892 ], [ 38.711083047300328, 0.327591238416921 ], [ 38.710724993220509, 0.329012555638805 ], [ 38.709423645926272, 0.334116739307063 ], [ 38.709084210101921, 0.335447724505253 ], [ 38.708886548923211, 0.336458759236027 ], [ 38.708724422841676, 0.337639547345037 ], [ 38.708640913712884, 0.338734673928934 ], [ 38.70866199196093, 0.33920739011566 ], [ 38.708640568780844, 0.339256134323853 ], [ 38.708454808229313, 0.339573593129694 ], [ 38.708099773296524, 0.340243044700017 ], [ 38.707801717823848, 0.340940095671389 ], [ 38.707562738955509, 0.341659841548439 ], [ 38.706979089850606, 0.343698308600207 ], [ 38.70689496807919, 0.344013349750073 ], [ 38.706650826859793, 0.344998166710735 ], [ 38.706277636688782, 0.346505705186612 ], [ 38.706055961601926, 0.347383264100646 ], [ 38.706040951333478, 0.347443552411629 ], [ 38.705595038007772, 0.349260998329569 ], [ 38.705388076555565, 0.350060533732571 ], [ 38.705101841558253, 0.351151947275325 ], [ 38.70509286077494, 0.351186466643601 ], [ 38.70446343492722, 0.353625397807418 ], [ 38.704455359193268, 0.353656922999007 ], [ 38.703680973097399, 0.356702538022589 ], [ 38.703673090937912, 0.356733769482792 ], [ 38.703408055103068, 0.357791811188379 ], [ 38.703192624123083, 0.358645293349545 ], [ 38.703183277047529, 0.358682657193921 ], [ 38.702904490251903, 0.35980718034236 ], [ 38.702126174062016, 0.362859128445883 ], [ 38.701954637138719, 0.363692880189078 ], [ 38.70187554454575, 0.364195337801139 ], [ 38.701619112667956, 0.364960697157254 ], [ 38.701401453046515, 0.36571773825219 ], [ 38.700886532213389, 0.367852883136211 ], [ 38.700660075556101, 0.368760617894437 ], [ 38.700145237839962, 0.370763765574536 ], [ 38.700140405043207, 0.370782653098286 ], [ 38.699859773567816, 0.371884330502152 ], [ 38.699194351742818, 0.3743686926306 ], [ 38.699128479613371, 0.374630062146431 ], [ 38.698649007613334, 0.376658897864055 ], [ 38.698263592704585, 0.37811662542766 ], [ 38.698015770010102, 0.379055801754269 ], [ 38.697973449041832, 0.379222563688251 ], [ 38.697681811725822, 0.380419077208044 ], [ 38.697677062684534, 0.380438655499753 ], [ 38.697220493810811, 0.382330033730802 ], [ 38.697038864130853, 0.383078933913849 ], [ 38.69682613819306, 0.38386225560357 ], [ 38.696107709865885, 0.386489922835618 ], [ 38.695827260401458, 0.38751790129937 ], [ 38.695756433603151, 0.387794547407023 ], [ 38.695563238071408, 0.388601680940339 ], [ 38.695140538092197, 0.390370436062279 ], [ 38.695138234560133, 0.390380098349301 ], [ 38.694935846896499, 0.39123108289807 ], [ 38.694721252872469, 0.392043156994407 ], [ 38.694204353839929, 0.394003416226397 ], [ 38.693921946379646, 0.395028502697562 ], [ 38.693878396301606, 0.395192543330669 ], [ 38.693582941377322, 0.39634882838754 ], [ 38.693558271558906, 0.396447680099844 ], [ 38.693069049063631, 0.398455785949216 ], [ 38.69282813543029, 0.399445076535266 ], [ 38.692606854901626, 0.400313146539022 ], [ 38.692030991570732, 0.402487095578101 ], [ 38.692013066344124, 0.402555849009174 ], [ 38.691646451490421, 0.403984863076964 ], [ 38.691629263876365, 0.40405294865176 ], [ 38.691304540384394, 0.405360525591725 ], [ 38.69067816405537, 0.407888289171147 ], [ 38.690672804458515, 0.407910032632144 ], [ 38.690427892370764, 0.408908910398782 ], [ 38.689945982137857, 0.410875029507685 ], [ 38.689883597255864, 0.411147598803579 ], [ 38.689417773564223, 0.413337008946136 ], [ 38.689060888081968, 0.4148438715199 ], [ 38.688864709205532, 0.415647353858464 ], [ 38.688359393427021, 0.417656631765527 ], [ 38.688355923191089, 0.417670476299793 ], [ 38.688175145309323, 0.418394097453123 ], [ 38.688023557741616, 0.418924530786052 ], [ 38.687567277452196, 0.420381913667827 ], [ 38.687210727203009, 0.421521030437627 ], [ 38.687150127453641, 0.421722807401698 ], [ 38.686763728510243, 0.423065664657817 ], [ 38.686758114945022, 0.423085256127922 ], [ 38.686518981153441, 0.423923383811563 ], [ 38.686439384772271, 0.424221424615769 ], [ 38.686205347298603, 0.42516141571329 ], [ 38.686193162227774, 0.425210947869611 ], [ 38.685887629300701, 0.426468118117297 ], [ 38.685694354998212, 0.427226287552259 ], [ 38.685398798142067, 0.428305233257645 ], [ 38.685004945381642, 0.429739770610765 ], [ 38.684776336672201, 0.430567514686324 ], [ 38.684720432515427, 0.43077989069875 ], [ 38.684338500412828, 0.432305396482132 ], [ 38.683775406808159, 0.434467091382026 ], [ 38.683725267116834, 0.434669014085387 ], [ 38.683499434097492, 0.435625102124302 ], [ 38.68344071645658, 0.43589147476695 ], [ 38.683097760501894, 0.437566322732631 ], [ 38.683091981273826, 0.437594776844454 ], [ 38.68287779970283, 0.438657994727152 ], [ 38.682872258074319, 0.438685726389668 ], [ 38.682665348426063, 0.439729589983781 ], [ 38.682657082606063, 0.439771814283779 ], [ 38.682308668845174, 0.441574202561339 ], [ 38.681727619491781, 0.444149714143588 ], [ 38.681622173139488, 0.444617524047494 ], [ 38.681606775749025, 0.444644816359683 ], [ 38.681406700635726, 0.445019724213202 ], [ 38.681003525548299, 0.44581979348616 ], [ 38.680754646944997, 0.446356533769986 ], [ 38.680263660899165, 0.447512726970679 ], [ 38.680035889075612, 0.448105963726426 ], [ 38.679633352899657, 0.449275006434109 ], [ 38.67946216405953, 0.449828964473166 ], [ 38.679184940205786, 0.450839163723674 ], [ 38.679013900259918, 0.45158359848227 ], [ 38.678903789266691, 0.452175732573848 ], [ 38.678802695339485, 0.452594114551495 ], [ 38.678751932074533, 0.452734781862226 ], [ 38.678471981908743, 0.453424172587908 ], [ 38.678382589827578, 0.453653144659042 ], [ 38.677671657604876, 0.455549492616693 ], [ 38.676903822159275, 0.457550443492492 ], [ 38.676878044758809, 0.45761843057731 ], [ 38.676290343353067, 0.459187384938561 ], [ 38.675725562969902, 0.460653941747553 ], [ 38.675439414477907, 0.461354310026676 ], [ 38.675094181901208, 0.46207605600566 ], [ 38.674980945251392, 0.462322159961832 ], [ 38.674169288730788, 0.464157839611066 ], [ 38.67387701934404, 0.464906860844877 ], [ 38.673542743556389, 0.465889928431095 ], [ 38.673445811071097, 0.466192213802658 ], [ 38.673302473575248, 0.4666676033873 ], [ 38.672990496651266, 0.467230315644891 ], [ 38.672916078540204, 0.467367308027552 ], [ 38.672520917356849, 0.468109889973691 ], [ 38.672408124758952, 0.468328974739537 ], [ 38.671811854381772, 0.469526860418559 ], [ 38.671395278475238, 0.470502979976434 ], [ 38.671095238848466, 0.471521530276114 ], [ 38.670836522811442, 0.472636190148883 ], [ 38.670713386550993, 0.473267142789749 ], [ 38.670548259535749, 0.474307456976186 ], [ 38.67026277084522, 0.475845816424023 ], [ 38.670254880820529, 0.475888909728585 ], [ 38.670048580692722, 0.477031178791976 ], [ 38.670039996043549, 0.477079454449011 ], [ 38.669869341738703, 0.478054352284395 ], [ 38.669703473809783, 0.478822861457688 ], [ 38.669543859977892, 0.479836612950395 ], [ 38.669450747638749, 0.480766725041384 ], [ 38.669440200830017, 0.480879100882724 ], [ 38.669281464646751, 0.482691061059504 ], [ 38.669162009937658, 0.483811562800478 ], [ 38.66900947400827, 0.485040440680922 ], [ 38.668792359315752, 0.48668222827588 ], [ 38.668608936812234, 0.488030221462296 ], [ 38.668594989709653, 0.488137485855679 ], [ 38.668487067889174, 0.489007896444548 ], [ 38.668371160210611, 0.489672958834304 ], [ 38.668276603658683, 0.490376872293754 ], [ 38.668204251425053, 0.491140073979037 ], [ 38.668164008339858, 0.491913561460014 ], [ 38.668162799299054, 0.492041546118575 ], [ 38.668065073930222, 0.492176140883607 ] ], [ [ 39.607813208412892, 0.693062167984694 ], [ 39.606263207980703, 0.694212167957226 ], [ 39.605163207615988, 0.695862167605021 ], [ 39.603764417394025, 0.698012886385639 ], [ 39.602626076232468, 0.699720472321982 ], [ 39.601973561430782, 0.700586727195739 ], [ 39.601056484968865, 0.70174068418526 ], [ 39.600498051843658, 0.7025010636732 ], [ 39.599532286985493, 0.704172341280589 ], [ 39.598863207571014, 0.706362167979711 ], [ 39.597413208153114, 0.709512167552536 ], [ 39.596817651913177, 0.711840568087788 ], [ 39.595694296154875, 0.713446118743442 ], [ 39.591063207600996, 0.716662168124625 ], [ 39.589263208230534, 0.718062167934755 ], [ 39.587363207845847, 0.719762168089628 ], [ 39.58636320759598, 0.721362168129581 ], [ 39.584963207785847, 0.723162168399422 ], [ 39.583663208090627, 0.725262168114625 ], [ 39.582814367688968, 0.727662625929495 ], [ 39.582137067571637, 0.729447346717732 ], [ 39.580713207848305, 0.731462168044678 ], [ 39.578963208085611, 0.73411216794227 ], [ 39.577663208390391, 0.736462168394391 ], [ 39.576663208140587, 0.738762168339461 ], [ 39.57546320766096, 0.740862168054669 ], [ 39.573863207621002, 0.743262168114601 ], [ 39.570963207885775, 0.74626216796474 ], [ 39.568838972340764, 0.748382153313801 ], [ 39.567980449837933, 0.749983145305976 ], [ 39.567497145177185, 0.751162342668015 ], [ 39.56694827004668, 0.752415798850113 ], [ 39.56626746796934, 0.753449232296303 ], [ 39.56572910771223, 0.754046267920948 ], [ 39.563963207935728, 0.755762168089635 ], [ 39.562463208010684, 0.758962168169549 ], [ 39.561363207645968, 0.762312167972201 ], [ 39.561063208200551, 0.764462168194534 ], [ 39.561041342983629, 0.767158459795152 ], [ 39.560953585339746, 0.770170746183048 ], [ 39.559363208045681, 0.772362168279472 ], [ 39.558313208188061, 0.774762168339457 ], [ 39.556963207985689, 0.777062168284479 ], [ 39.555463208060644, 0.779262168114607 ], [ 39.554263207581016, 0.781462167944774 ], [ 39.553263208230533, 0.785212168207059 ], [ 39.552363208095642, 0.787962168219502 ], [ 39.551463207960751, 0.791712167582486 ], [ 39.550513208218035, 0.79576216818958 ], [ 39.549963208035649, 0.798462167694928 ], [ 39.549271873098519, 0.801353363067279 ], [ 39.549052576115571, 0.802270501582422 ], [ 39.548547132843964, 0.80424664396748 ], [ 39.548049423741986, 0.805969466217967 ], [ 39.547783325140415, 0.806856656409586 ], [ 39.54356320787582, 0.821412168436889 ], [ 39.538613208033155, 0.837362168329438 ], [ 39.533163207615985, 0.853462167944774 ], [ 39.526463208010682, 0.871062168384406 ], [ 39.525263208430374, 0.873862168004673 ], [ 39.523063207700943, 0.879562168259492 ], [ 39.521563207775898, 0.882962167669981 ], [ 39.519963207735884, 0.886862167654951 ], [ 39.514963208285508, 0.897762167590025 ], [ 39.508763208355447, 0.911162167699891 ], [ 39.503863208120606, 0.920562167709926 ], [ 39.502263208080649, 0.923562167560016 ], [ 39.500063208250538, 0.927862168004715 ], [ 39.499063208000678, 0.930462168294462 ], [ 39.49786320842037, 0.933912168212031 ], [ 39.496963208285479, 0.937462168244509 ], [ 39.49656320782583, 0.939762168189525 ], [ 39.495913208427851, 0.943312168221999 ], [ 39.495563207576026, 0.946362167679923 ], [ 39.495263208130609, 0.949862168104633 ], [ 39.49486320767096, 0.952762167839815 ], [ 39.494513207718398, 0.955362168129629 ], [ 39.493894491237825, 0.958110920782414 ], [ 39.493208836418717, 0.959953535427357 ], [ 39.492776483747775, 0.960955343314474 ], [ 39.491959925410299, 0.962710301938953 ], [ 39.490363207895768, 0.965962167719903 ], [ 39.488763207855811, 0.968062168334427 ], [ 39.482963208385399, 0.976412167587516 ], [ 39.48126320823053, 0.978662167924764 ], [ 39.479463207960748, 0.980812168147103 ], [ 39.47726320813058, 0.98256216790974 ], [ 39.47426320828049, 0.984062167834851 ], [ 39.471613208382905, 0.98506216808466 ], [ 39.468263207680934, 0.986762168239519 ], [ 39.465763208405406, 0.988562167609981 ], [ 39.463863208020712, 0.990612167717414 ], [ 39.462463208210522, 0.993262167615001 ], [ 39.461921810942897, 0.995885165368119 ], [ 39.461640252096004, 0.995045593379478 ], [ 39.459357118036621, 0.992523158716837 ], [ 39.457456126599027, 0.990578012365407 ], [ 39.45447793171121, 0.989156437819419 ], [ 39.450959819839852, 0.987943016756839 ], [ 39.446134539777233, 0.986426656365155 ], [ 39.445282058020609, 0.986187725383275 ], [ 39.442661335552259, 0.985466234379252 ], [ 39.43746352841913, 0.984044630155602 ], [ 39.432093239411529, 0.982034361196844 ], [ 39.428387273553881, 0.980532955631418 ], [ 39.427469787001144, 0.980161252339995 ], [ 39.426485947568494, 0.979771112946542 ], [ 39.422680181245426, 0.978240333724438 ], [ 39.419772967148795, 0.977044765103869 ], [ 39.416993954107738, 0.976048407108347 ], [ 39.412216118678998, 0.974290740625231 ], [ 39.411176463722889, 0.973872714154477 ], [ 39.40795637098978, 0.972557743445187 ], [ 39.403969508186321, 0.971264090265604 ], [ 39.403036909425907, 0.970955439342111 ], [ 39.40074957463321, 0.970168510968058 ], [ 39.395672337808207, 0.96845111432753 ], [ 39.392179021144955, 0.966932840178465 ], [ 39.388965404429939, 0.965471787193278 ], [ 39.381168690582683, 0.962248155627939 ], [ 39.376062843625391, 0.960154657111793 ], [ 39.3705662619235, 0.957933314570883 ], [ 39.364885757172033, 0.955476828093202 ], [ 39.361260423629687, 0.953948779212858 ], [ 39.355352125999843, 0.950969511433868 ], [ 39.348352141338296, 0.946360306982625 ], [ 39.341265917088435, 0.941334649874248 ], [ 39.338875732229326, 0.939577386287397 ], [ 39.335861297361021, 0.937436264172278 ], [ 39.332157354078674, 0.935252054638686 ], [ 39.329068124394496, 0.933451816048552 ], [ 39.322165822294892, 0.929650100271938 ], [ 39.319089943945812, 0.927959644621921 ], [ 39.316462428898035, 0.926441133051922 ], [ 39.313597176268729, 0.924772074971319 ], [ 39.309454815287559, 0.92075153705383 ], [ 39.305471172057025, 0.916436696896077 ], [ 39.30018712443632, 0.910061527917207 ], [ 39.296164107087918, 0.905325287931758 ], [ 39.291593682302675, 0.900843151390341 ], [ 39.287974071146493, 0.897636537696085 ], [ 39.286064674645047, 0.895939644698894 ], [ 39.283588250197624, 0.893548983199076 ], [ 39.280204062667394, 0.889365673387151 ], [ 39.279363973568593, 0.88836125926474 ], [ 39.278469570814082, 0.887329862782955 ], [ 39.276048347653159, 0.884538877966912 ], [ 39.270850538721454, 0.879341039357543 ], [ 39.267786104245374, 0.875945228089844 ], [ 39.264649189808324, 0.872965870378667 ], [ 39.261749604660565, 0.870546568169638 ], [ 39.25868898510862, 0.867976274285699 ], [ 39.256492259710058, 0.865949493774164 ], [ 39.254253572844164, 0.863833553575659 ], [ 39.249557534352789, 0.859640864734166 ], [ 39.24607566066328, 0.854859511157549 ], [ 39.242852508436556, 0.850838973240056 ], [ 39.239284395158734, 0.846940556961156 ], [ 39.237703412182782, 0.844952403230872 ], [ 39.237070215717949, 0.844155692031629 ], [ 39.236432322993387, 0.843195414836602 ], [ 39.234633747249688, 0.839695406318008 ], [ 39.234277491613, 0.838951622019799 ], [ 39.233965583345025, 0.838192925163415 ], [ 39.233253618859464, 0.836458877575177 ], [ 39.231364870792227, 0.832597656356827 ], [ 39.231075944699114, 0.831822152970006 ], [ 39.230064797352554, 0.828956438089228 ], [ 39.229181828578589, 0.825732777745541 ], [ 39.226964122895993, 0.821834391144304 ], [ 39.22466017672582, 0.817763852719682 ], [ 39.22227324201657, 0.81423908226788 ], [ 39.221680074375968, 0.813362891684171 ], [ 39.220995436690089, 0.812461564149945 ], [ 39.21849316033115, 0.809170173165008 ], [ 39.215737726614861, 0.805604632847568 ], [ 39.215166039281321, 0.80496038191614 ], [ 39.214572054157031, 0.804366368013519 ], [ 39.212964152673578, 0.802759032203599 ], [ 39.20776634374181, 0.798566312785167 ], [ 39.204217494841544, 0.794624214635867 ], [ 39.203546625776198, 0.793772127681619 ], [ 39.202849136778298, 0.792795463939578 ], [ 39.200473307796983, 0.789470087574559 ], [ 39.197498123839409, 0.784838533171803 ], [ 39.196987665948086, 0.784044138626138 ], [ 39.19646380006435, 0.783119510557014 ], [ 39.194879042633772, 0.779837015665799 ], [ 39.192467875691989, 0.774637358627268 ], [ 39.191274691174101, 0.771930369590911 ], [ 39.189192814596765, 0.767171009834278 ], [ 39.185969662370098, 0.761262383951937 ], [ 39.183493236123979, 0.756358907837349 ], [ 39.180563134281272, 0.751749674607821 ], [ 39.179198170259383, 0.748688235773506 ], [ 39.178871421379029, 0.747954213616141 ], [ 39.178585579960611, 0.747184383152787 ], [ 39.177801742556426, 0.744406078777565 ], [ 39.177587865787416, 0.743649631125613 ], [ 39.177416492776956, 0.742792643765542 ], [ 39.176489216204402, 0.736152163991223 ], [ 39.17633892779935, 0.734957445229949 ], [ 39.176208401996234, 0.733772868123416 ], [ 39.175495611033682, 0.727485418117616 ], [ 39.177762459270127, 0.725566179435704 ], [ 39.176306670016857, 0.723327521348101 ], [ 39.175629765601229, 0.7222245784016 ], [ 39.17511415459461, 0.721386409355372 ], [ 39.174427881941256, 0.720449513634209 ], [ 39.173879675906392, 0.719721811012782 ], [ 39.17037623467553, 0.719471432560626 ], [ 39.167547793995546, 0.718810877819801 ], [ 39.166831039720762, 0.71814843899932 ], [ 39.164922370770853, 0.715190380831471 ], [ 39.163930716229629, 0.714051425433012 ], [ 39.161874315647196, 0.712894498882062 ], [ 39.160858272391408, 0.712574109107886 ], [ 39.160085296099567, 0.712401718964198 ], [ 39.158401588062873, 0.711839738013571 ], [ 39.157385597867119, 0.711517820291246 ], [ 39.156474687157129, 0.711003684172732 ], [ 39.154487850034286, 0.709161845642719 ], [ 39.152487764099078, 0.707335584269859 ], [ 39.150412338358763, 0.707068816572704 ], [ 39.1492931887297, 0.706819325751327 ], [ 39.147838495750023, 0.706003217074853 ], [ 39.147094745626077, 0.705267173241514 ], [ 39.146703876882441, 0.703977022921315 ], [ 39.145907758336421, 0.702425054772497 ], [ 39.144780468943566, 0.701235661796371 ], [ 39.144374887291292, 0.700283986616741 ], [ 39.14338174437205, 0.697933171378788 ], [ 39.143316904151845, 0.695680003629319 ], [ 39.143197820423154, 0.694493260055932 ], [ 39.142925671182809, 0.693254586929691 ], [ 39.142169485233637, 0.691177668314762 ], [ 39.1403384538566, 0.690566775036704 ], [ 39.139573042661823, 0.690448933271678 ], [ 39.138782810178611, 0.690476260071426 ], [ 39.137875944619225, 0.69065090211751 ], [ 39.136088941351602, 0.690995039389578 ], [ 39.134941779639462, 0.69082307822253 ], [ 39.133696615206702, 0.689878216306681 ], [ 39.132133483773316, 0.688315271932312 ], [ 39.131172830661683, 0.68833443108918 ], [ 39.130042878376173, 0.688322408052729 ], [ 39.127515817600965, 0.688187293908525 ], [ 39.12647210220581, 0.688248300318825 ], [ 39.125423430646833, 0.688387393963122 ], [ 39.124009414902616, 0.689731060240255 ], [ 39.122894423738728, 0.690401674797507 ], [ 39.118916767295048, 0.690907765580957 ], [ 39.117976893918588, 0.690951871931412 ], [ 39.116986164779746, 0.690972098583529 ], [ 39.114169545688014, 0.691263728937999 ], [ 39.111148745418291, 0.690696297196386 ], [ 39.109868646820644, 0.690367282024508 ], [ 39.108527690200788, 0.690010502083049 ], [ 39.10628479720566, 0.689466142448574 ], [ 39.105472631157056, 0.689358388378994 ], [ 39.104568480650926, 0.689339550280069 ], [ 39.102473521635773, 0.689375640973075 ], [ 39.09971126476313, 0.688148925232774 ], [ 39.098823373999551, 0.687139233888557 ], [ 39.098402490382682, 0.686416794999161 ], [ 39.098570856959554, 0.68464384813512 ], [ 39.098869323960173, 0.681748508686777 ], [ 39.098047645782287, 0.680947883637936 ], [ 39.097278595031185, 0.680233061106954 ], [ 39.095655779190906, 0.68025288216483 ], [ 39.094869110720936, 0.680225073328523 ], [ 39.094049315723396, 0.680376195405123 ], [ 39.092372863416983, 0.680831961026236 ], [ 39.09060047323328, 0.681570948340661 ], [ 39.08958267180293, 0.681117997597531 ], [ 39.088417161223049, 0.679953999677358 ], [ 39.087591024206461, 0.678901580643464 ], [ 39.086568588569548, 0.677806404242233 ], [ 39.085592000370582, 0.677294969687117 ], [ 39.083951899560589, 0.676933633780213 ], [ 39.081584819184116, 0.677291549565377 ], [ 39.080337390258421, 0.67782161087871 ], [ 39.078250413625767, 0.679066054055178 ], [ 39.076137413311017, 0.679026820231627 ], [ 39.074985481594751, 0.678808711253051 ], [ 39.0722351083636, 0.678575576401782 ], [ 39.071228876711359, 0.679157856849661 ], [ 39.070352683429633, 0.679851692801442 ], [ 39.069599692771646, 0.680488428997883 ], [ 39.068940761307147, 0.681062316073053 ], [ 39.068335255867396, 0.681593318976519 ], [ 39.067086763043733, 0.682649257057617 ], [ 39.066093675882485, 0.683076669752551 ], [ 39.064495403440162, 0.683430894720066 ], [ 39.062335303831276, 0.683059706740103 ], [ 39.05975466414651, 0.684488772638824 ], [ 39.058828091743067, 0.685341284972374 ], [ 39.058110130578143, 0.685726139050135 ], [ 39.057290815818533, 0.685954057833549 ], [ 39.055334973830043, 0.686339166419429 ], [ 39.053669415910861, 0.686088583821113 ], [ 39.051968318583079, 0.685355103055598 ], [ 39.049178925566991, 0.683964566811366 ], [ 39.048277726635831, 0.68086808139691 ], [ 39.046299915109046, 0.67759528569394 ], [ 39.04542662663755, 0.676920599905834 ], [ 39.042784959858068, 0.675634122416855 ], [ 39.040728473840034, 0.67517481976217 ], [ 39.039883468147593, 0.674851072818793 ], [ 39.039190020702961, 0.674378998891708 ], [ 39.037771916640679, 0.672952345874139 ], [ 39.037143157430819, 0.672193595957709 ], [ 39.036049240080445, 0.670408680016635 ], [ 39.035480269598793, 0.668139957593046 ], [ 39.035049691290283, 0.667117562425627 ], [ 39.031770555366904, 0.665322849270122 ], [ 39.030752699977199, 0.665307879155369 ], [ 39.028165516825197, 0.665176366795955 ], [ 39.026876003225027, 0.664966294159175 ], [ 39.025471951969052, 0.66246674274601 ], [ 39.024987328902171, 0.660694845390829 ], [ 39.024684591021128, 0.659845059801738 ], [ 39.02426442506323, 0.658977362415387 ], [ 39.022753894976347, 0.656392304361419 ], [ 39.022232056164512, 0.655120730437428 ], [ 39.022660944646937, 0.653618311336067 ], [ 39.022868899380235, 0.652851803867694 ], [ 39.023262077582842, 0.652027276637571 ], [ 39.024054618625826, 0.650477927314572 ], [ 39.02402211712706, 0.647836840597797 ], [ 39.023853530216286, 0.646633682598408 ], [ 39.023504818092931, 0.6456418194145 ], [ 39.022581734159758, 0.643944574782332 ], [ 39.020865798018235, 0.64155388270558 ], [ 39.018914420264316, 0.641587689120623 ], [ 39.017973351688909, 0.641658105137481 ], [ 39.01704148587595, 0.64168491122973 ], [ 39.0148712527062, 0.641540136568088 ], [ 39.013995166443806, 0.640949371016684 ], [ 39.012726751838159, 0.63893927023116 ], [ 39.012241948007556, 0.636855414246046 ], [ 39.012078896423986, 0.635708818207434 ], [ 39.012117542990268, 0.634648076847331 ], [ 39.012573204289993, 0.632607945900014 ], [ 39.012755411433147, 0.631450939309452 ], [ 39.012780171567726, 0.630241164997818 ], [ 39.012455572966367, 0.628171656796547 ], [ 39.01202014821132, 0.627419557366744 ], [ 39.010792326304852, 0.625758323387972 ], [ 39.010190666366213, 0.625220905620322 ], [ 39.006997880647702, 0.625287661396498 ], [ 39.005671253825376, 0.625269378179327 ], [ 39.004555671806884, 0.625138326272803 ], [ 39.003107496214056, 0.624895753036639 ], [ 39.002035456671024, 0.624638763668031 ], [ 39.000750197763466, 0.624857628077103 ], [ 38.999001745734006, 0.625272771321363 ], [ 38.998203313232352, 0.625453411845506 ], [ 38.997405233264942, 0.625675832173951 ], [ 38.995926086819509, 0.626076681593652 ], [ 38.993074577629727, 0.62646297188872 ], [ 38.990985869802103, 0.626571183713217 ], [ 38.989958645275294, 0.626478290041123 ], [ 38.988962208139469, 0.626365507861925 ], [ 38.986942938765651, 0.626315089170081 ], [ 38.98597118712064, 0.626254699694693 ], [ 38.98507565301901, 0.626020598072214 ], [ 38.982777585717088, 0.624667740723687 ], [ 38.981012488135889, 0.623196407588187 ], [ 38.980171758719734, 0.622756687671027 ], [ 38.979218067260035, 0.622582020443923 ], [ 38.976701585210037, 0.62252319129232 ], [ 38.975577899400612, 0.622667864330532 ], [ 38.974461533173269, 0.623083004876839 ], [ 38.972740473594058, 0.623934855309356 ], [ 38.971972800604306, 0.624054290673035 ], [ 38.971107401885149, 0.624013585558594 ], [ 38.968684997015032, 0.623813509785691 ], [ 38.967770807376894, 0.623827275708266 ], [ 38.966813032095786, 0.623890703992857 ], [ 38.964013205145363, 0.6240478578224 ], [ 38.961385955397589, 0.624574823669209 ], [ 38.958865857173635, 0.62540242478212 ], [ 38.957965502705861, 0.625944636835582 ], [ 38.957164345258377, 0.626377836667874 ], [ 38.954471587993453, 0.626328051098712 ], [ 38.953647941199563, 0.627408574845903 ], [ 38.951577430254254, 0.628350181215922 ], [ 38.950648730054922, 0.627837585636143 ], [ 38.948808001288285, 0.626755450303848 ], [ 38.94804370974947, 0.626517967230424 ], [ 38.946457677080161, 0.626491578423669 ], [ 38.945569928409498, 0.626528409258751 ], [ 38.944711022795502, 0.626859503663186 ], [ 38.942632068115529, 0.62805244896139 ], [ 38.94075079881037, 0.628409498699452 ], [ 38.939536320145123, 0.628135900651335 ], [ 38.937995814755084, 0.627554151702781 ], [ 38.936368596733416, 0.625895274847094 ], [ 38.93581816307784, 0.625149252136342 ], [ 38.935084969195998, 0.623860100962936 ], [ 38.933477149550868, 0.62080734508294 ], [ 38.932380569307895, 0.61837186586894 ], [ 38.930583820986612, 0.615307570787823 ], [ 38.92953750565141, 0.61406328858993 ], [ 38.928318071721662, 0.612026880835908 ], [ 38.927897089179396, 0.611014191152035 ], [ 38.927301568012979, 0.608952376650913 ], [ 38.925380583746971, 0.606848887566175 ], [ 38.922366148878723, 0.605341223618614 ], [ 38.919594764786609, 0.604163893249116 ], [ 38.91696982090059, 0.603313872037629 ], [ 38.915991911597473, 0.602928187885602 ], [ 38.914768026023637, 0.602280040191779 ], [ 38.912853498889888, 0.600940232905488 ], [ 38.911239260783304, 0.599842408000773 ], [ 38.91026280388536, 0.599657430945743 ], [ 38.908930685802545, 0.600115068055976 ], [ 38.907583311620613, 0.600258536902008 ], [ 38.906214823155615, 0.599659411252893 ], [ 38.905588887816975, 0.599153973377206 ], [ 38.904051339397824, 0.597838753555662 ], [ 38.9022028620725, 0.59722505978874 ], [ 38.900944452424596, 0.597177941608774 ], [ 38.900040137342501, 0.597604869569127 ], [ 38.897613145929995, 0.598281425047794 ], [ 38.896540701692061, 0.598365628570942 ], [ 38.894154320065866, 0.597849527433759 ], [ 38.891594826140363, 0.596036756790959 ], [ 38.889370264026525, 0.596080616727134 ], [ 38.888460583589108, 0.596290880919462 ], [ 38.886752878942275, 0.597007108191527 ], [ 38.885973662254742, 0.597163146861768 ], [ 38.885128238377547, 0.59717610159584 ], [ 38.883254460425064, 0.597122653088043 ], [ 38.882471019621903, 0.596958567284103 ], [ 38.881654878569861, 0.596687922609588 ], [ 38.879334686146876, 0.596057662431236 ], [ 38.876825511987818, 0.595851207767063 ], [ 38.875989956371427, 0.595736016304165 ], [ 38.874950409333962, 0.595515013307245 ], [ 38.873689194700603, 0.596909931048521 ], [ 38.873359680404974, 0.598689853953666 ], [ 38.872098044888901, 0.600548347927938 ], [ 38.871124267970629, 0.601143360078021 ], [ 38.869260134347769, 0.600768081082156 ], [ 38.866422343416446, 0.60040555267414 ], [ 38.865360824142783, 0.600442993249607 ], [ 38.864414214844203, 0.600509779602707 ], [ 38.861743927140601, 0.600509838957981 ], [ 38.860689579960201, 0.600461262077666 ], [ 38.859504833781102, 0.600174535726296 ], [ 38.857746797676612, 0.599371642587297 ], [ 38.85658078887235, 0.598741850955725 ], [ 38.855470448102778, 0.597960725007504 ], [ 38.85365314487678, 0.596607388320358 ], [ 38.852868579021731, 0.596059969192246 ], [ 38.851910353180301, 0.595475637390795 ], [ 38.849503145953463, 0.594122032705684 ], [ 38.848784558860359, 0.593808388746191 ], [ 38.847393511801158, 0.592806292176702 ], [ 38.84628993033607, 0.592296845123379 ], [ 38.844053480084085, 0.591464863412739 ], [ 38.843015023924295, 0.590847602035247 ], [ 38.841437827094126, 0.589650588204108 ], [ 38.840320110984408, 0.588611363123955 ], [ 38.838921114817651, 0.587152835435057 ], [ 38.838054565865548, 0.586708278064633 ], [ 38.836678016777114, 0.586300949029636 ], [ 38.835776350198444, 0.586124261925195 ], [ 38.834896136047917, 0.586025133253364 ], [ 38.832748775335745, 0.585985314870419 ], [ 38.831937191148484, 0.585745469278039 ], [ 38.831272484237793, 0.585340339085403 ], [ 38.829566079111316, 0.583961204446105 ], [ 38.827969190725639, 0.583109055438627 ], [ 38.827229707884783, 0.582732076724029 ], [ 38.826553104742061, 0.582340775406513 ], [ 38.824894544447716, 0.581257002408791 ], [ 38.824243386722969, 0.580522161868316 ], [ 38.823409750259827, 0.578957361293251 ], [ 38.822944671259627, 0.578067106212018 ], [ 38.822414886038189, 0.577246255410387 ], [ 38.821002865889625, 0.575633485896728 ], [ 38.819926454742131, 0.574561118101146 ], [ 38.818078774216133, 0.573149042194591 ], [ 38.816388221439297, 0.571943462320966 ], [ 38.815811854933202, 0.571320478557318 ], [ 38.81511452961189, 0.56991314387654 ], [ 38.814653470581277, 0.568294150154938 ], [ 38.813260748085099, 0.565929375640231 ], [ 38.811860714100703, 0.564792003048527 ], [ 38.811280063224388, 0.563848833656781 ], [ 38.810588996285219, 0.562756673581638 ], [ 38.810161163606892, 0.562094295915074 ], [ 38.809105579858681, 0.560489065418095 ], [ 38.808573754075553, 0.559528989671204 ], [ 38.808176418307085, 0.558395367252446 ], [ 38.80770280384138, 0.555923884579668 ], [ 38.807460305248924, 0.554977391293617 ], [ 38.805554006012642, 0.552761110137162 ], [ 38.804587418274764, 0.552299095127185 ], [ 38.803777760435366, 0.551939595635878 ], [ 38.802803877397082, 0.5514838129277 ], [ 38.802099113783129, 0.550950672335721 ], [ 38.80098342924191, 0.549619614553591 ], [ 38.800874576200783, 0.548553414308692 ], [ 38.80060855314224, 0.547523892913383 ], [ 38.799665095068121, 0.545361206854238 ], [ 38.799065083586811, 0.544451914923974 ], [ 38.798313140638982, 0.543630064076244 ], [ 38.794688633573628, 0.542636736796001 ], [ 38.792549014225699, 0.541871207790045 ], [ 38.791594090694787, 0.541217427642217 ], [ 38.791087854221132, 0.540589340225893 ], [ 38.790165075158143, 0.538738379872366 ], [ 38.789237080926569, 0.536218993911459 ], [ 38.788874726087784, 0.535452535905841 ], [ 38.788514880357468, 0.534770535032244 ], [ 38.78788800522733, 0.533580384826964 ], [ 38.787505239375321, 0.532823812169221 ], [ 38.786705182698086, 0.531284340100281 ], [ 38.786252947815342, 0.530464831087166 ], [ 38.78571486724735, 0.529662524306101 ], [ 38.783862296208042, 0.527324941692763 ], [ 38.783190654625059, 0.526715240915683 ], [ 38.78186659176987, 0.525571617136447 ], [ 38.77939016642307, 0.523855680994934 ], [ 38.778436822101696, 0.522346380281255 ], [ 38.777411854873264, 0.521375205101655 ], [ 38.775454616237596, 0.519835143077451 ], [ 38.773479178021717, 0.518683875960168 ], [ 38.772592733368015, 0.51839917758002 ], [ 38.771659011354359, 0.518222496770881 ], [ 38.769791276845979, 0.518155267951321 ], [ 38.767446335080365, 0.517196042063738 ], [ 38.766813878757546, 0.515773219258736 ], [ 38.766363387660249, 0.514012811641976 ], [ 38.765864777437571, 0.51342621984423 ], [ 38.764038223785064, 0.512911482079286 ], [ 38.762441615088505, 0.513481674739523 ], [ 38.761277180997183, 0.514087223346737 ], [ 38.759639400438004, 0.514852082357772 ], [ 38.758869097830654, 0.515246466551213 ], [ 38.758104013989112, 0.51559651866443 ], [ 38.755910110663137, 0.516407530882875 ], [ 38.754401801002359, 0.519295415850817 ], [ 38.754385588923867, 0.520466983364662 ], [ 38.754228022305426, 0.521455904866168 ], [ 38.753284453614697, 0.523569166883584 ], [ 38.752377381211204, 0.524043384794428 ], [ 38.751462708637121, 0.524463129869615 ], [ 38.749871649656939, 0.525102062210473 ], [ 38.748741577761677, 0.525396651334455 ], [ 38.745861220119252, 0.525277313996858 ], [ 38.744055485772094, 0.524959250768867 ], [ 38.743282880900267, 0.524729036915582 ], [ 38.742490029591238, 0.524314114005229 ], [ 38.740422279564598, 0.522869493432445 ], [ 38.739275419125363, 0.522149321733885 ], [ 38.738023183323321, 0.521473506397225 ], [ 38.735034814405196, 0.520169171969766 ], [ 38.734103240871946, 0.520311878190674 ], [ 38.732336782616471, 0.520822080674514 ], [ 38.730390272892805, 0.521931472659382 ], [ 38.72911357643045, 0.523067173411386 ], [ 38.728249507808584, 0.523720672970747 ], [ 38.725451182725976, 0.525277313996863 ], [ 38.723200036652429, 0.526071197727625 ], [ 38.722460071774947, 0.525795124745294 ], [ 38.720709991073306, 0.524396788680912 ], [ 38.720185244753281, 0.523468798046616 ], [ 38.719963024973651, 0.521486930577447 ], [ 38.720142272447958, 0.520384803316068 ], [ 38.720278896553907, 0.518370679863033 ], [ 38.720267135220183, 0.517077997051949 ], [ 38.720799310839595, 0.516138022052138 ], [ 38.72147153878052, 0.514954158107975 ], [ 38.721754870191155, 0.514192158941064 ], [ 38.72196578998927, 0.51339429571022 ], [ 38.720882416290522, 0.51252836009581 ], [ 38.719932466010562, 0.512391566917298 ], [ 38.717610098127579, 0.512493866598725 ], [ 38.716776360041024, 0.512577867774437 ], [ 38.714969326173502, 0.512835248348093 ], [ 38.71268407241206, 0.513359779730076 ], [ 38.711648488686876, 0.513739823334213 ], [ 38.710764272553206, 0.514004834655453 ], [ 38.708384872364036, 0.514256911027641 ], [ 38.70748795510508, 0.511927544620557 ], [ 38.707124200921214, 0.511112993569843 ], [ 38.706402110968725, 0.50996521042617 ], [ 38.705886108756943, 0.509366442707237 ], [ 38.703763499186209, 0.507932497087091 ], [ 38.702630839042058, 0.507754893573511 ], [ 38.701055596438664, 0.507967832349601 ], [ 38.699616192833105, 0.508532796351514 ], [ 38.698724946698974, 0.509012201551909 ], [ 38.698024189564762, 0.509520385957101 ], [ 38.69624820569021, 0.510949323252698 ], [ 38.693307348855114, 0.511603480216474 ], [ 38.691627864934048, 0.511700032330684 ], [ 38.689202175739865, 0.511153314673779 ], [ 38.688214480014267, 0.510974875690003 ], [ 38.687330574146756, 0.510851098399544 ], [ 38.684803008851816, 0.51094078958585 ], [ 38.683523198936541, 0.510245390612347 ], [ 38.682477423194598, 0.51009143836922 ], [ 38.680386840280505, 0.509855979669793 ], [ 38.67808301461946, 0.50963634634036 ], [ 38.677007938065969, 0.509774611709021 ], [ 38.675654561808649, 0.509942010615362 ], [ 38.673621500431977, 0.510389242569538 ], [ 38.672482298619229, 0.510405746927739 ], [ 38.670727890379908, 0.509944322772293 ], [ 38.669676142240235, 0.509737018248814 ], [ 38.668579333569426, 0.509673144799825 ], [ 38.666590430703877, 0.509986024335603 ], [ 38.665608437579408, 0.510222875185608 ], [ 38.663960445218436, 0.510652826666666 ], [ 38.661563873374121, 0.510724305682232 ], [ 38.660970575331817, 0.510155962927397 ], [ 38.660353712353981, 0.509568442129938 ], [ 38.658762636286667, 0.508053922650453 ], [ 38.662954997774989, 0.504033384732966 ], [ 38.665888624960132, 0.501596034929099 ], [ 38.666834194642433, 0.501353332190609 ], [ 38.668852322776502, 0.501434380892024 ], [ 38.669871600893714, 0.501345283258276 ], [ 38.670740997998735, 0.501074685348497 ], [ 38.672569244175349, 0.500079070193005 ], [ 38.67328987093083, 0.499535344580514 ], [ 38.67416100462674, 0.49892805488588 ], [ 38.674844482187162, 0.498170469591569 ], [ 38.675514022953848, 0.497248327248536 ], [ 38.676375172376368, 0.49612064125467 ], [ 38.67698239282322, 0.49495831067754 ], [ 38.677120918095966, 0.493851756053737 ], [ 38.677141690636574, 0.492935524055209 ], [ 38.677150530972256, 0.49199959060866 ], [ 38.677222882330234, 0.491236388148827 ], [ 38.677377236570237, 0.490350718710779 ], [ 38.677512714040574, 0.489258055914607 ], [ 38.677698442928829, 0.487893100885968 ], [ 38.677922565673896, 0.486198304208421 ], [ 38.678089273001603, 0.484855244074314 ], [ 38.67822615611226, 0.483571246915579 ], [ 38.678392370611455, 0.481673895933622 ], [ 38.678485481919495, 0.480743782899318 ], [ 38.678689059652413, 0.4798005496557 ], [ 38.678890536569043, 0.478649564026226 ], [ 38.679096835650512, 0.477507293726664 ], [ 38.67940397931023, 0.475852236291701 ], [ 38.679587712602881, 0.474694692805879 ], [ 38.679846427770485, 0.473580031693132 ], [ 38.680442698072113, 0.472382144620318 ], [ 38.680837859279848, 0.471639561816354 ], [ 38.68127767542444, 0.470846265342911 ], [ 38.681681015966149, 0.470028104413534 ], [ 38.682045284562271, 0.468819976760586 ], [ 38.682379559868821, 0.46783690804694 ], [ 38.683191216001887, 0.466001226275642 ], [ 38.683650628373869, 0.465040773712759 ], [ 38.684071700848392, 0.464010167735131 ], [ 38.684684578930217, 0.462418713053245 ], [ 38.685286934944145, 0.460810632604643 ], [ 38.686067345031972, 0.458776908427638 ], [ 38.686790598707205, 0.45684768996898 ], [ 38.687137901592962, 0.455992438300431 ], [ 38.687418160919435, 0.455215825150273 ], [ 38.687692935280779, 0.454078654006712 ], [ 38.687847337184905, 0.453248336041892 ], [ 38.688124560400183, 0.452238135681459 ], [ 38.688527096048688, 0.451069091665316 ], [ 38.689018081819086, 0.449912897162511 ], [ 38.689421256885566, 0.44911282699542 ], [ 38.689964642554287, 0.448149659379343 ], [ 38.6902211831611, 0.447351901369187 ], [ 38.690491314322742, 0.446153465709919 ], [ 38.691103343444588, 0.443440623885757 ], [ 38.691478476750376, 0.441500002023539 ], [ 38.691685385572157, 0.440456137340907 ], [ 38.691899566311974, 0.439392918348571 ], [ 38.69224252097564, 0.43771806863401 ], [ 38.69246835333189, 0.436761979581716 ], [ 38.693042340231841, 0.4345584580065 ], [ 38.693434768399868, 0.432991023317121 ], [ 38.693665213378956, 0.43215662782614 ], [ 38.694061585074166, 0.430712911072022 ], [ 38.694379179755401, 0.42955351138551 ], [ 38.694604993225944, 0.42866769535789 ], [ 38.694922551934269, 0.427361037981548 ], [ 38.69515658880556, 0.426421045894591 ], [ 38.695395722134947, 0.425582917317852 ], [ 38.695782120348611, 0.424240058631822 ], [ 38.696138481205992, 0.423101543901162 ], [ 38.69662879338415, 0.421535457295591 ], [ 38.696853606808531, 0.420748790624251 ], [ 38.697071368648778, 0.419877126328348 ], [ 38.697584344641825, 0.417837382089539 ], [ 38.697795440707068, 0.416972800854127 ], [ 38.698183610585204, 0.415333841283772 ], [ 38.698671133066398, 0.413042435260248 ], [ 38.699152878302755, 0.411076982217032 ], [ 38.699397789776242, 0.410078103421776 ], [ 38.700023046126717, 0.407554845879474 ], [ 38.70034776883449, 0.40624726759739 ], [ 38.700714382862543, 0.404818252060756 ], [ 38.701301133840332, 0.402603193982263 ], [ 38.701544966127358, 0.401646651671685 ], [ 38.701797211572114, 0.400610824230227 ], [ 38.702286432872654, 0.398602716342338 ], [ 38.702581887144447, 0.397446430108693 ], [ 38.702877589629111, 0.39637308205215 ], [ 38.703406023169471, 0.394369068777562 ], [ 38.703649504720943, 0.393447674670481 ], [ 38.703878055727728, 0.392486677118482 ], [ 38.704299996048007, 0.390721092104747 ], [ 38.704493191107929, 0.389913957762991 ], [ 38.704772314590684, 0.388890831446751 ], [ 38.705492795656028, 0.386255648779233 ], [ 38.705740031877042, 0.38534524708553 ], [ 38.705952012875173, 0.384471198686917 ], [ 38.706409723729791, 0.382575083373459 ], [ 38.706701360379554, 0.381378568666043 ], [ 38.706948046215416, 0.380443693721534 ], [ 38.707364165224078, 0.378869831577507 ], [ 38.70787126594621, 0.376724080651863 ], [ 38.708551130030685, 0.374185790941565 ], [ 38.708845541988239, 0.373030011925547 ], [ 38.709368400631263, 0.3709956501292 ], [ 38.709611287730809, 0.370022052176007 ], [ 38.710134566357226, 0.367852244385639 ], [ 38.710633056970039, 0.366364421281041 ], [ 38.710830688385613, 0.365108906550859 ], [ 38.711616515989476, 0.36202749557253 ], [ 38.711902618211298, 0.360873461241277 ], [ 38.712120056295589, 0.360012024935032 ], [ 38.712387084796205, 0.358946025238937 ], [ 38.713161469426325, 0.355900407278002 ], [ 38.71379089413449, 0.353461473768048 ], [ 38.714080811280496, 0.352356017216496 ], [ 38.714305878313674, 0.351486533776553 ], [ 38.714765548791092, 0.349613011231562 ], [ 38.714992523286355, 0.348714470696336 ], [ 38.715370178291153, 0.347188889555642 ], [ 38.715614319045642, 0.346204071660623 ], [ 38.716197967362348, 0.344165602660493 ], [ 38.716648102328122, 0.34339633607209 ], [ 38.717254639290218, 0.342016279627669 ], [ 38.717637379961168, 0.340901434153914 ], [ 38.71773147602687, 0.339874715046104 ], [ 38.717626571009475, 0.33887832557434 ], [ 38.717788696291343, 0.337697536412236 ], [ 38.718128203853553, 0.336366266390148 ], [ 38.71943283056072, 0.331249206685579 ], [ 38.719795226768326, 0.329810649342059 ], [ 38.720275879328426, 0.327894150894391 ], [ 38.720798491557225, 0.325597911914139 ], [ 38.721061706932289, 0.324467688932777 ], [ 38.721359253027174, 0.323300570365056 ], [ 38.722229003565701, 0.319911093022604 ], [ 38.722532272046749, 0.31867505580925 ], [ 38.722774506238522, 0.317774116782114 ], [ 38.723104477389768, 0.316571221384833 ], [ 38.723476410008345, 0.315152137960873 ], [ 38.723670959447247, 0.314369201677373 ], [ 38.723930358998928, 0.31333184179112 ], [ 38.724525452088017, 0.310833394745424 ], [ 38.725287436865756, 0.307971894987016 ], [ 38.725593566989573, 0.306764512872013 ], [ 38.725963593045435, 0.305265456335796 ], [ 38.727094649698358, 0.300721585832545 ], [ 38.727416991900725, 0.299507141341563 ], [ 38.727714538894929, 0.298238024365395 ], [ 38.727996826192623, 0.297110229553475 ], [ 38.728225708149978, 0.296223462043208 ], [ 38.72844314623427, 0.295339018381017 ], [ 38.72879409766955, 0.293927341773441 ], [ 38.729062397811447, 0.292774389326659 ], [ 38.729330539672731, 0.291587312104812 ], [ 38.7295522693218, 0.290164426347251 ], [ 38.729938506556891, 0.288442656303571 ], [ 38.730644226150162, 0.287119705010414 ], [ 38.731208800745605, 0.285218537305691 ], [ 38.731704712102839, 0.283345281859343 ], [ 38.731948852857329, 0.282422661976348 ], [ 38.73223495507915, 0.281316220667119 ], [ 38.7325172423769, 0.280127555242535 ], [ 38.732803344598722, 0.278912960564746 ], [ 38.733482360622475, 0.276039809189905 ], [ 38.733768462844353, 0.274760782584108 ], [ 38.734184265291674, 0.273190348655711 ], [ 38.734504700031948, 0.271881639925767 ], [ 38.735015869286997, 0.269906699934332 ], [ 38.735254287655323, 0.269015878280177 ], [ 38.735851288206447, 0.266765772722292 ], [ 38.736732482618038, 0.26338693525889 ], [ 38.737094878825644, 0.26199042841558 ], [ 38.737300873036929, 0.261185974053491 ], [ 38.738401412994847, 0.25706329923191 ], [ 38.738607407206132, 0.256174430006004 ], [ 38.738882064655627, 0.255078806641675 ], [ 38.739229202066106, 0.253807887424102 ], [ 38.739524840698891, 0.252667457137483 ], [ 38.739894866754753, 0.251275509856949 ], [ 38.740215302394347, 0.250157118356353 ], [ 38.740470886122523, 0.24934221117416 ], [ 38.740715790401453, 0.248157033320469 ], [ 38.740745543572018, 0.246870525254557 ], [ 38.74099477089203, 0.245810175998886 ], [ 38.741299946835113, 0.245025450963853 ], [ 38.741470336886607, 0.244137123129795 ], [ 38.741802216399208, 0.24301876130682 ], [ 38.742136001575261, 0.241995620601472 ], [ 38.742424011259175, 0.24083560038269 ], [ 38.742683410810798, 0.239953254838888 ], [ 38.742864608914601, 0.239204830938264 ], [ 38.743000030626945, 0.238426372379257 ], [ 38.743202209014783, 0.23746271373329 ], [ 38.743392944428876, 0.236713275397396 ], [ 38.743679046650755, 0.235773265323984 ], [ 38.743965148872576, 0.234833403638724 ], [ 38.74423980722139, 0.23397679579256 ], [ 38.744515418851563, 0.232931594717341 ], [ 38.744724273806241, 0.231847211979292 ], [ 38.744892119675626, 0.231097654033527 ], [ 38.74518966666983, 0.229991211824987 ], [ 38.745548247953316, 0.228611156279898 ], [ 38.745763778575565, 0.227792434173518 ], [ 38.746009826792154, 0.22700994485313 ], [ 38.746345520329555, 0.226029396039849 ], [ 38.74664306642444, 0.225244208753274 ], [ 38.747074445129613, 0.224047885601462 ], [ 38.747503280551996, 0.222638710907802 ], [ 38.747539519633165, 0.221812128726806 ], [ 38.747539519633165, 0.220829899080631 ], [ 38.747634888239531, 0.220027230772134 ], [ 38.748126983773318, 0.218465737903549 ], [ 38.748512267727051, 0.217095859086674 ], [ 38.748748778633285, 0.215988084982201 ], [ 38.749152183926185, 0.214299265198979 ], [ 38.749473571947817, 0.213275521947825 ], [ 38.74988174544626, 0.212236200640175 ], [ 38.750259398652361, 0.211217268761977 ], [ 38.750495911357298, 0.210289270033851 ], [ 38.750995635839956, 0.208326205589977 ], [ 38.751399994414271, 0.206851019758807 ], [ 38.751697539609836, 0.205625519002523 ], [ 38.752140044727355, 0.203970379729304 ], [ 38.752567291047683, 0.202246711216786 ], [ 38.752960204849614, 0.200723842431445 ], [ 38.753247578712831, 0.199615230158772 ], [ 38.753612518203227, 0.198015097918474 ], [ 38.753873825216886, 0.196968145863302 ], [ 38.754196167419252, 0.195679395787523 ], [ 38.754493712614817, 0.194608644073692 ], [ 38.754779815735958, 0.193395144770128 ], [ 38.755100249576913, 0.1922410879559 ], [ 38.755420685216507, 0.190991834305742 ], [ 38.755676269844002, 0.189971164038009 ], [ 38.755886078080096, 0.189135969049805 ], [ 38.756122588986329, 0.1882074181379 ], [ 38.756334304684458, 0.187386945051523 ], [ 38.756552377690127, 0.186515251977367 ], [ 38.756824492756209, 0.185519083738764 ], [ 38.75703239442953, 0.18477690203246 ], [ 38.757226308047734, 0.18381182605498 ], [ 38.757259368924792, 0.182569221092709 ], [ 38.757251739975857, 0.181723833188418 ], [ 38.75726318384892, 0.180458523042426 ], [ 38.757266997873728, 0.178273648010473 ], [ 38.757278441746735, 0.177083969049986 ], [ 38.757289885619798, 0.175489649128049 ], [ 38.757306416957647, 0.174032081915079 ], [ 38.757312775164507, 0.172806836566277 ], [ 38.756992976244931, 0.171413220144017 ], [ 38.756011326661451, 0.170305381288359 ], [ 38.755481720405101, 0.169600545728654 ], [ 38.754864692851356, 0.168853942055815 ], [ 38.754060108986899, 0.168247089431696 ], [ 38.753150940263708, 0.167129270799259 ], [ 38.752136229803227, 0.166126518623969 ], [ 38.751487732273063, 0.165418192795422 ], [ 38.75096130422088, 0.164841577177076 ], [ 38.750289917146006, 0.164222180809013 ], [ 38.749308585922563, 0.163288552324896 ], [ 38.747961043567386, 0.161903090954916 ], [ 38.747116089136291, 0.160986840969993 ], [ 38.746425629239468, 0.160213514841878 ], [ 38.745380402083924, 0.159166588867039 ], [ 38.744476318127624, 0.158179089193647 ], [ 38.743785858230808, 0.157429590603159 ], [ 38.743120192642834, 0.156626485224137 ], [ 38.742297807597822, 0.155655249790016 ], [ 38.741275787447705, 0.154526576340453 ], [ 38.739692688366915, 0.152740209792908 ], [ 38.738449096848399, 0.151392080180422 ], [ 38.737504004706125, 0.15063024289146 ], [ 38.736193339051397, 0.150261695321039 ], [ 38.735248566168423, 0.150037886439352 ], [ 38.734672545901333, 0.149073688200195 ], [ 38.734291076871727, 0.148090176120774 ], [ 38.734118461897538, 0.146964959665192 ], [ 38.73399352987758, 0.145734518932957 ], [ 38.733910878584254, 0.144639546677811 ], [ 38.73369407721993, 0.143498729682681 ], [ 38.7334213263332, 0.142654821163084 ], [ 38.733018875220978, 0.141783878123525 ], [ 38.732671737810506, 0.140909417835422 ], [ 38.732464313677212, 0.139486327931769 ], [ 38.732182503020169, 0.138201616711281 ], [ 38.732209524050347, 0.136900672727897 ], [ 38.732449340864434, 0.135814267414552 ], [ 38.73256301876836, 0.134396307243827 ], [ 38.732580185027587, 0.133525065629326 ], [ 38.732521057301028, 0.132516577578037 ], [ 38.732498168655646, 0.131665789244837 ], [ 38.732482909858447, 0.130443617778774 ], [ 38.732425689593924, 0.129620060017825 ], [ 38.732425689593924, 0.12880462403421 ], [ 38.732393265436883, 0.127961195752617 ], [ 38.73230361921668, 0.126663147586214 ], [ 38.732208252408952, 0.125723273310491 ], [ 38.731969833141363, 0.124810136778427 ], [ 38.731314977404338, 0.123554899039387 ], [ 38.730817158585069, 0.122847462640327 ], [ 38.730616251838626, 0.12209834716106 ], [ 38.730255127272358, 0.121351944936344 ], [ 38.730037689188066, 0.120524119892249 ], [ 38.72983423915889, 0.119288258046711 ], [ 38.729845683031897, 0.118268633690542 ], [ 38.729994774439319, 0.117371183133622 ], [ 38.730257033835073, 0.11621096416473 ], [ 38.730489730716556, 0.114593367989585 ], [ 38.730567932164377, 0.113504708075875 ], [ 38.730790455914871, 0.112259394355596 ], [ 38.730827330816737, 0.110721318034455 ], [ 38.730697632389877, 0.109626210880954 ], [ 38.730548859342434, 0.108626805083015 ], [ 38.730497359665492, 0.107338066698446 ], [ 38.730575561113312, 0.10648613172964 ], [ 38.730864206617866, 0.105233298777758 ], [ 38.731070200829151, 0.104323580568865 ], [ 38.73116429689486, 0.103361521816843 ], [ 38.731365203641303, 0.102547272938354 ], [ 38.73148345909442, 0.101526489356055 ], [ 38.731628418117054, 0.100477144204893 ], [ 38.731723784924782, 0.099555111579213 ], [ 38.731804848015372, 0.098704337635128 ], [ 38.731746356109511, 0.097460842344045 ], [ 38.731517155792176, 0.096293236343855 ], [ 38.731384277362565, 0.095233400600994 ], [ 38.731295775979333, 0.094076812195173 ], [ 38.731156667046605, 0.092954990680305 ], [ 38.730508168617121, 0.091459266132288 ], [ 38.729860306008391, 0.090257398660076 ], [ 38.729438782074176, 0.089418645953806 ], [ 38.729218800707145, 0.088572820079605 ], [ 38.728963216079592, 0.087738534305978 ], [ 38.728858947782271, 0.086977765411567 ], [ 38.728567758994927, 0.086005901351306 ], [ 38.728562673328781, 0.085018218216241 ], [ 38.728632609107649, 0.083534960969693 ], [ 38.728724480250605, 0.082452739302531 ], [ 38.729211170858889, 0.080945918919096 ], [ 38.729437510432831, 0.079873841604588 ], [ 38.729566573938314, 0.078756201937214 ], [ 38.729568481400349, 0.07797933427889 ], [ 38.729715982806397, 0.077223322798143 ], [ 38.729982376385635, 0.07610287095076 ], [ 38.730153083897733, 0.075012068851944 ], [ 38.730265298604706, 0.073491997857446 ], [ 38.730117798097979, 0.07258989690627 ], [ 38.729839324825036, 0.071738333357474 ], [ 38.729461669820239, 0.070829086393253 ], [ 38.72917175267429, 0.069842708174471 ], [ 38.729076384967243, 0.068736060920523 ], [ 38.729022979626848, 0.067355080872344 ], [ 38.729022979626848, 0.066486582190066 ], [ 38.729056039604586, 0.065420397233587 ], [ 38.729293823051535, 0.064208210040924 ], [ 38.729662576566689, 0.063099420601821 ], [ 38.73000335666962, 0.062304648340893 ], [ 38.730194092083707, 0.061239851937664 ], [ 38.730236052651776, 0.06028802297391 ], [ 38.730103492582145, 0.059246752835413 ], [ 38.730022430390875, 0.058116803247919 ], [ 38.730033875163258, 0.05707577232908 ], [ 38.730120658841372, 0.056096709195796 ], [ 38.730346680055277, 0.054827210007777 ], [ 38.730478286843493, 0.053391326348669 ], [ 38.730484009229713, 0.052186022566951 ], [ 38.730484009229713, 0.051091462201265 ], [ 38.730489730716556, 0.049855883642176 ], [ 38.730562845598911, 0.048894264658661 ], [ 38.730804443070667, 0.04806958544305 ], [ 38.730983733712378, 0.047097973192941 ], [ 38.731244404905397, 0.045856913265987 ], [ 38.731395721235572, 0.044759800624318 ], [ 38.731464386272478, 0.043559236269798 ], [ 38.731531142947915, 0.042769334737041 ], [ 38.731723784924782, 0.041942399122491 ], [ 38.731925964211939, 0.041062005107506 ], [ 38.732070923234573, 0.040072404617836 ], [ 38.732435544364932, 0.038918351400867 ], [ 38.733119965314188, 0.037766273994415 ], [ 38.733520508065055, 0.036796231960586 ], [ 38.733729044659754, 0.035894032083946 ], [ 38.733917235891802, 0.034982523324861 ], [ 38.734176636342738, 0.033966361358519 ], [ 38.734397887552518, 0.032977804981782 ], [ 38.734799702844043, 0.031949230572594 ], [ 38.73527526883862, 0.031101370431943 ], [ 38.735692595636806, 0.030191663014869 ], [ 38.735877990876652, 0.029220573270893 ], [ 38.736114979322906, 0.027797438401138 ], [ 38.736527634143044, 0.026262998938299 ], [ 38.736942290854074, 0.025401416941853 ], [ 38.737473297354825, 0.024534358074213 ], [ 38.738081932435307, 0.023594145653357 ], [ 38.738407135381067, 0.022775900187693 ], [ 38.73880386320775, 0.021471444351725 ], [ 38.73904037501336, 0.020075210902293 ], [ 38.739095051995093, 0.019273755779246 ], [ 38.739135741821087, 0.018373773630798 ], [ 38.739206314320029, 0.01726739617345 ], [ 38.739391327347903, 0.016208555080823 ], [ 38.739669799721526, 0.015437404412746 ], [ 38.740069070830998, 0.014499315291233 ], [ 38.740016173607557, 0.013198999933935 ], [ 38.739618300943903, 0.011860039809047 ], [ 38.739120483023953, 0.010310476447394 ], [ 38.73871231132415, 0.00912527071472 ], [ 38.738327025571834, 0.00811037589318 ], [ 38.738011678296346, 0.007384731819969 ], [ 38.737936655951955, 0.006456257350469 ], [ 38.737721442790416, 0.005146728438839 ], [ 38.737628936726082, 0.004020054182211 ], [ 38.737922668796159, 0.003264605677033 ], [ 38.73869450924429, 0.002325815084359 ], [ 38.739368438702513, 0.001345489302931 ], [ 38.739901543321594, 0.000365813731382 ], [ 38.74054336518418, -0.000543101382954 ], [ 38.741233825980316, -0.001399727215592 ], [ 38.74204254133025, -0.001951525142718 ], [ 38.743109384590468, -0.00208421201671 ], [ 38.743794441360421, -0.002842104879163 ], [ 38.743783950768773, -0.004112290249969 ], [ 38.74318313619284, -0.005272288884946 ], [ 38.742534636864036, -0.006599609984 ], [ 38.742383957253878, -0.007921582814737 ], [ 38.742661793806803, -0.009034082856607 ], [ 38.743156432623323, -0.010123854332395 ], [ 38.742689133197018, -0.011143635170584 ], [ 38.741922379314417, -0.011827727867282 ], [ 38.741695403919834, -0.012606977829709 ], [ 38.742012023735981, -0.013392194793877 ], [ 38.742902756357182, -0.014141047671155 ], [ 38.74433422074776, -0.015138463269415 ], [ 38.745452881145582, -0.015865842134874 ], [ 38.746189594074565, -0.017095627261367 ], [ 38.746765136801685, -0.017853665813963 ], [ 38.747383117636844, -0.018400976124104 ], [ 38.747978209826556, -0.018995853375882 ], [ 38.748483657594761, -0.019602571101703 ], [ 38.748607635434098, -0.020375915216277 ], [ 38.748368581245074, -0.02123062009702 ], [ 38.747714997149444, -0.022403281186434 ], [ 38.747554779329676, -0.023409693602441 ], [ 38.748016357269137, -0.024478247373165 ], [ 38.748870849909849, -0.025277633156176 ], [ 38.749404906910968, -0.026226141822921 ], [ 38.749436378685971, -0.027461361552528 ], [ 38.748867034985722, -0.028735107339281 ], [ 38.748730026869289, -0.029682098849713 ], [ 38.750732415968287, -0.028735692797901 ], [ 38.753324511217272, -0.02746668374045 ], [ 38.7549057244197, -0.02717676929239 ], [ 38.7561493060457, -0.026983489696254 ], [ 38.75791550529641, -0.026688958128894 ], [ 38.759681698251825, -0.026394425662151 ], [ 38.760925287072382, -0.026210332640679 ], [ 38.762537005278602, -0.026026241417873 ], [ 38.764276507255033, -0.026136691654925 ], [ 38.765647885241776, -0.026247146388645 ], [ 38.766963944130794, -0.02634838487001 ], [ 38.768280018308246, -0.026449625150003 ], [ 38.769567476058228, -0.02639440138046 ], [ 38.770854947298005, -0.026339175812273 ], [ 38.772815662712731, -0.026256333862653 ], [ 38.77509876079921, -0.026191902833996 ], [ 38.776065823379099, -0.026247146388648 ], [ 38.777078629974824, -0.026486448790533 ], [ 38.778091438369245, -0.026725752091744 ], [ 38.779056571003991, -0.026965059889566 ], [ 38.780021681155688, -0.027204363190773 ], [ 38.780822749570291, -0.027480505420946 ], [ 38.782001510761177, -0.027995931167256 ], [ 38.78291323265961, -0.028419302308914 ], [ 38.784376167026551, -0.029063556837632 ], [ 38.785839075313106, -0.029707800574503 ], [ 38.787679668282124, -0.030434988783661 ], [ 38.789520260351765, -0.031162176992833 ], [ 38.790891637439188, -0.031668363104408 ], [ 38.792263019023153, -0.032174551014694 ], [ 38.79385566890403, -0.033150178737684 ], [ 38.795448311590349, -0.034125801964146 ], [ 38.797050481694441, -0.035193493285014 ], [ 38.798947326358075, -0.03637056734778 ], [ 38.800039290380994, -0.036774210061711 ], [ 38.800939548621329, -0.037189285856809 ], [ 38.802997573379344, -0.037712143600515 ], [ 38.804824824006459, -0.038121801879581 ], [ 38.806289665835436, -0.038447988683681 ], [ 38.807754512161068, -0.038774178185751 ], [ 38.808811196679414, -0.039000616685081 ], [ 38.809867871305244, -0.039227053385737 ], [ 38.810857786557676, -0.039594929162599 ], [ 38.812122353863572, -0.040057179794992 ], [ 38.81305694462236, -0.040396801571084 ], [ 38.814613353623436, -0.040925085824021 ], [ 38.816169748235325, -0.041453362882358 ], [ 38.819047948404148, -0.042443931042556 ], [ 38.822256096341846, -0.043566553853331 ], [ 38.823991792387346, -0.044245774023185 ], [ 38.825397499295207, -0.044792926052658 ], [ 38.826105136243086, -0.045208026129443 ], [ 38.827067381154791, -0.045764654315287 ], [ 38.828151727919987, -0.046425029191711 ], [ 38.828811670222485, -0.04684948761372 ], [ 38.829612760220755, -0.04734009117221 ], [ 38.830413818742784, -0.047830675844983 ], [ 38.831783292864714, -0.048340084227456 ], [ 38.833152764288684, -0.048849489911951 ], [ 38.833925229765612, -0.049066456751523 ], [ 38.834697708732335, -0.049283427188352 ], [ 38.835491164385758, -0.049340020625372 ], [ 38.836284635327729, -0.049396614961771 ], [ 38.837284101380249, -0.049415489932863 ], [ 38.838283553942915, -0.049434364903962 ], [ 38.839378382306563, -0.049377769668303 ], [ 38.840473184589825, -0.049321176231275 ], [ 38.841604253833282, -0.04907217374176 ], [ 38.842735305090287, -0.048823175748902 ], [ 38.844612129046595, -0.048430674735816 ], [ 38.846488949405568, -0.048038176420684 ], [ 38.847263317847876, -0.047868366431937 ], [ 38.848037706974658, -0.047698551047234 ], [ 38.850263568608852, -0.047500434897128 ], [ 38.852489458122022, -0.0473023151497 ], [ 38.854648581966558, -0.047216327371581 ], [ 38.857425692941433, -0.047160844597265 ], [ 38.858273518907822, -0.047519291881773 ], [ 38.859357853981813, -0.047981556903264 ], [ 38.86022568626646, -0.048340052751206 ], [ 38.862537387290615, -0.049321208606839 ], [ 38.864849080220949, -0.050302362663836 ], [ 38.865791324210306, -0.050623084287847 ], [ 38.866733560105786, -0.050943803213892 ], [ 38.867773071170348, -0.051019270722696 ], [ 38.869104387957179, -0.051097016214274 ], [ 38.870019913987903, -0.051104155032699 ], [ 38.871227261029333, -0.051113563739931 ], [ 38.874378194997746, -0.051283371030699 ], [ 38.877529137959414, -0.051453177422166 ], [ 38.880075445125726, -0.051519239821002 ], [ 38.882621761285293, -0.051585302219844 ], [ 38.883385670612256, -0.051486207722229 ], [ 38.884221092229666, -0.051127722666189 ], [ 38.885999688634797, -0.050245675697334 ], [ 38.887584690680967, -0.049472113946871 ], [ 38.889659877201609, -0.048406084573113 ], [ 38.891735072715505, -0.047340051602086 ], [ 38.894594190169812, -0.045924991744927 ], [ 38.897453313919357, -0.044509928290496 ], [ 38.898895225734123, -0.043802405556497 ], [ 38.90033717621975, -0.043094865735449 ], [ 38.902950255350049, -0.042151494895509 ], [ 38.905563367755292, -0.041208113263787 ], [ 38.906478880296163, -0.041000552433497 ], [ 38.907394396434313, -0.040792989804575 ], [ 38.909149161704477, -0.040491115272684 ], [ 38.910903937766591, -0.040189238042849 ], [ 38.912960068552366, -0.039991112899492 ], [ 38.915378108113259, -0.039792988655455 ], [ 38.916917812207316, -0.039982678158021 ], [ 38.918349252316204, -0.040213125835069 ], [ 38.920734384784055, -0.040651487775902 ], [ 38.922790517368526, -0.041038302375689 ], [ 38.926063540599955, -0.041660927309912 ], [ 38.929336559334786, -0.042283551344782 ], [ 38.932621010251466, -0.043094864836122 ], [ 38.936164869713025, -0.043939193339044 ], [ 38.93731594797265, -0.04371403637362 ], [ 38.938040910359803, -0.04271116908512 ], [ 38.938943745157758, -0.041189392076725 ], [ 38.939662939293271, -0.039925866185737 ], [ 38.940526894600566, -0.038373487946039 ], [ 38.941398627244894, -0.036806800593294 ], [ 38.9422863237549, -0.035316282220604 ], [ 38.943183891223669, -0.033812802818552 ], [ 38.943885786899614, -0.03300650034964 ], [ 38.94458770056201, -0.032200177196386 ], [ 38.946031563905592, -0.030797714143149 ], [ 38.947475438940387, -0.02939523939876 ], [ 38.948421470874223, -0.028519777265842 ], [ 38.949367515398592, -0.027644301643143 ], [ 38.952184659694353, -0.02523931034585 ], [ 38.955001825573845, -0.022834301062114 ], [ 38.956369378743887, -0.021908528156015 ], [ 38.957736957094937, -0.020982739062113 ], [ 38.959558471846037, -0.01977524633049 ], [ 38.961380006382228, -0.01856774010907 ], [ 38.963634493437155, -0.017199195886127 ], [ 38.965888992183295, -0.015830646267261 ], [ 38.966707243944199, -0.015412873405356 ], [ 38.969543469155838, -0.013962238166695 ], [ 38.972106938984098, -0.012650863846265 ], [ 38.974100127119243, -0.011946456363829 ], [ 38.976093306261134, -0.011242051579364 ], [ 38.977380754118542, -0.010829490288705 ], [ 38.978668203774646, -0.010416927199396 ], [ 38.980258940797512, -0.009863427754964 ], [ 38.981849683216353, -0.009309927411147 ], [ 38.983781817277077, -0.008867176778724 ], [ 38.985713952237177, -0.008424427045605 ], [ 38.987705223916983, -0.007961583760051 ], [ 38.98989772430059, -0.007478613647031 ], [ 38.9907226373399, -0.007377990301954 ], [ 38.991618123777471, -0.007181775318654 ], [ 38.992660491088827, -0.00685460015962 ], [ 38.993701940192466, -0.006552301147741 ], [ 38.994752878042959, -0.006149866223332 ], [ 38.99580382578597, -0.005747426802259 ], [ 38.997659630787382, -0.005367369708323 ], [ 38.999515488848772, -0.004987300923176 ], [ 39.00094600625323, -0.004830803598677 ], [ 39.00237656322787, -0.004674301777588 ], [ 39.003763192817132, -0.004450707833828 ], [ 39.005149831399649, -0.004227113890131 ], [ 39.006759629553301, -0.00389177198764 ], [ 39.008369444794084, -0.003556425588499 ], [ 39.009553911284058, -0.003288113755392 ], [ 39.010738377773976, -0.003019801922276 ], [ 39.011678692717567, -0.002885677032346 ], [ 39.012619013057076, -0.002751552142335 ], [ 39.01360128677004, -0.002595053019208 ], [ 39.014583579368718, -0.002438551198112 ], [ 39.016418443656278, -0.002304395731249 ], [ 39.018253323232337, -0.002170240264317 ], [ 39.02006338241921, -0.002147895708792 ], [ 39.021873459592541, -0.002125551153207 ], [ 39.024623849910824, -0.001834895663872 ], [ 39.027374262712101, -0.00154423927518 ], [ 39.029542913974353, -0.001633675953316 ], [ 39.031711574229803, -0.001723114430153 ], [ 39.033075319670331, -0.001723114430149 ], [ 39.034439077701336, -0.001723114430156 ], [ 39.035690290074854, -0.001812550208976 ], [ 39.036941517736921, -0.001901987786486 ], [ 39.038194634874571, -0.002080830565828 ], [ 39.039586434666262, -0.00228997959885 ], [ 39.040725200307804, -0.002505549791236 ], [ 39.042095190640566, -0.002773891302013 ], [ 39.043335912422492, -0.003075684894899 ], [ 39.044498428259885, -0.003471731035515 ], [ 39.045850287360906, -0.003914691209953 ], [ 39.046840663066185, -0.004575628162679 ], [ 39.047636013591216, -0.005029077130137 ], [ 39.048431390196527, -0.005208688829901 ], [ 39.049432766409097, -0.005183039265772 ], [ 39.050767909811213, -0.005033302145137 ], [ 39.051914227059967, -0.005031490011217 ], [ 39.05272675193811, -0.005076740299272 ], [ 39.053844098426453, -0.004991192289659 ], [ 39.055424347555629, -0.0048740699823 ], [ 39.05650516897839, -0.004756727341031 ], [ 39.057452301682417, -0.004632269263758 ], [ 39.058716704412404, -0.004422475416839 ], [ 39.059745773448753, -0.00424455084528 ], [ 39.06080434834206, -0.003912773855403 ], [ 39.061862944819097, -0.00358098967087 ], [ 39.062675475093158, -0.003505301828166 ], [ 39.063488007165859, -0.003429613985482 ], [ 39.064388316667532, -0.003278172649516 ], [ 39.065288588397671, -0.003126739407433 ], [ 39.066764882193645, -0.003037300031332 ], [ 39.06824112562748, -0.002947864252468 ], [ 39.069469444859067, -0.0029255520725 ], [ 39.070697771285154, -0.00290323989253 ], [ 39.071615195784716, -0.002992644195105 ], [ 39.072532642767328, -0.003082051195627 ], [ 39.073560694670391, -0.00319384681854 ], [ 39.074913012425611, -0.003350357632826 ], [ 39.075885765016096, -0.003484501408593 ], [ 39.077674852912203, -0.003797494258887 ], [ 39.07946395160014, -0.004110489807199 ], [ 39.080625541135873, -0.00440111561892 ], [ 39.08178712077904, -0.004691738732737 ], [ 39.084224728688355, -0.005563681818391 ], [ 39.086662306020685, -0.00643561321294 ], [ 39.088562041105376, -0.00735227778535 ], [ 39.090461743814501, -0.008268927069304 ], [ 39.092453012796341, -0.009498587190018 ], [ 39.094444265590425, -0.010728238317479 ], [ 39.095897671640273, -0.012047336015709 ], [ 39.097351072294202, -0.013366427418653 ], [ 39.098199855139228, -0.014372498092265 ], [ 39.099048623595138, -0.015378550779474 ], [ 39.100143032874712, -0.016988594448029 ], [ 39.100781138738625, -0.017927346369901 ], [ 39.101238254242105, -0.018598064349134 ], [ 39.102479943694512, -0.02020340816069 ], [ 39.103721625952346, -0.021808740281079 ], [ 39.105247510164531, -0.024052000199618 ], [ 39.106773379987544, -0.026295240333021 ], [ 39.108409888005951, -0.028751403954065 ], [ 39.110046385232522, -0.031207552286668 ], [ 39.110830321562162, -0.032101874102175 ], [ 39.11161424170394, -0.032996176132598 ], [ 39.112911232267606, -0.034538840794816 ], [ 39.114208208442108, -0.036081490168611 ], [ 39.115034108037719, -0.037199371753558 ], [ 39.115859995942117, -0.038317238949389 ], [ 39.117134105054959, -0.039904623299657 ], [ 39.118408198879308, -0.041491989663535 ], [ 39.119548797339178, -0.042833431917299 ], [ 39.120689386805793, -0.04417486517787 ], [ 39.12145042189951, -0.045046805565566 ], [ 39.122211450697932, -0.045918739658073 ], [ 39.123418801336641, -0.047617898946835 ], [ 39.124626145680111, -0.049317051940361 ], [ 39.125431050602572, -0.050166615396968 ], [ 39.126235953726336, -0.051016176155551 ], [ 39.128530511873691, -0.053721716384082 ], [ 39.130825055631874, -0.056427240424737 ], [ 39.132465382171688, -0.058506189708849 ], [ 39.134105688926468, -0.060585114711216 ], [ 39.135067006637087, -0.061837158058319 ], [ 39.136028304562672, -0.063089176224476 ], [ 39.136678724843307, -0.063710846078665 ], [ 39.137329117245031, -0.064332489852465 ], [ 39.138198878575452, -0.065432379600566 ], [ 39.139068618322142, -0.066532242369025 ], [ 39.140209225775209, -0.067560659396855 ], [ 39.141349806248627, -0.068589052143014 ], [ 39.142690668439627, -0.069908153438456 ], [ 39.144031516241512, -0.071227241244112 ], [ 39.144702918604878, -0.071786183385597 ], [ 39.145374309277031, -0.07234511293655 ], [ 39.146156324654726, -0.072993463877203 ], [ 39.146938322045969, -0.073641798630041 ], [ 39.147943536565037, -0.074401972173242 ], [ 39.148948714211826, -0.075162116038775 ], [ 39.14986613421479, -0.075765780566252 ], [ 39.150783522741449, -0.076369426208039 ], [ 39.151588422267935, -0.076794204788661 ], [ 39.152393330787618, -0.077218990563892 ], [ 39.15382385628601, -0.077800303341294 ], [ 39.155254372791148, -0.078381611622034 ], [ 39.156461729725095, -0.078918180429646 ], [ 39.157669068672647, -0.079454739344676 ], [ 39.158540729371225, -0.079633613600317 ], [ 39.159412382875246, -0.079812487855975 ], [ 39.160665509006094, -0.079946612745907 ], [ 39.161918636036262, -0.080080737635902 ], [ 39.163303384243818, -0.080281957346423 ], [ 39.164688120760218, -0.080483175258277 ], [ 39.165784856585901, -0.080706725135202 ], [ 39.166881566331256, -0.080930269616209 ], [ 39.168032652684815, -0.081147694210694 ], [ 39.169250498411827, -0.081377504268338 ], [ 39.170345321379557, -0.081712841674226 ], [ 39.171440129058738, -0.082048176382163 ], [ 39.172470134289313, -0.082361214198611 ], [ 39.173500097251747, -0.082674240323915 ], [ 39.174291634651297, -0.083212248046776 ], [ 39.175411219552188, -0.083861395786763 ], [ 39.176688204696916, -0.084284210248034 ], [ 39.177752484889311, -0.084668254935985 ], [ 39.178476325821805, -0.085119615677686 ], [ 39.17940138916282, -0.085603021062526 ], [ 39.180160514995805, -0.085983115928004 ], [ 39.181077979065549, -0.086273744437733 ], [ 39.181995418853546, -0.086564365752842 ], [ 39.183179884444144, -0.087257467857801 ], [ 39.18436432035714, -0.087950552875669 ], [ 39.185548792243026, -0.088285898375489 ], [ 39.186733252437705, -0.088621240277969 ], [ 39.188476573834862, -0.089224897610896 ], [ 39.190219880842903, -0.089828550447176 ], [ 39.191381446996218, -0.090021425348418 ], [ 39.192543019444827, -0.090214302048373 ], [ 39.19469069581902, -0.090423863870172 ], [ 39.196838381186417, -0.090633426591289 ], [ 39.198181164329299, -0.090588707802568 ], [ 39.199803362335331, -0.090543989913154 ], [ 39.200864788079571, -0.090499272023751 ], [ 39.201768869337911, -0.090286865646298 ], [ 39.202757362762156, -0.089934740595772 ], [ 39.204582223890554, -0.089453707622451 ], [ 39.205932625190542, -0.089168300576547 ], [ 39.206956879256609, -0.088859270139149 ], [ 39.2079811207322, -0.088550242399725 ], [ 39.209720661379492, -0.088160954664262 ], [ 39.211460154362669, -0.087771678620022 ], [ 39.212198282824545, -0.087570440023731 ], [ 39.214658755097503, -0.087100956144176 ], [ 39.216873181851895, -0.086698551796708 ], [ 39.218885442808983, -0.086363173921315 ], [ 39.220897684880306, -0.086027799643199 ], [ 39.222841255619528, -0.085781863841876 ], [ 39.224784836251224, -0.085535926241967 ], [ 39.226394631706967, -0.085491208352545 ], [ 39.228004449645709, -0.085446488664451 ], [ 39.229614257691878, -0.085446488664441 ], [ 39.231224064838784, -0.08544648866444 ], [ 39.232341761163411, -0.085714802296248 ], [ 39.233459459286678, -0.085983115927996 ], [ 39.234264354316565, -0.086139614151823 ], [ 39.235069266433527, -0.086296115073594 ], [ 39.236389167226328, -0.086676179362144 ], [ 39.237709058126597, -0.087056239154101 ], [ 39.239206322313976, -0.087391616130108 ], [ 39.240703575709517, -0.08772699130753 ], [ 39.241956703639005, -0.088151757297739 ], [ 39.243209829769853, -0.088576522388572 ], [ 39.244281767689472, -0.089046008066768 ], [ 39.245353696615837, -0.089515489248352 ], [ 39.246540074165125, -0.089940303801946 ], [ 39.247726442721216, -0.090365114758186 ], [ 39.248531359334834, -0.090633415799461 ], [ 39.249336249868065, -0.090901707847471 ], [ 39.250474948060457, -0.09123708662218 ], [ 39.251613624669119, -0.091572459101657 ], [ 39.252620692690869, -0.091863103799147 ], [ 39.253627767007913, -0.092153751194586 ], [ 39.25458906943004, -0.092354977200385 ], [ 39.255550384442763, -0.092556205904146 ], [ 39.256511694059498, -0.092667979943252 ], [ 39.25747300007896, -0.092779753982434 ], [ 39.25879097722185, -0.092936245910951 ], [ 39.260108946270918, -0.093092737839521 ], [ 39.261249540234139, -0.093137456628263 ], [ 39.262390135096723, -0.093182175417046 ], [ 39.263284694333208, -0.093092737839529 ], [ 39.264385225297985, -0.093003303859343 ], [ 39.265502914427998, -0.093003301161388 ], [ 39.266414638125127, -0.093003301161389 ], [ 39.267778381766959, -0.092869145694458 ], [ 39.269142141596603, -0.092734990227541 ], [ 39.270856851062888, -0.092656744712935 ], [ 39.272571566824411, -0.092578500996976 ], [ 39.274091726851793, -0.092489104788281 ], [ 39.275611879684561, -0.09239971037829 ], [ 39.2778129461106, -0.092328136034614 ], [ 39.28001402332859, -0.092256561690925 ], [ 39.281318665324193, -0.092095603729086 ], [ 39.282623306420533, -0.091934645767245 ], [ 39.284072878660481, -0.091793792149762 ], [ 39.285202017059476, -0.091684241234705 ], [ 39.286542882847812, -0.091684241234702 ], [ 39.287883757629345, -0.091684241234695 ], [ 39.288705818918459, -0.091612677682863 ], [ 39.289903634944835, -0.091532176668578 ], [ 39.291030882968926, -0.091505363381771 ], [ 39.292390819780564, -0.091451707130552 ], [ 39.293750760189482, -0.091398050879327 ], [ 39.294733036600405, -0.0912191784223 ], [ 39.296055790042715, -0.090941942616498 ], [ 39.297434814964788, -0.090584252561147 ], [ 39.298757552219286, -0.090333831840833 ], [ 39.299865712132942, -0.09006556677246 ], [ 39.300941455983434, -0.089824114990852 ], [ 39.302139256721375, -0.089484280075391 ], [ 39.303337084438965, -0.089144438864706 ], [ 39.305286400047351, -0.088838336619916 ], [ 39.307838443089736, -0.088437363093755 ], [ 39.309915567649398, -0.088111237443626 ], [ 39.31199266972596, -0.087785113592083 ], [ 39.315570852712717, -0.088089177973127 ], [ 39.319149013216418, -0.0883932387569 ], [ 39.320526135173054, -0.088643583934186 ], [ 39.321903242740518, -0.088893926413504 ], [ 39.322671915776368, -0.089037054416505 ], [ 39.323440560933193, -0.089180176124152 ], [ 39.324218746997644, -0.08926066005136 ], [ 39.3254432602983, -0.089466363781632 ], [ 39.326408384839169, -0.089645239835876 ], [ 39.327947605997281, -0.090146049800293 ], [ 39.329486834349957, -0.090646861563353 ], [ 39.331256859316682, -0.091594800059905 ], [ 39.333026884283356, -0.092542736757813 ], [ 39.33435057841649, -0.093365488726242 ], [ 39.335674271650362, -0.094188239795352 ], [ 39.33703423184437, -0.095297182119228 ], [ 39.338394180347223, -0.096406113651195 ], [ 39.340610512765011, -0.098337777366517 ], [ 39.342826831693003, -0.10026942669265 ], [ 39.34447288061898, -0.101628785240217 ], [ 39.346118935840252, -0.102988148284397 ], [ 39.34860612427326, -0.10472326336788 ], [ 39.35109330641103, -0.106458374854077 ], [ 39.353508008587767, -0.108193093336529 ], [ 39.355922697274707, -0.109927801027142 ], [ 39.357513422606416, -0.111161958657428 ], [ 39.359104145240174, -0.112396112690411 ], [ 39.360570892732547, -0.113379799238312 ], [ 39.362037645620887, -0.114363489383488 ], [ 39.363540640288363, -0.115186270130204 ], [ 39.365043635855159, -0.116009052675568 ], [ 39.366544731154477, -0.116670805313392 ], [ 39.368045813863262, -0.11733255165586 ], [ 39.368959447720385, -0.11769027498616 ], [ 39.369873059094459, -0.118047988423883 ], [ 39.370767604841149, -0.118334177879952 ], [ 39.371662136198665, -0.118620363738729 ], [ 39.373449324726614, -0.119353677230385 ], [ 39.37523650965727, -0.120086988024017 ], [ 39.376649856305903, -0.120516270409499 ], [ 39.3780631993572, -0.120945550097014 ], [ 39.378957763090341, -0.121410585929774 ], [ 39.379852307937711, -0.121875612769265 ], [ 39.381032949610983, -0.122304864577818 ], [ 39.382213581391738, -0.122734112789037 ], [ 39.383144393199245, -0.123163353805689 ], [ 39.384133667235005, -0.123625590048903 ], [ 39.385023174979608, -0.124129145643515 ], [ 39.385971070308699, -0.12466580168535 ], [ 39.386829387766113, -0.125256024945546 ], [ 39.387687689035658, -0.125846237413903 ], [ 39.389081979050168, -0.127044592134152 ], [ 39.390476242084958, -0.128242924371413 ], [ 39.391584417287106, -0.129226685563026 ], [ 39.392961508666758, -0.130478711823062 ], [ 39.393995761395331, -0.131498193187048 ], [ 39.396289826714167, -0.134002245707054 ], [ 39.398204811602852, -0.136148553313042 ], [ 39.399652483575323, -0.137613494067471 ], [ 39.401100145655278, -0.139078424029997 ], [ 39.401798239896898, -0.1399565220758 ], [ 39.402496328742643, -0.140834612926994 ], [ 39.403282195017312, -0.141514282757902 ], [ 39.404068031614429, -0.142193925609147 ], [ 39.405195287732397, -0.14289150274061 ], [ 39.406322494387666, -0.143589049295144 ], [ 39.407485980593606, -0.144179304930955 ], [ 39.408649445215758, -0.144769548875556 ], [ 39.410259261355861, -0.145109364005917 ], [ 39.41186906040889, -0.145449174639623 ], [ 39.413263320745727, -0.145467049564619 ], [ 39.414657581981885, -0.145484923590291 ], [ 39.415912600286333, -0.145379425020394 ], [ 39.417167648268389, -0.145273923752548 ], [ 39.420457819772594, -0.145159423868273 ], [ 39.423748011961209, -0.145044923084697 ], [ 39.427639007933919, -0.14506661203449 ], [ 39.43153000300731, -0.145088300084924 ], [ 39.433319102594574, -0.145338489679494 ], [ 39.435108189591347, -0.145588678374728 ], [ 39.436038978915803, -0.145764989562566 ], [ 39.436969757448423, -0.145941300750401 ], [ 39.438213355262178, -0.146280115834664 ], [ 39.439456943183416, -0.146618928220905 ], [ 39.440466873747255, -0.14698375529605 ], [ 39.441833496118988, -0.147405853897001 ], [ 39.443178173234173, -0.147806534244123 ], [ 39.444179520668399, -0.14810704990037 ], [ 39.445425014253033, -0.148622142897521 ], [ 39.446670520428199, -0.149137240391263 ], [ 39.447601325940468, -0.14970958602851 ], [ 39.448532118862261, -0.150281922672542 ], [ 39.44970514507645, -0.151011670352263 ], [ 39.450878138015696, -0.151741397347558 ], [ 39.451807021676757, -0.152385325422361 ], [ 39.452735891847965, -0.153029241805999 ], [ 39.453853607058363, -0.153816212448195 ], [ 39.454971316872843, -0.154603178593793 ], [ 39.455886854594723, -0.155361559788113 ], [ 39.456802376128792, -0.156119925693981 ], [ 39.460165041083826, -0.159067531041667 ], [ 39.463527687153089, -0.162015118402963 ], [ 39.464075103583241, -0.162562843300521 ], [ 39.464622502926204, -0.163110552010324 ], [ 39.465197570811313, -0.163670946556863 ], [ 39.466377263699826, -0.164730588046157 ], [ 39.467365260698273, -0.165603426856593 ], [ 39.468408578593085, -0.166419021120869 ], [ 39.469451893789937, -0.167234612687202 ], [ 39.470424642783087, -0.167978644298957 ], [ 39.471397390876916, -0.168722674112073 ], [ 39.472198483573209, -0.169123331076829 ], [ 39.472999571772846, -0.169523985343566 ], [ 39.474002856346772, -0.170024772824937 ], [ 39.475006118437648, -0.1705255504138 ], [ 39.476150540814842, -0.171198092218113 ], [ 39.477294934413749, -0.171870615136757 ], [ 39.478939073179731, -0.17290084070118 ], [ 39.480583193059942, -0.17393105637307 ], [ 39.481370947910989, -0.174489122574926 ], [ 39.482158677580969, -0.175047174387545 ], [ 39.4831180743397, -0.175805528602206 ], [ 39.484077450414084, -0.176563868427768 ], [ 39.48533248490628, -0.177633865610342 ], [ 39.486587515801261, -0.178703860994342 ], [ 39.487739551838899, -0.179728800343802 ], [ 39.488891586077898, -0.18075373699531 ], [ 39.49018858383613, -0.181954830151249 ], [ 39.491485583393001, -0.183155924206517 ], [ 39.492656705742434, -0.18444717979343 ], [ 39.493827819997932, -0.185738427286545 ], [ 39.495296482147012, -0.187139026944459 ], [ 39.49676513530278, -0.188539617609197 ], [ 39.498811730576968, -0.190728027876168 ], [ 39.500858314159927, -0.192916423753903 ], [ 39.501583108373779, -0.193777278198811 ], [ 39.502307887299196, -0.194638114657215 ], [ 39.50315285701879, -0.195591091155903 ], [ 39.503997812349212, -0.196544049668086 ], [ 39.504640601882329, -0.197250751321065 ], [ 39.505283368932396, -0.197957425095068 ], [ 39.50580981676967, -0.198555601959411 ], [ 39.506527902041114, -0.199371677361002 ], [ 39.508325574865466, -0.201073370939306 ], [ 39.509803765331583, -0.202411799564851 ], [ 39.510702138592876, -0.203107805580711 ], [ 39.511600501062333, -0.20380380260337 ], [ 39.512387267558381, -0.204301711354842 ], [ 39.513345703841196, -0.204885268840027 ], [ 39.514041892419471, -0.205302862736849 ], [ 39.514974600897183, -0.205832879983413 ], [ 39.516215326276324, -0.206491378873976 ], [ 39.51753808241665, -0.207165974729896 ], [ 39.518775949750307, -0.207872681778787 ], [ 39.519676201695404, -0.208408052689429 ], [ 39.520606984724623, -0.208975550980828 ], [ 39.521537768653161, -0.209543049272271 ], [ 39.522245393010508, -0.210035580977205 ], [ 39.52295302096519, -0.210528116279474 ], [ 39.52372360775837, -0.211127775226609 ], [ 39.52449418286028, -0.211727425180465 ], [ 39.525136951708987, -0.212241367944733 ], [ 39.525779709765857, -0.212755302615052 ], [ 39.52636717570465, -0.213301395243149 ], [ 39.526954641643442, -0.21384748697188 ], [ 39.527661324410644, -0.214538147417495 ], [ 39.528652188447779, -0.215523239605772 ], [ 39.529596363281598, -0.216497636156933 ], [ 39.5305004427413, -0.21754162944263 ], [ 39.531366345080812, -0.21858559934589 ], [ 39.532136914786861, -0.219576054191522 ], [ 39.532764438328229, -0.22061467762523 ], [ 39.533181206647441, -0.221449883405349 ], [ 39.53381824681469, -0.222638431918023 ], [ 39.534369474571633, -0.223660979970199 ], [ 39.535564439747134, -0.226096972697064 ], [ 39.536636367774179, -0.228302741678129 ], [ 39.537000665148639, -0.229084375743296 ], [ 39.537364952630526, -0.229865991822013 ], [ 39.537759790082305, -0.230733314191073 ], [ 39.538154617641567, -0.231600612278377 ], [ 39.538595220692912, -0.232425128716671 ], [ 39.539035809355198, -0.233249616376672 ], [ 39.539590850237573, -0.234406065387528 ], [ 39.540333756797509, -0.235878352703762 ], [ 39.541025162781075, -0.237093618275823 ], [ 39.541421889708488, -0.238121562260232 ], [ 39.541810987686972, -0.239162839593346 ], [ 39.542348883893915, -0.240354060891144 ], [ 39.542927754112611, -0.241510510801394 ], [ 39.543595312773505, -0.242650850256495 ], [ 39.544162760702875, -0.243486062331839 ], [ 39.544746398227744, -0.244278412718537 ], [ 39.545554129719392, -0.245172458442135 ], [ 39.546562205881173, -0.245900631408973 ], [ 39.547631251581038, -0.246553755051699 ], [ 39.548681249640026, -0.24716945970277 ], [ 39.549714093130945, -0.247758384341915 ], [ 39.550849934177165, -0.248261647656868 ], [ 39.552206026387069, -0.248692595586758 ], [ 39.553424823596799, -0.2490004569055 ], [ 39.554283138356197, -0.249203930317099 ], [ 39.555310254964354, -0.249460898101908 ], [ 39.55661585383865, -0.249792836969794 ], [ 39.557579055628992, -0.25003911361415 ], [ 39.558477425293006, -0.250344267973566 ], [ 39.55965616939676, -0.250777925560789 ], [ 39.560535438359864, -0.251109858133418 ], [ 39.561370854581305, -0.251431050102841 ], [ 39.562665951172733, -0.25195573796691 ], [ 39.563682562800068, -0.252373357044745 ], [ 39.564357765698389, -0.252780238217392 ], [ 39.565032952408899, -0.253187107698811 ], [ 39.565753935295902, -0.253652913351227 ], [ 39.566589346121475, -0.254306087355989 ], [ 39.567409514337669, -0.255028839209494 ], [ 39.568031316392194, -0.255585619380777 ], [ 39.568674112220549, -0.256088862910638 ], [ 39.569316873874698, -0.256592081259504 ], [ 39.570226687411783, -0.257255970686456 ], [ 39.571136459579975, -0.257919832234443 ], [ 39.572195063251627, -0.258765753436706 ], [ 39.573253631849695, -0.259611647659377 ], [ 39.57405855835583, -0.260275541582921 ], [ 39.574863439895864, -0.260939398634257 ], [ 39.575696959447157, -0.261656830098562 ], [ 39.576530451119481, -0.262374237281164 ], [ 39.577505109373362, -0.263241556052945 ], [ 39.578479762231268, -0.264108872126706 ], [ 39.579475390876667, -0.265051117914715 ], [ 39.580471023119287, -0.265993367300046 ], [ 39.581306453729894, -0.266849993132606 ], [ 39.582141879843959, -0.267706615367963 ], [ 39.582881947244118, -0.26857390626071 ], [ 39.583621993060603, -0.269441172871774 ], [ 39.584295290295472, -0.270276407430238 ], [ 39.58496856864457, -0.271111616807608 ], [ 39.585557942045455, -0.271904004066479 ], [ 39.586147313647643, -0.272696391325322 ], [ 39.586576468329383, -0.273328101210831 ], [ 39.587005623910443, -0.273959814693632 ], [ 39.587497723940885, -0.274741472141155 ], [ 39.587989814078696, -0.275523110702973 ], [ 39.588502888097878, -0.276540342862459 ], [ 39.589015953123806, -0.277557557934919 ], [ 39.589424117628994, -0.278285679640354 ], [ 39.589832282134182, -0.27901379774852 ], [ 39.590270991213345, -0.279902525780866 ], [ 39.590709691299253, -0.280791236726142 ], [ 39.591287628921009, -0.281958378676161 ], [ 39.591865554851552, -0.283125496344551 ], [ 39.592979443446609, -0.285320566091224 ], [ 39.594093322149149, -0.287515618750771 ], [ 39.594478608800785, -0.288318686358257 ], [ 39.595045078267788, -0.289421550164381 ], [ 39.595442452707061, -0.29016748833886 ], [ 39.595886217774762, -0.291124066622326 ], [ 39.596500400772925, -0.292264425862521 ], [ 39.597078334797345, -0.293190651127591 ], [ 39.597749704785087, -0.294159684122061 ], [ 39.598515680754133, -0.295201877864323 ], [ 39.599166877149692, -0.296135215867483 ], [ 39.599721912636198, -0.296857957828429 ], [ 39.600300474387438, -0.297487921230531 ], [ 39.600967418811365, -0.298158935086745 ], [ 39.601566317831328, -0.298758549967025 ], [ 39.602218639278817, -0.299390308415978 ], [ 39.603129862952869, -0.300241166896292 ], [ 39.604202237043637, -0.301147863383169 ], [ 39.605239836149565, -0.301981514235421 ], [ 39.606063831880363, -0.302634672951747 ], [ 39.606882080943308, -0.303179455267576 ], [ 39.607700333603589, -0.303724240281434 ], [ 39.609943387577346, -0.305061306434078 ], [ 39.612186438853143, -0.306398368989509 ], [ 39.614860545078159, -0.308364588255066 ], [ 39.617534635115362, -0.310330795829549 ], [ 39.619499206822979, -0.312021770388355 ], [ 39.62146376683944, -0.313712734155327 ], [ 39.622484206880699, -0.314880022694865 ], [ 39.623504636130129, -0.316047297744543 ], [ 39.624834060743353, -0.317569760036345 ], [ 39.626253130677469, -0.319194582264116 ], [ 39.626302722892376, -0.325313627022238 ], [ 39.626262679678973, -0.331330307347749 ], [ 39.626224528639113, -0.347335532808524 ], [ 39.626186376699991, -0.363340743880207 ], [ 39.626157759373143, -0.371328033062247 ], [ 39.626129142046295, -0.379315270982938 ], [ 39.626092911958381, -0.389829752241204 ], [ 39.626056682769729, -0.40034417594291 ], [ 39.62600327742939, -0.415658813803199 ], [ 39.625943441936329, -0.430959584117485 ], [ 39.626097844739775, -0.439878973835502 ], [ 39.626782702759556, -0.449088179076174 ], [ 39.627670143862076, -0.44985656702692 ], [ 39.628258223138516, -0.450794046408082 ], [ 39.628491150246418, -0.451718283272093 ], [ 39.628934802898868, -0.452572783107429 ], [ 39.629526884158452, -0.453284143248545 ], [ 39.630257154344235, -0.453966448992391 ], [ 39.630904262421836, -0.454577888158948 ], [ 39.631865768990117, -0.45542657837381 ], [ 39.632943619952137, -0.456300326398882 ], [ 39.633842362834855, -0.45687792317755 ], [ 39.63464787210166, -0.457222320353772 ], [ 39.635845969615843, -0.457930933965366 ], [ 39.636587255597419, -0.458954747363637 ], [ 39.63666628891815, -0.45983131386401 ], [ 39.636652665088491, -0.460845916405852 ], [ 39.636162801672015, -0.461864636044084 ], [ 39.635490813850026, -0.462745354714289 ], [ 39.63459853709287, -0.463417648305777 ], [ 39.633517001608368, -0.464207340296463 ], [ 39.632780345336698, -0.465135231105982 ], [ 39.632596464555263, -0.466164865815873 ], [ 39.632556287342823, -0.467100805557667 ], [ 39.632325738941745, -0.468104144090945 ], [ 39.631905856270293, -0.469432857340443 ], [ 39.631550384842456, -0.470323768926741 ], [ 39.631273817232909, -0.47104466098227 ], [ 39.630966442447402, -0.4721221027528 ], [ 39.631009191720864, -0.473116401300843 ], [ 39.631343235002362, -0.474212500406509 ], [ 39.63178878702297, -0.475483788346085 ], [ 39.632062087395468, -0.476496594042545 ], [ 39.632126138910223, -0.477540403866504 ], [ 39.632070023912547, -0.478564962802751 ], [ 39.631932215399502, -0.479783704254484 ], [ 39.631732085667295, -0.480885437612805 ], [ 39.631566135568733, -0.481975406040129 ], [ 39.631456804088316, -0.483386195016856 ], [ 39.631378441661809, -0.484456640961188 ], [ 39.631328988841801, -0.485258454014396 ], [ 39.63127367873733, -0.486511029760156 ], [ 39.631284692734425, -0.48808099244383 ], [ 39.63145434084521, -0.489343433752427 ], [ 39.631672807753944, -0.490237773554391 ], [ 39.632168514065711, -0.491386077405481 ], [ 39.632769859241648, -0.492433003380378 ], [ 39.633312196300892, -0.493049939203278 ], [ 39.662926558314041, -0.492986325658364 ], [ 39.692544419589353, -0.493139296741109 ], [ 39.693603019663669, -0.494188052836301 ], [ 39.694647295336438, -0.495222483630649 ], [ 39.697437984275616, -0.497909208243307 ], [ 39.700224601983855, -0.500592046885405 ], [ 39.701238420316884, -0.501515359246404 ], [ 39.702205296737134, -0.50246100986766 ], [ 39.703159131189011, -0.503598154930847 ], [ 39.704116077295168, -0.504738733605621 ], [ 39.704557296382177, -0.506128705075648 ], [ 39.704997875151889, -0.507516706131016 ], [ 39.705428874343113, -0.5087254687054 ], [ 39.70595912001744, -0.509873357069744 ], [ 39.706700584964096, -0.511143534346566 ], [ 39.707444544630114, -0.512418327843527 ], [ 39.708574691169133, -0.513756367961952 ], [ 39.709719888761924, -0.515112077960003 ], [ 39.71116615599334, -0.51605519069443 ], [ 39.712634732706817, -0.517012921908753 ], [ 39.714994058229252, -0.51841297567824 ], [ 39.717351732596455, -0.519812047388023 ], [ 39.718846334790555, -0.521167263658235 ], [ 39.720339482780957, -0.522521172314218 ], [ 39.721598092078352, -0.524042031114796 ], [ 39.722844513763334, -0.525548266039613 ], [ 39.723629740620083, -0.526886438358424 ], [ 39.724413169732038, -0.528221578163252 ], [ 39.724979299255324, -0.529672361790006 ], [ 39.725548732887773, -0.531131858948076 ], [ 39.72590460901057, -0.531949965918156 ], [ 39.726355263784455, -0.533007890601589 ], [ 39.726290258088966, -0.533930955649048 ], [ 39.726213440697791, -0.534840351900706 ], [ 39.726056223016315, -0.536717108407801 ], [ 39.725922135897918, -0.538269016302018 ], [ 39.725736451975706, -0.539652812127538 ], [ 39.725652434612243, -0.541067524846373 ], [ 39.725597405995529, -0.542105927046863 ], [ 39.725586270589986, -0.543136612164851 ], [ 39.725717013129724, -0.544092817229678 ], [ 39.726285669747938, -0.544813967390609 ], [ 39.72709235802597, -0.545344790429681 ], [ 39.728188878913677, -0.545719593684221 ], [ 39.729497977050073, -0.545787157051626 ], [ 39.731249599189709, -0.545393704555747 ], [ 39.732721202121809, -0.545039672043175 ], [ 39.734176769242538, -0.544640043902853 ], [ 39.735637983206402, -0.544238859036063 ], [ 39.737614241604035, -0.543892895240901 ], [ 39.739608232833746, -0.543543827885295 ], [ 39.742588882870677, -0.543352255202362 ], [ 39.745592479109689, -0.543159406381441 ], [ 39.746796905153076, -0.543135031156739 ], [ 39.747872420575789, -0.543328359316258 ], [ 39.749107458642364, -0.54389313176256 ], [ 39.750342497608244, -0.54445790420886 ], [ 39.751609701726409, -0.54495059419452 ], [ 39.752857946337201, -0.545414612894037 ], [ 39.754608973125642, -0.545979755860977 ], [ 39.756344826552549, -0.546539734021451 ], [ 39.757114202858247, -0.54688648202546 ], [ 39.75786891391931, -0.547226216216865 ], [ 39.758600155372903, -0.54765017191783 ], [ 39.759270286094882, -0.548122262932062 ], [ 39.760368278273461, -0.548897143088658 ], [ 39.761444952023005, -0.549656796823691 ], [ 39.762533308865159, -0.55050259481886 ], [ 39.763600731288761, -0.551331644739547 ], [ 39.764399311279249, -0.552031311895458 ], [ 39.765140556791323, -0.552726992356775 ], [ 39.766144940336801, -0.553632187875108 ], [ 39.767149323882222, -0.554537385192139 ], [ 39.767913624414291, -0.555264811721662 ], [ 39.768695154158081, -0.556001415832613 ], [ 39.770509486923345, -0.557643038295507 ], [ 39.772323819688552, -0.559284658959763 ], [ 39.773050241675378, -0.559776885794574 ], [ 39.775716576858606, -0.561323761982004 ], [ 39.778135795430671, -0.562727297027089 ], [ 39.780840932762885, -0.564596659308333 ], [ 39.783806315908805, -0.566613469935648 ], [ 39.785143254357763, -0.567255666815528 ], [ 39.786225084819876, -0.567773660126246 ], [ 39.78741874867638, -0.568441234075643 ], [ 39.788576777796095, -0.569155236424987 ], [ 39.790679447598507, -0.570429064050012 ], [ 39.792806202144561, -0.57171760908033 ], [ 39.796181650063147, -0.573651497718405 ], [ 39.799607013952595, -0.575614016273781 ], [ 39.801492369777122, -0.57667367844744 ], [ 39.803403267247063, -0.577747643438954 ], [ 39.804599935738509, -0.578463780778812 ], [ 39.805749784624936, -0.579222123302312 ], [ 39.807146658391616, -0.580154304777292 ], [ 39.808543531259033, -0.581086486252279 ], [ 39.809328374105242, -0.581670609411044 ], [ 39.810042234361674, -0.582388774722112 ], [ 39.810945386620347, -0.583548038611067 ], [ 39.811848539778339, -0.584707303399276 ], [ 39.812503040283161, -0.585523525390337 ], [ 39.813187570949708, -0.58635858008438 ], [ 39.814019490607052, -0.587386286647752 ], [ 39.814657415707245, -0.588246399151952 ], [ 39.815421317839593, -0.589257963783958 ], [ 39.816185220871319, -0.59026952931526 ], [ 39.816944818848356, -0.591369896603394 ], [ 39.817606967187828, -0.592505047869628 ], [ 39.818045630401571, -0.5933779892028 ], [ 39.818484292716001, -0.59425092963664 ], [ 39.818824647439556, -0.595069084270786 ], [ 39.819110962800721, -0.595881106427898 ], [ 39.819614006681093, -0.597107820369553 ], [ 39.820117050561464, -0.598334534311279 ], [ 39.820445842701531, -0.599255564192902 ], [ 39.820820617177787, -0.600539984032985 ], [ 39.821130505568419, -0.601783146574918 ], [ 39.821247376065628, -0.60272678181547 ], [ 39.821308982323735, -0.603946499930993 ], [ 39.821370709990333, -0.605168272098005 ], [ 39.821417877633003, -0.606785489658589 ], [ 39.821464584822763, -0.60838792776059 ], [ 39.821436059226812, -0.609408223910356 ], [ 39.821408577743739, -0.610411810656498 ], [ 39.821324617936796, -0.611339330945327 ], [ 39.821050356189062, -0.612512969597838 ], [ 39.820680185342326, -0.613909703969619 ], [ 39.820382427906793, -0.615051178369136 ], [ 39.82019618100901, -0.615970338560209 ], [ 39.82000568211658, -0.616912460241794 ], [ 39.81986635015199, -0.617784147020702 ], [ 39.819773522130397, -0.61868636938039 ], [ 39.819728805140301, -0.619646143854427 ], [ 39.819685271657988, -0.620589333930584 ], [ 39.819869484289313, -0.621819700019101 ], [ 39.82009732483175, -0.623279923829392 ], [ 39.82030321921826, -0.624300371065206 ], [ 39.820490457168944, -0.625058252236505 ], [ 39.820703759271112, -0.6258104478938 ], [ 39.821035011956269, -0.626909489581239 ], [ 39.821550398132445, -0.628126076257395 ], [ 39.821989177358716, -0.629124378587163 ], [ 39.822321617148987, -0.629909460653031 ], [ 39.822682464724039, -0.630626941580036 ], [ 39.823190463868855, -0.631197602787102 ], [ 39.824049924364544, -0.632028661793241 ], [ 39.824817000204462, -0.632794686325659 ], [ 39.825426288192716, -0.633306866418699 ], [ 39.826069108302761, -0.633773703593468 ], [ 39.826759732775486, -0.634243144305626 ], [ 39.827700861605535, -0.634914607822846 ], [ 39.828671434239368, -0.635874507302611 ], [ 39.829382124385575, -0.636671105187312 ], [ 39.829967959853491, -0.637364880884486 ], [ 39.830549823915305, -0.638062487693622 ], [ 39.831658345356402, -0.63938122656231 ], [ 39.83275842755944, -0.640690021627159 ], [ 39.834063573175399, -0.642248148333353 ], [ 39.835360294841792, -0.643796064137 ], [ 39.836031568602039, -0.64469050556233 ], [ 39.836630768894906, -0.645635148043597 ], [ 39.837362119166528, -0.646877134272301 ], [ 39.8382345191078, -0.64836158671778 ], [ 39.838896395852032, -0.649473674870129 ], [ 39.839682512138268, -0.650757362662089 ], [ 39.840382330380294, -0.652087232439779 ], [ 39.840763835382745, -0.652889677716424 ], [ 39.84132123878419, -0.654106955071882 ], [ 39.841863178343033, -0.65529049076349 ], [ 39.841980002974822, -0.656119011882817 ], [ 39.842195898721798, -0.657504778122991 ], [ 39.842346462319426, -0.658958198561943 ], [ 39.842437228195593, -0.660060994019608 ], [ 39.842529788219224, -0.661305474967662 ], [ 39.842560303115533, -0.66261912727089 ], [ 39.842551725381895, -0.663950408084809 ], [ 39.842543146748881, -0.665276302859077 ], [ 39.842598819280113, -0.667082504853682 ], [ 39.84265417794802, -0.668877459027435 ], [ 39.84300051316319, -0.670353176357933 ], [ 39.843351302720521, -0.67184799079212 ], [ 39.844243049776992, -0.673745777945277 ], [ 39.845147772251948, -0.675670959347264 ], [ 39.845791175122713, -0.676625390948964 ], [ 39.846438561990112, -0.677585800344392 ], [ 39.846858505815419, -0.678324992704183 ], [ 39.847812823203299, -0.679969112584441 ], [ 39.84863917785583, -0.681374958887208 ], [ 39.84972069805184, -0.682503497438403 ], [ 39.850810593634037, -0.683640732433795 ], [ 39.851428425181723, -0.684282264714683 ], [ 39.85218346539466, -0.685283488042501 ], [ 39.852751022142002, -0.686074271810124 ], [ 39.853558749136994, -0.687365906911055 ], [ 39.854369272124245, -0.68866208358822 ], [ 39.854872701813804, -0.68970070342465 ], [ 39.855378000294536, -0.69074332344558 ], [ 39.85575972473157, -0.691689146736685 ], [ 39.856065281987242, -0.692699247272393 ], [ 39.856453131706701, -0.694268511182766 ], [ 39.856845677685953, -0.695855709373467 ], [ 39.857164953200083, -0.697770151970874 ], [ 39.857487101148877, -0.699701840867185 ], [ 39.857637646760054, -0.700713787711102 ], [ 39.85772022790627, -0.701810263632698 ], [ 39.85773393986949, -0.703436861122207 ], [ 39.857747740865591, -0.705067333790395 ], [ 39.857653788691444, -0.707474317985315 ], [ 39.857559991200674, -0.709877615859231 ], [ 39.857569522215726, -0.71132868996704 ], [ 39.857579053230779, -0.712771991234375 ], [ 39.857583754886434, -0.71378193978466 ], [ 39.857630123031811, -0.715390397049131 ], [ 39.857808604283719, -0.716711075755492 ], [ 39.858026092730029, -0.718110882211425 ], [ 39.858550117793754, -0.719352354027882 ], [ 39.859160404029467, -0.720534216081154 ], [ 39.859783509201634, -0.721362613993384 ], [ 39.860560822024354, -0.722305045041762 ], [ 39.861348272005216, -0.72326014663838 ], [ 39.862255809358146, -0.724209444010566 ], [ 39.863171428019029, -0.725167272351718 ], [ 39.863651682179466, -0.725818679188652 ], [ 39.864337676942284, -0.726730587246773 ], [ 39.865146864436269, -0.727848467932411 ], [ 39.865741740788735, -0.728759708693534 ], [ 39.866050104828503, -0.72955867089587 ], [ 39.866470438959652, -0.7306888039451 ], [ 39.866787818702903, -0.731711110079629 ], [ 39.867012240922236, -0.732559109615181 ], [ 39.867236663141568, -0.733407110050046 ], [ 39.867550568803779, -0.734515958844378 ], [ 39.867809370306247, -0.735717859591495 ], [ 39.867967203123953, -0.736854843676034 ], [ 39.868125035042397, -0.737991827760593 ], [ 39.868244849919961, -0.738993490856842 ], [ 39.868251634405453, -0.74003828004254 ], [ 39.868162954057141, -0.741213400777773 ], [ 39.868074272809508, -0.742388522412334 ], [ 39.867925085174591, -0.743270944398553 ], [ 39.867680981292324, -0.744157735291197 ], [ 39.867372676607772, -0.745302690966359 ], [ 39.867061209906979, -0.746458897160325 ], [ 39.866416914009449, -0.747935029977619 ], [ 39.865387557190047, -0.749884677435884 ], [ 39.864611785805323, -0.751321484698732 ], [ 39.864067740933535, -0.752475866168256 ], [ 39.863636184162601, -0.7533006209269 ], [ 39.863205214648985, -0.75412419937226 ], [ 39.862875506099783, -0.754888177947003 ], [ 39.862653943724581, -0.755708174392676 ], [ 39.862512668325053, -0.756687635026311 ], [ 39.862370897399046, -0.757669865571814 ], [ 39.862464149900639, -0.758867506230393 ], [ 39.862599228971305, -0.760329532282016 ], [ 39.862819758924786, -0.761123649836519 ], [ 39.863397067021083, -0.762281658271889 ], [ 39.864081315300496, -0.763663293026528 ], [ 39.864591224605363, -0.764552675765341 ], [ 39.8651455757078, -0.765157953676585 ], [ 39.866559438567265, -0.766897601343211 ], [ 39.868197827967435, -0.768940116393204 ], [ 39.870056301257364, -0.771782070286293 ], [ 39.871582866256347, -0.774156022382507 ], [ 39.8732113307384, -0.7763800970638 ], [ 39.874839098245843, -0.778603229255568 ], [ 39.875555991016199, -0.779611663347566 ], [ 39.876260185359342, -0.780703071589419 ], [ 39.877720056635383, -0.783101609351717 ], [ 39.879170834866216, -0.785485240851127 ], [ 39.880411448729433, -0.78799209386 ], [ 39.881643459677953, -0.790481741039452 ], [ 39.882459943371714, -0.792536556117109 ], [ 39.883271240675242, -0.794578083711544 ], [ 39.883772103699698, -0.796651721599626 ], [ 39.884265240648404, -0.79869367817065 ], [ 39.884923193650536, -0.80168640430407 ], [ 39.885575679673934, -0.804656614111421 ], [ 39.885923960122739, -0.805694333726476 ], [ 39.886276343278666, -0.806759753359871 ], [ 39.886627951218998, -0.808332538116069 ], [ 39.88697517766235, -0.809886928139184 ], [ 39.887575967956593, -0.811411293396424 ], [ 39.88816074132518, -0.812895616339571 ], [ 39.889126159944396, -0.815046318033128 ], [ 39.890079677834933, -0.817170084132047 ], [ 39.890915969096739, -0.818384664420699 ], [ 39.891746368899874, -0.81959089810141 ], [ 39.892454600299629, -0.820590428005806 ], [ 39.893207370623713, -0.821584693278899 ], [ 39.894697564341186, -0.823383821206339 ], [ 39.896179522067314, -0.825172708553618 ], [ 39.897318085361405, -0.826924156224776 ], [ 39.898452959636415, -0.828669991227057 ], [ 39.899457855795454, -0.830540594572717 ], [ 39.900589799179954, -0.832624720354484 ], [ 39.901040001594822, -0.833547974259547 ], [ 39.901203743857764, -0.834364038869232 ], [ 39.901298103424779, -0.835381277324016 ], [ 39.901392462991851, -0.836398513980211 ], [ 39.901561255847355, -0.837680663032139 ], [ 39.901765954135556, -0.838975101319825 ], [ 39.902071274869513, -0.84041958339703 ], [ 39.902376595603471, -0.841864064574848 ], [ 39.902577193882451, -0.842866975030799 ], [ 39.902775978228874, -0.843868582369106 ], [ 39.903006539220485, -0.845211296264266 ], [ 39.903239052640231, -0.846564334376462 ], [ 39.903301755171924, -0.848143090631076 ], [ 39.903365335441947, -0.849749928216576 ], [ 39.903462005367317, -0.85146867473952 ], [ 39.903558802996429, -0.853189584131938 ], [ 39.903566428348029, -0.854647627086248 ], [ 39.903574052800366, -0.856078959276484 ], [ 39.903213087414095, -0.858334000313797 ], [ 39.902854052872271, -0.860576616317753 ], [ 39.903003057944829, -0.862536756166322 ], [ 39.903151667315626, -0.864491744698221 ], [ 39.903239052640231, -0.86577445942374 ], [ 39.903330806871281, -0.867060341561454 ], [ 39.903419836156559, -0.868374862609754 ], [ 39.903508865441836, -0.869689383658061 ], [ 39.903649818884105, -0.870579850079997 ], [ 39.903851989178008, -0.871480558880642 ], [ 39.9040456168118, -0.872380935831478 ], [ 39.904239244445648, -0.873281312782302 ], [ 39.904461803269669, -0.874273381011676 ], [ 39.904738537253763, -0.875253847087321 ], [ 39.905007877011947, -0.876006024758164 ], [ 39.905362221589314, -0.877023971878763 ], [ 39.905544633777879, -0.878237901957559 ], [ 39.905546381160605, -0.87974294078407 ], [ 39.905446361260601, -0.880900398834281 ], [ 39.905311352337094, -0.881717014728395 ], [ 39.905173240752504, -0.882553021804477 ], [ 39.904466860157527, -0.884737850071706 ], [ 39.903750365786777, -0.886954460379973 ], [ 39.903475203817663, -0.888146150224605 ], [ 39.903197151427435, -0.889351473791407 ], [ 39.90301983479759, -0.890251678072443 ], [ 39.902951594240733, -0.891121228961477 ], [ 39.903011748993094, -0.892068962412624 ], [ 39.903122369202038, -0.893303968103627 ], [ 39.903451491393241, -0.894540049383748 ], [ 39.903725879945455, -0.895538677268124 ], [ 39.903939038156125, -0.896280584681157 ], [ 39.904264152968324, -0.897326166169593 ], [ 39.904625177709818, -0.898446028961017 ], [ 39.905072851231125, -0.899310886288329 ], [ 39.90572270314027, -0.899913569655494 ], [ 39.906798097154535, -0.900603205773278 ], [ 39.907864115736402, -0.901286052908975 ], [ 39.908742264144223, -0.901990686121229 ], [ 39.909611005643455, -0.902687416091338 ], [ 39.910333850127131, -0.903371365795859 ], [ 39.910970987421194, -0.904092185905599 ], [ 39.911903771441928, -0.905231100834612 ], [ 39.912841740953638, -0.906376240870763 ], [ 39.913909609440964, -0.908055535934181 ], [ 39.914984677900634, -0.909746490707963 ], [ 39.915769536934647, -0.910943332768566 ], [ 39.916558398851066, -0.912146268635357 ], [ 39.917235209737214, -0.913291913191183 ], [ 39.917845432121055, -0.914491398359297 ], [ 39.91849786058782, -0.91582008732712 ], [ 39.919150289054642, -0.917148776294943 ], [ 39.919563943920934, -0.917999240872237 ], [ 39.919979662731294, -0.918907826834702 ], [ 39.92042370299157, -0.919936672839125 ], [ 39.920868177624357, -0.920966521587673 ], [ 39.921386075606961, -0.922606872409183 ], [ 39.921904544659071, -0.924248897768392 ], [ 39.922217631038905, -0.925085194426111 ], [ 39.922480449812952, -0.925933776722381 ], [ 39.922670478359919, -0.926892373084513 ], [ 39.92286050600763, -0.927850969446631 ], [ 39.92303628839403, -0.928768116055657 ], [ 39.92318970823851, -0.9296750355744 ], [ 39.923422433898281, -0.930975600943156 ], [ 39.92365480342648, -0.932274085280764 ], [ 39.923872760419613, -0.933346555599028 ], [ 39.924085584981817, -0.93439208492675 ], [ 39.924406863286151, -0.935164186178221 ], [ 39.924805321408485, -0.936235517055416 ], [ 39.925137182035371, -0.937433378947218 ], [ 39.92538743278385, -0.938327486724055 ], [ 39.925635194208894, -0.939261944383197 ], [ 39.925941898999497, -0.940142128856104 ], [ 39.926464531912643, -0.941389516412975 ], [ 39.926987165725166, -0.942636903969908 ], [ 39.927370194179161, -0.943502772135162 ], [ 39.927805406694233, -0.944418682176374 ], [ 39.928256403210469, -0.945420419017074 ], [ 39.928707398827441, -0.946422155857768 ], [ 39.929211455344443, -0.9473647496834 ], [ 39.929922133799494, -0.948408438998225 ], [ 39.930459428359995, -0.949162302897881 ], [ 39.9311122561258, -0.950096619363415 ], [ 39.931769587696351, -0.951037335404627 ], [ 39.932357381887698, -0.951864146912786 ], [ 39.932874421017743, -0.95270954381033 ], [ 39.933406298961586, -0.953828434434619 ], [ 39.933938176905372, -0.954947324159654 ], [ 39.934554100091702, -0.95617420987185 ], [ 39.935136045991783, -0.957417019879531 ], [ 39.935669873665802, -0.95862777355285 ], [ 39.936203702239141, -0.959838527226233 ], [ 39.936531615741501, -0.960694928228289 ], [ 39.936777655864205, -0.961606908232169 ], [ 39.937084905643928, -0.96291999486181 ], [ 39.937392156323028, -0.964233082390822 ], [ 39.937546599595919, -0.96528489708026 ], [ 39.937640749620925, -0.966374409551295 ], [ 39.937764492737188, -0.967578181787585 ], [ 39.93788823585345, -0.968781954923266 ], [ 39.937977382050576, -0.96959494385152 ], [ 39.938096278720366, -0.970456454801483 ], [ 39.938239520937202, -0.971399620595944 ], [ 39.938382762254719, -0.97234278639042 ], [ 39.938546335445096, -0.973562569257126 ], [ 39.938644496446386, -0.974767918004951 ], [ 39.938705618869278, -0.976403093228102 ], [ 39.938767459850453, -0.978054428369142 ], [ 39.938673897082708, -0.979837489008842 ], [ 39.938579572589276, -0.981637305816951 ], [ 39.938536802631404, -0.98246741334043 ], [ 39.938454571321479, -0.983289867633236 ], [ 39.938331088109294, -0.984136932773191 ], [ 39.938166119171115, -0.985230225994089 ], [ 39.937926323041438, -0.986403552581867 ], [ 39.937658068764904, -0.987493594753573 ], [ 39.937402571371649, -0.988516466561638 ], [ 39.937114504131102, -0.989472220166753 ], [ 39.936850613365152, -0.99030206328957 ], [ 39.936509626418172, -0.991587246654038 ], [ 39.93616855313627, -0.992872741183981 ], [ 39.935808673231747, -0.994549808626735 ], [ 39.935444710405136, -0.996246709717802 ], [ 39.935295022747141, -0.996996414253088 ], [ 39.935096281568178, -0.998068116550322 ], [ 39.934833630967375, -0.999228305841592 ], [ 39.93442330089465, -1.000334998061649 ], [ 39.934273544888242, -1.001702655553059 ], [ 39.934348123866869, -1.002789164288463 ], [ 39.93471066396603, -1.003776446325903 ], [ 39.935135358909747, -1.004806538790662 ], [ 39.935612012184663, -1.005647509225127 ], [ 39.936091017186754, -1.006417594196589 ], [ 39.936564991381317, -1.007179552894002 ], [ 39.937054846703859, -1.00794194326602 ], [ 39.937692921091468, -1.008954633849209 ], [ 39.938159930936138, -1.009793400944663 ], [ 39.938579771339448, -1.010545558830408 ], [ 39.939278628206182, -1.011797133630755 ], [ 39.939957196367573, -1.012916314736114 ], [ 39.940578933670906, -1.013815717721168 ], [ 39.941184334789284, -1.014690615979078 ], [ 39.942095696059596, -1.015648912866997 ], [ 39.942986330654662, -1.016584890380324 ], [ 39.943752724808462, -1.017466475097704 ], [ 39.944417830118823, -1.018399924616796 ], [ 39.945402704671153, -1.020043525588168 ], [ 39.946380240755559, -1.021675271696374 ], [ 39.94695988259258, -1.022976280430954 ], [ 39.947534699566802, -1.02426643075114 ], [ 39.947951756568386, -1.025300616030556 ], [ 39.948352975609396, -1.026394671876568 ], [ 39.948727191606679, -1.027382170650585 ], [ 39.949241363698036, -1.028722628146746 ], [ 39.949732050893488, -1.029773670318603 ], [ 39.95096225420474, -1.03183430400986 ], [ 39.952183209787336, -1.033879085351486 ], [ 39.95298682688059, -1.035247098075043 ], [ 39.953781109910324, -1.036599244059809 ], [ 39.954154068655384, -1.037283193764329 ], [ 39.95449461583388, -1.038001780857421 ], [ 39.954922608591573, -1.039007939664656 ], [ 39.955350602248529, -1.04001410027046 ], [ 39.955717960015875, -1.040879427943194 ], [ 39.956057774246915, -1.041737879399591 ], [ 39.956372420950515, -1.04252218984714 ], [ 39.956814842431072, -1.043652495566164 ], [ 39.957191825642269, -1.044734985231351 ], [ 39.957536588842572, -1.045703348230916 ], [ 39.957881352042818, -1.04667171123043 ], [ 39.958189920228676, -1.047756675829881 ], [ 39.958636055010004, -1.04893444237058 ], [ 39.959172404383025, -1.050165247328267 ], [ 39.95962181989114, -1.051182224080324 ], [ 39.959984404057082, -1.051865600916699 ], [ 39.960590682014413, -1.052967884660122 ], [ 39.961142615739163, -1.053973553336792 ], [ 39.961550748768104, -1.054834425768095 ], [ 39.962116732601203, -1.056043425763457 ], [ 39.962616523633699, -1.057100347702824 ], [ 39.962994905290714, -1.057836630755845 ], [ 39.963373286048352, -1.058572913808861 ], [ 39.963936865993617, -1.059671130818008 ], [ 39.964488531720406, -1.060751363184809 ], [ 39.965475106890722, -1.06266262128293 ], [ 39.966460991381723, -1.064572522303986 ], [ 39.967067383552944, -1.065969568740565 ], [ 39.967673240627619, -1.067365366018798 ], [ 39.967998661209322, -1.068142534050647 ], [ 39.968506615388037, -1.069252855934516 ], [ 39.969230654171383, -1.070611741438657 ], [ 39.969746320036677, -1.071524909446967 ], [ 39.97017753776322, -1.072302538831085 ], [ 39.970721796673615, -1.073289602333267 ], [ 39.971317064231187, -1.074303322640157 ], [ 39.971764235031458, -1.075048975729596 ], [ 39.972173913095673, -1.075774475011945 ], [ 39.972598271692959, -1.076513739317598 ], [ 39.973077656208943, -1.077285557282615 ], [ 39.97356055257751, -1.078063147096492 ], [ 39.974011678596128, -1.078827596016715 ], [ 39.974466347044313, -1.079597766423712 ], [ 39.975008040188982, -1.080442899819895 ], [ 39.975970532414181, -1.081992830104982 ], [ 39.97692208168877, -1.083604876563761 ], [ 39.977544699428393, -1.084857540443071 ], [ 39.978097090908079, -1.08591165200107 ], [ 39.978530315022056, -1.086772983086629 ], [ 39.978890657178113, -1.087494223179822 ], [ 39.979251000233546, -1.088215463272951 ], [ 39.979678661141349, -1.089001253105323 ], [ 39.980334834385133, -1.090226300603262 ], [ 39.980847866136173, -1.091192772328549 ], [ 39.981289515998412, -1.092021913080767 ], [ 39.981880137658266, -1.093121455690599 ], [ 39.982379641807086, -1.093980865824282 ], [ 39.983254521179276, -1.095308010656142 ], [ 39.984142021637069, -1.096654990935015 ], [ 39.984882949688426, -1.097999159933242 ], [ 39.985639677928873, -1.099371771789776 ], [ 39.986357776690113, -1.100877702743724 ], [ 39.987079281183924, -1.102390982957448 ], [ 39.987578646837107, -1.103471913198169 ], [ 39.988075036633688, -1.10457226969441 ], [ 39.988782454146985, -1.106183021129475 ], [ 39.989483272435109, -1.107778834825304 ], [ 39.990112189925696, -1.108949567768271 ], [ 39.990732571950673, -1.110104734345952 ], [ 39.991161037751738, -1.110899538083176 ], [ 39.991601925888233, -1.111745250642746 ], [ 39.992392864339251, -1.113276652195679 ], [ 39.993173866181053, -1.114788677855138 ], [ 39.993746392582011, -1.115717711702981 ], [ 39.994478438928866, -1.116906346550587 ], [ 39.994977914299341, -1.117763110878797 ], [ 39.995467513315134, -1.118692491864975 ], [ 39.995957113230247, -1.119621872851094 ], [ 39.996344569046698, -1.120382005924794 ], [ 39.99668794639166, -1.121168181566311 ], [ 39.997004925936608, -1.122010749196642 ], [ 39.997321904582293, -1.122853316827056 ], [ 39.99761013280142, -1.123780295724026 ], [ 39.997964570908266, -1.124741477637032 ], [ 39.998313533043188, -1.125632356847738 ], [ 39.998687139300102, -1.126748374138122 ], [ 39.999044739423255, -1.127747305993348 ], [ 39.999501191227068, -1.128951778801474 ], [ 40.00008329360918, -1.13031228218602 ], [ 40.000551936622628, -1.13167048510473 ], [ 40.000872896566989, -1.132676271592634 ], [ 40.001817960830302, -1.135381451192985 ], [ 40.002759983586429, -1.138078055757607 ], [ 40.003035272359966, -1.138898241060927 ], [ 40.003326653602244, -1.139748633692421 ], [ 40.003961432873894, -1.141292803819786 ], [ 40.004596211246223, -1.14283697484649 ], [ 40.004844163327505, -1.14379617825096 ], [ 40.005020619306208, -1.144825693351039 ], [ 40.005234306318243, -1.145958187120591 ], [ 40.005446459986217, -1.147082240752749 ], [ 40.00568781913762, -1.147861829759569 ], [ 40.006092771264434, -1.149183370915803 ], [ 40.006509523395835, -1.150536233660197 ], [ 40.006797480019713, -1.151395114093184 ], [ 40.007085436643649, -1.152253995425504 ], [ 40.007366349777271, -1.153061505683871 ], [ 40.007789019447728, -1.154165422596122 ], [ 40.008122620262782, -1.155123277017591 ], [ 40.008464529914193, -1.155948488631792 ], [ 40.009378486627895, -1.157896168373435 ], [ 40.010159646750367, -1.159553334718574 ], [ 40.010720677117604, -1.160528010059579 ], [ 40.011276146976627, -1.161493085137753 ], [ 40.011731996234687, -1.162263753769194 ], [ 40.012491677848686, -1.163503346901907 ], [ 40.013060954999105, -1.164346193322102 ], [ 40.013533439916387, -1.165007613210715 ], [ 40.014005925732931, -1.165669033998646 ], [ 40.014470693567716, -1.166306818804579 ], [ 40.014952815620006, -1.167017051195907 ], [ 40.015399139258932, -1.167722716829879 ], [ 40.015857303371888, -1.168446991235605 ], [ 40.016696878058553, -1.169639078580591 ], [ 40.017556116421702, -1.170858927997069 ], [ 40.018182592252856, -1.171650382658975 ], [ 40.019035345604777, -1.17272044279417 ], [ 40.019707608619285, -1.173539969793756 ], [ 40.020198135735427, -1.174140921965948 ], [ 40.020688663750889, -1.174741873238816 ], [ 40.021253366050075, -1.175401427933487 ], [ 40.021832629272467, -1.176097555357849 ], [ 40.022727646263888, -1.177244001209662 ], [ 40.023622663255367, -1.178390446162095 ], [ 40.024238241102012, -1.179169787855362 ], [ 40.024827236787587, -1.179932436332828 ], [ 40.029159921293399, -1.185656426003225 ], [ 40.033484553269545, -1.191369740720912 ], [ 40.034361884193629, -1.192530696234607 ], [ 40.035231113125405, -1.193680958809175 ], [ 40.035925693715853, -1.194706319041356 ], [ 40.036569466207936, -1.195793514858785 ], [ 40.036967325381795, -1.196463779579735 ], [ 40.037365182757014, -1.197134046099276 ], [ 40.037765052814962, -1.19780145996935 ], [ 40.03818773957255, -1.198521563319448 ], [ 40.0387004322792, -1.199431743779886 ], [ 40.039232858809441, -1.200546025378747 ], [ 40.039652897063604, -1.201731825563233 ], [ 40.04003716658201, -1.202977198638737 ], [ 40.040300641861172, -1.204096910344114 ], [ 40.040478802954453, -1.204886177854805 ], [ 40.040742398742736, -1.206011513920203 ], [ 40.041071586584508, -1.207353233165126 ], [ 40.041384029949086, -1.20832399105927 ], [ 40.041686810997597, -1.209111611011969 ], [ 40.0434771849242, -1.213812915933263 ], [ 40.04526755795149, -1.218514220854566 ], [ 40.045534099918825, -1.21927681896994 ], [ 40.045752458009588, -1.220049609102148 ], [ 40.045967920283374, -1.22092730155367 ], [ 40.046293440689794, -1.222160721739898 ], [ 40.0466886207833, -1.223355929732345 ], [ 40.047143332398946, -1.224655027407545 ], [ 40.047495160673186, -1.225661908370342 ], [ 40.047733694154715, -1.226401944294255 ], [ 40.047957286299777, -1.227192335058192 ], [ 40.048183639363515, -1.228019603421891 ], [ 40.048409992427253, -1.228846871785665 ], [ 40.048749632189811, -1.229979427608437 ], [ 40.049102467704756, -1.231119151027936 ], [ 40.049491078250696, -1.232375553389027 ], [ 40.049884241164875, -1.233647272103895 ], [ 40.050378046309845, -1.235370402821787 ], [ 40.050870615786323, -1.237089334605056 ], [ 40.051874335632135, -1.239742918300982 ], [ 40.052870826727322, -1.242377114412244 ], [ 40.053132616676976, -1.243273805042011 ], [ 40.053585646560407, -1.244459365107558 ], [ 40.053956021553176, -1.245358866118755 ], [ 40.055263412776355, -1.246969997966966 ], [ 40.056570210446921, -1.248580396867801 ], [ 40.056770825813032, -1.24961267108784 ], [ 40.056969825996703, -1.2506342820464 ], [ 40.057056589889783, -1.251640377901081 ], [ 40.05715197918056, -1.252823107800109 ], [ 40.0572621991912, -1.254147501605869 ], [ 40.057349740997786, -1.255189584731513 ], [ 40.057354507404625, -1.256640033810464 ], [ 40.057359272012832, -1.258071366000707 ], [ 40.057359272012832, -1.259970158595884 ], [ 40.057359272012832, -1.261857428177739 ], [ 40.057243452823116, -1.26380293425797 ], [ 40.057126862914458, -1.265761796169893 ], [ 40.057064837572227, -1.266799168646692 ], [ 40.056953736225978, -1.267895399053379 ], [ 40.056830500327408, -1.268945986168258 ], [ 40.056735486953187, -1.269759002076219 ], [ 40.056628496408052, -1.270643452033654 ], [ 40.056485881917986, -1.271808110056213 ], [ 40.056329721839234, -1.273193887088161 ], [ 40.056130552582999, -1.274282883348349 ], [ 40.055902643692093, -1.275383342367319 ], [ 40.055667289313988, -1.276404636764531 ], [ 40.055427149643322, -1.277165667361599 ], [ 40.055179740752465, -1.277950584851573 ], [ 40.054812670768172, -1.279138736763238 ], [ 40.054436802716339, -1.280357052835662 ], [ 40.053993026856745, -1.281711321220426 ], [ 40.053548146629737, -1.283068897311693 ], [ 40.053111986229226, -1.28440623056303 ], [ 40.052676430173165, -1.285741692325194 ], [ 40.052464068761822, -1.286482647356249 ], [ 40.052188267374675, -1.287533624776934 ], [ 40.051887168058386, -1.288653855391084 ], [ 40.051611800144485, -1.289762118726748 ], [ 40.051421086314122, -1.290650451956769 ], [ 40.051184686024499, -1.291659970631089 ], [ 40.050948285734876, -1.292669491104105 ], [ 40.050736677955399, -1.293670100194903 ], [ 40.050528061321018, -1.294679803230289 ], [ 40.050284738949586, -1.295894423089124 ], [ 40.050041415678834, -1.297109042048593 ], [ 40.04986134982147, -1.298104819082078 ], [ 40.049704839906504, -1.299172505007053 ], [ 40.049585826324858, -1.300058964049924 ], [ 40.049466811843956, -1.30094542399206 ], [ 40.049355771651619, -1.301773662724319 ], [ 40.049252458434239, -1.30260953580137 ], [ 40.049108145124876, -1.303934051914886 ], [ 40.048963115955075, -1.305264835403762 ], [ 40.048954538221444, -1.306136190332885 ], [ 40.048941185987019, -1.307255902937535 ], [ 40.048931638784154, -1.308402877590714 ], [ 40.048971692789451, -1.309994540915277 ], [ 40.049044338225656, -1.311189555553479 ], [ 40.04911519940697, -1.312311348290059 ], [ 40.049224165762666, -1.313149014615302 ], [ 40.049332120381109, -1.313912221571743 ], [ 40.049440074100175, -1.314675429427501 ], [ 40.049677389000351, -1.315655878416006 ], [ 40.050009642630982, -1.31688682276859 ], [ 40.050286036671316, -1.317835168658066 ], [ 40.050577736273567, -1.318779672643749 ], [ 40.051009482801419, -1.31973389200545 ], [ 40.051470086775112, -1.320500739417518 ], [ 40.051930689849485, -1.321267585030973 ], [ 40.05255030295416, -1.322297006601502 ], [ 40.053206515768125, -1.323344568397097 ], [ 40.054648768425977, -1.325627351720864 ], [ 40.056077960229743, -1.327889241095527 ], [ 40.056817525808242, -1.329269731912577 ], [ 40.057545544091624, -1.330628859334352 ], [ 40.058043052644791, -1.331548990793237 ], [ 40.058487761101333, -1.332432965908597 ], [ 40.058859924845706, -1.333265001578517 ], [ 40.059362008250105, -1.334394747019922 ], [ 40.060028147780827, -1.336231463910903 ], [ 40.0605706008526, -1.337752345194536 ], [ 40.060915022310496, -1.33909499074116 ], [ 40.06112064330307, -1.340503076355847 ], [ 40.061299679436729, -1.341935394203006 ], [ 40.061478715570331, -1.343367712050226 ], [ 40.06156595970134, -1.344283444025679 ], [ 40.061634618442952, -1.345227245640842 ], [ 40.061704977802549, -1.346479906822191 ], [ 40.061775337162146, -1.347732568003544 ], [ 40.061865677658943, -1.348598819280027 ], [ 40.061996845577994, -1.34951837877014 ], [ 40.062121504204129, -1.350417178310071 ], [ 40.062243052974566, -1.351294991270784 ], [ 40.062563092912455, -1.352934444568923 ], [ 40.062880677701173, -1.35456039724449 ], [ 40.063090759331146, -1.355479313719294 ], [ 40.063453007150599, -1.356925208631424 ], [ 40.063775333165154, -1.35815841657762 ], [ 40.064103395055668, -1.359684926717937 ], [ 40.064368802977924, -1.360952709999538 ], [ 40.06477034307693, -1.362645617201445 ], [ 40.065177021902116, -1.364360366237854 ], [ 40.06576782162773, -1.366835313998474 ], [ 40.066354897260737, -1.369295053323987 ], [ 40.066963839010043, -1.372088301733702 ], [ 40.067569085444973, -1.37486430294518 ], [ 40.067916584382942, -1.376377181161961 ], [ 40.068262397091985, -1.377882835124689 ], [ 40.068651458198303, -1.379566646583443 ], [ 40.069041960018467, -1.381256585123252 ], [ 40.070203697942361, -1.386356820310944 ], [ 40.071368802927964, -1.391471991439228 ], [ 40.072007406116938, -1.394086716328844 ], [ 40.072642491158092, -1.396687365929154 ], [ 40.073549838754104, -1.400453464955379 ], [ 40.074450397367968, -1.404191272209394 ], [ 40.074993697601144, -1.406469377259891 ], [ 40.07553827217356, -1.408752802699616 ], [ 40.076205185121239, -1.411681464727785 ], [ 40.076880647024268, -1.414648928005595 ], [ 40.077430137291067, -1.41702347635232 ], [ 40.077978052844912, -1.41939130316603 ], [ 40.078776742552691, -1.422656593127213 ], [ 40.079652507757089, -1.426250748972842 ], [ 40.0799876104399, -1.427729581554892 ], [ 40.080249553274321, -1.428856679392191 ], [ 40.080476884800419, -1.429902318437205 ], [ 40.080762359295477, -1.431218817094696 ], [ 40.08109174768606, -1.432626006984612 ], [ 40.08135464739911, -1.433760522430131 ], [ 40.081769730388771, -1.435618180934223 ], [ 40.082258543397131, -1.437780484781504 ], [ 40.082542025893822, -1.438974172020386 ], [ 40.08274993656039, -1.439907123315045 ], [ 40.082945259416249, -1.440798804720995 ], [ 40.083201332375666, -1.441998598356572 ], [ 40.083391309661238, -1.442993680214094 ], [ 40.083546231373539, -1.443770471430075 ], [ 40.083776101685771, -1.444905828641019 ], [ 40.08406745504908, -1.446246960628687 ], [ 40.084364181861531, -1.447624984605279 ], [ 40.084654876921093, -1.449652044805983 ], [ 40.084880335159369, -1.451360554346079 ], [ 40.085131020280414, -1.452837749262695 ], [ 40.085378303266111, -1.454295210355613 ], [ 40.085589730281868, -1.456958915021854 ], [ 40.085799096950836, -1.459597080740653 ], [ 40.085838115836452, -1.460514428797816 ], [ 40.0858550158963, -1.461518704424642 ], [ 40.085901140325404, -1.462995902938537 ], [ 40.085947241372139, -1.464472178747996 ], [ 40.086042659441205, -1.466040919252972 ], [ 40.086138053228638, -1.467609324310845 ], [ 40.086266052836095, -1.468895225334334 ], [ 40.086460836998071, -1.470224044703854 ], [ 40.086595293737844, -1.471032191682233 ], [ 40.086769758617493, -1.472067719649491 ], [ 40.086926479873227, -1.47297336392955 ], [ 40.08712107337891, -1.474001212585846 ], [ 40.087390366372347, -1.475132155924197 ], [ 40.087660799706214, -1.476219529807397 ], [ 40.08789678990496, -1.477013826326982 ], [ 40.08822480862807, -1.477991382196472 ], [ 40.088638111859439, -1.479234018635002 ], [ 40.088912361016696, -1.480052416985419 ], [ 40.089356918387125, -1.481197201789372 ], [ 40.089877058379614, -1.482554558446047 ], [ 40.09022590270331, -1.483351421630742 ], [ 40.090699376874795, -1.484344383786208 ], [ 40.09105117816938, -1.48507217903779 ], [ 40.091584893428148, -1.486190013857995 ], [ 40.09212002421981, -1.487310682442001 ], [ 40.092642724582106, -1.488264490813545 ], [ 40.093177361645985, -1.489181451262928 ], [ 40.093754524951407, -1.490216018754215 ], [ 40.094339585203727, -1.491264522139935 ], [ 40.095149377042162, -1.492448878912577 ], [ 40.095969145060053, -1.493647488140988 ], [ 40.096453896729997, -1.494299116211214 ], [ 40.096959568429384, -1.494982843783187 ], [ 40.097499934174664, -1.495777133108159 ], [ 40.098043522190835, -1.496576053941686 ], [ 40.099035508581899, -1.498005193584786 ], [ 40.100042991191124, -1.499456803688467 ], [ 40.100752192959362, -1.500065402796047 ], [ 40.101477819945501, -1.500689562872991 ], [ 40.102133857391664, -1.501588155568872 ], [ 40.102696365345025, -1.502615538376344 ], [ 40.103073584178617, -1.503321770583176 ], [ 40.103611312212365, -1.504482980605025 ], [ 40.104150420705423, -1.505764296884762 ], [ 40.10460614315906, -1.506787632743003 ], [ 40.104942930272045, -1.507541215154909 ], [ 40.105157352929552, -1.508491838127776 ], [ 40.105366799638148, -1.509421722734257 ], [ 40.105577114192499, -1.510333232392718 ], [ 40.105730106858971, -1.511638709858518 ], [ 40.105827400014562, -1.512646094441658 ], [ 40.10594646126026, -1.513720777991469 ], [ 40.106070921136165, -1.514797825858912 ], [ 40.106166501083237, -1.51567774772986 ], [ 40.106295349650736, -1.516854943201001 ], [ 40.106401181869103, -1.517807818975594 ], [ 40.10650919944004, -1.518696052380849 ], [ 40.106617216111658, -1.519584285786097 ], [ 40.106729836412853, -1.520626903109014 ], [ 40.106862919887874, -1.521677274386668 ], [ 40.107047033593801, -1.522821888319476 ], [ 40.107227805418916, -1.523944433788523 ], [ 40.107435431000397, -1.524908193158528 ], [ 40.10773427121967, -1.526445656142071 ], [ 40.107916232847913, -1.527598947633291 ], [ 40.108045522982536, -1.528406653044559 ], [ 40.108221933095763, -1.529234809039166 ], [ 40.10840086221009, -1.530074556395626 ], [ 40.108615598730921, -1.530999837372581 ], [ 40.108960265703729, -1.532286074742503 ], [ 40.10923680543425, -1.533297402852834 ], [ 40.10948894655769, -1.534386079853675 ], [ 40.109796290766269, -1.535695864172734 ], [ 40.109989476832936, -1.53653333804305 ], [ 40.110248542736088, -1.537518604699819 ], [ 40.110499024610363, -1.53838356365049 ], [ 40.110749505585261, -1.539248521701896 ], [ 40.111129023085994, -1.54043468431319 ], [ 40.111512259283415, -1.541642524183083 ], [ 40.111976232117463, -1.543228779884251 ], [ 40.11244086685258, -1.544817277595254 ], [ 40.113292357556304, -1.547351407041739 ], [ 40.114149180340462, -1.549901528232907 ], [ 40.114938252698266, -1.551803032284062 ], [ 40.115988671639911, -1.554232695582412 ], [ 40.116483796090392, -1.555389915312283 ], [ 40.116822866582083, -1.556231997308773 ], [ 40.117288924943978, -1.557145307409934 ], [ 40.117753682886189, -1.558056117395837 ], [ 40.118142367176574, -1.558739355736643 ], [ 40.11857063332809, -1.559443190350924 ], [ 40.119121564308784, -1.56034779411539 ], [ 40.119661022638127, -1.561233278293114 ], [ 40.120309334907915, -1.562240003673191 ], [ 40.120944990119256, -1.563227744364844 ], [ 40.121402132602384, -1.563936372365615 ], [ 40.121854046427131, -1.56463037199404 ], [ 40.122334243030942, -1.565310889885601 ], [ 40.122814438735418, -1.565991407777168 ], [ 40.12329238073886, -1.566620891840622 ], [ 40.124076141700641, -1.567644457925326 ], [ 40.124864675364506, -1.568657296896671 ], [ 40.125397890600198, -1.569250390792827 ], [ 40.126316400581459, -1.57031007275162 ], [ 40.127291789084836, -1.571450185577537 ], [ 40.128217648325858, -1.572335322617001 ], [ 40.129071821707271, -1.573169940240525 ], [ 40.12980119526901, -1.573837043844437 ], [ 40.130530733406658, -1.574451383324625 ], [ 40.13190766560632, -1.575567922221811 ], [ 40.133284599604622, -1.576684461118935 ], [ 40.134120805430882, -1.57734760590722 ], [ 40.134948139445157, -1.578030206628686 ], [ 40.135784836301184, -1.578772947713329 ], [ 40.136627742076712, -1.579521153078695 ], [ 40.13799954544271, -1.580928433800124 ], [ 40.13936243023204, -1.582326465893638 ], [ 40.141102729907118, -1.584278701600744 ], [ 40.142832930195652, -1.586219684091083 ], [ 40.143446341575441, -1.587005776095616 ], [ 40.14406247430378, -1.587795387147369 ], [ 40.144717276081451, -1.588703537837944 ], [ 40.145508219928445, -1.589860882573647 ], [ 40.1460963963317, -1.59072367056092 ], [ 40.14681749163401, -1.591847136935774 ], [ 40.1474934211845, -1.593024996106629 ], [ 40.148158416777562, -1.59427188813709 ], [ 40.148825523079495, -1.595522684124541 ], [ 40.149526464574706, -1.59703115476396 ], [ 40.150225522889627, -1.598535591044646 ], [ 40.150997985668539, -1.600376077893664 ], [ 40.151767045412896, -1.602208147088273 ], [ 40.152140664260287, -1.603212090865273 ], [ 40.152473819011618, -1.604216327821239 ], [ 40.153286135247015, -1.60674945632229 ], [ 40.154193666304707, -1.609609734801384 ], [ 40.154841894937533, -1.61193033731518 ], [ 40.155337085937852, -1.613713496880331 ], [ 40.156022639133539, -1.616589298557251 ], [ 40.156718434708068, -1.619549810974949 ], [ 40.157384816156366, -1.623460404074366 ], [ 40.157934086089256, -1.626534872286462 ], [ 40.158244977223944, -1.628632128170121 ], [ 40.158553808011902, -1.630715727848489 ], [ 40.158738461310975, -1.6318475750055 ], [ 40.158913811123512, -1.633034745756851 ], [ 40.159075975076242, -1.634491972126741 ], [ 40.15923639794147, -1.635934934349683 ], [ 40.159387736754695, -1.637408332328611 ], [ 40.159535179704847, -1.63884405860637 ], [ 40.159693323687975, -1.642431995640035 ], [ 40.159858726998721, -1.646111123929191 ], [ 40.159905429691889, -1.649260476889429 ], [ 40.159955277314225, -1.652302943625899 ], [ 40.159953570401001, -1.65364377793793 ], [ 40.159930250980324, -1.655032207969959 ], [ 40.159886343380094, -1.656505051067197 ], [ 40.159842434880545, -1.657977894164441 ], [ 40.159798680165011, -1.659140511625248 ], [ 40.159733798575985, -1.660346578931411 ], [ 40.15969270315577, -1.661689937640457 ], [ 40.15965192969287, -1.663026996598548 ], [ 40.159590004175413, -1.664465179824167 ], [ 40.159528388024739, -1.665897029124557 ], [ 40.159424147606387, -1.667148028358786 ], [ 40.159295109281913, -1.66845644570833 ], [ 40.159161554562161, -1.670257323716433 ], [ 40.159029586246447, -1.672038778167002 ], [ 40.158828382723755, -1.673921264254879 ], [ 40.158627430111835, -1.675801371635938 ], [ 40.158279084911896, -1.679145988096821 ], [ 40.157928367300372, -1.682513308842086 ], [ 40.157839823648999, -1.683577724832108 ], [ 40.157750894188496, -1.684648126709647 ], [ 40.157716773010691, -1.685619934112601 ], [ 40.157698166037562, -1.68659514095293 ], [ 40.157660789314036, -1.687553161748944 ], [ 40.157603070825132, -1.688711883346676 ], [ 40.157623882935923, -1.690333346606622 ], [ 40.157637242364899, -1.691739433927698 ], [ 40.15773789628696, -1.693123636246758 ], [ 40.157838304694053, -1.694504403155636 ], [ 40.158034041238068, -1.695833175760421 ], [ 40.158190585327304, -1.696847614625647 ], [ 40.158405508907151, -1.698098800019586 ], [ 40.158565185335078, -1.69902306026598 ], [ 40.158775625794533, -1.699895496180152 ], [ 40.159264329085545, -1.701531058111815 ], [ 40.159674866901639, -1.702887340078635 ], [ 40.160047990222608, -1.703812618357639 ], [ 40.160509992642119, -1.704835537829754 ], [ 40.160829867104724, -1.70554496622713 ], [ 40.16180922701426, -1.707302872829253 ], [ 40.163017349271286, -1.709432795686952 ], [ 40.163766340644145, -1.710724294090888 ], [ 40.164346069715407, -1.71170434108246 ], [ 40.164747965046615, -1.712375166081009 ], [ 40.165218564085535, -1.713166214249333 ], [ 40.165689163124455, -1.713957262417686 ], [ 40.166153022643925, -1.714640340679133 ], [ 40.166655221161591, -1.715357464575276 ], [ 40.167199957612013, -1.716177047332846 ], [ 40.167749336362817, -1.717003590842982 ], [ 40.168329872125931, -1.718068178603514 ], [ 40.168915117638619, -1.719141558136351 ], [ 40.169249883075679, -1.719852606212783 ], [ 40.169552152409949, -1.720652735735152 ], [ 40.169811629303297, -1.721417916703448 ], [ 40.170071105297332, -1.722183098571125 ], [ 40.170288721447378, -1.722962673188763 ], [ 40.170508664143597, -1.724255980129335 ], [ 40.17064701584718, -1.725518866602392 ], [ 40.170648914316018, -1.726689815382601 ], [ 40.170630789379459, -1.727857601247259 ], [ 40.170560539737153, -1.728833522149269 ], [ 40.170463438137233, -1.72968632226594 ], [ 40.170366335637937, -1.73053912238253 ], [ 40.170233382564618, -1.731314622172024 ], [ 40.170050088141124, -1.732073280357547 ], [ 40.169824652385842, -1.732964969857455 ], [ 40.169599214831976, -1.73385666115593 ], [ 40.169326570065209, -1.734766215688233 ], [ 40.168973933300435, -1.735750972429402 ], [ 40.16850246461712, -1.736922120859155 ], [ 40.168027085681501, -1.738103497278523 ], [ 40.16765044870931, -1.738972972624535 ], [ 40.167269760291276, -1.739851660625619 ], [ 40.166912538782697, -1.740620981173323 ], [ 40.166512410619305, -1.741397681557713 ], [ 40.166080907807725, -1.742213640047396 ], [ 40.165650305217468, -1.74302793389199 ], [ 40.165085998619986, -1.744119872733898 ], [ 40.164522729840144, -1.745209738638492 ], [ 40.164117319958393, -1.746010558840176 ], [ 40.163719021915369, -1.746817498029096 ], [ 40.163229034392486, -1.747897805039596 ], [ 40.162739045970227, -1.74897811115084 ], [ 40.16222796125146, -1.750007294401094 ], [ 40.161727443566747, -1.751026717309108 ], [ 40.161309281298372, -1.75198528039629 ], [ 40.160891119030005, -1.752943841684899 ], [ 40.160444034564591, -1.753957020599951 ], [ 40.160094245952735, -1.754827899787696 ], [ 40.15975680683124, -1.755651175161577 ], [ 40.159465624339134, -1.756379408382939 ], [ 40.159156676639391, -1.757194535899096 ], [ 40.15886057395636, -1.758158970659903 ], [ 40.158584132251974, -1.759146925390276 ], [ 40.158294162045991, -1.760447593281757 ], [ 40.157987611938779, -1.761858001845269 ], [ 40.157804324709844, -1.762976345681753 ], [ 40.157818629326357, -1.764236662791688 ], [ 40.157832585905176, -1.765508403090286 ], [ 40.157982772686864, -1.767167211597502 ], [ 40.158133273331941, -1.768829466306785 ], [ 40.158197008285356, -1.769615120341477 ], [ 40.158259946439443, -1.770392020375366 ], [ 40.158341931335087, -1.771292216562467 ], [ 40.158418414178527, -1.7725424648628 ], [ 40.158472067731793, -1.773504272703975 ], [ 40.158538319887612, -1.774719293660434 ], [ 40.158627903155264, -1.775930439438185 ], [ 40.158774960296228, -1.77747227402619 ], [ 40.158922367273476, -1.779017872276939 ], [ 40.159010354244522, -1.78100659527809 ], [ 40.159135776395033, -1.783405329092609 ], [ 40.159367762812053, -1.785052840316276 ], [ 40.159809739128207, -1.78758734118282 ], [ 40.160195177765274, -1.789750142355157 ], [ 40.160341445301526, -1.790548511904265 ], [ 40.160507554580022, -1.791400719367628 ], [ 40.160721793775792, -1.792445364661835 ], [ 40.160938991741148, -1.793504809199526 ], [ 40.161136426205132, -1.794612103066063 ], [ 40.161336742097035, -1.795734223155819 ], [ 40.161553306939602, -1.796819256103724 ], [ 40.161801434388735, -1.79803829882837 ], [ 40.162064023835683, -1.799357812013338 ], [ 40.162275637910405, -1.800446543872856 ], [ 40.16240217342164, -1.8013566353004 ], [ 40.162495343185583, -1.802453731754276 ], [ 40.162530539053193, -1.803386658767234 ], [ 40.162545328404235, -1.804205111976271 ], [ 40.16255429464502, -1.805039214288277 ], [ 40.162581601659667, -1.806104206743733 ], [ 40.16261296101937, -1.807291122087582 ], [ 40.162483410081336, -1.808378776559264 ], [ 40.16236183612989, -1.809407933729123 ], [ 40.162295628040852, -1.810644246134986 ], [ 40.162229033243364, -1.811893335209217 ], [ 40.162203164244659, -1.812735872262644 ], [ 40.162208249910861, -1.813608279398528 ], [ 40.162271760033775, -1.814870576815629 ], [ 40.162335271055952, -1.81613287513205 ], [ 40.162418569861188, -1.817516340906363 ], [ 40.162556081597927, -1.818884323952315 ], [ 40.162693287565219, -1.820177770287849 ], [ 40.16283049443183, -1.821471214824673 ], [ 40.163012288786149, -1.822425277704387 ], [ 40.163255845880656, -1.82337220266499 ], [ 40.163684588672879, -1.825108218869162 ], [ 40.164216826345523, -1.827190374236349 ], [ 40.164553969590088, -1.828244091891286 ], [ 40.164802017898865, -1.828984361638953 ], [ 40.165048930363923, -1.829721059279396 ], [ 40.165551559656819, -1.830750238033031 ], [ 40.166051838121859, -1.831774867116396 ], [ 40.166514194874253, -1.832613621621304 ], [ 40.166985168031147, -1.833407019718149 ], [ 40.167665524944084, -1.83451809883116 ], [ 40.168343055287835, -1.835624466395978 ], [ 40.168901327434355, -1.83628207495776 ], [ 40.169455926749663, -1.836935579013698 ], [ 40.170024664306879, -1.837525997426775 ], [ 40.170602237703179, -1.838092898568394 ], [ 40.171223144032922, -1.838727304621389 ], [ 40.171844050362665, -1.839361710674385 ], [ 40.172617852232122, -1.840104887930173 ], [ 40.173354612825165, -1.840811023909575 ], [ 40.174244877798913, -1.841708007718347 ], [ 40.175140054869701, -1.842609902724802 ], [ 40.176026389806111, -1.843662957579403 ], [ 40.176917597269323, -1.844721733021519 ], [ 40.177403945235937, -1.845341152771932 ], [ 40.178026128602994, -1.846285648663694 ], [ 40.178761567192623, -1.847450984775092 ], [ 40.179287660697021, -1.848274241263203 ], [ 40.179767815032676, -1.849027269692677 ], [ 40.180448503795446, -1.850097585235341 ], [ 40.18106805394757, -1.85103893170128 ], [ 40.181684871959305, -1.851885450952756 ], [ 40.182301689071721, -1.852731970204216 ], [ 40.182836227210153, -1.853530247123159 ], [ 40.183345265071978, -1.85436153455714 ], [ 40.183891212909202, -1.855282050026515 ], [ 40.18458376462911, -1.856464437283937 ], [ 40.185000431324909, -1.857265082117804 ], [ 40.185368106552914, -1.858036044827548 ], [ 40.185738680295913, -1.858813090551615 ], [ 40.186104332948673, -1.859727529302015 ], [ 40.186472531582126, -1.860648330755786 ], [ 40.186813326074173, -1.86165754276135 ], [ 40.187221056206852, -1.862988564570568 ], [ 40.187528093746607, -1.863983604159947 ], [ 40.187741930046116, -1.864838152558667 ], [ 40.187938893265368, -1.865735237091484 ], [ 40.18813152804762, -1.866647147847567 ], [ 40.18832039826782, -1.86754212167153 ], [ 40.18848789430092, -1.8686075062314 ], [ 40.188652763414325, -1.869653850344886 ], [ 40.188718788941003, -1.870455184059431 ], [ 40.18871532295384, -1.871328972554004 ], [ 40.188681729678137, -1.87221568790363 ], [ 40.188647804552602, -1.873111372191999 ], [ 40.188638258249057, -1.873989409083893 ], [ 40.188628711046249, -1.87487612803085 ], [ 40.188589882816871, -1.875830269151554 ], [ 40.188489236988744, -1.87691507007441 ], [ 40.18838105843912, -1.877965673377104 ], [ 40.188284748242609, -1.878859044609162 ], [ 40.188194174821376, -1.8797734950507 ], [ 40.188071195229561, -1.881065259653952 ], [ 40.18796854571184, -1.882241890350877 ], [ 40.187884735192426, -1.883047296195739 ], [ 40.187767613784388, -1.8842019195829 ], [ 40.187658296693087, -1.885311866449463 ], [ 40.187558266001247, -1.886307184828703 ], [ 40.18745823530935, -1.887302504107246 ], [ 40.187339757723691, -1.888320043834882 ], [ 40.187209340738548, -1.889336284042205 ], [ 40.187086791921956, -1.890379994940764 ], [ 40.18696427278303, -1.891423465720317 ], [ 40.186984807902604, -1.892313891672692 ], [ 40.187002253851006, -1.893200010771799 ], [ 40.187019516337671, -1.894102351842039 ], [ 40.187009507782591, -1.895548816024988 ], [ 40.186999022586861, -1.896701941141608 ], [ 40.187014749930825, -1.897753188358931 ], [ 40.18702380520449, -1.900506378266702 ], [ 40.187027617430658, -1.902918058721417 ], [ 40.187379547328305, -1.906581401210637 ], [ 40.187730491568971, -1.910234466247572 ], [ 40.187845472590539, -1.911546265947373 ], [ 40.187959294385962, -1.912844545239517 ], [ 40.188052147588621, -1.913755512606773 ], [ 40.188155301625898, -1.914738806150923 ], [ 40.188257300034422, -1.915815993413338 ], [ 40.188360461266313, -1.916905591319957 ], [ 40.188461001873804, -1.917921655260153 ], [ 40.18856280423006, -1.918949905913389 ], [ 40.188621085694592, -1.919815872104779 ], [ 40.188649667048537, -1.920674081643478 ], [ 40.188692105156584, -1.921661744094186 ], [ 40.188734022557128, -1.922634841124982 ], [ 40.188943927919979, -1.924133733085292 ], [ 40.189133210929015, -1.925544091286721 ], [ 40.189347345803412, -1.927202569742747 ], [ 40.189534074737821, -1.928557688886204 ], [ 40.189616038949111, -1.929618183832072 ], [ 40.189646667159991, -1.930671798064965 ], [ 40.189586487226677, -1.932018845793036 ], [ 40.189526929624151, -1.933342808823512 ], [ 40.189443394297257, -1.934713021288871 ], [ 40.189361159390046, -1.936059837891153 ], [ 40.189326805287862, -1.936941465775991 ], [ 40.189295248077315, -1.93786748329768 ], [ 40.189247780960386, -1.939103122111356 ], [ 40.189200313843457, -1.940338760025722 ], [ 40.189110460779204, -1.941449294149545 ], [ 40.188965574601639, -1.942619858919336 ], [ 40.188856717963233, -1.943536679973755 ], [ 40.188747860425451, -1.944453500128865 ], [ 40.188648741646148, -1.945237731436125 ], [ 40.188446218818001, -1.946350458107138 ], [ 40.188174823209579, -1.947499506596898 ], [ 40.187971188819347, -1.94826644124322 ], [ 40.187706308799136, -1.94914283237574 ], [ 40.187441241719966, -1.950019841342562 ], [ 40.187178351000178, -1.950855330409131 ], [ 40.18691529390577, -1.9516914112296 ], [ 40.186722179784795, -1.952498855837454 ], [ 40.186490689793573, -1.953647071555052 ], [ 40.186227222608295, -1.95494576723331 ], [ 40.186163356353866, -1.955955856077819 ], [ 40.186148073275035, -1.956897422877711 ], [ 40.186136850635194, -1.957733923681579 ], [ 40.186322810649244, -1.959030826111702 ], [ 40.186527028699459, -1.960384673613754 ], [ 40.186839662720331, -1.961745680618603 ], [ 40.187198165762766, -1.962761812007951 ], [ 40.187594586920682, -1.963825720780338 ], [ 40.18798608788768, -1.964802065263023 ], [ 40.188473455685482, -1.965834543629221 ], [ 40.188950367065843, -1.966843496630021 ], [ 40.189407576098802, -1.967675081739574 ], [ 40.190026672093268, -1.968794732291027 ], [ 40.190667668378239, -1.96994006208416 ], [ 40.191226257086157, -1.970945881846943 ], [ 40.191681818561108, -1.971771277822144 ], [ 40.192159006932684, -1.972572002695693 ], [ 40.192560870787588, -1.97330387817141 ], [ 40.193153470955963, -1.974235029922623 ], [ 40.193780330797665, -1.97535372179675 ], [ 40.194378628171194, -1.976455635918789 ], [ 40.194946691236851, -1.97744889844785 ], [ 40.195336445720443, -1.978183159824942 ], [ 40.195728304617603, -1.978921278394234 ], [ 40.196080476432883, -1.979696922075218 ], [ 40.196434167203108, -1.980475878858662 ], [ 40.196816164134702, -1.981312324803922 ], [ 40.19721290005532, -1.982478320118337 ], [ 40.197572451707352, -1.983856794655312 ], [ 40.19771030518649, -1.984958610751216 ], [ 40.197727055059602, -1.98578688815434 ], [ 40.197743804932713, -1.986615165557392 ], [ 40.197718211126585, -1.987427965628064 ], [ 40.19763580714681, -1.988259127156943 ], [ 40.197552939116918, -1.98918288108507 ], [ 40.197470071086968, -1.990106635013151 ], [ 40.197362757685198, -1.991223294419462 ], [ 40.197252066429769, -1.992341016824406 ], [ 40.197152572633172, -1.993204499987664 ], [ 40.197053079735895, -1.994067983150835 ], [ 40.196857641766826, -1.995165013054868 ], [ 40.196568816397814, -1.996501126825478 ], [ 40.196297004403277, -1.997827064767191 ], [ 40.196127442627414, -1.99882524388982 ], [ 40.196057383641403, -1.999814454073768 ], [ 40.19668867084556, -2.00081440755884 ], [ 40.197365523999792, -2.001735235992327 ], [ 40.198343950413062, -2.002993560204581 ], [ 40.19928321494848, -2.004202267020963 ], [ 40.199831908415888, -2.004987389556331 ], [ 40.200411230993552, -2.005925369859877 ], [ 40.200920509873697, -2.00689973043814 ], [ 40.201284929555925, -2.007628639050384 ], [ 40.201698767883897, -2.008359519875919 ], [ 40.202113063966806, -2.009062548697608 ], [ 40.202657169093129, -2.009870302672254 ], [ 40.203629327231738, -2.011521384204463 ], [ 40.204440397906069, -2.012934277594806 ], [ 40.205042088421692, -2.014191415601325 ], [ 40.205638263395201, -2.015436553953746 ], [ 40.206143929698676, -2.016620950296558 ], [ 40.206612613181619, -2.01782718397731 ], [ 40.20741525091313, -2.019951129041312 ], [ 40.208226773047215, -2.022098341365331 ], [ 40.209069965706419, -2.02466083992579 ], [ 40.20991789779282, -2.027237558566419 ], [ 40.210419291417224, -2.028816902977668 ], [ 40.210923398296245, -2.030404933940476 ], [ 40.211184486774698, -2.031410962345998 ], [ 40.211450094346446, -2.032435059930038 ], [ 40.211648148443381, -2.033230716224519 ], [ 40.211896416186732, -2.034314438860231 ], [ 40.212176223154245, -2.035650818830171 ], [ 40.217626064391425, -2.034310906323241 ], [ 40.224486782738893, -2.03112679456586 ], [ 40.231281483653618, -2.027956560246988 ], [ 40.241278811567952, -2.023207679390846 ], [ 40.251432802282068, -2.018365299618831 ], [ 40.255663483882707, -2.016391639362615 ], [ 40.259913711348759, -2.014301140085477 ], [ 40.266115496433088, -2.011479432629645 ], [ 40.272117226428918, -2.008663005093581 ], [ 40.276928729777126, -2.006434671223073 ], [ 40.282405214329231, -2.003913152070251 ], [ 40.285510172256693, -2.0023643603269 ], [ 40.289304450639918, -2.000605534617707 ], [ 40.290131368268078, -2.000203907284456 ], [ 40.294499781040088, -1.997934689334389 ], [ 40.298736623896104, -1.995664111609419 ], [ 40.29952163401623, -1.995280477911709 ], [ 40.305131611234913, -1.99271257802303 ], [ 40.31162313360079, -1.989752555735827 ], [ 40.319274433368435, -1.986205050422719 ], [ 40.327013563625087, -1.982612516954025 ], [ 40.334704679077731, -1.979099489849551 ], [ 40.342262441258697, -1.975602994982183 ], [ 40.350703899765222, -1.971670907186595 ], [ 40.359418397840841, -1.967605192725442 ], [ 40.362297859758485, -1.966293571990713 ], [ 40.364884461948407, -1.965103972170535 ], [ 40.370496984248462, -1.962431310256709 ], [ 40.376210732439404, -1.959798943366472 ], [ 40.389727067949877, -1.953529497788061 ], [ 40.403330018965278, -1.947262322098423 ], [ 40.418274512958476, -1.941224583247852 ], [ 40.433264150220396, -1.935119841307592 ], [ 40.4381166086946, -1.933120873229655 ], [ 40.442855409949289, -1.931216716178481 ], [ 40.465507253057353, -1.921368619066465 ], [ 40.487877381735814, -1.911651090925028 ], [ 40.494075251171978, -1.909168707569728 ], [ 40.500272450613181, -1.90669865032243 ], [ 40.508485903101985, -1.902591923178652 ], [ 40.516848221268447, -1.898437261270539 ], [ 40.518120211578555, -1.897812360152276 ], [ 40.521412050425852, -1.896199625712095 ], [ 40.564514160300291, -1.875427246070499 ], [ 40.607482909708551, -1.854675292730517 ], [ 40.650878906336516, -1.833679198636051 ], [ 40.694274902065111, -1.812805175818144 ], [ 40.714405467938036, -1.802944497190765 ], [ 40.735717772657161, -1.79479980506693 ], [ 40.74070848211079, -1.790498235305287 ], [ 40.74630829069514, -1.787719889561228 ], [ 40.771480824680395, -1.775383396226687 ], [ 40.79666580977937, -1.763010270807278 ], [ 40.81706543662068, -1.753392170811993 ], [ 40.837260000049014, -1.743766716160958 ], [ 40.844726561981304, -1.739990233562369 ], [ 40.852111816207412, -1.736328124942981 ], [ 40.85949707043352, -1.732482909858335 ], [ 40.866861025116293, -1.728820427120982 ], [ 40.873898867638673, -1.725397685654624 ], [ 40.88088006816065, -1.722002458046967 ], [ 40.886274075887975, -1.719446252042865 ], [ 40.891842643822997, -1.716725946744987 ], [ 40.892704026169952, -1.716317021413367 ], [ 40.946432921042515, -1.711272772620301 ], [ 40.955875096558486, -1.71042958985362 ], [ 41.017811512891058, -1.705210124347731 ], [ 41.047309642026391, -1.70228602817764 ], [ 41.076822011027048, -1.699460953660031 ], [ 41.120109222962299, -1.695712145898764 ], [ 41.163526455281726, -1.691898845055611 ], [ 41.203486010171275, -1.688534706111739 ], [ 41.243485000332562, -1.685200359009279 ], [ 41.290896342192468, -1.681123857180247 ], [ 41.338056728235472, -1.677122037751821 ], [ 41.368898120751737, -1.674396116187786 ], [ 41.399679481722728, -1.671705974151336 ], [ 41.443479449317188, -1.667885023674849 ], [ 41.487130653756708, -1.664010758689533 ], [ 41.509703655099656, -1.661916288905563 ], [ 41.53303972580278, -1.659720052738182 ], [ 41.562439726312391, -1.657420052793155 ], [ 41.562639725642896, -1.599020053132905 ], [ 41.562239726082566, -1.597220052863114 ], [ 41.561339725947619, -1.595820053052935 ], [ 41.559839726022574, -1.594120052898056 ], [ 41.219639726292371, -1.136420053042974 ], [ 41.108439726212453, -0.984720053187863 ], [ 40.99305025596459, -0.828945485046068 ], [ 40.993100773581887, -0.33076974732591 ], [ 40.993140761936672, 0.00253142258714 ], [ 40.993140761936672, 0.303131422677038 ], [ 40.992447174197764, 0.463301084677376 ], [ 40.989447174347674, 0.460601085172013 ], [ 40.986897173665682, 0.458551085064593 ], [ 40.983247174417613, 0.455751085444266 ], [ 40.979347174432633, 0.453051085039588 ], [ 40.976047174237749, 0.451501084607405 ], [ 40.972047174137856, 0.450251085419327 ], [ 40.968047174037906, 0.44910108544678 ], [ 40.964147174052869, 0.447951084574928 ], [ 40.961247174317698, 0.446701085386845 ], [ 40.95774717389304, 0.444551085164505 ], [ 40.955147173603223, 0.442751084894727 ], [ 40.952747174442607, 0.441051084739798 ], [ 40.949647173578228, 0.438351085234447 ], [ 40.945647174377655, 0.436001084782268 ], [ 40.941947173723122, 0.434551085364325 ], [ 40.939147174102857, 0.43355108511451 ], [ 40.934997174280227, 0.432301085027117 ], [ 40.932647173828059, 0.43120108466235 ], [ 40.929867768682641, 0.429646432037253 ], [ 40.929022135263381, 0.429164952100904 ], [ 40.927164055876517, 0.4281512003177 ], [ 40.926236946577887, 0.427638098419545 ], [ 40.922947174372666, 0.425751085144498 ], [ 40.919647174177783, 0.423751084644896 ], [ 40.91709717439511, 0.421851085159509 ], [ 40.914647173828087, 0.41930108537685 ], [ 40.912547174112831, 0.417001085431813 ], [ 40.908997174080355, 0.413401084892192 ], [ 40.906647173628187, 0.410751084994615 ], [ 40.904347173683163, 0.408601084772276 ], [ 40.901947173623235, 0.406251085219485 ], [ 40.899547173563235, 0.403901084767312 ], [ 40.896947174172794, 0.401451085099554 ], [ 40.885947174122862, 0.39125108506954 ], [ 40.873947173823069, 0.384701085186971 ], [ 40.868197173960482, 0.381451084599919 ], [ 40.858047174437615, 0.375951084574929 ], [ 40.853947174222753, 0.374151085204454 ], [ 40.849547173663211, 0.372651085279417 ], [ 40.846447173698152, 0.371501085306869 ], [ 40.841947173923018, 0.370251085219477 ], [ 40.837747173593243, 0.369251084969616 ], [ 40.833947173723118, 0.368601084672372 ], [ 40.830347174082874, 0.367951085274398 ], [ 40.827147174002903, 0.36735108458493 ], [ 40.823047173788098, 0.36670108518701 ], [ 40.818497174405138, 0.365751085444291 ], [ 40.81314717410288, 0.364301085127015 ], [ 40.807197174010412, 0.362651084579911 ], [ 40.797047173588226, 0.360151085304383 ], [ 40.788247174267731, 0.357951084574951 ], [ 40.783247173917971, 0.356651084879729 ], [ 40.778647174027924, 0.355551085414335 ], [ 40.775447173947953, 0.354701084887207 ], [ 40.772347173982951, 0.35365108502958 ], [ 40.768047174437591, 0.351851084759803 ], [ 40.763047174087887, 0.349351084584952 ], [ 40.756047174137855, 0.345951085174472 ], [ 40.752347174382635, 0.343501084607396 ], [ 40.750047174437611, 0.341751084844754 ], [ 40.747547174262706, 0.339451084899683 ], [ 40.744947173972946, 0.336751085394318 ], [ 40.742797173750603, 0.334051084989658 ], [ 40.740569051220803, 0.331059052233521 ], [ 40.739759202725054, 0.329919129164524 ], [ 40.738882692882044, 0.328728226226702 ], [ 40.736747174442598, 0.326251085019579 ], [ 40.734347174382663, 0.324851085209446 ], [ 40.730747173843042, 0.324001084682382 ], [ 40.727097173695654, 0.32365108472982 ], [ 40.724047174237739, 0.323251085169482 ], [ 40.72104717438765, 0.322451085149502 ], [ 40.718847173658219, 0.321601084622384 ], [ 40.716447173598226, 0.320151085204478 ], [ 40.713847174207785, 0.317851085259409 ], [ 40.711847173708179, 0.314851085409309 ], [ 40.709947174222748, 0.310851085309371 ], [ 40.708447174297703, 0.30700108493215 ], [ 40.707547174162812, 0.303901084967155 ], [ 40.706535017776901, 0.300249662991581 ], [ 40.705147174102876, 0.296601084672383 ], [ 40.703881864856214, 0.293357189582714 ], [ 40.702714579913959, 0.291092416082165 ], [ 40.702264671577382, 0.290316951366273 ], [ 40.70044717409786, 0.287251085169487 ], [ 40.697947173923012, 0.282701084887214 ], [ 40.695347173633195, 0.278401085341835 ], [ 40.693704605982816, 0.276496946277116 ], [ 40.691614540178932, 0.275501347309388 ], [ 40.690259487585308, 0.275050509973088 ], [ 40.689240505345083, 0.274732194934877 ], [ 40.688180427684642, 0.274312586556672 ], [ 40.686461489606131, 0.273329066383382 ], [ 40.684347173583262, 0.271351084884715 ], [ 40.683447174347691, 0.268751084594952 ], [ 40.683647173678196, 0.265251085069561 ], [ 40.683847173908021, 0.262351085334387 ], [ 40.683247174117867, 0.259601085321883 ], [ 40.681947174422589, 0.257651085329373 ], [ 40.679747173693158, 0.255551084714855 ], [ 40.676047173938002, 0.252401085142028 ], [ 40.672397173790614, 0.249901084967127 ], [ 40.668547174312721, 0.247301084677356 ], [ 40.665497173955487, 0.245351084684835 ], [ 40.662047174037923, 0.24285108540931 ], [ 40.65834717428271, 0.240151085004643 ], [ 40.656097173945454, 0.238301085127035 ], [ 40.653347173932957, 0.236151084904697 ], [ 40.651247174217765, 0.234301085027084 ], [ 40.649047174387647, 0.232651085379368 ], [ 40.646497173705654, 0.23120108506209 ], [ 40.643647173578245, 0.231151084554936 ], [ 40.639447174147847, 0.232051084689837 ], [ 40.634947174372655, 0.232551085264452 ], [ 40.629347174232748, 0.232551085264453 ], [ 40.624447173997908, 0.232051084689836 ], [ 40.619647173878036, 0.231401085291907 ], [ 40.617147173703131, 0.23190108496715 ], [ 40.61454717431269, 0.232651085379362 ], [ 40.611397173840544, 0.232151084804748 ], [ 40.608447173598222, 0.2296510846299 ], [ 40.606467007646359, 0.2265732529533 ], [ 40.604683134019474, 0.225538744817235 ], [ 40.603052485983483, 0.22519214879867 ], [ 40.600947173972941, 0.225901085266913 ], [ 40.597947174122851, 0.226301084827249 ], [ 40.595447173947946, 0.225351085084588 ], [ 40.593219143148985, 0.223329665431779 ], [ 40.59205596181323, 0.221820782902845 ], [ 40.59155875093564, 0.22106753503874 ], [ 40.589747173693183, 0.218151084904723 ], [ 40.587347173633191, 0.21565108472982 ], [ 40.585447174147816, 0.215251085169477 ], [ 40.583247174317705, 0.215951085074556 ], [ 40.580147174352646, 0.216901084817263 ], [ 40.576747174042914, 0.21770108483724 ], [ 40.574547174212796, 0.216551084864708 ], [ 40.572947174172782, 0.215551084614906 ], [ 40.570547174112846, 0.215251085169478 ], [ 40.566547174012896, 0.215451085399316 ], [ 40.563764096036266, 0.215942259127987 ], [ 40.562757215972795, 0.21627856510372 ], [ 40.560961972217285, 0.217171348179258 ], [ 40.559577754609734, 0.218006288659355 ], [ 40.558420477323239, 0.218802264213194 ], [ 40.556880346950493, 0.219657922375295 ], [ 40.553947173923007, 0.220351084734828 ], [ 40.5520971740454, 0.221101085146984 ], [ 40.549847173708145, 0.221901085167025 ], [ 40.547447173648209, 0.223551084814745 ], [ 40.544847174257711, 0.224701084787285 ], [ 40.541847174407621, 0.226301084827235 ], [ 40.539047173888036, 0.227251084569952 ], [ 40.535647173578241, 0.227151085354371 ], [ 40.533541477557215, 0.226628646694742 ], [ 40.532563841648027, 0.226339974210479 ], [ 40.530850615163786, 0.225707169850073 ], [ 40.529364795748791, 0.225047523424502 ], [ 40.527951816023517, 0.224311683737248 ], [ 40.52684958803809, 0.223677510608699 ], [ 40.525756352373833, 0.22300692482974 ], [ 40.524722185980124, 0.222198714898809 ], [ 40.523523152271707, 0.220786031050524 ], [ 40.522547173813052, 0.218651084579962 ], [ 40.521847173907986, 0.215951085074548 ], [ 40.520497173705678, 0.213651085129519 ], [ 40.518947174172808, 0.211901085366837 ], [ 40.517047173788114, 0.210751085394348 ], [ 40.514747173843034, 0.209501085306904 ], [ 40.513147173803077, 0.20805108498962 ], [ 40.512347173783098, 0.206001084882183 ], [ 40.511347174432615, 0.202451084849718 ], [ 40.510247174067899, 0.1990510854393 ], [ 40.508897173865535, 0.196001085082059 ], [ 40.507584151987089, 0.194124155905107 ], [ 40.506905436336865, 0.193483054399509 ], [ 40.505716410284151, 0.192874010127526 ], [ 40.504297173975431, 0.192501084657348 ], [ 40.502347173982969, 0.193401084792295 ], [ 40.500841826689005, 0.194941026307382 ], [ 40.498847173558261, 0.196551085264447 ], [ 40.49624717416782, 0.197151085054597 ], [ 40.493610148789401, 0.19645467614243 ], [ 40.49178471389348, 0.195229240137399 ], [ 40.490160590438961, 0.19390889058286 ], [ 40.489230870408399, 0.193096954760673 ], [ 40.48564717367816, 0.19005108498964 ], [ 40.483847174307698, 0.188551085064544 ], [ 40.481447174247762, 0.18735108458492 ], [ 40.47864717372812, 0.186651084679853 ], [ 40.475347174432613, 0.186151085004618 ], [ 40.472147174352642, 0.186051084889698 ], [ 40.469247173718145, 0.186001085281924 ], [ 40.46544717384802, 0.185951084774794 ], [ 40.460947174072885, 0.185801085052105 ], [ 40.457947174222738, 0.185351084984636 ], [ 40.452647174427632, 0.185301085376857 ], [ 40.448347173982938, 0.185751085444287 ], [ 40.443897173815571, 0.18675108479476 ], [ 40.439647173878029, 0.187751085044562 ], [ 40.436347173683146, 0.188701084787282 ], [ 40.433647174177793, 0.189251084969668 ], [ 40.430147173753141, 0.189751084644906 ], [ 40.426447173997929, 0.190051084989656 ], [ 40.424147174052905, 0.189651085429319 ], [ 40.421847174107825, 0.189351085084577 ], [ 40.41904717358824, 0.188901085017114 ], [ 40.417147174102865, 0.187801084652391 ], [ 40.415010874152586, 0.186589205927135 ], [ 40.414251494710754, 0.186277435255477 ], [ 40.411854250173576, 0.18549208159436 ], [ 40.410749136263689, 0.185081870232175 ], [ 40.408347173883044, 0.184101084897187 ], [ 40.40544717414781, 0.183551084714857 ], [ 40.402247174067895, 0.183601085221938 ], [ 40.399147174102836, 0.184051085289405 ], [ 40.396447173698164, 0.1850510846399 ], [ 40.393247173618192, 0.1868010853019 ], [ 40.38884717395797, 0.189501084807267 ], [ 40.385547173763086, 0.192051084589942 ], [ 40.382486232253882, 0.193936731794795 ], [ 40.380093940283189, 0.194994184334169 ], [ 40.377647173678156, 0.195951084574917 ], [ 40.373947173923, 0.196651085379351 ], [ 40.369747173593225, 0.197351085284431 ], [ 40.365547174162828, 0.198001084682339 ], [ 40.361047174387636, 0.198401085142002 ], [ 40.356747173942949, 0.198651084979647 ], [ 40.351297174425099, 0.198801084702331 ], [ 40.343097173995432, 0.198701084587406 ], [ 40.333947173823049, 0.198751085094565 ], [ 40.331547173763113, 0.1992510847698 ], [ 40.327947174122812, 0.200751084694837 ], [ 40.322447174097874, 0.204151085004642 ], [ 40.312147173952951, 0.211951084974665 ], [ 40.309347174332686, 0.214151084804769 ], [ 40.305697174185298, 0.216351084634882 ], [ 40.299747174092886, 0.219651084829763 ], [ 40.293747174392649, 0.222701085187002 ], [ 40.286447174097873, 0.226301084827234 ], [ 40.28104717418779, 0.228851084609922 ], [ 40.277347174432634, 0.230301084927195 ], [ 40.273697174285189, 0.231751085244404 ], [ 40.269847173907976, 0.233001085331865 ], [ 40.265147173903017, 0.234851085209478 ], [ 40.25954717376311, 0.237301084877233 ], [ 40.255447174447568, 0.23955108521448 ], [ 40.251347174232762, 0.241701085436766 ], [ 40.248547173713121, 0.243051084739825 ], [ 40.244147174052898, 0.245751085144491 ], [ 40.241697174385138, 0.247301084677358 ], [ 40.238147174352662, 0.249601084622389 ], [ 40.235847174407638, 0.251301084777309 ], [ 40.233097174395141, 0.253351084884682 ], [ 40.229947173922994, 0.255751084944681 ], [ 40.222647173628218, 0.261751084644906 ], [ 40.218347174082851, 0.265551085414295 ], [ 40.214347173982958, 0.269401084892203 ], [ 40.210997174180307, 0.272851084809764 ], [ 40.204547174412596, 0.280151085104538 ], [ 40.200747173643208, 0.284501085156993 ], [ 40.195747174192775, 0.290751084694882 ], [ 40.184897173865522, 0.303001084832261 ], [ 40.180947174272717, 0.307451084999635 ], [ 40.176797173550767, 0.311701084937178 ], [ 40.173147174302699, 0.315251084969639 ], [ 40.168847173858012, 0.319301084677369 ], [ 40.165447174447593, 0.322451085149517 ], [ 40.161497173955468, 0.325801084952162 ], [ 40.157547174362662, 0.328751085194477 ], [ 40.153547174262712, 0.331101084747339 ], [ 40.149097174095346, 0.332651085179471 ], [ 40.145697173785607, 0.333751084644919 ], [ 40.143047173888021, 0.3348010854018 ], [ 40.1400971736457, 0.336351084934673 ], [ 40.134147173553288, 0.339501085406825 ], [ 40.129947174122833, 0.342001084682359 ], [ 40.124747174442575, 0.34565108482974 ], [ 40.114847173858038, 0.353101084847252 ], [ 40.101647173977938, 0.363551084714849 ], [ 40.098197174060374, 0.366051084889703 ], [ 40.094147174352656, 0.368951084624877 ], [ 40.078697174135357, 0.379901085067041 ], [ 40.075247174217793, 0.382151085404303 ], [ 40.072347173583239, 0.384351085234463 ], [ 40.069847174307711, 0.386001084882198 ], [ 40.065647173977936, 0.388751084894693 ], [ 40.062447173898022, 0.390951084724805 ], [ 40.057997173730655, 0.393601084622392 ], [ 40.053447174347696, 0.395351085284404 ], [ 40.048047174437613, 0.396651084979631 ], [ 40.042947173972948, 0.397251084769773 ], [ 40.025947174222779, 0.397701084837258 ], [ 40.020947173873026, 0.398151084904663 ], [ 40.017047173888045, 0.398601084972143 ], [ 40.0133971737406, 0.399251085269439 ], [ 40.008747174242728, 0.400251084619922 ], [ 40.005647174277726, 0.401051084639902 ], [ 40.002647174427636, 0.401851084659888 ], [ 39.999147174002928, 0.4029510850246 ], [ 39.995247174017891, 0.404051085389314 ], [ 39.992347174282713, 0.405201085361845 ], [ 39.983947173623221, 0.408251084819775 ], [ 39.9790471742877, 0.410251085319368 ], [ 39.975947174322705, 0.411701084737338 ], [ 39.97099717358077, 0.414101084797261 ], [ 39.965547174062863, 0.416901085316903 ], [ 39.961597173570738, 0.419101085147025 ], [ 39.957047174187778, 0.421851085159521 ], [ 39.952647173628236, 0.424551084664876 ], [ 39.947847174407634, 0.427701085137011 ], [ 39.944047173638182, 0.430351085034604 ], [ 39.940347173883026, 0.433151084654863 ], [ 39.934047173838053, 0.438051084889704 ], [ 39.927897174415136, 0.443001084732319 ], [ 39.922847173558239, 0.447601084622424 ], [ 39.919547174262732, 0.450701084587422 ], [ 39.916247174067905, 0.45360108522197 ], [ 39.913909740741985, 0.455927075574156 ], [ 39.912063207750862, 0.457962167619994 ], [ 39.910063208150575, 0.459362168329451 ], [ 39.906863208070661, 0.461062167584996 ], [ 39.904163207665931, 0.463262168314481 ], [ 39.901363208045666, 0.463362168429396 ], [ 39.897963207735927, 0.462362168179531 ], [ 39.895153585369712, 0.462262168064626 ], [ 39.894278561206704, 0.462375553688895 ], [ 39.892872499066641, 0.462821183950555 ], [ 39.891874337930403, 0.463256603309614 ], [ 39.890822721091752, 0.463647290390214 ], [ 39.888768629069034, 0.463921197805068 ], [ 39.885616507995508, 0.463338001847369 ], [ 39.883598941038372, 0.462480034226245 ], [ 39.882181031229663, 0.461641700604053 ], [ 39.880399270110274, 0.460449240939741 ], [ 39.877763207905787, 0.459562167659955 ], [ 39.874363207595998, 0.45956216765996 ], [ 39.870963208185572, 0.460762168139584 ], [ 39.868663208240548, 0.462662167624958 ], [ 39.867463207760863, 0.464462167894791 ], [ 39.865763207605994, 0.466162168049661 ], [ 39.86386320812062, 0.467312168022202 ], [ 39.86116320771589, 0.467962168319448 ], [ 39.859263208230516, 0.469762167689909 ], [ 39.857276738031089, 0.470200364155519 ], [ 39.856038939045845, 0.470929868118958 ], [ 39.855556460862033, 0.471611161226176 ], [ 39.854863207670974, 0.47366216767495 ], [ 39.85326320763096, 0.475962167619962 ], [ 39.85141320775341, 0.477662167774899 ], [ 39.848463208410408, 0.478612168416879 ], [ 39.845163208215524, 0.478562167909785 ], [ 39.843063207601006, 0.478662168024702 ], [ 39.840063207750916, 0.479062167585019 ], [ 39.837998798705655, 0.480646243329485 ], [ 39.837157074639322, 0.481080216578781 ], [ 39.836162564750623, 0.481294466566446 ], [ 39.834063208050679, 0.481262168314461 ], [ 39.831763208105599, 0.480762167739898 ], [ 39.829588095214497, 0.480259547440201 ], [ 39.828642619061668, 0.479932895686662 ], [ 39.827146690367499, 0.479711311727733 ], [ 39.824863208270472, 0.481162168199551 ], [ 39.82266320844036, 0.482762168239496 ], [ 39.820263208380425, 0.4836621683744 ], [ 39.816163208165563, 0.48396216781981 ], [ 39.812463208410406, 0.484562167610023 ], [ 39.810663208140568, 0.485062168184588 ], [ 39.808663207640961, 0.484962168069667 ], [ 39.806513208317938, 0.484012168326952 ], [ 39.803114919418022, 0.484077224384466 ], [ 39.800443903263556, 0.484524994133204 ], [ 39.797763207705941, 0.486262167764893 ], [ 39.795563207875773, 0.488262168264493 ], [ 39.793295470209841, 0.489114292090954 ], [ 39.791474329576715, 0.489272077244607 ], [ 39.789263207830857, 0.489462167844801 ], [ 39.786563208325447, 0.490462168094611 ], [ 39.783763207805862, 0.491062167884759 ], [ 39.781363207745869, 0.492762168039688 ], [ 39.779863207820824, 0.49426216796473 ], [ 39.778234337744557, 0.495176603117785 ], [ 39.777448459778668, 0.495445118197726 ], [ 39.776269997162672, 0.495628079872062 ], [ 39.774753584610266, 0.495770745623466 ], [ 39.774521321202087, 0.496514761946748 ], [ 39.774044704799337, 0.498517947845079 ], [ 39.772563208425368, 0.500762168239526 ], [ 39.770603788034464, 0.502902203074259 ], [ 39.769372831091346, 0.503953589686485 ], [ 39.767413208352934, 0.504212168157088 ], [ 39.765063207900766, 0.50586216780482 ], [ 39.763663208090634, 0.507062168284507 ], [ 39.762963208185568, 0.509812168296997 ], [ 39.76191320832794, 0.51201216812712 ], [ 39.759263208430355, 0.51216216784979 ], [ 39.756963207586011, 0.512862167754866 ], [ 39.754413207803339, 0.514662168024694 ], [ 39.751413207953249, 0.515462168044675 ], [ 39.749833130594538, 0.516169164675269 ], [ 39.749123888356792, 0.51663362404259 ], [ 39.748230481151836, 0.51713595026394 ], [ 39.746686973824808, 0.517670912882358 ], [ 39.745909909215015, 0.518099224000026 ], [ 39.745064872046271, 0.518881468704878 ], [ 39.743803349844768, 0.520249577655923 ], [ 39.742063207551041, 0.521762168089645 ], [ 39.740263208180579, 0.52316216789979 ], [ 39.738066518754863, 0.523025066253866 ], [ 39.735913208128125, 0.523162167899788 ], [ 39.734463207810848, 0.52446216759501 ], [ 39.73286320777089, 0.525362167729898 ], [ 39.73156320807567, 0.526612167817353 ], [ 39.731263207730876, 0.528662167924775 ], [ 39.730663207940722, 0.531362168329446 ], [ 39.728763207556028, 0.533562168159556 ], [ 39.727063208300478, 0.53626216766497 ], [ 39.725699911621689, 0.539455706115972 ], [ 39.72450478366887, 0.541539690704205 ], [ 39.72334957122581, 0.543294595369327 ], [ 39.721563208275484, 0.545162167999706 ], [ 39.719863208120614, 0.546562167809841 ], [ 39.71796320773592, 0.545612168067124 ], [ 39.716363207695906, 0.547812167897285 ], [ 39.716113207858314, 0.550562167909784 ], [ 39.71472293511539, 0.552019897000716 ], [ 39.713263207730904, 0.55381216759752 ], [ 39.711863207920771, 0.556062167934721 ], [ 39.710613207833319, 0.55776216808965 ], [ 39.708675929650497, 0.558841446275773 ], [ 39.707518089388373, 0.560189318682149 ], [ 39.706992631704622, 0.56081656613168 ], [ 39.705706194685206, 0.562054179856542 ], [ 39.703223885973614, 0.563776211602936 ], [ 39.701911667189734, 0.565022714226919 ], [ 39.701264897257268, 0.565848160564209 ], [ 39.700524781293666, 0.566847702159745 ], [ 39.699676636967297, 0.567856948339566 ], [ 39.699129997551381, 0.568614985093517 ], [ 39.698630584234138, 0.569770916094963 ], [ 39.698452698333426, 0.570570613942727 ], [ 39.698013207743372, 0.572512168401893 ], [ 39.696847308656402, 0.573628066981776 ], [ 39.695956112884346, 0.574473553811508 ], [ 39.694858877035585, 0.575437308684909 ], [ 39.69384093171368, 0.576253875116267 ], [ 39.692063207650961, 0.577562168359405 ], [ 39.689413207753375, 0.578812168446851 ], [ 39.688213208173067, 0.58046216809464 ], [ 39.68776320810565, 0.58281216764749 ], [ 39.68666919632642, 0.584717044156324 ], [ 39.685632585575433, 0.586294137564429 ], [ 39.684793267195573, 0.587529728714054 ], [ 39.683775698689601, 0.588632175234744 ], [ 39.682054719150017, 0.58969530879154 ], [ 39.680246895677726, 0.591630457379784 ], [ 39.679283019395882, 0.593996174383966 ], [ 39.678133481674877, 0.595583189112921 ], [ 39.676654107700983, 0.59687126829443 ], [ 39.675763742003141, 0.59812329005785 ], [ 39.675313207738384, 0.600662167924789 ], [ 39.674363207995725, 0.603012168376897 ], [ 39.672913207678448, 0.605112168092153 ], [ 39.670963207685929, 0.607762167989734 ], [ 39.669163208315467, 0.609862167704924 ], [ 39.667063207700949, 0.611362167629984 ], [ 39.665363208445342, 0.613062167784847 ], [ 39.663863207620977, 0.61516216839943 ], [ 39.663063207600999, 0.617762167789871 ], [ 39.662313208088108, 0.620162167849793 ], [ 39.657863207920741, 0.625762167989713 ], [ 39.656609684289549, 0.627809918892696 ], [ 39.655661813242148, 0.629246014791814 ], [ 39.654263208280497, 0.631262168014703 ], [ 39.653363208145606, 0.634062167634959 ], [ 39.653113208307957, 0.637362167829856 ], [ 39.651763208105649, 0.640662168024679 ], [ 39.650763207855789, 0.642912168361925 ], [ 39.649763207605986, 0.644962167570038 ], [ 39.649317137575906, 0.646861297411017 ], [ 39.649093887173194, 0.64765990617979 ], [ 39.648700942794335, 0.648851794774548 ], [ 39.648160552767365, 0.65014774302398 ], [ 39.64771896765626, 0.650948881585686 ], [ 39.646913208377896, 0.652212168257003 ], [ 39.64621320757351, 0.654462167694929 ], [ 39.645763208405413, 0.656862167754868 ], [ 39.644463207810873, 0.658462167794884 ], [ 39.642963207885771, 0.659662168274501 ], [ 39.641163207615989, 0.660812168246999 ], [ 39.639563207576032, 0.661962168219528 ], [ 39.63776320820557, 0.66361216786731 ], [ 39.63636320839538, 0.665512168252011 ], [ 39.634863207571016, 0.667062167784871 ], [ 39.63206320795075, 0.667662167575028 ], [ 39.630063208350464, 0.669062168284482 ], [ 39.627363207945734, 0.66976216818955 ], [ 39.626363207695931, 0.67176216778983 ], [ 39.625863208020689, 0.673962167619997 ], [ 39.624763207655974, 0.675562167659968 ], [ 39.623590328930561, 0.677145488873232 ], [ 39.621460256785497, 0.678658510981567 ], [ 39.619263207630979, 0.680062168334474 ], [ 39.61731320763846, 0.681562168259523 ], [ 39.615513208267998, 0.682962168069651 ], [ 39.613763207605984, 0.684362167879783 ], [ 39.612563208025676, 0.68616216814956 ], [ 39.611451055122131, 0.689008567391505 ], [ 39.610647623289253, 0.690438885146473 ], [ 39.609725810997418, 0.691810291911509 ], [ 39.607813208412892, 0.693062167984694 ] ] ] } }
]
}
