{
"type": "FeatureCollection",
"name": "towns",
"crs": { "type": "name", "properties": { "name": "urn:ogc:def:crs:OGC:1.3:CRS84" } },
"features": [
{ "type": "Feature", "properties": { "LAYER": "Unknown Point Feature", "AREA": 0.0, "PERIMETER": 0.0, "TOWN_NAME": "Msambweni", "TOWN_ID": 4, "TOWN_TYPE": "Market Centres" }, "geometry": { "type": "Point", "coordinates": [ 39.480024540719675, -4.479986652276057 ] } },
{ "type": "Feature", "properties": { "LAYER": "Unknown Point Feature", "AREA": 0.0, "PERIMETER": 0.0, "TOWN_NAME": "Cheptais", "TOWN_ID": 4, "TOWN_TYPE": "Market Centres" }, "geometry": { "type": "Point", "coordinates": [ 34.450029985647213, 0.800008301209813 ] } },
{ "type": "Feature", "properties": { "LAYER": "Unknown Point Feature", "AREA": 0.0, "PERIMETER": 0.0, "TOWN_NAME": "Dadaab", "TOWN_ID": 3, "TOWN_TYPE": "Trading Centre" }, "geometry": { "type": "Point", "coordinates": [ 40.320023354002565, 0.070008969221045 ] } },
{ "type": "Feature", "properties": { "LAYER": "Unknown Point Feature", "AREA": 0.0, "PERIMETER": 0.0, "TOWN_NAME": "Eldas", "TOWN_ID": 4, "TOWN_TYPE": "Market Centres" }, "geometry": { "type": "Point", "coordinates": [ 39.550023664556747, 2.530006543550446 ] } },
{ "type": "Feature", "properties": { "LAYER": "Unknown Point Feature", "AREA": 0.0, "PERIMETER": 0.0, "TOWN_NAME": "Kathiani", "TOWN_ID": 3, "TOWN_TYPE": "Trading Centre" }, "geometry": { "type": "Point", "coordinates": [ 37.030025587969895, -1.419989575035162 ] } },
{ "type": "Feature", "properties": { "LAYER": "Unknown Point Feature", "AREA": 0.0, "PERIMETER": 0.0, "TOWN_NAME": "Kikima", "TOWN_ID": 4, "TOWN_TYPE": "Market Centres" }, "geometry": { "type": "Point", "coordinates": [ 37.450027171759629, -1.069989997875378 ] } },
{ "type": "Feature", "properties": { "LAYER": "Unknown Point Feature", "AREA": 0.0, "PERIMETER": 0.0, "TOWN_NAME": "Kimunye", "TOWN_ID": 4, "TOWN_TYPE": "Market Centres" }, "geometry": { "type": "Point", "coordinates": [ 37.300025784238784, -0.429990562448741 ] } },
{ "type": "Feature", "properties": { "LAYER": "Unknown Point Feature", "AREA": 0.0, "PERIMETER": 0.0, "TOWN_NAME": "Miharati", "TOWN_ID": 4, "TOWN_TYPE": "Market Centres" }, "geometry": { "type": "Point", "coordinates": [ 36.480026861242784, -0.399990593060281 ] } },
{ "type": "Feature", "properties": { "LAYER": "Unknown Point Feature", "AREA": 0.0, "PERIMETER": 0.0, "TOWN_NAME": "Mpeketoni", "TOWN_ID": 4, "TOWN_TYPE": "Market Centres" }, "geometry": { "type": "Point", "coordinates": [ 40.6800236344409, -2.419988679514338 ] } },
{ "type": "Feature", "properties": { "LAYER": "Unknown Point Feature", "AREA": 0.0, "PERIMETER": 0.0, "TOWN_NAME": "Njabini", "TOWN_ID": 4, "TOWN_TYPE": "Market Centres" }, "geometry": { "type": "Point", "coordinates": [ 36.070027399338443, -0.719990316190169 ] } },
{ "type": "Feature", "properties": { "LAYER": "Unknown Point Feature", "AREA": 0.0, "PERIMETER": 0.0, "TOWN_NAME": "Waghala", "TOWN_ID": 4, "TOWN_TYPE": "Market Centres" }, "geometry": { "type": "Point", "coordinates": [ 39.93002435393187, 1.780007271141474 ] } },
{ "type": "Feature", "properties": { "LAYER": "Unknown Point Feature", "AREA": 0.0, "PERIMETER": 0.0, "TOWN_NAME": "Wamui", "TOWN_ID": 4, "TOWN_TYPE": "Market Centres" }, "geometry": { "type": "Point", "coordinates": [ 37.32002623162299, -1.579989505572785 ] } },
{ "type": "Feature", "properties": { "LAYER": "Unknown Point Feature", "AREA": 0.0, "PERIMETER": 0.0, "TOWN_NAME": "Wanguru", "TOWN_ID": 4, "TOWN_TYPE": "Market Centres" }, "geometry": { "type": "Point", "coordinates": [ 37.370025413872852, -0.679990324172719 ] } },
{ "type": "Feature", "properties": { "LAYER": "Unknown Point Feature", "AREA": 0.0, "PERIMETER": 0.0, "TOWN_NAME": "Usenge", "TOWN_ID": 3, "TOWN_TYPE": "Trading Centre" }, "geometry": { "type": "Point", "coordinates": [ 34.060316588876432, -0.052908917975732 ] } },
{ "type": "Feature", "properties": { "LAYER": "Unknown Point Feature", "AREA": 0.0, "PERIMETER": 0.0, "TOWN_NAME": "Busia", "TOWN_ID": 2, "TOWN_TYPE": "Township/Town" }, "geometry": { "type": "Point", "coordinates": [ 34.117171535868451, 0.446304619581695 ] } },
{ "type": "Feature", "properties": { "LAYER": "Unknown Point Feature", "AREA": 0.0, "PERIMETER": 0.0, "TOWN_NAME": "Mihuru", "TOWN_ID": 4, "TOWN_TYPE": "Market Centres" }, "geometry": { "type": "Point", "coordinates": [ 34.121695534279844, -1.014739028936622 ] } },
{ "type": "Feature", "properties": { "LAYER": "Unknown Point Feature", "AREA": 0.0, "PERIMETER": 0.0, "TOWN_NAME": "Karungu", "TOWN_ID": 4, "TOWN_TYPE": "Market Centres" }, "geometry": { "type": "Point", "coordinates": [ 34.166464490358862, -0.836973192651374 ] } },
{ "type": "Feature", "properties": { "LAYER": "Unknown Point Feature", "AREA": 0.0, "PERIMETER": 0.0, "TOWN_NAME": "Bande", "TOWN_ID": 4, "TOWN_TYPE": "Market Centres" }, "geometry": { "type": "Point", "coordinates": [ 34.191029468510735, -1.033990010493079 ] } },
{ "type": "Feature", "properties": { "LAYER": "Unknown Point Feature", "AREA": 0.0, "PERIMETER": 0.0, "TOWN_NAME": "Mbita", "TOWN_ID": 4, "TOWN_TYPE": "Market Centres" }, "geometry": { "type": "Point", "coordinates": [ 34.198191458153048, -0.410928586338631 ] } },
{ "type": "Feature", "properties": { "LAYER": "Unknown Point Feature", "AREA": 0.0, "PERIMETER": 0.0, "TOWN_NAME": "Bondo", "TOWN_ID": 4, "TOWN_TYPE": "Market Centres" }, "geometry": { "type": "Point", "coordinates": [ 34.262095397030791, -0.088289884958938 ] } },
{ "type": "Feature", "properties": { "LAYER": "Unknown Point Feature", "AREA": 0.0, "PERIMETER": 0.0, "TOWN_NAME": "Likoli", "TOWN_ID": 4, "TOWN_TYPE": "Market Centres" }, "geometry": { "type": "Point", "coordinates": [ 34.270029391358925, 0.576008498607122 ] } },
{ "type": "Feature", "properties": { "LAYER": "Unknown Point Feature", "AREA": 0.0, "PERIMETER": 0.0, "TOWN_NAME": "Boro", "TOWN_ID": 4, "TOWN_TYPE": "Market Centres" }, "geometry": { "type": "Point", "coordinates": [ 34.277029382966674, 0.068008970130628 ] } },
{ "type": "Feature", "properties": { "LAYER": "Unknown Point Feature", "AREA": 0.0, "PERIMETER": 0.0, "TOWN_NAME": "Lokichokio", "TOWN_ID": 4, "TOWN_TYPE": "Market Centres" }, "geometry": { "type": "Point", "coordinates": [ 34.30782943361578, 4.189934123805285 ] } },
{ "type": "Feature", "properties": { "LAYER": "Unknown Point Feature", "AREA": 0.0, "PERIMETER": 0.0, "TOWN_NAME": "Mungatsi", "TOWN_ID": 4, "TOWN_TYPE": "Market Centres" }, "geometry": { "type": "Point", "coordinates": [ 34.310210352726571, 0.46406660243519 ] } },
{ "type": "Feature", "properties": { "LAYER": "Unknown Point Feature", "AREA": 0.0, "PERIMETER": 0.0, "TOWN_NAME": "Mukuro", "TOWN_ID": 4, "TOWN_TYPE": "Market Centres" }, "geometry": { "type": "Point", "coordinates": [ 34.372029297057459, -1.034990007792362 ] } },
{ "type": "Feature", "properties": { "LAYER": "Unknown Point Feature", "AREA": 0.0, "PERIMETER": 0.0, "TOWN_NAME": "Ndori", "TOWN_ID": 4, "TOWN_TYPE": "Market Centres" }, "geometry": { "type": "Point", "coordinates": [ 34.377825287525802, -0.06708090447719 ] } },
{ "type": "Feature", "properties": { "LAYER": "Unknown Point Feature", "AREA": 0.0, "PERIMETER": 0.0, "TOWN_NAME": "Asembo", "TOWN_ID": 4, "TOWN_TYPE": "Market Centres" }, "geometry": { "type": "Point", "coordinates": [ 34.384772281011514, -0.178507801077372 ] } },
{ "type": "Feature", "properties": { "LAYER": "Unknown Point Feature", "AREA": 0.0, "PERIMETER": 0.0, "TOWN_NAME": "Myanga", "TOWN_ID": 4, "TOWN_TYPE": "Market Centres" }, "geometry": { "type": "Point", "coordinates": [ 34.386179281399407, 0.561545511535134 ] } },
{ "type": "Feature", "properties": { "LAYER": "Unknown Point Feature", "AREA": 0.0, "PERIMETER": 0.0, "TOWN_NAME": "Akala", "TOWN_ID": 4, "TOWN_TYPE": "Market Centres" }, "geometry": { "type": "Point", "coordinates": [ 34.41960424807516, -0.057993912862413 ] } },
{ "type": "Feature", "properties": { "LAYER": "Unknown Point Feature", "AREA": 0.0, "PERIMETER": 0.0, "TOWN_NAME": "Suna", "TOWN_ID": 3, "TOWN_TYPE": "Trading Centre" }, "geometry": { "type": "Point", "coordinates": [ 34.440707232757504, -1.097732949059403 ] } },
{ "type": "Feature", "properties": { "LAYER": "Unknown Point Feature", "AREA": 0.0, "PERIMETER": 0.0, "TOWN_NAME": "Kabweye", "TOWN_ID": 4, "TOWN_TYPE": "Market Centres" }, "geometry": { "type": "Point", "coordinates": [ 34.442029232114571, -1.16298988867284 ] } },
{ "type": "Feature", "properties": { "LAYER": "Unknown Point Feature", "AREA": 0.0, "PERIMETER": 0.0, "TOWN_NAME": "Nyabi Kane(is", "TOWN_ID": 4, "TOWN_TYPE": "Market Centres" }, "geometry": { "type": "Point", "coordinates": [ 34.464888211233671, -1.232028824552851 ] } },
{ "type": "Feature", "properties": { "LAYER": "Unknown Point Feature", "AREA": 0.0, "PERIMETER": 0.0, "TOWN_NAME": "Migori", "TOWN_ID": 2, "TOWN_TYPE": "Township/Town" }, "geometry": { "type": "Point", "coordinates": [ 34.484499191099097, -1.056481986792657 ] } },
{ "type": "Feature", "properties": { "LAYER": "Unknown Point Feature", "AREA": 0.0, "PERIMETER": 0.0, "TOWN_NAME": "Sare Awendo", "TOWN_ID": 3, "TOWN_TYPE": "Trading Centre" }, "geometry": { "type": "Point", "coordinates": [ 34.530756146589908, -0.941572092781464 ] } },
{ "type": "Feature", "properties": { "LAYER": "Unknown Point Feature", "AREA": 0.0, "PERIMETER": 0.0, "TOWN_NAME": "Taranganya", "TOWN_ID": 4, "TOWN_TYPE": "Market Centres" }, "geometry": { "type": "Point", "coordinates": [ 34.546029134297761, -1.18298986901838 ] } },
{ "type": "Feature", "properties": { "LAYER": "Unknown Point Feature", "AREA": 0.0, "PERIMETER": 0.0, "TOWN_NAME": "Nyabasi", "TOWN_ID": 4, "TOWN_TYPE": "Market Centres" }, "geometry": { "type": "Point", "coordinates": [ 34.552029129495487, -1.266989791183847 ] } },
{ "type": "Feature", "properties": { "LAYER": "Unknown Point Feature", "AREA": 0.0, "PERIMETER": 0.0, "TOWN_NAME": "Thimjope", "TOWN_ID": 4, "TOWN_TYPE": "Market Centres" }, "geometry": { "type": "Point", "coordinates": [ 34.583029098013228, -1.019990019627689 ] } },
{ "type": "Feature", "properties": { "LAYER": "Unknown Point Feature", "AREA": 0.0, "PERIMETER": 0.0, "TOWN_NAME": "Oyani", "TOWN_ID": 4, "TOWN_TYPE": "Market Centres" }, "geometry": { "type": "Point", "coordinates": [ 34.605029077762701, -1.071989971217902 ] } },
{ "type": "Feature", "properties": { "LAYER": "Unknown Point Feature", "AREA": 0.0, "PERIMETER": 0.0, "TOWN_NAME": "Rongo", "TOWN_ID": 3, "TOWN_TYPE": "Trading Centre" }, "geometry": { "type": "Point", "coordinates": [ 34.60596307456504, -0.756013264221725 ] } },
{ "type": "Feature", "properties": { "LAYER": "Unknown Point Feature", "AREA": 0.0, "PERIMETER": 0.0, "TOWN_NAME": "Kutiange", "TOWN_ID": 4, "TOWN_TYPE": "Market Centres" }, "geometry": { "type": "Point", "coordinates": [ 34.611029073036434, -1.171989878489498 ] } },
{ "type": "Feature", "properties": { "LAYER": "Unknown Point Feature", "AREA": 0.0, "PERIMETER": 0.0, "TOWN_NAME": "Lunza", "TOWN_ID": 4, "TOWN_TYPE": "Market Centres" }, "geometry": { "type": "Point", "coordinates": [ 34.613029066279196, 0.225008824015336 ] } },
{ "type": "Feature", "properties": { "LAYER": "Unknown Point Feature", "AREA": 0.0, "PERIMETER": 0.0, "TOWN_NAME": "Kehancha", "TOWN_ID": 3, "TOWN_TYPE": "Trading Centre" }, "geometry": { "type": "Point", "coordinates": [ 34.630049055272302, -1.18418286698201 ] } },
{ "type": "Feature", "properties": { "LAYER": "Unknown Point Feature", "AREA": 0.0, "PERIMETER": 0.0, "TOWN_NAME": "Butsotso", "TOWN_ID": 4, "TOWN_TYPE": "Market Centres" }, "geometry": { "type": "Point", "coordinates": [ 34.686028998117614, 0.359008699055858 ] } },
{ "type": "Feature", "properties": { "LAYER": "Unknown Point Feature", "AREA": 0.0, "PERIMETER": 0.0, "TOWN_NAME": "Ntimaru", "TOWN_ID": 3, "TOWN_TYPE": "Trading Centre" }, "geometry": { "type": "Point", "coordinates": [ 34.688029002333835, -1.332989728411287 ] } },
{ "type": "Feature", "properties": { "LAYER": "Unknown Point Feature", "AREA": 0.0, "PERIMETER": 0.0, "TOWN_NAME": "Kaptalelia", "TOWN_ID": 4, "TOWN_TYPE": "Market Centres" }, "geometry": { "type": "Point", "coordinates": [ 34.702028985984484, 0.848008242859282 ] } },
{ "type": "Feature", "properties": { "LAYER": "Unknown Point Feature", "AREA": 0.0, "PERIMETER": 0.0, "TOWN_NAME": "Kapsakwony", "TOWN_ID": 4, "TOWN_TYPE": "Market Centres" }, "geometry": { "type": "Point", "coordinates": [ 34.702028985555359, 0.793008294198949 ] } },
{ "type": "Feature", "properties": { "LAYER": "Unknown Point Feature", "AREA": 0.0, "PERIMETER": 0.0, "TOWN_NAME": "Kimilili", "TOWN_ID": 3, "TOWN_TYPE": "Trading Centre" }, "geometry": { "type": "Point", "coordinates": [ 34.708135979704075, 0.777270308850017 ] } },
{ "type": "Feature", "properties": { "LAYER": "Unknown Point Feature", "AREA": 0.0, "PERIMETER": 0.0, "TOWN_NAME": "Vihiga", "TOWN_ID": 2, "TOWN_TYPE": "Township/Town" }, "geometry": { "type": "Point", "coordinates": [ 34.709028975759281, 0.037237998797563 ] } },
{ "type": "Feature", "properties": { "LAYER": "Unknown Point Feature", "AREA": 0.0, "PERIMETER": 0.0, "TOWN_NAME": "Kavujai", "TOWN_ID": 4, "TOWN_TYPE": "Market Centres" }, "geometry": { "type": "Point", "coordinates": [ 34.742028947122201, 0.666008412505055 ] } },
{ "type": "Feature", "properties": { "LAYER": "Unknown Point Feature", "AREA": 0.0, "PERIMETER": 0.0, "TOWN_NAME": "Kachonge", "TOWN_ID": 4, "TOWN_TYPE": "Market Centres" }, "geometry": { "type": "Point", "coordinates": [ 34.744028945613579, 0.721008361154155 ] } },
{ "type": "Feature", "properties": { "LAYER": "Unknown Point Feature", "AREA": 0.0, "PERIMETER": 0.0, "TOWN_NAME": "Lukume", "TOWN_ID": 4, "TOWN_TYPE": "Market Centres" }, "geometry": { "type": "Point", "coordinates": [ 34.748028940076807, 0.398008662527639 ] } },
{ "type": "Feature", "properties": { "LAYER": "Unknown Point Feature", "AREA": 0.0, "PERIMETER": 0.0, "TOWN_NAME": "Webuye", "TOWN_ID": 2, "TOWN_TYPE": "Township/Town" }, "geometry": { "type": "Point", "coordinates": [ 34.754331935143497, 0.595077478645896 ] } },
{ "type": "Feature", "properties": { "LAYER": "Unknown Point Feature", "AREA": 0.0, "PERIMETER": 0.0, "TOWN_NAME": "Humbe", "TOWN_ID": 4, "TOWN_TYPE": "Market Centres" }, "geometry": { "type": "Point", "coordinates": [ 34.763708926399403, -0.752785266070592 ] } },
{ "type": "Feature", "properties": { "LAYER": "Unknown Point Feature", "AREA": 0.0, "PERIMETER": 0.0, "TOWN_NAME": "Lolgorien", "TOWN_ID": 2, "TOWN_TYPE": "Township/Town" }, "geometry": { "type": "Point", "coordinates": [ 34.80810788870243, -1.24318881024866 ] } },
{ "type": "Feature", "properties": { "LAYER": "Unknown Point Feature", "AREA": 0.0, "PERIMETER": 0.0, "TOWN_NAME": "Nyangusu", "TOWN_ID": 4, "TOWN_TYPE": "Market Centres" }, "geometry": { "type": "Point", "coordinates": [ 34.84002885599066, -0.925990104500317 ] } },
{ "type": "Feature", "properties": { "LAYER": "Unknown Point Feature", "AREA": 0.0, "PERIMETER": 0.0, "TOWN_NAME": "Kakuma", "TOWN_ID": 3, "TOWN_TYPE": "Trading Centre" }, "geometry": { "type": "Point", "coordinates": [ 34.845235909842643, 3.695050570406827 ] } },
{ "type": "Feature", "properties": { "LAYER": "Unknown Point Feature", "AREA": 0.0, "PERIMETER": 0.0, "TOWN_NAME": "Endebes", "TOWN_ID": 4, "TOWN_TYPE": "Market Centres" }, "geometry": { "type": "Point", "coordinates": [ 34.856340843404894, 1.085514019687622 ] } },
{ "type": "Feature", "properties": { "LAYER": "Unknown Point Feature", "AREA": 0.0, "PERIMETER": 0.0, "TOWN_NAME": "Kilgoris", "TOWN_ID": 3, "TOWN_TYPE": "Trading Centre" }, "geometry": { "type": "Point", "coordinates": [ 34.878366820813774, -1.021738015164162 ] } },
{ "type": "Feature", "properties": { "LAYER": "Unknown Point Feature", "AREA": 0.0, "PERIMETER": 0.0, "TOWN_NAME": "Kanyarkwat", "TOWN_ID": 4, "TOWN_TYPE": "Market Centres" }, "geometry": { "type": "Point", "coordinates": [ 34.905028799752337, 1.266007850275623 ] } },
{ "type": "Feature", "properties": { "LAYER": "Unknown Point Feature", "AREA": 0.0, "PERIMETER": 0.0, "TOWN_NAME": "Saboti", "TOWN_ID": 4, "TOWN_TYPE": "Market Centres" }, "geometry": { "type": "Point", "coordinates": [ 34.912028789507417, 0.89900819371879 ] } },
{ "type": "Feature", "properties": { "LAYER": "Unknown Point Feature", "AREA": 0.0, "PERIMETER": 0.0, "TOWN_NAME": "Kiminini", "TOWN_ID": 3, "TOWN_TYPE": "Trading Centre" }, "geometry": { "type": "Point", "coordinates": [ 34.913747787769054, 0.883692208034545 ] } },
{ "type": "Feature", "properties": { "LAYER": "Unknown Point Feature", "AREA": 0.0, "PERIMETER": 0.0, "TOWN_NAME": "Ahero", "TOWN_ID": 3, "TOWN_TYPE": "Trading Centre" }, "geometry": { "type": "Point", "coordinates": [ 34.915028782621562, -0.171990805985289 ] } },
{ "type": "Feature", "properties": { "LAYER": "Unknown Point Feature", "AREA": 0.0, "PERIMETER": 0.0, "TOWN_NAME": "Lokitanyala", "TOWN_ID": 4, "TOWN_TYPE": "Market Centres" }, "geometry": { "type": "Point", "coordinates": [ 34.953630772724942, 2.386143798751677 ] } },
{ "type": "Feature", "properties": { "LAYER": "Unknown Point Feature", "AREA": 0.0, "PERIMETER": 0.0, "TOWN_NAME": "Loiya", "TOWN_ID": 4, "TOWN_TYPE": "Market Centres" }, "geometry": { "type": "Point", "coordinates": [ 34.983404747477266, 2.506612684901695 ] } },
{ "type": "Feature", "properties": { "LAYER": "Unknown Point Feature", "AREA": 0.0, "PERIMETER": 0.0, "TOWN_NAME": "Kitale", "TOWN_ID": 1, "TOWN_TYPE": "Municipality" }, "geometry": { "type": "Point", "coordinates": [ 35.006860701819441, 1.020318079424354 ] } },
{ "type": "Feature", "properties": { "LAYER": "Unknown Point Feature", "AREA": 0.0, "PERIMETER": 0.0, "TOWN_NAME": "Kaiboi", "TOWN_ID": 4, "TOWN_TYPE": "Market Centres" }, "geometry": { "type": "Point", "coordinates": [ 35.008028696590003, 0.420008641214805 ] } },
{ "type": "Feature", "properties": { "LAYER": "Unknown Point Feature", "AREA": 0.0, "PERIMETER": 0.0, "TOWN_NAME": "Kongolai", "TOWN_ID": 4, "TOWN_TYPE": "Market Centres" }, "geometry": { "type": "Point", "coordinates": [ 35.009351704712721, 1.475925652358938 ] } },
{ "type": "Feature", "properties": { "LAYER": "Unknown Point Feature", "AREA": 0.0, "PERIMETER": 0.0, "TOWN_NAME": "Kanyao", "TOWN_ID": 4, "TOWN_TYPE": "Market Centres" }, "geometry": { "type": "Point", "coordinates": [ 35.054174667107624, 1.770869374952236 ] } },
{ "type": "Feature", "properties": { "LAYER": "Unknown Point Feature", "AREA": 0.0, "PERIMETER": 0.0, "TOWN_NAME": "Kapsisiywa", "TOWN_ID": 4, "TOWN_TYPE": "Market Centres" }, "geometry": { "type": "Point", "coordinates": [ 35.070028638031047, 0.266008785064942 ] } },
{ "type": "Feature", "properties": { "LAYER": "Unknown Point Feature", "AREA": 0.0, "PERIMETER": 0.0, "TOWN_NAME": "Chemomi", "TOWN_ID": 4, "TOWN_TYPE": "Market Centres" }, "geometry": { "type": "Point", "coordinates": [ 35.111028599359457, 0.126008915929216 ] } },
{ "type": "Feature", "properties": { "LAYER": "Unknown Point Feature", "AREA": 0.0, "PERIMETER": 0.0, "TOWN_NAME": "Kapenguria", "TOWN_ID": 3, "TOWN_TYPE": "Trading Centre" }, "geometry": { "type": "Point", "coordinates": [ 35.121499596649187, 1.220448890763475 ] } },
{ "type": "Feature", "properties": { "LAYER": "Unknown Point Feature", "AREA": 0.0, "PERIMETER": 0.0, "TOWN_NAME": "Chemosit", "TOWN_ID": 4, "TOWN_TYPE": "Market Centres" }, "geometry": { "type": "Point", "coordinates": [ 35.169359545356215, -0.481265516531248 ] } },
{ "type": "Feature", "properties": { "LAYER": "Unknown Point Feature", "AREA": 0.0, "PERIMETER": 0.0, "TOWN_NAME": "Leseru", "TOWN_ID": 4, "TOWN_TYPE": "Market Centres" }, "geometry": { "type": "Point", "coordinates": [ 35.173883542328596, 0.589606481851924 ] } },
{ "type": "Feature", "properties": { "LAYER": "Unknown Point Feature", "AREA": 0.0, "PERIMETER": 0.0, "TOWN_NAME": "Onyoki", "TOWN_ID": 4, "TOWN_TYPE": "Market Centres" }, "geometry": { "type": "Point", "coordinates": [ 35.178028537479861, 0.390008668793038 ] } },
{ "type": "Feature", "properties": { "LAYER": "Unknown Point Feature", "AREA": 0.0, "PERIMETER": 0.0, "TOWN_NAME": "Kapkatet", "TOWN_ID": 4, "TOWN_TYPE": "Market Centres" }, "geometry": { "type": "Point", "coordinates": [ 35.199098518132793, -0.621852385121292 ] } },
{ "type": "Feature", "properties": { "LAYER": "Unknown Point Feature", "AREA": 0.0, "PERIMETER": 0.0, "TOWN_NAME": "Chepararia", "TOWN_ID": 3, "TOWN_TYPE": "Trading Centre" }, "geometry": { "type": "Point", "coordinates": [ 35.202028522450433, 1.31500780116392 ] } },
{ "type": "Feature", "properties": { "LAYER": "Unknown Point Feature", "AREA": 0.0, "PERIMETER": 0.0, "TOWN_NAME": "Kapsoil", "TOWN_ID": 4, "TOWN_TYPE": "Market Centres" }, "geometry": { "type": "Point", "coordinates": [ 35.2185494989224, -0.31887466802411 ] } },
{ "type": "Feature", "properties": { "LAYER": "Unknown Point Feature", "AREA": 0.0, "PERIMETER": 0.0, "TOWN_NAME": "Cherangani", "TOWN_ID": 3, "TOWN_TYPE": "Trading Centre" }, "geometry": { "type": "Point", "coordinates": [ 35.221494500787713, 0.987346108595457 ] } },
{ "type": "Feature", "properties": { "LAYER": "Unknown Point Feature", "AREA": 0.0, "PERIMETER": 0.0, "TOWN_NAME": "Keekorok", "TOWN_ID": 3, "TOWN_TYPE": "Trading Centre" }, "geometry": { "type": "Point", "coordinates": [ 35.232026495964014, -1.5915154810405 ] } },
{ "type": "Feature", "properties": { "LAYER": "Unknown Point Feature", "AREA": 0.0, "PERIMETER": 0.0, "TOWN_NAME": "Kabason", "TOWN_ID": 4, "TOWN_TYPE": "Market Centres" }, "geometry": { "type": "Point", "coordinates": [ 35.244844477852652, -1.010653021998898 ] } },
{ "type": "Feature", "properties": { "LAYER": "Unknown Point Feature", "AREA": 0.0, "PERIMETER": 0.0, "TOWN_NAME": "Ptoyo", "TOWN_ID": 4, "TOWN_TYPE": "Market Centres" }, "geometry": { "type": "Point", "coordinates": [ 35.248028483829088, 1.642007493289698 ] } },
{ "type": "Feature", "properties": { "LAYER": "Unknown Point Feature", "AREA": 0.0, "PERIMETER": 0.0, "TOWN_NAME": "Lorukumu", "TOWN_ID": 4, "TOWN_TYPE": "Market Centres" }, "geometry": { "type": "Point", "coordinates": [ 35.252447504736139, 2.883826323497513 ] } },
{ "type": "Feature", "properties": { "LAYER": "Unknown Point Feature", "AREA": 0.0, "PERIMETER": 0.0, "TOWN_NAME": "Kaiemothia", "TOWN_ID": 4, "TOWN_TYPE": "Market Centres" }, "geometry": { "type": "Point", "coordinates": [ 35.310374724223763, 4.903479061255516 ] } },
{ "type": "Feature", "properties": { "LAYER": "Unknown Point Feature", "AREA": 0.0, "PERIMETER": 0.0, "TOWN_NAME": "Sebit", "TOWN_ID": 4, "TOWN_TYPE": "Market Centres" }, "geometry": { "type": "Point", "coordinates": [ 35.327028406675403, 1.401007718944916 ] } },
{ "type": "Feature", "properties": { "LAYER": "Unknown Point Feature", "AREA": 0.0, "PERIMETER": 0.0, "TOWN_NAME": "Fort  Tenan", "TOWN_ID": 4, "TOWN_TYPE": "Market Centres" }, "geometry": { "type": "Point", "coordinates": [ 35.341028384279369, -0.197990780736926 ] } },
{ "type": "Feature", "properties": { "LAYER": "Unknown Point Feature", "AREA": 0.0, "PERIMETER": 0.0, "TOWN_NAME": "Ortum", "TOWN_ID": 4, "TOWN_TYPE": "Market Centres" }, "geometry": { "type": "Point", "coordinates": [ 35.344028391276581, 1.439007683003754 ] } },
{ "type": "Feature", "properties": { "LAYER": "Unknown Point Feature", "AREA": 0.0, "PERIMETER": 0.0, "TOWN_NAME": "Moiben", "TOWN_ID": 3, "TOWN_TYPE": "Trading Centre" }, "geometry": { "type": "Point", "coordinates": [ 35.379022352040337, 0.803383280193209 ] } },
{ "type": "Feature", "properties": { "LAYER": "Unknown Point Feature", "AREA": 0.0, "PERIMETER": 0.0, "TOWN_NAME": "Nasolot", "TOWN_ID": 4, "TOWN_TYPE": "Market Centres" }, "geometry": { "type": "Point", "coordinates": [ 35.397798346638432, 1.822077321638889 ] } },
{ "type": "Feature", "properties": { "LAYER": "Unknown Point Feature", "AREA": 0.0, "PERIMETER": 0.0, "TOWN_NAME": "Murangering", "TOWN_ID": 4, "TOWN_TYPE": "Market Centres" }, "geometry": { "type": "Point", "coordinates": [ 35.440957355182107, 3.795743456284973 ] } },
{ "type": "Feature", "properties": { "LAYER": "Unknown Point Feature", "AREA": 0.0, "PERIMETER": 0.0, "TOWN_NAME": "Cheploske", "TOWN_ID": 4, "TOWN_TYPE": "Market Centres" }, "geometry": { "type": "Point", "coordinates": [ 35.451028282572544, 0.436008624858527 ] } },
{ "type": "Feature", "properties": { "LAYER": "Unknown Point Feature", "AREA": 0.0, "PERIMETER": 0.0, "TOWN_NAME": "Sigor", "TOWN_ID": 3, "TOWN_TYPE": "Trading Centre" }, "geometry": { "type": "Point", "coordinates": [ 35.461028282627353, 1.491007632648854 ] } },
{ "type": "Feature", "properties": { "LAYER": "Unknown Point Feature", "AREA": 0.0, "PERIMETER": 0.0, "TOWN_NAME": "Kaptagat", "TOWN_ID": 3, "TOWN_TYPE": "Trading Centre" }, "geometry": { "type": "Point", "coordinates": [ 35.467340267094301, 0.378399678899628 ] } },
{ "type": "Feature", "properties": { "LAYER": "Unknown Point Feature", "AREA": 0.0, "PERIMETER": 0.0, "TOWN_NAME": "Kaputirr", "TOWN_ID": 4, "TOWN_TYPE": "Market Centres" }, "geometry": { "type": "Point", "coordinates": [ 35.472352281499852, 2.083333074115187 ] } },
{ "type": "Feature", "properties": { "LAYER": "Unknown Point Feature", "AREA": 0.0, "PERIMETER": 0.0, "TOWN_NAME": "Kipkelion", "TOWN_ID": 3, "TOWN_TYPE": "Trading Centre" }, "geometry": { "type": "Point", "coordinates": [ 35.476014258165812, -0.198231780193257 ] } },
{ "type": "Feature", "properties": { "LAYER": "Unknown Point Feature", "AREA": 0.0, "PERIMETER": 0.0, "TOWN_NAME": "Chebara", "TOWN_ID": 4, "TOWN_TYPE": "Market Centres" }, "geometry": { "type": "Point", "coordinates": [ 35.488028250618719, 0.858008228140747 ] } },
{ "type": "Feature", "properties": { "LAYER": "Unknown Point Feature", "AREA": 0.0, "PERIMETER": 0.0, "TOWN_NAME": "Cheptongei", "TOWN_ID": 4, "TOWN_TYPE": "Market Centres" }, "geometry": { "type": "Point", "coordinates": [ 35.494028245273107, 0.89000819800402 ] } },
{ "type": "Feature", "properties": { "LAYER": "Unknown Point Feature", "AREA": 0.0, "PERIMETER": 0.0, "TOWN_NAME": "Iten", "TOWN_ID": 4, "TOWN_TYPE": "Market Centres" }, "geometry": { "type": "Point", "coordinates": [ 35.500173237963651, 0.67690739834103 ] } },
{ "type": "Feature", "properties": { "LAYER": "Unknown Point Feature", "AREA": 0.0, "PERIMETER": 0.0, "TOWN_NAME": "Ngorengore", "TOWN_ID": 4, "TOWN_TYPE": "Market Centres" }, "geometry": { "type": "Point", "coordinates": [ 35.505433234583613, -1.040454991692976 ] } },
{ "type": "Feature", "properties": { "LAYER": "Unknown Point Feature", "AREA": 0.0, "PERIMETER": 0.0, "TOWN_NAME": "Kamariny", "TOWN_ID": 4, "TOWN_TYPE": "Market Centres" }, "geometry": { "type": "Point", "coordinates": [ 35.51002822855498, 0.645008428276423 ] } },
{ "type": "Feature", "properties": { "LAYER": "Unknown Point Feature", "AREA": 0.0, "PERIMETER": 0.0, "TOWN_NAME": "Ainabkoi", "TOWN_ID": 3, "TOWN_TYPE": "Trading Centre" }, "geometry": { "type": "Point", "coordinates": [ 35.510028226580793, 0.167008877268078 ] } },
{ "type": "Feature", "properties": { "LAYER": "Unknown Point Feature", "AREA": 0.0, "PERIMETER": 0.0, "TOWN_NAME": "Kesup", "TOWN_ID": 4, "TOWN_TYPE": "Market Centres" }, "geometry": { "type": "Point", "coordinates": [ 35.512028226411509, 0.599008471504491 ] } },
{ "type": "Feature", "properties": { "LAYER": "Unknown Point Feature", "AREA": 0.0, "PERIMETER": 0.0, "TOWN_NAME": "Tambach", "TOWN_ID": 4, "TOWN_TYPE": "Market Centres" }, "geometry": { "type": "Point", "coordinates": [ 35.517515221214502, 0.586677483069819 ] } },
{ "type": "Feature", "properties": { "LAYER": "Unknown Point Feature", "AREA": 0.0, "PERIMETER": 0.0, "TOWN_NAME": "Chepkorio", "TOWN_ID": 4, "TOWN_TYPE": "Market Centres" }, "geometry": { "type": "Point", "coordinates": [ 35.529386209151262, 0.384453673049881 ] } },
{ "type": "Feature", "properties": { "LAYER": "Unknown Point Feature", "AREA": 0.0, "PERIMETER": 0.0, "TOWN_NAME": "Biretwo", "TOWN_ID": 4, "TOWN_TYPE": "Market Centres" }, "geometry": { "type": "Point", "coordinates": [ 35.535028204634038, 0.547008520281224 ] } },
{ "type": "Feature", "properties": { "LAYER": "Unknown Point Feature", "AREA": 0.0, "PERIMETER": 0.0, "TOWN_NAME": "Kapsowar", "TOWN_ID": 4, "TOWN_TYPE": "Market Centres" }, "geometry": { "type": "Point", "coordinates": [ 35.548028195669346, 0.988008105391863 ] } },
{ "type": "Feature", "properties": { "LAYER": "Unknown Point Feature", "AREA": 0.0, "PERIMETER": 0.0, "TOWN_NAME": "Lomut", "TOWN_ID": 4, "TOWN_TYPE": "Market Centres" }, "geometry": { "type": "Point", "coordinates": [ 35.561028188095058, 1.408007709665793 ] } },
{ "type": "Feature", "properties": { "LAYER": "Unknown Point Feature", "AREA": 0.0, "PERIMETER": 0.0, "TOWN_NAME": "Equator", "TOWN_ID": 4, "TOWN_TYPE": "Market Centres" }, "geometry": { "type": "Point", "coordinates": [ 35.561028178707318, 0.00500902931468 ] } },
{ "type": "Feature", "properties": { "LAYER": "Unknown Point Feature", "AREA": 0.0, "PERIMETER": 0.0, "TOWN_NAME": "Chesoi", "TOWN_ID": 4, "TOWN_TYPE": "Market Centres" }, "geometry": { "type": "Point", "coordinates": [ 35.584028162814768, 1.071008026947222 ] } },
{ "type": "Feature", "properties": { "LAYER": "Unknown Point Feature", "AREA": 0.0, "PERIMETER": 0.0, "TOWN_NAME": "Lodwar", "TOWN_ID": 2, "TOWN_TYPE": "Township/Town" }, "geometry": { "type": "Point", "coordinates": [ 35.596731189049351, 3.123607088162789 ] } },
{ "type": "Feature", "properties": { "LAYER": "Unknown Point Feature", "AREA": 0.0, "PERIMETER": 0.0, "TOWN_NAME": "Chesetan", "TOWN_ID": 4, "TOWN_TYPE": "Market Centres" }, "geometry": { "type": "Point", "coordinates": [ 35.616941131917166, 1.056446040384013 ] } },
{ "type": "Feature", "properties": { "LAYER": "Unknown Point Feature", "AREA": 0.0, "PERIMETER": 0.0, "TOWN_NAME": "Lotongot", "TOWN_ID": 4, "TOWN_TYPE": "Market Centres" }, "geometry": { "type": "Point", "coordinates": [ 35.620028137615058, 1.739007396707139 ] } },
{ "type": "Feature", "properties": { "LAYER": "Unknown Point Feature", "AREA": 0.0, "PERIMETER": 0.0, "TOWN_NAME": "Cheblil", "TOWN_ID": 4, "TOWN_TYPE": "Market Centres" }, "geometry": { "type": "Point", "coordinates": [ 35.622028129318466, 1.261007847565419 ] } },
{ "type": "Feature", "properties": { "LAYER": "Unknown Point Feature", "AREA": 0.0, "PERIMETER": 0.0, "TOWN_NAME": "Chesengon", "TOWN_ID": 4, "TOWN_TYPE": "Market Centres" }, "geometry": { "type": "Point", "coordinates": [ 35.626947124960424, 1.281803827910392 ] } },
{ "type": "Feature", "properties": { "LAYER": "Unknown Point Feature", "AREA": 0.0, "PERIMETER": 0.0, "TOWN_NAME": "Chesongoch", "TOWN_ID": 4, "TOWN_TYPE": "Market Centres" }, "geometry": { "type": "Point", "coordinates": [ 35.645337106049404, 1.123680976782515 ] } },
{ "type": "Feature", "properties": { "LAYER": "Unknown Point Feature", "AREA": 0.0, "PERIMETER": 0.0, "TOWN_NAME": "Loichangamata", "TOWN_ID": 4, "TOWN_TYPE": "Market Centres" }, "geometry": { "type": "Point", "coordinates": [ 35.645913129837233, 2.596880585533213 ] } },
{ "type": "Feature", "properties": { "LAYER": "Unknown Point Feature", "AREA": 0.0, "PERIMETER": 0.0, "TOWN_NAME": "Kabluk", "TOWN_ID": 4, "TOWN_TYPE": "Market Centres" }, "geometry": { "type": "Point", "coordinates": [ 35.654028093586255, 0.573008495332287 ] } },
{ "type": "Feature", "properties": { "LAYER": "Unknown Point Feature", "AREA": 0.0, "PERIMETER": 0.0, "TOWN_NAME": "Lokichar", "TOWN_ID": 3, "TOWN_TYPE": "Trading Centre" }, "geometry": { "type": "Point", "coordinates": [ 35.658028113742972, 2.379006791377587 ] } },
{ "type": "Feature", "properties": { "LAYER": "Unknown Point Feature", "AREA": 0.0, "PERIMETER": 0.0, "TOWN_NAME": "Tot", "TOWN_ID": 4, "TOWN_TYPE": "Market Centres" }, "geometry": { "type": "Point", "coordinates": [ 35.658944094127619, 1.199043905614822 ] } },
{ "type": "Feature", "properties": { "LAYER": "Unknown Point Feature", "AREA": 0.0, "PERIMETER": 0.0, "TOWN_NAME": "Olulunga", "TOWN_ID": 4, "TOWN_TYPE": "Market Centres" }, "geometry": { "type": "Point", "coordinates": [ 35.666028084210062, -1.002990025227093 ] } },
{ "type": "Feature", "properties": { "LAYER": "Unknown Point Feature", "AREA": 0.0, "PERIMETER": 0.0, "TOWN_NAME": "Mau Summit", "TOWN_ID": 4, "TOWN_TYPE": "Market Centres" }, "geometry": { "type": "Point", "coordinates": [ 35.667192079525421, -0.178190798560089 ] } },
{ "type": "Feature", "properties": { "LAYER": "Unknown Point Feature", "AREA": 0.0, "PERIMETER": 0.0, "TOWN_NAME": "Kokuro", "TOWN_ID": 4, "TOWN_TYPE": "Market Centres" }, "geometry": { "type": "Point", "coordinates": [ 35.69042164807049, 4.678814089213868 ] } },
{ "type": "Feature", "properties": { "LAYER": "Unknown Point Feature", "AREA": 0.0, "PERIMETER": 0.0, "TOWN_NAME": "Kapkalelwa", "TOWN_ID": 4, "TOWN_TYPE": "Market Centres" }, "geometry": { "type": "Point", "coordinates": [ 35.709028041274536, 0.37900867769594 ] } },
{ "type": "Feature", "properties": { "LAYER": "Unknown Point Feature", "AREA": 0.0, "PERIMETER": 0.0, "TOWN_NAME": "Eldama Ravine", "TOWN_ID": 3, "TOWN_TYPE": "Trading Centre" }, "geometry": { "type": "Point", "coordinates": [ 35.724073026398976, 0.052627984649381 ] } },
{ "type": "Feature", "properties": { "LAYER": "Unknown Point Feature", "AREA": 0.0, "PERIMETER": 0.0, "TOWN_NAME": "Lokitaung", "TOWN_ID": 4, "TOWN_TYPE": "Market Centres" }, "geometry": { "type": "Point", "coordinates": [ 35.739580091980514, 4.262685003214884 ] } },
{ "type": "Feature", "properties": { "LAYER": "Unknown Point Feature", "AREA": 0.0, "PERIMETER": 0.0, "TOWN_NAME": "Olmesutye", "TOWN_ID": 4, "TOWN_TYPE": "Market Centres" }, "geometry": { "type": "Point", "coordinates": [ 35.753028013207675, -1.890989193704268 ] } },
{ "type": "Feature", "properties": { "LAYER": "Unknown Point Feature", "AREA": 0.0, "PERIMETER": 0.0, "TOWN_NAME": "Kolowa", "TOWN_ID": 4, "TOWN_TYPE": "Market Centres" }, "geometry": { "type": "Point", "coordinates": [ 35.760006999826963, 1.214158890377986 ] } },
{ "type": "Feature", "properties": { "LAYER": "Unknown Point Feature", "AREA": 0.0, "PERIMETER": 0.0, "TOWN_NAME": "Amaler", "TOWN_ID": 4, "TOWN_TYPE": "Market Centres" }, "geometry": { "type": "Point", "coordinates": [ 35.768711997174655, 1.64321048511752 ] } },
{ "type": "Feature", "properties": { "LAYER": "Unknown Point Feature", "AREA": 0.0, "PERIMETER": 0.0, "TOWN_NAME": "Kipcherera", "TOWN_ID": 4, "TOWN_TYPE": "Market Centres" }, "geometry": { "type": "Point", "coordinates": [ 35.78002797573857, 0.55700850986885 ] } },
{ "type": "Feature", "properties": { "LAYER": "Unknown Point Feature", "AREA": 0.0, "PERIMETER": 0.0, "TOWN_NAME": "Kapchekor", "TOWN_ID": 4, "TOWN_TYPE": "Market Centres" }, "geometry": { "type": "Point", "coordinates": [ 35.785027971534795, 0.639008432585464 ] } },
{ "type": "Feature", "properties": { "LAYER": "Unknown Point Feature", "AREA": 0.0, "PERIMETER": 0.0, "TOWN_NAME": "Bartolimo", "TOWN_ID": 4, "TOWN_TYPE": "Market Centres" }, "geometry": { "type": "Point", "coordinates": [ 35.799027959139245, 0.74500833260085 ] } },
{ "type": "Feature", "properties": { "LAYER": "Unknown Point Feature", "AREA": 0.0, "PERIMETER": 0.0, "TOWN_NAME": "Tirimionin", "TOWN_ID": 4, "TOWN_TYPE": "Market Centres" }, "geometry": { "type": "Point", "coordinates": [ 35.809027949432632, 0.692008382510796 ] } },
{ "type": "Feature", "properties": { "LAYER": "Unknown Point Feature", "AREA": 0.0, "PERIMETER": 0.0, "TOWN_NAME": "Kabartonjo", "TOWN_ID": 3, "TOWN_TYPE": "Trading Centre" }, "geometry": { "type": "Point", "coordinates": [ 35.812027946429723, 0.661008411718183 ] } },
{ "type": "Feature", "properties": { "LAYER": "Unknown Point Feature", "AREA": 0.0, "PERIMETER": 0.0, "TOWN_NAME": "Morigo", "TOWN_ID": 4, "TOWN_TYPE": "Market Centres" }, "geometry": { "type": "Point", "coordinates": [ 35.821419946726088, -1.718915353414809 ] } },
{ "type": "Feature", "properties": { "LAYER": "Unknown Point Feature", "AREA": 0.0, "PERIMETER": 0.0, "TOWN_NAME": "Entasekera", "TOWN_ID": 4, "TOWN_TYPE": "Market Centres" }, "geometry": { "type": "Point", "coordinates": [ 35.832027938488693, -1.835989243785855 ] } },
{ "type": "Feature", "properties": { "LAYER": "Unknown Point Feature", "AREA": 0.0, "PERIMETER": 0.0, "TOWN_NAME": "Naro Sura", "TOWN_ID": 4, "TOWN_TYPE": "Market Centres" }, "geometry": { "type": "Point", "coordinates": [ 35.857027910985785, -1.532989526853043 ] } },
{ "type": "Feature", "properties": { "LAYER": "Unknown Point Feature", "AREA": 0.0, "PERIMETER": 0.0, "TOWN_NAME": "Loperat", "TOWN_ID": 4, "TOWN_TYPE": "Market Centres" }, "geometry": { "type": "Point", "coordinates": [ 35.861130922909403, 2.337726826486195 ] } },
{ "type": "Feature", "properties": { "LAYER": "Unknown Point Feature", "AREA": 0.0, "PERIMETER": 0.0, "TOWN_NAME": "Lokwa Kalokol", "TOWN_ID": 4, "TOWN_TYPE": "Market Centres" }, "geometry": { "type": "Point", "coordinates": [ 35.86960694559933, 3.536180689260624 ] } },
{ "type": "Feature", "properties": { "LAYER": "Unknown Point Feature", "AREA": 0.0, "PERIMETER": 0.0, "TOWN_NAME": "Sobilo", "TOWN_ID": 4, "TOWN_TYPE": "Market Centres" }, "geometry": { "type": "Point", "coordinates": [ 35.880027883158839, 0.709008366101109 ] } },
{ "type": "Feature", "properties": { "LAYER": "Unknown Point Feature", "AREA": 0.0, "PERIMETER": 0.0, "TOWN_NAME": "Saos", "TOWN_ID": 4, "TOWN_TYPE": "Market Centres" }, "geometry": { "type": "Point", "coordinates": [ 35.901027860980925, 0.061008976792898 ] } },
{ "type": "Feature", "properties": { "LAYER": "Unknown Point Feature", "AREA": 0.0, "PERIMETER": 0.0, "TOWN_NAME": "Mosiro", "TOWN_ID": 4, "TOWN_TYPE": "Market Centres" }, "geometry": { "type": "Point", "coordinates": [ 35.906027862883271, -1.334989711678224 ] } },
{ "type": "Feature", "properties": { "LAYER": "Unknown Point Feature", "AREA": 0.0, "PERIMETER": 0.0, "TOWN_NAME": "Enangiperi", "TOWN_ID": 4, "TOWN_TYPE": "Market Centres" }, "geometry": { "type": "Point", "coordinates": [ 35.907658856310604, -0.69726131002787 ] } },
{ "type": "Feature", "properties": { "LAYER": "Unknown Point Feature", "AREA": 0.0, "PERIMETER": 0.0, "TOWN_NAME": "Tondenyang", "TOWN_ID": 4, "TOWN_TYPE": "Market Centres" }, "geometry": { "type": "Point", "coordinates": [ 35.91048594280953, 4.551858721829056 ] } },
{ "type": "Feature", "properties": { "LAYER": "Unknown Point Feature", "AREA": 0.0, "PERIMETER": 0.0, "TOWN_NAME": "Yatya", "TOWN_ID": 4, "TOWN_TYPE": "Market Centres" }, "geometry": { "type": "Point", "coordinates": [ 35.911027854719471, 0.788008291379407 ] } },
{ "type": "Feature", "properties": { "LAYER": "Unknown Point Feature", "AREA": 0.0, "PERIMETER": 0.0, "TOWN_NAME": "Namuruputh", "TOWN_ID": 4, "TOWN_TYPE": "Market Centres" }, "geometry": { "type": "Point", "coordinates": [ 35.922116933406883, 4.590040685024413 ] } },
{ "type": "Feature", "properties": { "LAYER": "Unknown Point Feature", "AREA": 0.0, "PERIMETER": 0.0, "TOWN_NAME": "Seyabeyi", "TOWN_ID": 4, "TOWN_TYPE": "Market Centres" }, "geometry": { "type": "Point", "coordinates": [ 35.953027816460896, -1.076989953126479 ] } },
{ "type": "Feature", "properties": { "LAYER": "Unknown Point Feature", "AREA": 0.0, "PERIMETER": 0.0, "TOWN_NAME": "East Mau", "TOWN_ID": 4, "TOWN_TYPE": "Market Centres" }, "geometry": { "type": "Point", "coordinates": [ 35.981255786743361, -0.537866459409284 ] } },
{ "type": "Feature", "properties": { "LAYER": "Unknown Point Feature", "AREA": 0.0, "PERIMETER": 0.0, "TOWN_NAME": "Eliye Springs", "TOWN_ID": 4, "TOWN_TYPE": "Market Centres" }, "geometry": { "type": "Point", "coordinates": [ 36.007538807275743, 3.224955981141974 ] } },
{ "type": "Feature", "properties": { "LAYER": "Unknown Point Feature", "AREA": 0.0, "PERIMETER": 0.0, "TOWN_NAME": "Kinyang", "TOWN_ID": 4, "TOWN_TYPE": "Market Centres" }, "geometry": { "type": "Point", "coordinates": [ 36.010178763304054, 0.95531313269083 ] } },
{ "type": "Feature", "properties": { "LAYER": "Unknown Point Feature", "AREA": 0.0, "PERIMETER": 0.0, "TOWN_NAME": "Loruk", "TOWN_ID": 4, "TOWN_TYPE": "Market Centres" }, "geometry": { "type": "Point", "coordinates": [ 36.020027752244921, 0.716008358736422 ] } },
{ "type": "Feature", "properties": { "LAYER": "Unknown Point Feature", "AREA": 0.0, "PERIMETER": 0.0, "TOWN_NAME": "Lokori", "TOWN_ID": 4, "TOWN_TYPE": "Market Centres" }, "geometry": { "type": "Point", "coordinates": [ 36.022469764226436, 1.926236213586657 ] } },
{ "type": "Feature", "properties": { "LAYER": "Unknown Point Feature", "AREA": 0.0, "PERIMETER": 0.0, "TOWN_NAME": "Salabani", "TOWN_ID": 4, "TOWN_TYPE": "Market Centres" }, "geometry": { "type": "Point", "coordinates": [ 36.04002773257173, 0.557008508805043 ] } },
{ "type": "Feature", "properties": { "LAYER": "Unknown Point Feature", "AREA": 0.0, "PERIMETER": 0.0, "TOWN_NAME": "Maji Ya Moto", "TOWN_ID": 4, "TOWN_TYPE": "Market Centres" }, "geometry": { "type": "Point", "coordinates": [ 36.041027730443147, 0.269008780637133 ] } },
{ "type": "Feature", "properties": { "LAYER": "Unknown Point Feature", "AREA": 0.0, "PERIMETER": 0.0, "TOWN_NAME": "Sandai", "TOWN_ID": 4, "TOWN_TYPE": "Market Centres" }, "geometry": { "type": "Point", "coordinates": [ 36.057027715760206, 0.357008697563724 ] } },
{ "type": "Feature", "properties": { "LAYER": "Unknown Point Feature", "AREA": 0.0, "PERIMETER": 0.0, "TOWN_NAME": "Ntulelei", "TOWN_ID": 4, "TOWN_TYPE": "Market Centres" }, "geometry": { "type": "Point", "coordinates": [ 36.077027700551668, -1.092989936880627 ] } },
{ "type": "Feature", "properties": { "LAYER": "Unknown Point Feature", "AREA": 0.0, "PERIMETER": 0.0, "TOWN_NAME": "Kangatet", "TOWN_ID": 4, "TOWN_TYPE": "Market Centres" }, "geometry": { "type": "Point", "coordinates": [ 36.078640712432183, 1.973070168293596 ] } },
{ "type": "Feature", "properties": { "LAYER": "Unknown Point Feature", "AREA": 0.0, "PERIMETER": 0.0, "TOWN_NAME": "Kapedo", "TOWN_ID": 4, "TOWN_TYPE": "Market Centres" }, "geometry": { "type": "Point", "coordinates": [ 36.081124698808338, 1.155056943201013 ] } },
{ "type": "Feature", "properties": { "LAYER": "Unknown Point Feature", "AREA": 0.0, "PERIMETER": 0.0, "TOWN_NAME": "Logumukum", "TOWN_ID": 4, "TOWN_TYPE": "Market Centres" }, "geometry": { "type": "Point", "coordinates": [ 36.085881689117109, 0.446717612789947 ] } },
{ "type": "Feature", "properties": { "LAYER": "Unknown Point Feature", "AREA": 0.0, "PERIMETER": 0.0, "TOWN_NAME": "Ngendalel", "TOWN_ID": 4, "TOWN_TYPE": "Market Centres" }, "geometry": { "type": "Point", "coordinates": [ 36.098027676679777, 0.071008967386049 ] } },
{ "type": "Feature", "properties": { "LAYER": "Unknown Point Feature", "AREA": 0.0, "PERIMETER": 0.0, "TOWN_NAME": "Chepkererat", "TOWN_ID": 4, "TOWN_TYPE": "Market Centres" }, "geometry": { "type": "Point", "coordinates": [ 36.101027673966158, 0.133008908891269 ] } },
{ "type": "Feature", "properties": { "LAYER": "Unknown Point Feature", "AREA": 0.0, "PERIMETER": 0.0, "TOWN_NAME": "Loiminange", "TOWN_ID": 4, "TOWN_TYPE": "Market Centres" }, "geometry": { "type": "Point", "coordinates": [ 36.102027674441658, 0.538008526503917 ] } },
{ "type": "Feature", "properties": { "LAYER": "Unknown Point Feature", "AREA": 0.0, "PERIMETER": 0.0, "TOWN_NAME": "Nosoguro", "TOWN_ID": 4, "TOWN_TYPE": "Market Centres" }, "geometry": { "type": "Point", "coordinates": [ 36.123027655045917, 0.587008480117018 ] } },
{ "type": "Feature", "properties": { "LAYER": "Unknown Point Feature", "AREA": 0.0, "PERIMETER": 0.0, "TOWN_NAME": "Lanet", "TOWN_ID": 4, "TOWN_TYPE": "Market Centres" }, "geometry": { "type": "Point", "coordinates": [ 36.153019625292373, -0.294563687781724 ] } },
{ "type": "Feature", "properties": { "LAYER": "Unknown Point Feature", "AREA": 0.0, "PERIMETER": 0.0, "TOWN_NAME": "Lomelo", "TOWN_ID": 4, "TOWN_TYPE": "Market Centres" }, "geometry": { "type": "Point", "coordinates": [ 36.201008589168175, 1.387350721985187 ] } },
{ "type": "Feature", "properties": { "LAYER": "Unknown Point Feature", "AREA": 0.0, "PERIMETER": 0.0, "TOWN_NAME": "Chemoigut", "TOWN_ID": 4, "TOWN_TYPE": "Market Centres" }, "geometry": { "type": "Point", "coordinates": [ 36.206027577919357, 0.687008385168557 ] } },
{ "type": "Feature", "properties": { "LAYER": "Unknown Point Feature", "AREA": 0.0, "PERIMETER": 0.0, "TOWN_NAME": "Kulai Fora", "TOWN_ID": 4, "TOWN_TYPE": "Market Centres" }, "geometry": { "type": "Point", "coordinates": [ 36.22170362833824, 3.936608297180041 ] } },
{ "type": "Feature", "properties": { "LAYER": "Unknown Point Feature", "AREA": 0.0, "PERIMETER": 0.0, "TOWN_NAME": "Banyafort", "TOWN_ID": 4, "TOWN_TYPE": "Market Centres" }, "geometry": { "type": "Point", "coordinates": [ 36.237526631759941, 4.446469810080451 ] } },
{ "type": "Feature", "properties": { "LAYER": "Unknown Point Feature", "AREA": 0.0, "PERIMETER": 0.0, "TOWN_NAME": "Ileret", "TOWN_ID": 4, "TOWN_TYPE": "Market Centres" }, "geometry": { "type": "Point", "coordinates": [ 36.238156626457474, 4.320765930065353 ] } },
{ "type": "Feature", "properties": { "LAYER": "Unknown Point Feature", "AREA": 0.0, "PERIMETER": 0.0, "TOWN_NAME": "Suswa", "TOWN_ID": 4, "TOWN_TYPE": "Market Centres" }, "geometry": { "type": "Point", "coordinates": [ 36.251027537405918, -1.071989954921392 ] } },
{ "type": "Feature", "properties": { "LAYER": "Unknown Point Feature", "AREA": 0.0, "PERIMETER": 0.0, "TOWN_NAME": "Magadi", "TOWN_ID": 2, "TOWN_TYPE": "Township/Town" }, "geometry": { "type": "Point", "coordinates": [ 36.278855521099175, -1.903965172750582 ] } },
{ "type": "Feature", "properties": { "LAYER": "Unknown Point Feature", "AREA": 0.0, "PERIMETER": 0.0, "TOWN_NAME": "Tangulbei", "TOWN_ID": 3, "TOWN_TYPE": "Trading Centre" }, "geometry": { "type": "Point", "coordinates": [ 36.295925494354037, 0.784871292036192 ] } },
{ "type": "Feature", "properties": { "LAYER": "Unknown Point Feature", "AREA": 0.0, "PERIMETER": 0.0, "TOWN_NAME": "Oleolondo", "TOWN_ID": 4, "TOWN_TYPE": "Market Centres" }, "geometry": { "type": "Point", "coordinates": [ 36.367027424970459, -0.387990598882896 ] } },
{ "type": "Feature", "properties": { "LAYER": "Unknown Point Feature", "AREA": 0.0, "PERIMETER": 0.0, "TOWN_NAME": "Morendat", "TOWN_ID": 4, "TOWN_TYPE": "Market Centres" }, "geometry": { "type": "Point", "coordinates": [ 36.388027406303721, -0.664990337329695 ] } },
{ "type": "Feature", "properties": { "LAYER": "Unknown Point Feature", "AREA": 0.0, "PERIMETER": 0.0, "TOWN_NAME": "Churo", "TOWN_ID": 4, "TOWN_TYPE": "Market Centres" }, "geometry": { "type": "Point", "coordinates": [ 36.396027400495768, 0.784008292260785 ] } },
{ "type": "Feature", "properties": { "LAYER": "Unknown Point Feature", "AREA": 0.0, "PERIMETER": 0.0, "TOWN_NAME": "Nachu", "TOWN_ID": 4, "TOWN_TYPE": "Market Centres" }, "geometry": { "type": "Point", "coordinates": [ 36.518399288395919, -1.267817767693716 ] } },
{ "type": "Feature", "properties": { "LAYER": "Unknown Point Feature", "AREA": 0.0, "PERIMETER": 0.0, "TOWN_NAME": "Rumuruti", "TOWN_ID": 4, "TOWN_TYPE": "Market Centres" }, "geometry": { "type": "Point", "coordinates": [ 36.53725526539332, 0.27223177678673 ] } },
{ "type": "Feature", "properties": { "LAYER": "Unknown Point Feature", "AREA": 0.0, "PERIMETER": 0.0, "TOWN_NAME": "Nyandarua", "TOWN_ID": 2, "TOWN_TYPE": "Township/Town" }, "geometry": { "type": "Point", "coordinates": [ 36.625027183453341, -0.574990420963255 ] } },
{ "type": "Feature", "properties": { "LAYER": "Unknown Point Feature", "AREA": 0.0, "PERIMETER": 0.0, "TOWN_NAME": "Brackenhurst", "TOWN_ID": 4, "TOWN_TYPE": "Market Centres" }, "geometry": { "type": "Point", "coordinates": [ 36.670027144614494, -1.120989904613347 ] } },
{ "type": "Feature", "properties": { "LAYER": "Unknown Point Feature", "AREA": 0.0, "PERIMETER": 0.0, "TOWN_NAME": "Sukuta Lol Ma", "TOWN_ID": 4, "TOWN_TYPE": "Market Centres" }, "geometry": { "type": "Point", "coordinates": [ 36.683027131430713, 0.836008241154421 ] } },
{ "type": "Feature", "properties": { "LAYER": "Unknown Point Feature", "AREA": 0.0, "PERIMETER": 0.0, "TOWN_NAME": "Dagoretti", "TOWN_ID": 4, "TOWN_TYPE": "Market Centres" }, "geometry": { "type": "Point", "coordinates": [ 36.697027120997319, -1.309989725881561 ] } },
{ "type": "Feature", "properties": { "LAYER": "Unknown Point Feature", "AREA": 0.0, "PERIMETER": 0.0, "TOWN_NAME": "Maralal", "TOWN_ID": 3, "TOWN_TYPE": "Trading Centre" }, "geometry": { "type": "Point", "coordinates": [ 36.69854011901603, 1.08802200140735 ] } },
{ "type": "Feature", "properties": { "LAYER": "Unknown Point Feature", "AREA": 0.0, "PERIMETER": 0.0, "TOWN_NAME": "Ndumberi", "TOWN_ID": 4, "TOWN_TYPE": "Market Centres" }, "geometry": { "type": "Point", "coordinates": [ 36.741027078437682, -1.185989842492983 ] } },
{ "type": "Feature", "properties": { "LAYER": "Unknown Point Feature", "AREA": 0.0, "PERIMETER": 0.0, "TOWN_NAME": "Ngenya", "TOWN_ID": 4, "TOWN_TYPE": "Market Centres" }, "geometry": { "type": "Point", "coordinates": [ 36.752027066423103, -0.982990034242127 ] } },
{ "type": "Feature", "properties": { "LAYER": "Unknown Point Feature", "AREA": 0.0, "PERIMETER": 0.0, "TOWN_NAME": "Kisima", "TOWN_ID": 4, "TOWN_TYPE": "Market Centres" }, "geometry": { "type": "Point", "coordinates": [ 36.778435042600435, 0.945124136743809 ] } },
{ "type": "Feature", "properties": { "LAYER": "Unknown Point Feature", "AREA": 0.0, "PERIMETER": 0.0, "TOWN_NAME": "Tum", "TOWN_ID": 4, "TOWN_TYPE": "Market Centres" }, "geometry": { "type": "Point", "coordinates": [ 36.792759044448616, 2.106006030090995 ] } },
{ "type": "Feature", "properties": { "LAYER": "Unknown Point Feature", "AREA": 0.0, "PERIMETER": 0.0, "TOWN_NAME": "Kajiado", "TOWN_ID": 2, "TOWN_TYPE": "Township/Town" }, "geometry": { "type": "Point", "coordinates": [ 36.795361035149824, -1.850219214880602 ] } },
{ "type": "Feature", "properties": { "LAYER": "Unknown Point Feature", "AREA": 0.0, "PERIMETER": 0.0, "TOWN_NAME": "Gatakaini", "TOWN_ID": 4, "TOWN_TYPE": "Market Centres" }, "geometry": { "type": "Point", "coordinates": [ 36.806309014387068, -0.838891170107244 ] } },
{ "type": "Feature", "properties": { "LAYER": "Unknown Point Feature", "AREA": 0.0, "PERIMETER": 0.0, "TOWN_NAME": "Baragoi", "TOWN_ID": 4, "TOWN_TYPE": "Market Centres" }, "geometry": { "type": "Point", "coordinates": [ 36.807099025504286, 1.778092342803708 ] } },
{ "type": "Feature", "properties": { "LAYER": "Unknown Point Feature", "AREA": 0.0, "PERIMETER": 0.0, "TOWN_NAME": "Mairii", "TOWN_ID": 4, "TOWN_TYPE": "Market Centres" }, "geometry": { "type": "Point", "coordinates": [ 36.821027000011114, -0.747990256049596 ] } },
{ "type": "Feature", "properties": { "LAYER": "Unknown Point Feature", "AREA": 0.0, "PERIMETER": 0.0, "TOWN_NAME": "Kahigaini", "TOWN_ID": 4, "TOWN_TYPE": "Market Centres" }, "geometry": { "type": "Point", "coordinates": [ 36.855026966636487, -0.405990579916496 ] } },
{ "type": "Feature", "properties": { "LAYER": "Unknown Point Feature", "AREA": 0.0, "PERIMETER": 0.0, "TOWN_NAME": "Barsaloi", "TOWN_ID": 4, "TOWN_TYPE": "Market Centres" }, "geometry": { "type": "Point", "coordinates": [ 36.862937966963599, 1.332177767365098 ] } },
{ "type": "Feature", "properties": { "LAYER": "Unknown Point Feature", "AREA": 0.0, "PERIMETER": 0.0, "TOWN_NAME": "Kiamutura", "TOWN_ID": 4, "TOWN_TYPE": "Market Centres" }, "geometry": { "type": "Point", "coordinates": [ 36.864026959035357, -0.645990352385067 ] } },
{ "type": "Feature", "properties": { "LAYER": "Unknown Point Feature", "AREA": 0.0, "PERIMETER": 0.0, "TOWN_NAME": "Kairuthi", "TOWN_ID": 4, "TOWN_TYPE": "Market Centres" }, "geometry": { "type": "Point", "coordinates": [ 36.867026955630784, -0.500990489793807 ] } },
{ "type": "Feature", "properties": { "LAYER": "Unknown Point Feature", "AREA": 0.0, "PERIMETER": 0.0, "TOWN_NAME": "Kirimun", "TOWN_ID": 4, "TOWN_TYPE": "Market Centres" }, "geometry": { "type": "Point", "coordinates": [ 36.87102695396694, 0.746008325650216 ] } },
{ "type": "Feature", "properties": { "LAYER": "Unknown Point Feature", "AREA": 0.0, "PERIMETER": 0.0, "TOWN_NAME": "Chomo", "TOWN_ID": 4, "TOWN_TYPE": "Market Centres" }, "geometry": { "type": "Point", "coordinates": [ 36.87202695306631, -0.918990093769215 ] } },
{ "type": "Feature", "properties": { "LAYER": "Unknown Point Feature", "AREA": 0.0, "PERIMETER": 0.0, "TOWN_NAME": "Kasarani", "TOWN_ID": 4, "TOWN_TYPE": "Market Centres" }, "geometry": { "type": "Point", "coordinates": [ 36.880026948159248, -1.240989789021713 ] } },
{ "type": "Feature", "properties": { "LAYER": "Unknown Point Feature", "AREA": 0.0, "PERIMETER": 0.0, "TOWN_NAME": "Embakasi", "TOWN_ID": 4, "TOWN_TYPE": "Market Centres" }, "geometry": { "type": "Point", "coordinates": [ 36.890346939578954, -1.355387680738784 ] } },
{ "type": "Feature", "properties": { "LAYER": "Unknown Point Feature", "AREA": 0.0, "PERIMETER": 0.0, "TOWN_NAME": "Muirungi", "TOWN_ID": 4, "TOWN_TYPE": "Market Centres" }, "geometry": { "type": "Point", "coordinates": [ 36.896270928499504, -0.604111391886767 ] } },
{ "type": "Feature", "properties": { "LAYER": "Unknown Point Feature", "AREA": 0.0, "PERIMETER": 0.0, "TOWN_NAME": "South Horrr", "TOWN_ID": 3, "TOWN_TYPE": "Trading Centre" }, "geometry": { "type": "Point", "coordinates": [ 36.902511941481968, 2.126704008479096 ] } },
{ "type": "Feature", "properties": { "LAYER": "Unknown Point Feature", "AREA": 0.0, "PERIMETER": 0.0, "TOWN_NAME": "Kahawa", "TOWN_ID": 4, "TOWN_TYPE": "Market Centres" }, "geometry": { "type": "Point", "coordinates": [ 36.910106919427584, -1.196824830474161 ] } },
{ "type": "Feature", "properties": { "LAYER": "Unknown Point Feature", "AREA": 0.0, "PERIMETER": 0.0, "TOWN_NAME": "Sabarei", "TOWN_ID": 4, "TOWN_TYPE": "Market Centres" }, "geometry": { "type": "Point", "coordinates": [ 36.911922992475482, 4.332681894846963 ] } },
{ "type": "Feature", "properties": { "LAYER": "Unknown Point Feature", "AREA": 0.0, "PERIMETER": 0.0, "TOWN_NAME": "Gatab", "TOWN_ID": 4, "TOWN_TYPE": "Market Centres" }, "geometry": { "type": "Point", "coordinates": [ 36.951148904369887, 2.565743587709923 ] } },
{ "type": "Feature", "properties": { "LAYER": "Unknown Point Feature", "AREA": 0.0, "PERIMETER": 0.0, "TOWN_NAME": "Koimbi", "TOWN_ID": 4, "TOWN_TYPE": "Market Centres" }, "geometry": { "type": "Point", "coordinates": [ 36.996379834689783, -0.705286295350759 ] } },
{ "type": "Feature", "properties": { "LAYER": "Unknown Point Feature", "AREA": 0.0, "PERIMETER": 0.0, "TOWN_NAME": "Stony Athi", "TOWN_ID": 4, "TOWN_TYPE": "Market Centres" }, "geometry": { "type": "Point", "coordinates": [ 37.002845836324987, -1.595402452385777 ] } },
{ "type": "Feature", "properties": { "LAYER": "Unknown Point Feature", "AREA": 0.0, "PERIMETER": 0.0, "TOWN_NAME": "Mariaini", "TOWN_ID": 4, "TOWN_TYPE": "Market Centres" }, "geometry": { "type": "Point", "coordinates": [ 37.053026781926555, -0.817990188064025 ] } },
{ "type": "Feature", "properties": { "LAYER": "Unknown Point Feature", "AREA": 0.0, "PERIMETER": 0.0, "TOWN_NAME": "North Horr", "TOWN_ID": 3, "TOWN_TYPE": "Trading Centre" }, "geometry": { "type": "Point", "coordinates": [ 37.060500819925458, 3.323264859213024 ] } },
{ "type": "Feature", "properties": { "LAYER": "Unknown Point Feature", "AREA": 0.0, "PERIMETER": 0.0, "TOWN_NAME": "Barsalinga", "TOWN_ID": 4, "TOWN_TYPE": "Market Centres" }, "geometry": { "type": "Point", "coordinates": [ 37.114314724954298, 0.774665296990376 ] } },
{ "type": "Feature", "properties": { "LAYER": "Unknown Point Feature", "AREA": 0.0, "PERIMETER": 0.0, "TOWN_NAME": "Konza", "TOWN_ID": 4, "TOWN_TYPE": "Market Centres" }, "geometry": { "type": "Point", "coordinates": [ 37.125160722947953, -1.748102306223335 ] } },
{ "type": "Feature", "properties": { "LAYER": "Unknown Point Feature", "AREA": 0.0, "PERIMETER": 0.0, "TOWN_NAME": "Longopito", "TOWN_ID": 4, "TOWN_TYPE": "Market Centres" }, "geometry": { "type": "Point", "coordinates": [ 37.16929667255264, 0.693484374140779 ] } },
{ "type": "Feature", "properties": { "LAYER": "Unknown Point Feature", "AREA": 0.0, "PERIMETER": 0.0, "TOWN_NAME": "Kagumo", "TOWN_ID": 4, "TOWN_TYPE": "Market Centres" }, "geometry": { "type": "Point", "coordinates": [ 37.214026628433835, -0.450990535683051 ] } },
{ "type": "Feature", "properties": { "LAYER": "Unknown Point Feature", "AREA": 0.0, "PERIMETER": 0.0, "TOWN_NAME": "Ilaut", "TOWN_ID": 4, "TOWN_TYPE": "Market Centres" }, "geometry": { "type": "Point", "coordinates": [ 37.224883633089263, 1.869872249111926 ] } },
{ "type": "Feature", "properties": { "LAYER": "Unknown Point Feature", "AREA": 0.0, "PERIMETER": 0.0, "TOWN_NAME": "Ngelani", "TOWN_ID": 4, "TOWN_TYPE": "Market Centres" }, "geometry": { "type": "Point", "coordinates": [ 37.240026610046144, -1.372989659934688 ] } },
{ "type": "Feature", "properties": { "LAYER": "Unknown Point Feature", "AREA": 0.0, "PERIMETER": 0.0, "TOWN_NAME": "Londungokua", "TOWN_ID": 4, "TOWN_TYPE": "Market Centres" }, "geometry": { "type": "Point", "coordinates": [ 37.242202605481687, 0.932703145325609 ] } },
{ "type": "Feature", "properties": { "LAYER": "Unknown Point Feature", "AREA": 0.0, "PERIMETER": 0.0, "TOWN_NAME": "Kagio", "TOWN_ID": 4, "TOWN_TYPE": "Market Centres" }, "geometry": { "type": "Point", "coordinates": [ 37.254026591293368, -0.620990373829349 ] } },
{ "type": "Feature", "properties": { "LAYER": "Unknown Point Feature", "AREA": 0.0, "PERIMETER": 0.0, "TOWN_NAME": "Agurunit", "TOWN_ID": 4, "TOWN_TYPE": "Market Centres" }, "geometry": { "type": "Point", "coordinates": [ 37.262008595840555, 1.726138386233151 ] } },
{ "type": "Feature", "properties": { "LAYER": "Unknown Point Feature", "AREA": 0.0, "PERIMETER": 0.0, "TOWN_NAME": "Salama", "TOWN_ID": 4, "TOWN_TYPE": "Market Centres" }, "geometry": { "type": "Point", "coordinates": [ 37.26442659350964, -1.893763166235352 ] } },
{ "type": "Feature", "properties": { "LAYER": "Unknown Point Feature", "AREA": 0.0, "PERIMETER": 0.0, "TOWN_NAME": "Lolagai", "TOWN_ID": 4, "TOWN_TYPE": "Market Centres" }, "geometry": { "type": "Point", "coordinates": [ 37.28502656166939, 0.361008690924533 ] } },
{ "type": "Feature", "properties": { "LAYER": "Unknown Point Feature", "AREA": 0.0, "PERIMETER": 0.0, "TOWN_NAME": "Wamba", "TOWN_ID": 4, "TOWN_TYPE": "Market Centres" }, "geometry": { "type": "Point", "coordinates": [ 37.326457526276208, 0.976573102801356 ] } },
{ "type": "Feature", "properties": { "LAYER": "Unknown Point Feature", "AREA": 0.0, "PERIMETER": 0.0, "TOWN_NAME": "Kilome", "TOWN_ID": 4, "TOWN_TYPE": "Market Centres" }, "geometry": { "type": "Point", "coordinates": [ 37.337026523656682, -1.805989248216967 ] } },
{ "type": "Feature", "properties": { "LAYER": "Unknown Point Feature", "AREA": 0.0, "PERIMETER": 0.0, "TOWN_NAME": "Thiba", "TOWN_ID": 4, "TOWN_TYPE": "Market Centres" }, "geometry": { "type": "Point", "coordinates": [ 37.339332511020935, -0.686147311352984 ] } },
{ "type": "Feature", "properties": { "LAYER": "Unknown Point Feature", "AREA": 0.0, "PERIMETER": 0.0, "TOWN_NAME": "Kalach Dida", "TOWN_ID": 4, "TOWN_TYPE": "Market Centres" }, "geometry": { "type": "Point", "coordinates": [ 37.358543532611684, 3.113475053114723 ] } },
{ "type": "Feature", "properties": { "LAYER": "Unknown Point Feature", "AREA": 0.0, "PERIMETER": 0.0, "TOWN_NAME": "Nunguni", "TOWN_ID": 4, "TOWN_TYPE": "Market Centres" }, "geometry": { "type": "Point", "coordinates": [ 37.36754249471452, -1.79918725419609 ] } },
{ "type": "Feature", "properties": { "LAYER": "Unknown Point Feature", "AREA": 0.0, "PERIMETER": 0.0, "TOWN_NAME": "Kiriko", "TOWN_ID": 4, "TOWN_TYPE": "Market Centres" }, "geometry": { "type": "Point", "coordinates": [ 37.389026463954046, -0.663990332130209 ] } },
{ "type": "Feature", "properties": { "LAYER": "Unknown Point Feature", "AREA": 0.0, "PERIMETER": 0.0, "TOWN_NAME": "Mathiga", "TOWN_ID": 4, "TOWN_TYPE": "Market Centres" }, "geometry": { "type": "Point", "coordinates": [ 37.429210425698152, -0.603165389802734 ] } },
{ "type": "Feature", "properties": { "LAYER": "Unknown Point Feature", "AREA": 0.0, "PERIMETER": 0.0, "TOWN_NAME": "Yatta", "TOWN_ID": 4, "TOWN_TYPE": "Market Centres" }, "geometry": { "type": "Point", "coordinates": [ 37.447246412439462, -1.188342832933694 ] } },
{ "type": "Feature", "properties": { "LAYER": "Unknown Point Feature", "AREA": 0.0, "PERIMETER": 0.0, "TOWN_NAME": "Ndauni", "TOWN_ID": 4, "TOWN_TYPE": "Market Centres" }, "geometry": { "type": "Point", "coordinates": [ 37.456026414221867, -2.017989045418562 ] } },
{ "type": "Feature", "properties": { "LAYER": "Unknown Point Feature", "AREA": 0.0, "PERIMETER": 0.0, "TOWN_NAME": "Manyata", "TOWN_ID": 4, "TOWN_TYPE": "Market Centres" }, "geometry": { "type": "Point", "coordinates": [ 37.480026377036076, -0.426990557407789 ] } },
{ "type": "Feature", "properties": { "LAYER": "Unknown Point Feature", "AREA": 0.0, "PERIMETER": 0.0, "TOWN_NAME": "Makutano", "TOWN_ID": 4, "TOWN_TYPE": "Market Centres" }, "geometry": { "type": "Point", "coordinates": [ 37.528148355101706, -2.53963755006354 ] } },
{ "type": "Feature", "properties": { "LAYER": "Unknown Point Feature", "AREA": 0.0, "PERIMETER": 0.0, "TOWN_NAME": "Kimana", "TOWN_ID": 3, "TOWN_TYPE": "Trading Centre" }, "geometry": { "type": "Point", "coordinates": [ 37.544189345152688, -2.79383030927883 ] } },
{ "type": "Feature", "properties": { "LAYER": "Unknown Point Feature", "AREA": 0.0, "PERIMETER": 0.0, "TOWN_NAME": "Kibogi", "TOWN_ID": 4, "TOWN_TYPE": "Market Centres" }, "geometry": { "type": "Point", "coordinates": [ 37.545026315473443, -0.402990580031208 ] } },
{ "type": "Feature", "properties": { "LAYER": "Unknown Point Feature", "AREA": 0.0, "PERIMETER": 0.0, "TOWN_NAME": "Ena", "TOWN_ID": 4, "TOWN_TYPE": "Market Centres" }, "geometry": { "type": "Point", "coordinates": [ 37.553026308073733, -0.464990520864154 ] } },
{ "type": "Feature", "properties": { "LAYER": "Unknown Point Feature", "AREA": 0.0, "PERIMETER": 0.0, "TOWN_NAME": "Kargi", "TOWN_ID": 4, "TOWN_TYPE": "Market Centres" }, "geometry": { "type": "Point", "coordinates": [ 37.579395309724141, 2.522660616483101 ] } },
{ "type": "Feature", "properties": { "LAYER": "Unknown Point Feature", "AREA": 0.0, "PERIMETER": 0.0, "TOWN_NAME": "Lodosoit", "TOWN_ID": 4, "TOWN_TYPE": "Market Centres" }, "geometry": { "type": "Point", "coordinates": [ 37.580158289709438, 1.3192417724769 ] } },
{ "type": "Feature", "properties": { "LAYER": "Unknown Point Feature", "AREA": 0.0, "PERIMETER": 0.0, "TOWN_NAME": "Serolevi", "TOWN_ID": 4, "TOWN_TYPE": "Market Centres" }, "geometry": { "type": "Point", "coordinates": [ 37.584773283119425, 1.105023977833772 ] } },
{ "type": "Feature", "properties": { "LAYER": "Unknown Point Feature", "AREA": 0.0, "PERIMETER": 0.0, "TOWN_NAME": "Kitnuune", "TOWN_ID": 4, "TOWN_TYPE": "Market Centres" }, "geometry": { "type": "Point", "coordinates": [ 37.589026273444226, -0.01999094554129 ] } },
{ "type": "Feature", "properties": { "LAYER": "Unknown Point Feature", "AREA": 0.0, "PERIMETER": 0.0, "TOWN_NAME": "Ngandure", "TOWN_ID": 4, "TOWN_TYPE": "Market Centres" }, "geometry": { "type": "Point", "coordinates": [ 37.598026266344085, -0.687990307988351 ] } },
{ "type": "Feature", "properties": { "LAYER": "Unknown Point Feature", "AREA": 0.0, "PERIMETER": 0.0, "TOWN_NAME": "Maikona", "TOWN_ID": 3, "TOWN_TYPE": "Trading Centre" }, "geometry": { "type": "Point", "coordinates": [ 37.627307273671086, 2.938751214901417 ] } },
{ "type": "Feature", "properties": { "LAYER": "Unknown Point Feature", "AREA": 0.0, "PERIMETER": 0.0, "TOWN_NAME": "Ngosini West", "TOWN_ID": 4, "TOWN_TYPE": "Market Centres" }, "geometry": { "type": "Point", "coordinates": [ 37.637611239216156, -1.808705241056859 ] } },
{ "type": "Feature", "properties": { "LAYER": "Unknown Point Feature", "AREA": 0.0, "PERIMETER": 0.0, "TOWN_NAME": "Siakago", "TOWN_ID": 3, "TOWN_TYPE": "Trading Centre" }, "geometry": { "type": "Point", "coordinates": [ 37.642036224229905, -0.588866402266149 ] } },
{ "type": "Feature", "properties": { "LAYER": "Unknown Point Feature", "AREA": 0.0, "PERIMETER": 0.0, "TOWN_NAME": "Kiritiri", "TOWN_ID": 4, "TOWN_TYPE": "Market Centres" }, "geometry": { "type": "Point", "coordinates": [ 37.644026222685618, -0.667990326778116 ] } },
{ "type": "Feature", "properties": { "LAYER": "Unknown Point Feature", "AREA": 0.0, "PERIMETER": 0.0, "TOWN_NAME": "Taveta", "TOWN_ID": 4, "TOWN_TYPE": "Market Centres" }, "geometry": { "type": "Point", "coordinates": [ 37.657069252415816, -3.389634743536907 ] } },
{ "type": "Feature", "properties": { "LAYER": "Unknown Point Feature", "AREA": 0.0, "PERIMETER": 0.0, "TOWN_NAME": "Archers Post", "TOWN_ID": 4, "TOWN_TYPE": "Market Centres" }, "geometry": { "type": "Point", "coordinates": [ 37.668815199983356, 0.642841420196121 ] } },
{ "type": "Feature", "properties": { "LAYER": "Unknown Point Feature", "AREA": 0.0, "PERIMETER": 0.0, "TOWN_NAME": "Ngeru", "TOWN_ID": 4, "TOWN_TYPE": "Market Centres" }, "geometry": { "type": "Point", "coordinates": [ 37.671026195865558, -0.243990731398026 ] } },
{ "type": "Feature", "properties": { "LAYER": "Unknown Point Feature", "AREA": 0.0, "PERIMETER": 0.0, "TOWN_NAME": "Kauro", "TOWN_ID": 4, "TOWN_TYPE": "Market Centres" }, "geometry": { "type": "Point", "coordinates": [ 37.718665155745995, 1.047940031514371 ] } },
{ "type": "Feature", "properties": { "LAYER": "Unknown Point Feature", "AREA": 0.0, "PERIMETER": 0.0, "TOWN_NAME": "Kaongo", "TOWN_ID": 4, "TOWN_TYPE": "Market Centres" }, "geometry": { "type": "Point", "coordinates": [ 37.722026147451409, -0.038990927257599 ] } },
{ "type": "Feature", "properties": { "LAYER": "Unknown Point Feature", "AREA": 0.0, "PERIMETER": 0.0, "TOWN_NAME": "Ziwani", "TOWN_ID": 4, "TOWN_TYPE": "Market Centres" }, "geometry": { "type": "Point", "coordinates": [ 37.789026126872464, -3.37998774899026 ] } },
{ "type": "Feature", "properties": { "LAYER": "Unknown Point Feature", "AREA": 0.0, "PERIMETER": 0.0, "TOWN_NAME": "Kiambere", "TOWN_ID": 4, "TOWN_TYPE": "Market Centres" }, "geometry": { "type": "Point", "coordinates": [ 37.793026081539452, -0.684990309646479 ] } },
{ "type": "Feature", "properties": { "LAYER": "Unknown Point Feature", "AREA": 0.0, "PERIMETER": 0.0, "TOWN_NAME": "Laisamis", "TOWN_ID": 3, "TOWN_TYPE": "Trading Centre" }, "geometry": { "type": "Point", "coordinates": [ 37.804054080920146, 1.59787550242842 ] } },
{ "type": "Feature", "properties": { "LAYER": "Unknown Point Feature", "AREA": 0.0, "PERIMETER": 0.0, "TOWN_NAME": "Kangeta", "TOWN_ID": 4, "TOWN_TYPE": "Market Centres" }, "geometry": { "type": "Point", "coordinates": [ 37.881025997199188, 0.286008761505466 ] } },
{ "type": "Feature", "properties": { "LAYER": "Unknown Point Feature", "AREA": 0.0, "PERIMETER": 0.0, "TOWN_NAME": "Chiokarige", "TOWN_ID": 4, "TOWN_TYPE": "Market Centres" }, "geometry": { "type": "Point", "coordinates": [ 37.921025958807157, -0.26999070585105 ] } },
{ "type": "Feature", "properties": { "LAYER": "Unknown Point Feature", "AREA": 0.0, "PERIMETER": 0.0, "TOWN_NAME": "Murka", "TOWN_ID": 4, "TOWN_TYPE": "Market Centres" }, "geometry": { "type": "Point", "coordinates": [ 37.938235985700487, -3.40548172075708 ] } },
{ "type": "Feature", "properties": { "LAYER": "Unknown Point Feature", "AREA": 0.0, "PERIMETER": 0.0, "TOWN_NAME": "Segel", "TOWN_ID": 4, "TOWN_TYPE": "Market Centres" }, "geometry": { "type": "Point", "coordinates": [ 37.944071963869284, 2.532761599641396 ] } },
{ "type": "Feature", "properties": { "LAYER": "Unknown Point Feature", "AREA": 0.0, "PERIMETER": 0.0, "TOWN_NAME": "Lare", "TOWN_ID": 4, "TOWN_TYPE": "Market Centres" }, "geometry": { "type": "Point", "coordinates": [ 37.953352928729451, 0.34621870363228 ] } },
{ "type": "Feature", "properties": { "LAYER": "Unknown Point Feature", "AREA": 0.0, "PERIMETER": 0.0, "TOWN_NAME": "Marsabit", "TOWN_ID": 2, "TOWN_TYPE": "Township/Town" }, "geometry": { "type": "Point", "coordinates": [ 37.983025922837271, 2.331006793588297 ] } },
{ "type": "Feature", "properties": { "LAYER": "Unknown Point Feature", "AREA": 0.0, "PERIMETER": 0.0, "TOWN_NAME": "Mutuati", "TOWN_ID": 4, "TOWN_TYPE": "Market Centres" }, "geometry": { "type": "Point", "coordinates": [ 37.995025889555286, 0.452008602003278 ] } },
{ "type": "Feature", "properties": { "LAYER": "Unknown Point Feature", "AREA": 0.0, "PERIMETER": 0.0, "TOWN_NAME": "Choba", "TOWN_ID": 4, "TOWN_TYPE": "Market Centres" }, "geometry": { "type": "Point", "coordinates": [ 38.044764866081387, 2.4313406956286 ] } },
{ "type": "Feature", "properties": { "LAYER": "Unknown Point Feature", "AREA": 0.0, "PERIMETER": 0.0, "TOWN_NAME": "Kilanguni", "TOWN_ID": 4, "TOWN_TYPE": "Market Centres" }, "geometry": { "type": "Point", "coordinates": [ 38.047899869309603, -2.906388190876217 ] } },
{ "type": "Feature", "properties": { "LAYER": "Unknown Point Feature", "AREA": 0.0, "PERIMETER": 0.0, "TOWN_NAME": "Kom", "TOWN_ID": 4, "TOWN_TYPE": "Market Centres" }, "geometry": { "type": "Point", "coordinates": [ 38.05057784089454, 1.070141007616338 ] } },
{ "type": "Feature", "properties": { "LAYER": "Unknown Point Feature", "AREA": 0.0, "PERIMETER": 0.0, "TOWN_NAME": "Masongaleni", "TOWN_ID": 4, "TOWN_TYPE": "Market Centres" }, "geometry": { "type": "Point", "coordinates": [ 38.052025856663199, -2.479988595798879 ] } },
{ "type": "Feature", "properties": { "LAYER": "Unknown Point Feature", "AREA": 0.0, "PERIMETER": 0.0, "TOWN_NAME": "Mwingi", "TOWN_ID": 3, "TOWN_TYPE": "Trading Centre" }, "geometry": { "type": "Point", "coordinates": [ 38.060025829384109, -0.925990077460402 ] } },
{ "type": "Feature", "properties": { "LAYER": "Unknown Point Feature", "AREA": 0.0, "PERIMETER": 0.0, "TOWN_NAME": "Ikanga", "TOWN_ID": 4, "TOWN_TYPE": "Market Centres" }, "geometry": { "type": "Point", "coordinates": [ 38.06625683090418, -1.701573336740202 ] } },
{ "type": "Feature", "properties": { "LAYER": "Unknown Point Feature", "AREA": 0.0, "PERIMETER": 0.0, "TOWN_NAME": "Katse", "TOWN_ID": 4, "TOWN_TYPE": "Market Centres" }, "geometry": { "type": "Point", "coordinates": [ 38.083025805448806, -0.502990482139297 ] } },
{ "type": "Feature", "properties": { "LAYER": "Unknown Point Feature", "AREA": 0.0, "PERIMETER": 0.0, "TOWN_NAME": "Waita", "TOWN_ID": 4, "TOWN_TYPE": "Market Centres" }, "geometry": { "type": "Point", "coordinates": [ 38.085318804495842, -0.785518211644995 ] } },
{ "type": "Feature", "properties": { "LAYER": "Unknown Point Feature", "AREA": 0.0, "PERIMETER": 0.0, "TOWN_NAME": "Maktan", "TOWN_ID": 4, "TOWN_TYPE": "Market Centres" }, "geometry": { "type": "Point", "coordinates": [ 38.113566819086138, -3.416306705662191 ] } },
{ "type": "Feature", "properties": { "LAYER": "Unknown Point Feature", "AREA": 0.0, "PERIMETER": 0.0, "TOWN_NAME": "Kimangau", "TOWN_ID": 4, "TOWN_TYPE": "Market Centres" }, "geometry": { "type": "Point", "coordinates": [ 38.138025753199564, -0.517990467510142 ] } },
{ "type": "Feature", "properties": { "LAYER": "Unknown Point Feature", "AREA": 0.0, "PERIMETER": 0.0, "TOWN_NAME": "Mutomo", "TOWN_ID": 4, "TOWN_TYPE": "Market Centres" }, "geometry": { "type": "Point", "coordinates": [ 38.199648706066682, -1.859224184397664 ] } },
{ "type": "Feature", "properties": { "LAYER": "Unknown Point Feature", "AREA": 0.0, "PERIMETER": 0.0, "TOWN_NAME": "Kula Mawe", "TOWN_ID": 4, "TOWN_TYPE": "Market Centres" }, "geometry": { "type": "Point", "coordinates": [ 38.209353686391388, 0.582466475900904 ] } },
{ "type": "Feature", "properties": { "LAYER": "Unknown Point Feature", "AREA": 0.0, "PERIMETER": 0.0, "TOWN_NAME": "Nguni", "TOWN_ID": 4, "TOWN_TYPE": "Market Centres" }, "geometry": { "type": "Point", "coordinates": [ 38.303015597426146, -0.801933194415737 ] } },
{ "type": "Feature", "properties": { "LAYER": "Unknown Point Feature", "AREA": 0.0, "PERIMETER": 0.0, "TOWN_NAME": "Voo", "TOWN_ID": 4, "TOWN_TYPE": "Market Centres" }, "geometry": { "type": "Point", "coordinates": [ 38.317572591285362, -1.670400362997966 ] } },
{ "type": "Feature", "properties": { "LAYER": "Unknown Point Feature", "AREA": 0.0, "PERIMETER": 0.0, "TOWN_NAME": "Kenani", "TOWN_ID": 4, "TOWN_TYPE": "Market Centres" }, "geometry": { "type": "Point", "coordinates": [ 38.320952607665397, -2.836457250977264 ] } },
{ "type": "Feature", "properties": { "LAYER": "Unknown Point Feature", "AREA": 0.0, "PERIMETER": 0.0, "TOWN_NAME": "Mwatate", "TOWN_ID": 3, "TOWN_TYPE": "Trading Centre" }, "geometry": { "type": "Point", "coordinates": [ 38.34108660442967, -3.503333616812823 ] } },
{ "type": "Feature", "properties": { "LAYER": "Unknown Point Feature", "AREA": 0.0, "PERIMETER": 0.0, "TOWN_NAME": "Kanziko", "TOWN_ID": 4, "TOWN_TYPE": "Market Centres" }, "geometry": { "type": "Point", "coordinates": [ 38.351122563491231, -1.980903065872523 ] } },
{ "type": "Feature", "properties": { "LAYER": "Unknown Point Feature", "AREA": 0.0, "PERIMETER": 0.0, "TOWN_NAME": "Kakuniike", "TOWN_ID": 4, "TOWN_TYPE": "Market Centres" }, "geometry": { "type": "Point", "coordinates": [ 38.355208547555335, -0.774380220476277 ] } },
{ "type": "Feature", "properties": { "LAYER": "Unknown Point Feature", "AREA": 0.0, "PERIMETER": 0.0, "TOWN_NAME": "Wundanyi", "TOWN_ID": 3, "TOWN_TYPE": "Trading Centre" }, "geometry": { "type": "Point", "coordinates": [ 38.359025584554537, -3.397987716311601 ] } },
{ "type": "Feature", "properties": { "LAYER": "Unknown Point Feature", "AREA": 0.0, "PERIMETER": 0.0, "TOWN_NAME": "Kyamatu", "TOWN_ID": 4, "TOWN_TYPE": "Market Centres" }, "geometry": { "type": "Point", "coordinates": [ 38.362025547625294, -1.560989467012723 ] } },
{ "type": "Feature", "properties": { "LAYER": "Unknown Point Feature", "AREA": 0.0, "PERIMETER": 0.0, "TOWN_NAME": "Kedai", "TOWN_ID": 4, "TOWN_TYPE": "Market Centres" }, "geometry": { "type": "Point", "coordinates": [ 38.364025576481836, -3.266987840597799 ] } },
{ "type": "Feature", "properties": { "LAYER": "Unknown Point Feature", "AREA": 0.0, "PERIMETER": 0.0, "TOWN_NAME": "Kittermasters", "TOWN_ID": 4, "TOWN_TYPE": "Market Centres" }, "geometry": { "type": "Point", "coordinates": [ 38.388136517912834, 0.865288202604616 ] } },
{ "type": "Feature", "properties": { "LAYER": "Unknown Point Feature", "AREA": 0.0, "PERIMETER": 0.0, "TOWN_NAME": "Makengesu", "TOWN_ID": 4, "TOWN_TYPE": "Market Centres" }, "geometry": { "type": "Point", "coordinates": [ 38.392025521137533, -1.735989299259743 ] } },
{ "type": "Feature", "properties": { "LAYER": "Unknown Point Feature", "AREA": 0.0, "PERIMETER": 0.0, "TOWN_NAME": "Mutha", "TOWN_ID": 4, "TOWN_TYPE": "Market Centres" }, "geometry": { "type": "Point", "coordinates": [ 38.409785505038613, -1.800414237410637 ] } },
{ "type": "Feature", "properties": { "LAYER": "Unknown Point Feature", "AREA": 0.0, "PERIMETER": 0.0, "TOWN_NAME": "Manyani", "TOWN_ID": 4, "TOWN_TYPE": "Market Centres" }, "geometry": { "type": "Point", "coordinates": [ 38.477267464122022, -3.0898520061459 ] } },
{ "type": "Feature", "properties": { "LAYER": "Unknown Point Feature", "AREA": 0.0, "PERIMETER": 0.0, "TOWN_NAME": "Endani", "TOWN_ID": 4, "TOWN_TYPE": "Market Centres" }, "geometry": { "type": "Point", "coordinates": [ 38.515444398754589, -1.316047699714902 ] } },
{ "type": "Feature", "properties": { "LAYER": "Unknown Point Feature", "AREA": 0.0, "PERIMETER": 0.0, "TOWN_NAME": "Garba Tula", "TOWN_ID": 4, "TOWN_TYPE": "Market Centres" }, "geometry": { "type": "Point", "coordinates": [ 38.517561392436974, 0.526920528281419 ] } },
{ "type": "Feature", "properties": { "LAYER": "Unknown Point Feature", "AREA": 0.0, "PERIMETER": 0.0, "TOWN_NAME": "Endau", "TOWN_ID": 4, "TOWN_TYPE": "Market Centres" }, "geometry": { "type": "Point", "coordinates": [ 38.519025395242778, -1.30598970931688 ] } },
{ "type": "Feature", "properties": { "LAYER": "Unknown Point Feature", "AREA": 0.0, "PERIMETER": 0.0, "TOWN_NAME": "Voi", "TOWN_ID": 2, "TOWN_TYPE": "Township/Town" }, "geometry": { "type": "Point", "coordinates": [ 38.551249400855248, -3.394943713994101 ] } },
{ "type": "Feature", "properties": { "LAYER": "Unknown Point Feature", "AREA": 0.0, "PERIMETER": 0.0, "TOWN_NAME": "Rukanga", "TOWN_ID": 4, "TOWN_TYPE": "Market Centres" }, "geometry": { "type": "Point", "coordinates": [ 38.64502532235224, -3.808987317766982 ] } },
{ "type": "Feature", "properties": { "LAYER": "Unknown Point Feature", "AREA": 0.0, "PERIMETER": 0.0, "TOWN_NAME": "Sololo", "TOWN_ID": 3, "TOWN_TYPE": "Trading Centre" }, "geometry": { "type": "Point", "coordinates": [ 38.649534316184194, 3.558441589614093 ] } },
{ "type": "Feature", "properties": { "LAYER": "Unknown Point Feature", "AREA": 0.0, "PERIMETER": 0.0, "TOWN_NAME": "Bungule", "TOWN_ID": 4, "TOWN_TYPE": "Market Centres" }, "geometry": { "type": "Point", "coordinates": [ 38.652849316319099, -3.859550269498664 ] } },
{ "type": "Feature", "properties": { "LAYER": "Unknown Point Feature", "AREA": 0.0, "PERIMETER": 0.0, "TOWN_NAME": "Merti", "TOWN_ID": 4, "TOWN_TYPE": "Market Centres" }, "geometry": { "type": "Point", "coordinates": [ 38.657025262982543, 1.06600800696334 ] } },
{ "type": "Feature", "properties": { "LAYER": "Unknown Point Feature", "AREA": 0.0, "PERIMETER": 0.0, "TOWN_NAME": "Benane", "TOWN_ID": 4, "TOWN_TYPE": "Market Centres" }, "geometry": { "type": "Point", "coordinates": [ 38.664938251649723, 0.505741548229853 ] } },
{ "type": "Feature", "properties": { "LAYER": "Unknown Point Feature", "AREA": 0.0, "PERIMETER": 0.0, "TOWN_NAME": "Kora Wells", "TOWN_ID": 4, "TOWN_TYPE": "Market Centres" }, "geometry": { "type": "Point", "coordinates": [ 38.728025190043283, 0.009009027456285 ] } },
{ "type": "Feature", "properties": { "LAYER": "Unknown Point Feature", "AREA": 0.0, "PERIMETER": 0.0, "TOWN_NAME": "Maungu", "TOWN_ID": 4, "TOWN_TYPE": "Market Centres" }, "geometry": { "type": "Point", "coordinates": [ 38.737967226219268, -3.549361561946605 ] } },
{ "type": "Feature", "properties": { "LAYER": "Unknown Point Feature", "AREA": 0.0, "PERIMETER": 0.0, "TOWN_NAME": "Aruba Lodge", "TOWN_ID": 6, "TOWN_TYPE": "Lodges / Camps" }, "geometry": { "type": "Point", "coordinates": [ 38.800025161661061, -3.349987750150778 ] } },
{ "type": "Feature", "properties": { "LAYER": "Unknown Point Feature", "AREA": 0.0, "PERIMETER": 0.0, "TOWN_NAME": "Buchuma", "TOWN_ID": 4, "TOWN_TYPE": "Market Centres" }, "geometry": { "type": "Point", "coordinates": [ 38.881285091130984, -3.633010478249663 ] } },
{ "type": "Feature", "properties": { "LAYER": "Unknown Point Feature", "AREA": 0.0, "PERIMETER": 0.0, "TOWN_NAME": "Kilibazi", "TOWN_ID": 4, "TOWN_TYPE": "Market Centres" }, "geometry": { "type": "Point", "coordinates": [ 38.947287037402816, -3.97214515339692 ] } },
{ "type": "Feature", "properties": { "LAYER": "Unknown Point Feature", "AREA": 0.0, "PERIMETER": 0.0, "TOWN_NAME": "Makinnon Road", "TOWN_ID": 3, "TOWN_TYPE": "Trading Centre" }, "geometry": { "type": "Point", "coordinates": [ 39.030629950264924, -3.721654389483583 ] } },
{ "type": "Feature", "properties": { "LAYER": "Unknown Point Feature", "AREA": 0.0, "PERIMETER": 0.0, "TOWN_NAME": "Moyale", "TOWN_ID": 2, "TOWN_TYPE": "Township/Town" }, "geometry": { "type": "Point", "coordinates": [ 39.053624928195802, 3.53218760449613 ] } },
{ "type": "Feature", "properties": { "LAYER": "Unknown Point Feature", "AREA": 0.0, "PERIMETER": 0.0, "TOWN_NAME": "Kakya", "TOWN_ID": 4, "TOWN_TYPE": "Market Centres" }, "geometry": { "type": "Point", "coordinates": [ 39.05832888241742, -1.59398642641588 ] } },
{ "type": "Feature", "properties": { "LAYER": "Unknown Point Feature", "AREA": 0.0, "PERIMETER": 0.0, "TOWN_NAME": "Mbalambala", "TOWN_ID": 4, "TOWN_TYPE": "Market Centres" }, "geometry": { "type": "Point", "coordinates": [ 39.066198866406467, -0.034389930365137 ] } },
{ "type": "Feature", "properties": { "LAYER": "Unknown Point Feature", "AREA": 0.0, "PERIMETER": 0.0, "TOWN_NAME": "Sericho", "TOWN_ID": 4, "TOWN_TYPE": "Market Centres" }, "geometry": { "type": "Point", "coordinates": [ 39.114362825983029, 1.140097931647388 ] } },
{ "type": "Feature", "properties": { "LAYER": "Unknown Point Feature", "AREA": 0.0, "PERIMETER": 0.0, "TOWN_NAME": "Mwereni", "TOWN_ID": 4, "TOWN_TYPE": "Market Centres" }, "geometry": { "type": "Point", "coordinates": [ 39.129880873241838, -4.336863800453938 ] } },
{ "type": "Feature", "properties": { "LAYER": "Unknown Point Feature", "AREA": 0.0, "PERIMETER": 0.0, "TOWN_NAME": "Taru", "TOWN_ID": 4, "TOWN_TYPE": "Market Centres" }, "geometry": { "type": "Point", "coordinates": [ 39.153024833044775, -3.733987374172633 ] } },
{ "type": "Feature", "properties": { "LAYER": "Unknown Point Feature", "AREA": 0.0, "PERIMETER": 0.0, "TOWN_NAME": "Koito", "TOWN_ID": 4, "TOWN_TYPE": "Market Centres" }, "geometry": { "type": "Point", "coordinates": [ 39.159589808861149, -3.010748065202014 ] } },
{ "type": "Feature", "properties": { "LAYER": "Unknown Point Feature", "AREA": 0.0, "PERIMETER": 0.0, "TOWN_NAME": "Mado Gashi", "TOWN_ID": 4, "TOWN_TYPE": "Market Centres" }, "geometry": { "type": "Point", "coordinates": [ 39.171327768139548, 0.72401433499283 ] } },
{ "type": "Feature", "properties": { "LAYER": "Unknown Point Feature", "AREA": 0.0, "PERIMETER": 0.0, "TOWN_NAME": "Mrima", "TOWN_ID": 4, "TOWN_TYPE": "Market Centres" }, "geometry": { "type": "Point", "coordinates": [ 39.255849756933763, -4.486776653508368 ] } },
{ "type": "Feature", "properties": { "LAYER": "Unknown Point Feature", "AREA": 0.0, "PERIMETER": 0.0, "TOWN_NAME": "Debel", "TOWN_ID": 4, "TOWN_TYPE": "Market Centres" }, "geometry": { "type": "Point", "coordinates": [ 39.262044716938469, 3.101841019439584 ] } },
{ "type": "Feature", "properties": { "LAYER": "Unknown Point Feature", "AREA": 0.0, "PERIMETER": 0.0, "TOWN_NAME": "Samburu", "TOWN_ID": 4, "TOWN_TYPE": "Market Centres" }, "geometry": { "type": "Point", "coordinates": [ 39.263833727646258, -3.775117331692158 ] } },
{ "type": "Feature", "properties": { "LAYER": "Unknown Point Feature", "AREA": 0.0, "PERIMETER": 0.0, "TOWN_NAME": "Kinango", "TOWN_ID": 3, "TOWN_TYPE": "Trading Centre" }, "geometry": { "type": "Point", "coordinates": [ 39.307904695552459, -4.130975990761533 ] } },
{ "type": "Feature", "properties": { "LAYER": "Unknown Point Feature", "AREA": 0.0, "PERIMETER": 0.0, "TOWN_NAME": "Saka", "TOWN_ID": 4, "TOWN_TYPE": "Market Centres" }, "geometry": { "type": "Point", "coordinates": [ 39.340768603013743, -0.137062830630049 ] } },
{ "type": "Feature", "properties": { "LAYER": "Unknown Point Feature", "AREA": 0.0, "PERIMETER": 0.0, "TOWN_NAME": "Shimoni", "TOWN_ID": 3, "TOWN_TYPE": "Trading Centre" }, "geometry": { "type": "Point", "coordinates": [ 39.360051661048743, -4.620357522717385 ] } },
{ "type": "Feature", "properties": { "LAYER": "Unknown Point Feature", "AREA": 0.0, "PERIMETER": 0.0, "TOWN_NAME": "Mbongo", "TOWN_ID": 4, "TOWN_TYPE": "Market Centres" }, "geometry": { "type": "Point", "coordinates": [ 39.424268571558045, -3.713540385907421 ] } },
{ "type": "Feature", "properties": { "LAYER": "Unknown Point Feature", "AREA": 0.0, "PERIMETER": 0.0, "TOWN_NAME": "Habaswein", "TOWN_ID": 4, "TOWN_TYPE": "Market Centres" }, "geometry": { "type": "Point", "coordinates": [ 39.488527465595254, 1.010811054527798 ] } },
{ "type": "Feature", "properties": { "LAYER": "Unknown Point Feature", "AREA": 0.0, "PERIMETER": 0.0, "TOWN_NAME": "Buna", "TOWN_ID": 4, "TOWN_TYPE": "Market Centres" }, "geometry": { "type": "Point", "coordinates": [ 39.493768487096425, 2.795576313673185 ] } },
{ "type": "Feature", "properties": { "LAYER": "Unknown Point Feature", "AREA": 0.0, "PERIMETER": 0.0, "TOWN_NAME": "Mwabungu", "TOWN_ID": 4, "TOWN_TYPE": "Market Centres" }, "geometry": { "type": "Point", "coordinates": [ 39.497003520060382, -4.346891778651998 ] } },
{ "type": "Feature", "properties": { "LAYER": "Unknown Point Feature", "AREA": 0.0, "PERIMETER": 0.0, "TOWN_NAME": "Gazi", "TOWN_ID": 4, "TOWN_TYPE": "Market Centres" }, "geometry": { "type": "Point", "coordinates": [ 39.503024516816268, -4.426986702038791 ] } },
{ "type": "Feature", "properties": { "LAYER": "Unknown Point Feature", "AREA": 0.0, "PERIMETER": 0.0, "TOWN_NAME": "Bomba", "TOWN_ID": 4, "TOWN_TYPE": "Market Centres" }, "geometry": { "type": "Point", "coordinates": [ 39.520700474081892, -3.539140550132689 ] } },
{ "type": "Feature", "properties": { "LAYER": "Unknown Point Feature", "AREA": 0.0, "PERIMETER": 0.0, "TOWN_NAME": "Ukunda", "TOWN_ID": 3, "TOWN_TYPE": "Trading Centre" }, "geometry": { "type": "Point", "coordinates": [ 39.567024450735772, -4.289986830666365 ] } },
{ "type": "Feature", "properties": { "LAYER": "Unknown Point Feature", "AREA": 0.0, "PERIMETER": 0.0, "TOWN_NAME": "Gurar", "TOWN_ID": 4, "TOWN_TYPE": "Market Centres" }, "geometry": { "type": "Point", "coordinates": [ 39.575784421512395, 3.363374756326595 ] } },
{ "type": "Feature", "properties": { "LAYER": "Unknown Point Feature", "AREA": 0.0, "PERIMETER": 0.0, "TOWN_NAME": "Dakawachu", "TOWN_ID": 4, "TOWN_TYPE": "Market Centres" }, "geometry": { "type": "Point", "coordinates": [ 39.615750363422912, -2.686220366521886 ] } },
{ "type": "Feature", "properties": { "LAYER": "Unknown Point Feature", "AREA": 0.0, "PERIMETER": 0.0, "TOWN_NAME": "Matalani", "TOWN_ID": 4, "TOWN_TYPE": "Market Centres" }, "geometry": { "type": "Point", "coordinates": [ 39.640409347842564, -3.083111984489175 ] } },
{ "type": "Feature", "properties": { "LAYER": "Unknown Point Feature", "AREA": 0.0, "PERIMETER": 0.0, "TOWN_NAME": "Garissa", "TOWN_ID": 2, "TOWN_TYPE": "Township/Town" }, "geometry": { "type": "Point", "coordinates": [ 39.649842306299682, -0.448771527589606 ] } },
{ "type": "Feature", "properties": { "LAYER": "Unknown Point Feature", "AREA": 0.0, "PERIMETER": 0.0, "TOWN_NAME": "Chifiri", "TOWN_ID": 4, "TOWN_TYPE": "Market Centres" }, "geometry": { "type": "Point", "coordinates": [ 39.713838249460018, -1.291087711056216 ] } },
{ "type": "Feature", "properties": { "LAYER": "Unknown Point Feature", "AREA": 0.0, "PERIMETER": 0.0, "TOWN_NAME": "Majengo", "TOWN_ID": 4, "TOWN_TYPE": "Market Centres" }, "geometry": { "type": "Point", "coordinates": [ 39.751516260999892, -3.895623202127963 ] } },
{ "type": "Feature", "properties": { "LAYER": "Unknown Point Feature", "AREA": 0.0, "PERIMETER": 0.0, "TOWN_NAME": "Giriftu", "TOWN_ID": 4, "TOWN_TYPE": "Market Centres" }, "geometry": { "type": "Point", "coordinates": [ 39.762498213354874, 1.987256099271282 ] } },
{ "type": "Feature", "properties": { "LAYER": "Unknown Point Feature", "AREA": 0.0, "PERIMETER": 0.0, "TOWN_NAME": "Korokora", "TOWN_ID": 4, "TOWN_TYPE": "Market Centres" }, "geometry": { "type": "Point", "coordinates": [ 39.789727172085875, -0.612333368245765 ] } },
{ "type": "Feature", "properties": { "LAYER": "Unknown Point Feature", "AREA": 0.0, "PERIMETER": 0.0, "TOWN_NAME": "Takaunga", "TOWN_ID": 4, "TOWN_TYPE": "Market Centres" }, "geometry": { "type": "Point", "coordinates": [ 39.83027817958537, -3.69934538803371 ] } },
{ "type": "Feature", "properties": { "LAYER": "Unknown Point Feature", "AREA": 0.0, "PERIMETER": 0.0, "TOWN_NAME": "Kilifi", "TOWN_ID": 2, "TOWN_TYPE": "Township/Town" }, "geometry": { "type": "Point", "coordinates": [ 39.854024154441035, -3.614987468331408 ] } },
{ "type": "Feature", "properties": { "LAYER": "Unknown Point Feature", "AREA": 0.0, "PERIMETER": 0.0, "TOWN_NAME": "Kibaoni", "TOWN_ID": 4, "TOWN_TYPE": "Market Centres" }, "geometry": { "type": "Point", "coordinates": [ 39.856024154254797, -3.68198740397071 ] } },
{ "type": "Feature", "properties": { "LAYER": "Unknown Point Feature", "AREA": 0.0, "PERIMETER": 0.0, "TOWN_NAME": "Bute Helu", "TOWN_ID": 4, "TOWN_TYPE": "Market Centres" }, "geometry": { "type": "Point", "coordinates": [ 39.865144129828465, 2.828677273788294 ] } },
{ "type": "Feature", "properties": { "LAYER": "Unknown Point Feature", "AREA": 0.0, "PERIMETER": 0.0, "TOWN_NAME": "Bura", "TOWN_ID": 4, "TOWN_TYPE": "Market Centres" }, "geometry": { "type": "Point", "coordinates": [ 39.948430021624368, -1.084233909252146 ] } },
{ "type": "Feature", "properties": { "LAYER": "Unknown Point Feature", "AREA": 0.0, "PERIMETER": 0.0, "TOWN_NAME": "Hadu", "TOWN_ID": 4, "TOWN_TYPE": "Market Centres" }, "geometry": { "type": "Point", "coordinates": [ 39.978620016309307, -2.839520211246938 ] } },
{ "type": "Feature", "properties": { "LAYER": "Unknown Point Feature", "AREA": 0.0, "PERIMETER": 0.0, "TOWN_NAME": "Watamu", "TOWN_ID": 4, "TOWN_TYPE": "Market Centres" }, "geometry": { "type": "Point", "coordinates": [ 40.005899000514439, -3.325452742615818 ] } },
{ "type": "Feature", "properties": { "LAYER": "Unknown Point Feature", "AREA": 0.0, "PERIMETER": 0.0, "TOWN_NAME": "Masabubu", "TOWN_ID": 4, "TOWN_TYPE": "Market Centres" }, "geometry": { "type": "Point", "coordinates": [ 40.01002396308958, -1.204989791542053 ] } },
{ "type": "Feature", "properties": { "LAYER": "Unknown Point Feature", "AREA": 0.0, "PERIMETER": 0.0, "TOWN_NAME": "Pumwani", "TOWN_ID": 4, "TOWN_TYPE": "Market Centres" }, "geometry": { "type": "Point", "coordinates": [ 40.019023957075689, -1.498989506361194 ] } },
{ "type": "Feature", "properties": { "LAYER": "Unknown Point Feature", "AREA": 0.0, "PERIMETER": 0.0, "TOWN_NAME": "Gedi Ruins", "TOWN_ID": 4, "TOWN_TYPE": "Market Centres" }, "geometry": { "type": "Point", "coordinates": [ 40.020233985642484, -3.282169783912542 ] } },
{ "type": "Feature", "properties": { "LAYER": "Unknown Point Feature", "AREA": 0.0, "PERIMETER": 0.0, "TOWN_NAME": "Hola", "TOWN_ID": 4, "TOWN_TYPE": "Market Centres" }, "geometry": { "type": "Point", "coordinates": [ 40.027973948432653, -1.498996506249785 ] } },
{ "type": "Feature", "properties": { "LAYER": "Unknown Point Feature", "AREA": 0.0, "PERIMETER": 0.0, "TOWN_NAME": "Wajir", "TOWN_ID": 2, "TOWN_TYPE": "Township/Town" }, "geometry": { "type": "Point", "coordinates": [ 40.05942992335337, 1.746717330756449 ] } },
{ "type": "Feature", "properties": { "LAYER": "Unknown Point Feature", "AREA": 0.0, "PERIMETER": 0.0, "TOWN_NAME": "Masalani", "TOWN_ID": 4, "TOWN_TYPE": "Market Centres" }, "geometry": { "type": "Point", "coordinates": [ 40.064023914599112, -1.592989414715089 ] } },
{ "type": "Feature", "properties": { "LAYER": "Unknown Point Feature", "AREA": 0.0, "PERIMETER": 0.0, "TOWN_NAME": "Tulu", "TOWN_ID": 4, "TOWN_TYPE": "Market Centres" }, "geometry": { "type": "Point", "coordinates": [ 40.096023892592996, -2.264988763671006 ] } },
{ "type": "Feature", "properties": { "LAYER": "Unknown Point Feature", "AREA": 0.0, "PERIMETER": 0.0, "TOWN_NAME": "Wenje", "TOWN_ID": 4, "TOWN_TYPE": "Market Centres" }, "geometry": { "type": "Point", "coordinates": [ 40.098023883972331, -1.785989227257489 ] } },
{ "type": "Feature", "properties": { "LAYER": "Unknown Point Feature", "AREA": 0.0, "PERIMETER": 0.0, "TOWN_NAME": "Garsen", "TOWN_ID": 4, "TOWN_TYPE": "Market Centres" }, "geometry": { "type": "Point", "coordinates": [ 40.115299874108132, -2.274534754106594 ] } },
{ "type": "Feature", "properties": { "LAYER": "Unknown Point Feature", "AREA": 0.0, "PERIMETER": 0.0, "TOWN_NAME": "Kanjonja", "TOWN_ID": 4, "TOWN_TYPE": "Market Centres" }, "geometry": { "type": "Point", "coordinates": [ 40.123023858763972, -1.697989312194908 ] } },
{ "type": "Feature", "properties": { "LAYER": "Unknown Point Feature", "AREA": 0.0, "PERIMETER": 0.0, "TOWN_NAME": "Tarbej", "TOWN_ID": 4, "TOWN_TYPE": "Market Centres" }, "geometry": { "type": "Point", "coordinates": [ 40.133640858567055, 2.206626879007712 ] } },
{ "type": "Feature", "properties": { "LAYER": "Unknown Point Feature", "AREA": 0.0, "PERIMETER": 0.0, "TOWN_NAME": "El Ben", "TOWN_ID": 4, "TOWN_TYPE": "Market Centres" }, "geometry": { "type": "Point", "coordinates": [ 40.180023815513962, 2.312006774884219 ] } },
{ "type": "Feature", "properties": { "LAYER": "Unknown Point Feature", "AREA": 0.0, "PERIMETER": 0.0, "TOWN_NAME": "Ngao", "TOWN_ID": 4, "TOWN_TYPE": "Market Centres" }, "geometry": { "type": "Point", "coordinates": [ 40.18644380756642, -2.413921618040135 ] } },
{ "type": "Feature", "properties": { "LAYER": "Unknown Point Feature", "AREA": 0.0, "PERIMETER": 0.0, "TOWN_NAME": "Takaba", "TOWN_ID": 4, "TOWN_TYPE": "Market Centres" }, "geometry": { "type": "Point", "coordinates": [ 40.219833799116522, 3.354378749712194 ] } },
{ "type": "Feature", "properties": { "LAYER": "Unknown Point Feature", "AREA": 0.0, "PERIMETER": 0.0, "TOWN_NAME": "Moa", "TOWN_ID": 4, "TOWN_TYPE": "Market Centres" }, "geometry": { "type": "Point", "coordinates": [ 40.325023672590916, -2.362988664828556 ] } },
{ "type": "Feature", "properties": { "LAYER": "Unknown Point Feature", "AREA": 0.0, "PERIMETER": 0.0, "TOWN_NAME": "Bannissa", "TOWN_ID": 4, "TOWN_TYPE": "Market Centres" }, "geometry": { "type": "Point", "coordinates": [ 40.356903682092813, 3.93918217014311 ] } },
{ "type": "Feature", "properties": { "LAYER": "Unknown Point Feature", "AREA": 0.0, "PERIMETER": 0.0, "TOWN_NAME": "Hagadera", "TOWN_ID": 4, "TOWN_TYPE": "Market Centres" }, "geometry": { "type": "Point", "coordinates": [ 40.371567609241644, 0.01613902155387 ] } },
{ "type": "Feature", "properties": { "LAYER": "Unknown Point Feature", "AREA": 0.0, "PERIMETER": 0.0, "TOWN_NAME": "Nyangore", "TOWN_ID": 4, "TOWN_TYPE": "Market Centres" }, "geometry": { "type": "Point", "coordinates": [ 40.442023559593537, -2.384988641430354 ] } },
{ "type": "Feature", "properties": { "LAYER": "Unknown Point Feature", "AREA": 0.0, "PERIMETER": 0.0, "TOWN_NAME": "Witu", "TOWN_ID": 4, "TOWN_TYPE": "Market Centres" }, "geometry": { "type": "Point", "coordinates": [ 40.458477543649252, -2.385317640817394 ] } },
{ "type": "Feature", "properties": { "LAYER": "Unknown Point Feature", "AREA": 0.0, "PERIMETER": 0.0, "TOWN_NAME": "Ijara", "TOWN_ID": 4, "TOWN_TYPE": "Market Centres" }, "geometry": { "type": "Point", "coordinates": [ 40.528702464835028, -1.58633141549672 ] } },
{ "type": "Feature", "properties": { "LAYER": "Unknown Point Feature", "AREA": 0.0, "PERIMETER": 0.0, "TOWN_NAME": "Kipini", "TOWN_ID": 4, "TOWN_TYPE": "Market Centres" }, "geometry": { "type": "Point", "coordinates": [ 40.530491476069237, -2.519644509311418 ] } },
{ "type": "Feature", "properties": { "LAYER": "Unknown Point Feature", "AREA": 0.0, "PERIMETER": 0.0, "TOWN_NAME": "Mkunumbi", "TOWN_ID": 4, "TOWN_TYPE": "Market Centres" }, "geometry": { "type": "Point", "coordinates": [ 40.702023305999802, -2.300988718374741 ] } },
{ "type": "Feature", "properties": { "LAYER": "Unknown Point Feature", "AREA": 0.0, "PERIMETER": 0.0, "TOWN_NAME": "Mapenya", "TOWN_ID": 4, "TOWN_TYPE": "Market Centres" }, "geometry": { "type": "Point", "coordinates": [ 40.711023298092989, -2.353988666747729 ] } },
{ "type": "Feature", "properties": { "LAYER": "Unknown Point Feature", "AREA": 0.0, "PERIMETER": 0.0, "TOWN_NAME": "Bodhei", "TOWN_ID": 4, "TOWN_TYPE": "Market Centres" }, "geometry": { "type": "Point", "coordinates": [ 40.724804277782795, -1.86553914132688 ] } },
{ "type": "Feature", "properties": { "LAYER": "Unknown Point Feature", "AREA": 0.0, "PERIMETER": 0.0, "TOWN_NAME": "Khorof Harar", "TOWN_ID": 4, "TOWN_TYPE": "Market Centres" }, "geometry": { "type": "Point", "coordinates": [ 40.7290232821288, 2.237006840055419 ] } },
{ "type": "Feature", "properties": { "LAYER": "Unknown Point Feature", "AREA": 0.0, "PERIMETER": 0.0, "TOWN_NAME": "Majengo", "TOWN_ID": 4, "TOWN_TYPE": "Market Centres" }, "geometry": { "type": "Point", "coordinates": [ 40.735023268330295, -1.902989104745272 ] } },
{ "type": "Feature", "properties": { "LAYER": "Unknown Point Feature", "AREA": 0.0, "PERIMETER": 0.0, "TOWN_NAME": "Korof Harar", "TOWN_ID": 4, "TOWN_TYPE": "Market Centres" }, "geometry": { "type": "Point", "coordinates": [ 40.745644265921072, 2.23313684361662 ] } },
{ "type": "Feature", "properties": { "LAYER": "Unknown Point Feature", "AREA": 0.0, "PERIMETER": 0.0, "TOWN_NAME": "Malka Mari", "TOWN_ID": 4, "TOWN_TYPE": "Market Centres" }, "geometry": { "type": "Point", "coordinates": [ 40.762955297507169, 4.270807830927636 ] } },
{ "type": "Feature", "properties": { "LAYER": "Unknown Point Feature", "AREA": 0.0, "PERIMETER": 0.0, "TOWN_NAME": "Kiongwe", "TOWN_ID": 4, "TOWN_TYPE": "Market Centres" }, "geometry": { "type": "Point", "coordinates": [ 40.782023229708329, -2.390988629562437 ] } },
{ "type": "Feature", "properties": { "LAYER": "Unknown Point Feature", "AREA": 0.0, "PERIMETER": 0.0, "TOWN_NAME": "Mokowe", "TOWN_ID": 4, "TOWN_TYPE": "Market Centres" }, "geometry": { "type": "Point", "coordinates": [ 40.850023161201541, -2.235988779056656 ] } },
{ "type": "Feature", "properties": { "LAYER": "Unknown Point Feature", "AREA": 0.0, "PERIMETER": 0.0, "TOWN_NAME": "Matondoni", "TOWN_ID": 4, "TOWN_TYPE": "Market Centres" }, "geometry": { "type": "Point", "coordinates": [ 40.851023160742983, -2.269988745976415 ] } },
{ "type": "Feature", "properties": { "LAYER": "Unknown Point Feature", "AREA": 0.0, "PERIMETER": 0.0, "TOWN_NAME": "Liboi", "TOWN_ID": 4, "TOWN_TYPE": "Market Centres" }, "geometry": { "type": "Point", "coordinates": [ 40.870045126534471, 0.351334693111705 ] } },
{ "type": "Feature", "properties": { "LAYER": "Unknown Point Feature", "AREA": 0.0, "PERIMETER": 0.0, "TOWN_NAME": "Lamu", "TOWN_ID": 2, "TOWN_TYPE": "Township/Town" }, "geometry": { "type": "Point", "coordinates": [ 40.888367124325548, -2.263022752125755 ] } },
{ "type": "Feature", "properties": { "LAYER": "Unknown Point Feature", "AREA": 0.0, "PERIMETER": 0.0, "TOWN_NAME": "Shela", "TOWN_ID": 4, "TOWN_TYPE": "Market Centres" }, "geometry": { "type": "Point", "coordinates": [ 40.901023112107552, -2.268988746110806 ] } },
{ "type": "Feature", "properties": { "LAYER": "Unknown Point Feature", "AREA": 0.0, "PERIMETER": 0.0, "TOWN_NAME": "El Wak", "TOWN_ID": 4, "TOWN_TYPE": "Market Centres" }, "geometry": { "type": "Point", "coordinates": [ 40.92925709804728, 2.808255273046081 ] } },
{ "type": "Feature", "properties": { "LAYER": "Unknown Point Feature", "AREA": 0.0, "PERIMETER": 0.0, "TOWN_NAME": "Dif", "TOWN_ID": 4, "TOWN_TYPE": "Market Centres" }, "geometry": { "type": "Point", "coordinates": [ 40.98043102270524, 0.989119066007626 ] } },
{ "type": "Feature", "properties": { "LAYER": "Unknown Point Feature", "AREA": 0.0, "PERIMETER": 0.0, "TOWN_NAME": "Pate", "TOWN_ID": 4, "TOWN_TYPE": "Market Centres" }, "geometry": { "type": "Point", "coordinates": [ 41.001278012552255, -2.131630878183069 ] } },
{ "type": "Feature", "properties": { "LAYER": "Unknown Point Feature", "AREA": 0.0, "PERIMETER": 0.0, "TOWN_NAME": "Siyu", "TOWN_ID": 4, "TOWN_TYPE": "Market Centres" }, "geometry": { "type": "Point", "coordinates": [ 41.069022946270003, -2.107988900158849 ] } },
{ "type": "Feature", "properties": { "LAYER": "Unknown Point Feature", "AREA": 0.0, "PERIMETER": 0.0, "TOWN_NAME": "Rasini", "TOWN_ID": 4, "TOWN_TYPE": "Market Centres" }, "geometry": { "type": "Point", "coordinates": [ 41.095412919941928, -2.062383944205667 ] } },
{ "type": "Feature", "properties": { "LAYER": "Unknown Point Feature", "AREA": 0.0, "PERIMETER": 0.0, "TOWN_NAME": "Kiangwe", "TOWN_ID": 4, "TOWN_TYPE": "Market Centres" }, "geometry": { "type": "Point", "coordinates": [ 41.134022882545665, -2.077988928403511 ] } },
{ "type": "Feature", "properties": { "LAYER": "Unknown Point Feature", "AREA": 0.0, "PERIMETER": 0.0, "TOWN_NAME": "Mangai", "TOWN_ID": 4, "TOWN_TYPE": "Market Centres" }, "geometry": { "type": "Point", "coordinates": [ 41.181022832593612, -1.74598925172907 ] } },
{ "type": "Feature", "properties": { "LAYER": "Unknown Point Feature", "AREA": 0.0, "PERIMETER": 0.0, "TOWN_NAME": "Ramu", "TOWN_ID": 3, "TOWN_TYPE": "Trading Centre" }, "geometry": { "type": "Point", "coordinates": [ 41.200278860643444, 3.912678173497027 ] } },
{ "type": "Feature", "properties": { "LAYER": "Unknown Point Feature", "AREA": 0.0, "PERIMETER": 0.0, "TOWN_NAME": "Kolbio", "TOWN_ID": 4, "TOWN_TYPE": "Market Centres" }, "geometry": { "type": "Point", "coordinates": [ 41.212840795978323, -1.139022844881711 ] } },
{ "type": "Feature", "properties": { "LAYER": "Unknown Point Feature", "AREA": 0.0, "PERIMETER": 0.0, "TOWN_NAME": "Kiduruni", "TOWN_ID": 4, "TOWN_TYPE": "Market Centres" }, "geometry": { "type": "Point", "coordinates": [ 41.218022798252392, -1.890989109640713 ] } },
{ "type": "Feature", "properties": { "LAYER": "Unknown Point Feature", "AREA": 0.0, "PERIMETER": 0.0, "TOWN_NAME": "Mararani No10", "TOWN_ID": 4, "TOWN_TYPE": "Market Centres" }, "geometry": { "type": "Point", "coordinates": [ 41.238022775315457, -1.585989407363459 ] } },
{ "type": "Feature", "properties": { "LAYER": "Unknown Point Feature", "AREA": 0.0, "PERIMETER": 0.0, "TOWN_NAME": "Ashuwei", "TOWN_ID": 4, "TOWN_TYPE": "Market Centres" }, "geometry": { "type": "Point", "coordinates": [ 41.30702271217789, -1.947989052723162 ] } },
{ "type": "Feature", "properties": { "LAYER": "Unknown Point Feature", "AREA": 0.0, "PERIMETER": 0.0, "TOWN_NAME": "Finno", "TOWN_ID": 4, "TOWN_TYPE": "Market Centres" }, "geometry": { "type": "Point", "coordinates": [ 41.440307612577563, 3.390852685430854 ] } },
{ "type": "Feature", "properties": { "LAYER": "Unknown Point Feature", "AREA": 0.0, "PERIMETER": 0.0, "TOWN_NAME": "Kiunga", "TOWN_ID": 4, "TOWN_TYPE": "Market Centres" }, "geometry": { "type": "Point", "coordinates": [ 41.494880526131205, -1.724132269094947 ] } },
{ "type": "Feature", "properties": { "LAYER": "Unknown Point Feature", "AREA": 0.0, "PERIMETER": 0.0, "TOWN_NAME": "Dar Es Salaam", "TOWN_ID": 4, "TOWN_TYPE": "Market Centres" }, "geometry": { "type": "Point", "coordinates": [ 41.551707469785711, -1.648332342618283 ] } },
{ "type": "Feature", "properties": { "LAYER": "Unknown Point Feature", "AREA": 0.0, "PERIMETER": 0.0, "TOWN_NAME": "Mandera", "TOWN_ID": 2, "TOWN_TYPE": "Township/Town" }, "geometry": { "type": "Point", "coordinates": [ 41.87749819863788, 3.950776117840071 ] } },
{ "type": "Feature", "properties": { "LAYER": "Unknown Point Feature", "AREA": 0.0, "PERIMETER": 0.0, "TOWN_NAME": "Kibwareng", "TOWN_ID": 4, "TOWN_TYPE": "Market Centres" }, "geometry": { "type": "Point", "coordinates": [ 34.959071368083578, 0.015563613567016 ] } },
{ "type": "Feature", "properties": { "LAYER": "Unknown Point Feature", "AREA": 0.0, "PERIMETER": 0.0, "TOWN_NAME": "Kapkerer", "TOWN_ID": 4, "TOWN_TYPE": "Market Centres" }, "geometry": { "type": "Point", "coordinates": [ 34.796670660032525, 0.015857401572807 ] } },
{ "type": "Feature", "properties": { "LAYER": "Unknown Point Feature", "AREA": 0.0, "PERIMETER": 0.0, "TOWN_NAME": "Gimarakwa", "TOWN_ID": 4, "TOWN_TYPE": "Market Centres" }, "geometry": { "type": "Point", "coordinates": [ 34.763374143049056, 0.015094495467632 ] } },
{ "type": "Feature", "properties": { "LAYER": "Unknown Point Feature", "AREA": 0.0, "PERIMETER": 0.0, "TOWN_NAME": "Muhaya", "TOWN_ID": 4, "TOWN_TYPE": "Market Centres" }, "geometry": { "type": "Point", "coordinates": [ 34.782566980225596, 0.016812674621268 ] } },
{ "type": "Feature", "properties": { "LAYER": "Unknown Point Feature", "AREA": 0.0, "PERIMETER": 0.0, "TOWN_NAME": "Gimariani", "TOWN_ID": 4, "TOWN_TYPE": "Market Centres" }, "geometry": { "type": "Point", "coordinates": [ 34.818700994608299, 0.024990925320475 ] } },
{ "type": "Feature", "properties": { "LAYER": "Unknown Point Feature", "AREA": 0.0, "PERIMETER": 0.0, "TOWN_NAME": "Kesengei", "TOWN_ID": 4, "TOWN_TYPE": "Market Centres" }, "geometry": { "type": "Point", "coordinates": [ 34.845920193581655, 0.020585478130092 ] } },
{ "type": "Feature", "properties": { "LAYER": "Unknown Point Feature", "AREA": 0.0, "PERIMETER": 0.0, "TOWN_NAME": "Kimaren", "TOWN_ID": 4, "TOWN_TYPE": "Market Centres" }, "geometry": { "type": "Point", "coordinates": [ 34.969799045458018, 0.025322585151031 ] } },
{ "type": "Feature", "properties": { "LAYER": "Unknown Point Feature", "AREA": 0.0, "PERIMETER": 0.0, "TOWN_NAME": "Lwombei", "TOWN_ID": 4, "TOWN_TYPE": "Market Centres" }, "geometry": { "type": "Point", "coordinates": [ 34.759702329936971, 0.035013300607281 ] } },
{ "type": "Feature", "properties": { "LAYER": "Unknown Point Feature", "AREA": 0.0, "PERIMETER": 0.0, "TOWN_NAME": "Kapkures", "TOWN_ID": 4, "TOWN_TYPE": "Market Centres" }, "geometry": { "type": "Point", "coordinates": [ 34.883787275850374, 0.043530111026555 ] } },
{ "type": "Feature", "properties": { "LAYER": "Unknown Point Feature", "AREA": 0.0, "PERIMETER": 0.0, "TOWN_NAME": "Kemeloi", "TOWN_ID": 4, "TOWN_TYPE": "Market Centres" }, "geometry": { "type": "Point", "coordinates": [ 34.915736578264159, 0.044703987270501 ] } },
{ "type": "Feature", "properties": { "LAYER": "Unknown Point Feature", "AREA": 0.0, "PERIMETER": 0.0, "TOWN_NAME": "Chepkebuge", "TOWN_ID": 4, "TOWN_TYPE": "Market Centres" }, "geometry": { "type": "Point", "coordinates": [ 34.960361121669315, 0.038911421145249 ] } },
{ "type": "Feature", "properties": { "LAYER": "Unknown Point Feature", "AREA": 0.0, "PERIMETER": 0.0, "TOWN_NAME": "Jumamoi", "TOWN_ID": 4, "TOWN_TYPE": "Market Centres" }, "geometry": { "type": "Point", "coordinates": [ 34.757450570487023, 0.05764607396768 ] } },
{ "type": "Feature", "properties": { "LAYER": "Unknown Point Feature", "AREA": 0.0, "PERIMETER": 0.0, "TOWN_NAME": "Munzatsi", "TOWN_ID": 4, "TOWN_TYPE": "Market Centres" }, "geometry": { "type": "Point", "coordinates": [ 34.767271020860889, 0.057097721172085 ] } },
{ "type": "Feature", "properties": { "LAYER": "Unknown Point Feature", "AREA": 0.0, "PERIMETER": 0.0, "TOWN_NAME": "Museywa", "TOWN_ID": 4, "TOWN_TYPE": "Market Centres" }, "geometry": { "type": "Point", "coordinates": [ 34.795332744234663, 0.062241275458216 ] } },
{ "type": "Feature", "properties": { "LAYER": "Unknown Point Feature", "AREA": 0.0, "PERIMETER": 0.0, "TOWN_NAME": "Musasa", "TOWN_ID": 4, "TOWN_TYPE": "Market Centres" }, "geometry": { "type": "Point", "coordinates": [ 34.811481829012166, 0.056773102412621 ] } },
{ "type": "Feature", "properties": { "LAYER": "Unknown Point Feature", "AREA": 0.0, "PERIMETER": 0.0, "TOWN_NAME": "Gobei", "TOWN_ID": 4, "TOWN_TYPE": "Market Centres" }, "geometry": { "type": "Point", "coordinates": [ 34.837874325302252, 0.057375521274864 ] } },
{ "type": "Feature", "properties": { "LAYER": "Unknown Point Feature", "AREA": 0.0, "PERIMETER": 0.0, "TOWN_NAME": "Kobujoi", "TOWN_ID": 4, "TOWN_TYPE": "Market Centres" }, "geometry": { "type": "Point", "coordinates": [ 34.975549615008482, 0.060568030020348 ] } },
{ "type": "Feature", "properties": { "LAYER": "Unknown Point Feature", "AREA": 0.0, "PERIMETER": 0.0, "TOWN_NAME": "Morongot", "TOWN_ID": 4, "TOWN_TYPE": "Market Centres" }, "geometry": { "type": "Point", "coordinates": [ 34.933811827747043, 0.063217351384064 ] } },
{ "type": "Feature", "properties": { "LAYER": "Unknown Point Feature", "AREA": 0.0, "PERIMETER": 0.0, "TOWN_NAME": "Kamimei", "TOWN_ID": 4, "TOWN_TYPE": "Market Centres" }, "geometry": { "type": "Point", "coordinates": [ 34.920216327609836, 0.068436271906511 ] } },
{ "type": "Feature", "properties": { "LAYER": "Unknown Point Feature", "AREA": 0.0, "PERIMETER": 0.0, "TOWN_NAME": "Kapsoi", "TOWN_ID": 4, "TOWN_TYPE": "Market Centres" }, "geometry": { "type": "Point", "coordinates": [ 34.841948595793134, 0.068963413971609 ] } },
{ "type": "Feature", "properties": { "LAYER": "Unknown Point Feature", "AREA": 0.0, "PERIMETER": 0.0, "TOWN_NAME": "Hamisi", "TOWN_ID": 4, "TOWN_TYPE": "Market Centres" }, "geometry": { "type": "Point", "coordinates": [ 34.796484433252843, 0.070309123536785 ] } },
{ "type": "Feature", "properties": { "LAYER": "Unknown Point Feature", "AREA": 0.0, "PERIMETER": 0.0, "TOWN_NAME": "Mutambi", "TOWN_ID": 4, "TOWN_TYPE": "Market Centres" }, "geometry": { "type": "Point", "coordinates": [ 34.764106431022363, 0.072800341305709 ] } },
{ "type": "Feature", "properties": { "LAYER": "Unknown Point Feature", "AREA": 0.0, "PERIMETER": 0.0, "TOWN_NAME": "Kisangula", "TOWN_ID": 4, "TOWN_TYPE": "Market Centres" }, "geometry": { "type": "Point", "coordinates": [ 34.770282055105284, 0.080197813593219 ] } },
{ "type": "Feature", "properties": { "LAYER": "Unknown Point Feature", "AREA": 0.0, "PERIMETER": 0.0, "TOWN_NAME": "Gavunduyi", "TOWN_ID": 4, "TOWN_TYPE": "Market Centres" }, "geometry": { "type": "Point", "coordinates": [ 34.796500906052906, 0.075180980949646 ] } },
{ "type": "Feature", "properties": { "LAYER": "Unknown Point Feature", "AREA": 0.0, "PERIMETER": 0.0, "TOWN_NAME": "Chebunaywa", "TOWN_ID": 4, "TOWN_TYPE": "Market Centres" }, "geometry": { "type": "Point", "coordinates": [ 34.806928790960789, 0.080125706796339 ] } },
{ "type": "Feature", "properties": { "LAYER": "Unknown Point Feature", "AREA": 0.0, "PERIMETER": 0.0, "TOWN_NAME": "Kapsotik", "TOWN_ID": 4, "TOWN_TYPE": "Market Centres" }, "geometry": { "type": "Point", "coordinates": [ 34.840881655620528, 0.074557400705116 ] } },
{ "type": "Feature", "properties": { "LAYER": "Unknown Point Feature", "AREA": 0.0, "PERIMETER": 0.0, "TOWN_NAME": "Sirikwa", "TOWN_ID": 4, "TOWN_TYPE": "Market Centres" }, "geometry": { "type": "Point", "coordinates": [ 34.879327034989721, 0.083024838864847 ] } },
{ "type": "Feature", "properties": { "LAYER": "Unknown Point Feature", "AREA": 0.0, "PERIMETER": 0.0, "TOWN_NAME": "Mungavo", "TOWN_ID": 4, "TOWN_TYPE": "Market Centres" }, "geometry": { "type": "Point", "coordinates": [ 34.848060591893891, 0.090056393281944 ] } },
{ "type": "Feature", "properties": { "LAYER": "Unknown Point Feature", "AREA": 0.0, "PERIMETER": 0.0, "TOWN_NAME": "Kiritu", "TOWN_ID": 4, "TOWN_TYPE": "Market Centres" }, "geometry": { "type": "Point", "coordinates": [ 34.770046940366804, 0.094514448870448 ] } },
{ "type": "Feature", "properties": { "LAYER": "Unknown Point Feature", "AREA": 0.0, "PERIMETER": 0.0, "TOWN_NAME": "Eruswi", "TOWN_ID": 4, "TOWN_TYPE": "Market Centres" }, "geometry": { "type": "Point", "coordinates": [ 34.838106763850661, 0.097257387137319 ] } },
{ "type": "Feature", "properties": { "LAYER": "Unknown Point Feature", "AREA": 0.0, "PERIMETER": 0.0, "TOWN_NAME": "Musudzu", "TOWN_ID": 4, "TOWN_TYPE": "Market Centres" }, "geometry": { "type": "Point", "coordinates": [ 34.847751251954826, 0.100121045689732 ] } },
{ "type": "Feature", "properties": { "LAYER": "Unknown Point Feature", "AREA": 0.0, "PERIMETER": 0.0, "TOWN_NAME": "Virembe", "TOWN_ID": 4, "TOWN_TYPE": "Market Centres" }, "geometry": { "type": "Point", "coordinates": [ 34.834907382037642, 0.105031351214292 ] } },
{ "type": "Feature", "properties": { "LAYER": "Unknown Point Feature", "AREA": 0.0, "PERIMETER": 0.0, "TOWN_NAME": "Gahurubwa", "TOWN_ID": 4, "TOWN_TYPE": "Market Centres" }, "geometry": { "type": "Point", "coordinates": [ 34.805898592378661, 0.101449864624575 ] } },
{ "type": "Feature", "properties": { "LAYER": "Unknown Point Feature", "AREA": 0.0, "PERIMETER": 0.0, "TOWN_NAME": "Kibala", "TOWN_ID": 4, "TOWN_TYPE": "Market Centres" }, "geometry": { "type": "Point", "coordinates": [ 34.756022150051884, 0.104455986170649 ] } },
{ "type": "Feature", "properties": { "LAYER": "Unknown Point Feature", "AREA": 0.0, "PERIMETER": 0.0, "TOWN_NAME": "Gaigedi", "TOWN_ID": 4, "TOWN_TYPE": "Market Centres" }, "geometry": { "type": "Point", "coordinates": [ 34.773100191216429, 0.111915307308419 ] } },
{ "type": "Feature", "properties": { "LAYER": "Unknown Point Feature", "AREA": 0.0, "PERIMETER": 0.0, "TOWN_NAME": "Gavudia", "TOWN_ID": 4, "TOWN_TYPE": "Market Centres" }, "geometry": { "type": "Point", "coordinates": [ 34.792640279589669, 0.109151796448887 ] } },
{ "type": "Feature", "properties": { "LAYER": "Unknown Point Feature", "AREA": 0.0, "PERIMETER": 0.0, "TOWN_NAME": "Lutego", "TOWN_ID": 4, "TOWN_TYPE": "Market Centres" }, "geometry": { "type": "Point", "coordinates": [ 34.753879823363718, 0.122504337056739 ] } },
{ "type": "Feature", "properties": { "LAYER": "Unknown Point Feature", "AREA": 0.0, "PERIMETER": 0.0, "TOWN_NAME": "Lusui", "TOWN_ID": 4, "TOWN_TYPE": "Market Centres" }, "geometry": { "type": "Point", "coordinates": [ 34.757934872642629, 0.131955389746901 ] } },
{ "type": "Feature", "properties": { "LAYER": "Unknown Point Feature", "AREA": 0.0, "PERIMETER": 0.0, "TOWN_NAME": "Wangulu", "TOWN_ID": 4, "TOWN_TYPE": "Market Centres" }, "geometry": { "type": "Point", "coordinates": [ 34.7662775604242, 0.128957053745786 ] } },
{ "type": "Feature", "properties": { "LAYER": "Unknown Point Feature", "AREA": 0.0, "PERIMETER": 0.0, "TOWN_NAME": "Busweta", "TOWN_ID": 4, "TOWN_TYPE": "Market Centres" }, "geometry": { "type": "Point", "coordinates": [ 34.814148460265734, 0.125683060245485 ] } },
{ "type": "Feature", "properties": { "LAYER": "Unknown Point Feature", "AREA": 0.0, "PERIMETER": 0.0, "TOWN_NAME": "Busali", "TOWN_ID": 4, "TOWN_TYPE": "Market Centres" }, "geometry": { "type": "Point", "coordinates": [ 34.794146937780972, 0.13322599246187 ] } },
{ "type": "Feature", "properties": { "LAYER": "Unknown Point Feature", "AREA": 0.0, "PERIMETER": 0.0, "TOWN_NAME": "Kaimosi", "TOWN_ID": 3, "TOWN_TYPE": "Trading Centre" }, "geometry": { "type": "Point", "coordinates": [ 34.846950896367652, 0.128867512756997 ] } },
{ "type": "Feature", "properties": { "LAYER": "Unknown Point Feature", "AREA": 0.0, "PERIMETER": 0.0, "TOWN_NAME": "Jeptulu", "TOWN_ID": 4, "TOWN_TYPE": "Market Centres" }, "geometry": { "type": "Point", "coordinates": [ 34.862043813055521, 0.12908473547274 ] } },
{ "type": "Feature", "properties": { "LAYER": "Unknown Point Feature", "AREA": 0.0, "PERIMETER": 0.0, "TOWN_NAME": "Kibungu", "TOWN_ID": 4, "TOWN_TYPE": "Market Centres" }, "geometry": { "type": "Point", "coordinates": [ 34.973065875917875, 0.131371120430861 ] } },
{ "type": "Feature", "properties": { "LAYER": "Unknown Point Feature", "AREA": 0.0, "PERIMETER": 0.0, "TOWN_NAME": "Chepkumia", "TOWN_ID": 4, "TOWN_TYPE": "Market Centres" }, "geometry": { "type": "Point", "coordinates": [ 34.937805067805357, 0.13742091742843 ] } },
{ "type": "Feature", "properties": { "LAYER": "Unknown Point Feature", "AREA": 0.0, "PERIMETER": 0.0, "TOWN_NAME": "Koiprak", "TOWN_ID": 4, "TOWN_TYPE": "Market Centres" }, "geometry": { "type": "Point", "coordinates": [ 34.882456699653524, 0.138064794274335 ] } },
{ "type": "Feature", "properties": { "LAYER": "Unknown Point Feature", "AREA": 0.0, "PERIMETER": 0.0, "TOWN_NAME": "Kaptiki", "TOWN_ID": 4, "TOWN_TYPE": "Market Centres" }, "geometry": { "type": "Point", "coordinates": [ 34.883012722636622, 0.148360297448801 ] } },
{ "type": "Feature", "properties": { "LAYER": "Unknown Point Feature", "AREA": 0.0, "PERIMETER": 0.0, "TOWN_NAME": "Ishiru", "TOWN_ID": 4, "TOWN_TYPE": "Market Centres" }, "geometry": { "type": "Point", "coordinates": [ 34.904433513959056, 0.16171891871755 ] } },
{ "type": "Feature", "properties": { "LAYER": "Unknown Point Feature", "AREA": 0.0, "PERIMETER": 0.0, "TOWN_NAME": "Tindiyo", "TOWN_ID": 4, "TOWN_TYPE": "Market Centres" }, "geometry": { "type": "Point", "coordinates": [ 34.940693304615266, 0.186219867709368 ] } },
{ "type": "Feature", "properties": { "LAYER": "Unknown Point Feature", "AREA": 0.0, "PERIMETER": 0.0, "TOWN_NAME": "Chepsonoi", "TOWN_ID": 4, "TOWN_TYPE": "Market Centres" }, "geometry": { "type": "Point", "coordinates": [ 34.953716989606654, 0.192028799159748 ] } },
{ "type": "Feature", "properties": { "LAYER": "Unknown Point Feature", "AREA": 0.0, "PERIMETER": 0.0, "TOWN_NAME": "Makuzhi", "TOWN_ID": 4, "TOWN_TYPE": "Market Centres" }, "geometry": { "type": "Point", "coordinates": [ 34.857603719535376, 0.15404560685302 ] } },
{ "type": "Feature", "properties": { "LAYER": "Unknown Point Feature", "AREA": 0.0, "PERIMETER": 0.0, "TOWN_NAME": "Mugumati", "TOWN_ID": 4, "TOWN_TYPE": "Market Centres" }, "geometry": { "type": "Point", "coordinates": [ 34.81177921765925, 0.152256177139873 ] } },
{ "type": "Feature", "properties": { "LAYER": "Unknown Point Feature", "AREA": 0.0, "PERIMETER": 0.0, "TOWN_NAME": "Bombo", "TOWN_ID": 4, "TOWN_TYPE": "Market Centres" }, "geometry": { "type": "Point", "coordinates": [ 34.841130676855244, 0.137292640392623 ] } },
{ "type": "Feature", "properties": { "LAYER": "Unknown Point Feature", "AREA": 0.0, "PERIMETER": 0.0, "TOWN_NAME": "Ikobero", "TOWN_ID": 4, "TOWN_TYPE": "Market Centres" }, "geometry": { "type": "Point", "coordinates": [ 34.81940563041271, 0.139180009590003 ] } },
{ "type": "Feature", "properties": { "LAYER": "Unknown Point Feature", "AREA": 0.0, "PERIMETER": 0.0, "TOWN_NAME": "Chamakanga", "TOWN_ID": 4, "TOWN_TYPE": "Market Centres" }, "geometry": { "type": "Point", "coordinates": [ 34.794826014102938, 0.145418064494991 ] } },
{ "type": "Feature", "properties": { "LAYER": "Unknown Point Feature", "AREA": 0.0, "PERIMETER": 0.0, "TOWN_NAME": "Bugina", "TOWN_ID": 4, "TOWN_TYPE": "Market Centres" }, "geometry": { "type": "Point", "coordinates": [ 34.767752724244211, 0.141977776642088 ] } },
{ "type": "Feature", "properties": { "LAYER": "Unknown Point Feature", "AREA": 0.0, "PERIMETER": 0.0, "TOWN_NAME": "Muhudu", "TOWN_ID": 4, "TOWN_TYPE": "Market Centres" }, "geometry": { "type": "Point", "coordinates": [ 34.842850218848163, 0.164709999252099 ] } },
{ "type": "Feature", "properties": { "LAYER": "Unknown Point Feature", "AREA": 0.0, "PERIMETER": 0.0, "TOWN_NAME": "Kamulembe", "TOWN_ID": 4, "TOWN_TYPE": "Market Centres" }, "geometry": { "type": "Point", "coordinates": [ 34.855416862268513, 0.162901106139605 ] } },
{ "type": "Feature", "properties": { "LAYER": "Unknown Point Feature", "AREA": 0.0, "PERIMETER": 0.0, "TOWN_NAME": "Shiveye", "TOWN_ID": 4, "TOWN_TYPE": "Market Centres" }, "geometry": { "type": "Point", "coordinates": [ 34.801206710089936, 0.171395033195856 ] } },
{ "type": "Feature", "properties": { "LAYER": "Unknown Point Feature", "AREA": 0.0, "PERIMETER": 0.0, "TOWN_NAME": "Sabane", "TOWN_ID": 4, "TOWN_TYPE": "Market Centres" }, "geometry": { "type": "Point", "coordinates": [ 34.784402808724622, 0.172428113826316 ] } },
{ "type": "Feature", "properties": { "LAYER": "Unknown Point Feature", "AREA": 0.0, "PERIMETER": 0.0, "TOWN_NAME": "Kimingini", "TOWN_ID": 4, "TOWN_TYPE": "Market Centres" }, "geometry": { "type": "Point", "coordinates": [ 34.761427148852377, 0.17151042932346 ] } },
{ "type": "Feature", "properties": { "LAYER": "Unknown Point Feature", "AREA": 0.0, "PERIMETER": 0.0, "TOWN_NAME": "Cheptik", "TOWN_ID": 4, "TOWN_TYPE": "Market Centres" }, "geometry": { "type": "Point", "coordinates": [ 34.81866439833189, 0.175602385066861 ] } },
{ "type": "Feature", "properties": { "LAYER": "Unknown Point Feature", "AREA": 0.0, "PERIMETER": 0.0, "TOWN_NAME": "Shikondi", "TOWN_ID": 4, "TOWN_TYPE": "Market Centres" }, "geometry": { "type": "Point", "coordinates": [ 34.757543895221161, 0.188384341449033 ] } },
{ "type": "Feature", "properties": { "LAYER": "Unknown Point Feature", "AREA": 0.0, "PERIMETER": 0.0, "TOWN_NAME": "Masiyenze", "TOWN_ID": 4, "TOWN_TYPE": "Market Centres" }, "geometry": { "type": "Point", "coordinates": [ 34.765948964924029, 0.181007973792617 ] } },
{ "type": "Feature", "properties": { "LAYER": "Unknown Point Feature", "AREA": 0.0, "PERIMETER": 0.0, "TOWN_NAME": "Sigalagala", "TOWN_ID": 4, "TOWN_TYPE": "Market Centres" }, "geometry": { "type": "Point", "coordinates": [ 34.755946718952138, 0.199309452952123 ] } },
{ "type": "Feature", "properties": { "LAYER": "Unknown Point Feature", "AREA": 0.0, "PERIMETER": 0.0, "TOWN_NAME": "Lukango", "TOWN_ID": 4, "TOWN_TYPE": "Market Centres" }, "geometry": { "type": "Point", "coordinates": [ 34.797605600413696, 0.190291228116407 ] } },
{ "type": "Feature", "properties": { "LAYER": "Unknown Point Feature", "AREA": 0.0, "PERIMETER": 0.0, "TOWN_NAME": "Mukumu", "TOWN_ID": 4, "TOWN_TYPE": "Market Centres" }, "geometry": { "type": "Point", "coordinates": [ 34.766086907623965, 0.216490437687201 ] } },
{ "type": "Feature", "properties": { "LAYER": "Unknown Point Feature", "AREA": 0.0, "PERIMETER": 0.0, "TOWN_NAME": "Likovero", "TOWN_ID": 4, "TOWN_TYPE": "Market Centres" }, "geometry": { "type": "Point", "coordinates": [ 34.785914727856763, 0.211267314694218 ] } },
{ "type": "Feature", "properties": { "LAYER": "Unknown Point Feature", "AREA": 0.0, "PERIMETER": 0.0, "TOWN_NAME": "Shikulu", "TOWN_ID": 4, "TOWN_TYPE": "Market Centres" }, "geometry": { "type": "Point", "coordinates": [ 34.834305402484013, 0.211507789451461 ] } },
{ "type": "Feature", "properties": { "LAYER": "Unknown Point Feature", "AREA": 0.0, "PERIMETER": 0.0, "TOWN_NAME": "Shiagugu", "TOWN_ID": 4, "TOWN_TYPE": "Market Centres" }, "geometry": { "type": "Point", "coordinates": [ 34.826638682852959, 0.211508505795558 ] } },
{ "type": "Feature", "properties": { "LAYER": "Unknown Point Feature", "AREA": 0.0, "PERIMETER": 0.0, "TOWN_NAME": "Shibuyi", "TOWN_ID": 4, "TOWN_TYPE": "Market Centres" }, "geometry": { "type": "Point", "coordinates": [ 34.81129551477666, 0.220265339495761 ] } },
{ "type": "Feature", "properties": { "LAYER": "Unknown Point Feature", "AREA": 0.0, "PERIMETER": 0.0, "TOWN_NAME": "Shidodo", "TOWN_ID": 4, "TOWN_TYPE": "Market Centres" }, "geometry": { "type": "Point", "coordinates": [ 34.774630750841638, 0.234749104260462 ] } },
{ "type": "Feature", "properties": { "LAYER": "Unknown Point Feature", "AREA": 0.0, "PERIMETER": 0.0, "TOWN_NAME": "Lirhanda", "TOWN_ID": 4, "TOWN_TYPE": "Market Centres" }, "geometry": { "type": "Point", "coordinates": [ 34.803146394240088, 0.241981745953084 ] } },
{ "type": "Feature", "properties": { "LAYER": "Unknown Point Feature", "AREA": 0.0, "PERIMETER": 0.0, "TOWN_NAME": "Madioli", "TOWN_ID": 4, "TOWN_TYPE": "Market Centres" }, "geometry": { "type": "Point", "coordinates": [ 34.819932322181771, 0.246118552333084 ] } },
{ "type": "Feature", "properties": { "LAYER": "Unknown Point Feature", "AREA": 0.0, "PERIMETER": 0.0, "TOWN_NAME": "Shabwali", "TOWN_ID": 4, "TOWN_TYPE": "Market Centres" }, "geometry": { "type": "Point", "coordinates": [ 34.836958142888321, 0.240270807771103 ] } },
{ "type": "Feature", "properties": { "LAYER": "Unknown Point Feature", "AREA": 0.0, "PERIMETER": 0.0, "TOWN_NAME": "Isecheno", "TOWN_ID": 4, "TOWN_TYPE": "Market Centres" }, "geometry": { "type": "Point", "coordinates": [ 34.857107568659316, 0.232462766779014 ] } },
{ "type": "Feature", "properties": { "LAYER": "Unknown Point Feature", "AREA": 0.0, "PERIMETER": 0.0, "TOWN_NAME": "Kiplelji", "TOWN_ID": 4, "TOWN_TYPE": "Market Centres" }, "geometry": { "type": "Point", "coordinates": [ 35.25061884321142, -0.735250088702109 ] } },
{ "type": "Feature", "properties": { "LAYER": "Unknown Point Feature", "AREA": 0.0, "PERIMETER": 0.0, "TOWN_NAME": "Tenwek", "TOWN_ID": 3, "TOWN_TYPE": "Trading Centre" }, "geometry": { "type": "Point", "coordinates": [ 35.358625250184311, -0.741712069546817 ] } },
{ "type": "Feature", "properties": { "LAYER": "Unknown Point Feature", "AREA": 0.0, "PERIMETER": 0.0, "TOWN_NAME": "Silibwet", "TOWN_ID": 4, "TOWN_TYPE": "Market Centres" }, "geometry": { "type": "Point", "coordinates": [ 35.345830456429489, -0.7269648343189 ] } },
{ "type": "Feature", "properties": { "LAYER": "Unknown Point Feature", "AREA": 0.0, "PERIMETER": 0.0, "TOWN_NAME": "Ndaraweta", "TOWN_ID": 4, "TOWN_TYPE": "Market Centres" }, "geometry": { "type": "Point", "coordinates": [ 35.372767030745493, -0.674408329048017 ] } },
{ "type": "Feature", "properties": { "LAYER": "Unknown Point Feature", "AREA": 0.0, "PERIMETER": 0.0, "TOWN_NAME": "Kapkoros", "TOWN_ID": 4, "TOWN_TYPE": "Market Centres" }, "geometry": { "type": "Point", "coordinates": [ 35.302090097383008, -0.654634174220282 ] } },
{ "type": "Feature", "properties": { "LAYER": "Unknown Point Feature", "AREA": 0.0, "PERIMETER": 0.0, "TOWN_NAME": "Mogogosiek", "TOWN_ID": 4, "TOWN_TYPE": "Market Centres" }, "geometry": { "type": "Point", "coordinates": [ 35.271816838095312, -0.615780949734273 ] } },
{ "type": "Feature", "properties": { "LAYER": "Unknown Point Feature", "AREA": 0.0, "PERIMETER": 0.0, "TOWN_NAME": "Koiwa", "TOWN_ID": 4, "TOWN_TYPE": "Market Centres" }, "geometry": { "type": "Point", "coordinates": [ 35.321491168799014, -0.609629829452231 ] } },
{ "type": "Feature", "properties": { "LAYER": "Unknown Point Feature", "AREA": 0.0, "PERIMETER": 0.0, "TOWN_NAME": "Cheptalal", "TOWN_ID": 4, "TOWN_TYPE": "Market Centres" }, "geometry": { "type": "Point", "coordinates": [ 35.359452935845823, -0.603619417944905 ] } },
{ "type": "Feature", "properties": { "LAYER": "Unknown Point Feature", "AREA": 0.0, "PERIMETER": 0.0, "TOWN_NAME": "Kaptebengwet", "TOWN_ID": 4, "TOWN_TYPE": "Market Centres" }, "geometry": { "type": "Point", "coordinates": [ 35.304109164733916, -0.576891692874535 ] } },
{ "type": "Feature", "properties": { "LAYER": "Unknown Point Feature", "AREA": 0.0, "PERIMETER": 0.0, "TOWN_NAME": "Chebangang", "TOWN_ID": 4, "TOWN_TYPE": "Market Centres" }, "geometry": { "type": "Point", "coordinates": [ 35.288798735827442, -0.545327216038528 ] } },
{ "type": "Feature", "properties": { "LAYER": "Unknown Point Feature", "AREA": 0.0, "PERIMETER": 0.0, "TOWN_NAME": "Kamagambo", "TOWN_ID": 4, "TOWN_TYPE": "Market Centres" }, "geometry": { "type": "Point", "coordinates": [ 34.627443420909692, -0.736427156574014 ] } },
{ "type": "Feature", "properties": { "LAYER": "Unknown Point Feature", "AREA": 0.0, "PERIMETER": 0.0, "TOWN_NAME": "Nyambunwa", "TOWN_ID": 4, "TOWN_TYPE": "Market Centres" }, "geometry": { "type": "Point", "coordinates": [ 34.706637978602572, -0.674942764470592 ] } },
{ "type": "Feature", "properties": { "LAYER": "Unknown Point Feature", "AREA": 0.0, "PERIMETER": 0.0, "TOWN_NAME": "Magina", "TOWN_ID": 4, "TOWN_TYPE": "Market Centres" }, "geometry": { "type": "Point", "coordinates": [ 34.516523584645704, -0.683119512521869 ] } },
{ "type": "Feature", "properties": { "LAYER": "Unknown Point Feature", "AREA": 0.0, "PERIMETER": 0.0, "TOWN_NAME": "Odienya", "TOWN_ID": 4, "TOWN_TYPE": "Market Centres" }, "geometry": { "type": "Point", "coordinates": [ 34.568441822464436, -0.708807810336816 ] } },
{ "type": "Feature", "properties": { "LAYER": "Unknown Point Feature", "AREA": 0.0, "PERIMETER": 0.0, "TOWN_NAME": "Marinde", "TOWN_ID": 4, "TOWN_TYPE": "Market Centres" }, "geometry": { "type": "Point", "coordinates": [ 34.519946738607921, -0.647182942497089 ] } },
{ "type": "Feature", "properties": { "LAYER": "Unknown Point Feature", "AREA": 0.0, "PERIMETER": 0.0, "TOWN_NAME": "Rodi Kopany", "TOWN_ID": 4, "TOWN_TYPE": "Market Centres" }, "geometry": { "type": "Point", "coordinates": [ 34.501442125283567, -0.622549906704019 ] } },
{ "type": "Feature", "properties": { "LAYER": "Unknown Point Feature", "AREA": 0.0, "PERIMETER": 0.0, "TOWN_NAME": "Imbo", "TOWN_ID": 4, "TOWN_TYPE": "Market Centres" }, "geometry": { "type": "Point", "coordinates": [ 34.533307197996862, -0.593316701935722 ] } },
{ "type": "Feature", "properties": { "LAYER": "Unknown Point Feature", "AREA": 0.0, "PERIMETER": 0.0, "TOWN_NAME": "Rangwe", "TOWN_ID": 3, "TOWN_TYPE": "Trading Centre" }, "geometry": { "type": "Point", "coordinates": [ 34.58422633132647, -0.597309035402429 ] } },
{ "type": "Feature", "properties": { "LAYER": "Unknown Point Feature", "AREA": 0.0, "PERIMETER": 0.0, "TOWN_NAME": "Asumbi", "TOWN_ID": 3, "TOWN_TYPE": "Trading Centre" }, "geometry": { "type": "Point", "coordinates": [ 34.615834190486886, -0.617559467262483 ] } },
{ "type": "Feature", "properties": { "LAYER": "Unknown Point Feature", "AREA": 0.0, "PERIMETER": 0.0, "TOWN_NAME": "Riana", "TOWN_ID": 4, "TOWN_TYPE": "Market Centres" }, "geometry": { "type": "Point", "coordinates": [ 34.66674925387116, -0.654399058890009 ] } },
{ "type": "Feature", "properties": { "LAYER": "Unknown Point Feature", "AREA": 0.0, "PERIMETER": 0.0, "TOWN_NAME": "Mosocho", "TOWN_ID": 4, "TOWN_TYPE": "Market Centres" }, "geometry": { "type": "Point", "coordinates": [ 34.732223889089582, -0.583915170457358 ] } },
{ "type": "Feature", "properties": { "LAYER": "Unknown Point Feature", "AREA": 0.0, "PERIMETER": 0.0, "TOWN_NAME": "Ruga", "TOWN_ID": 4, "TOWN_TYPE": "Market Centres" }, "geometry": { "type": "Point", "coordinates": [ 34.742154912326029, -0.557395303408204 ] } },
{ "type": "Feature", "properties": { "LAYER": "Unknown Point Feature", "AREA": 0.0, "PERIMETER": 0.0, "TOWN_NAME": "Oyugis", "TOWN_ID": 3, "TOWN_TYPE": "Trading Centre" }, "geometry": { "type": "Point", "coordinates": [ 34.734154771676927, -0.505801885212909 ] } },
{ "type": "Feature", "properties": { "LAYER": "Unknown Point Feature", "AREA": 0.0, "PERIMETER": 0.0, "TOWN_NAME": "Onjinyo", "TOWN_ID": 4, "TOWN_TYPE": "Market Centres" }, "geometry": { "type": "Point", "coordinates": [ 34.618853238496094, -0.518846913328888 ] } },
{ "type": "Feature", "properties": { "LAYER": "Unknown Point Feature", "AREA": 0.0, "PERIMETER": 0.0, "TOWN_NAME": "Ndiru", "TOWN_ID": 4, "TOWN_TYPE": "Market Centres" }, "geometry": { "type": "Point", "coordinates": [ 34.583298919834469, -0.520266940367694 ] } },
{ "type": "Feature", "properties": { "LAYER": "Unknown Point Feature", "AREA": 0.0, "PERIMETER": 0.0, "TOWN_NAME": "Ligisa Omoya", "TOWN_ID": 4, "TOWN_TYPE": "Market Centres" }, "geometry": { "type": "Point", "coordinates": [ 34.541583576897914, -0.53144771539692 ] } },
{ "type": "Feature", "properties": { "LAYER": "Unknown Point Feature", "AREA": 0.0, "PERIMETER": 0.0, "TOWN_NAME": "Mikayi", "TOWN_ID": 4, "TOWN_TYPE": "Market Centres" }, "geometry": { "type": "Point", "coordinates": [ 34.80965166499427, -0.484374948178205 ] } },
{ "type": "Feature", "properties": { "LAYER": "Unknown Point Feature", "AREA": 0.0, "PERIMETER": 0.0, "TOWN_NAME": "Ringa", "TOWN_ID": 4, "TOWN_TYPE": "Market Centres" }, "geometry": { "type": "Point", "coordinates": [ 34.853838454103411, -0.468175294146666 ] } },
{ "type": "Feature", "properties": { "LAYER": "Unknown Point Feature", "AREA": 0.0, "PERIMETER": 0.0, "TOWN_NAME": "Kadongo", "TOWN_ID": 4, "TOWN_TYPE": "Market Centres" }, "geometry": { "type": "Point", "coordinates": [ 34.89155640557847, -0.444897069317066 ] } },
{ "type": "Feature", "properties": { "LAYER": "Unknown Point Feature", "AREA": 0.0, "PERIMETER": 0.0, "TOWN_NAME": "Othoro", "TOWN_ID": 4, "TOWN_TYPE": "Market Centres" }, "geometry": { "type": "Point", "coordinates": [ 34.952437712490585, -0.434599380269187 ] } },
{ "type": "Feature", "properties": { "LAYER": "Unknown Point Feature", "AREA": 0.0, "PERIMETER": 0.0, "TOWN_NAME": "Riochanda", "TOWN_ID": 4, "TOWN_TYPE": "Market Centres" }, "geometry": { "type": "Point", "coordinates": [ 34.880659075612535, -0.497305379325755 ] } },
{ "type": "Feature", "properties": { "LAYER": "Unknown Point Feature", "AREA": 0.0, "PERIMETER": 0.0, "TOWN_NAME": "Nyamaroka", "TOWN_ID": 4, "TOWN_TYPE": "Market Centres" }, "geometry": { "type": "Point", "coordinates": [ 34.9835509991631, -0.365496115166922 ] } },
{ "type": "Feature", "properties": { "LAYER": "Unknown Point Feature", "AREA": 0.0, "PERIMETER": 0.0, "TOWN_NAME": "Nyakach", "TOWN_ID": 3, "TOWN_TYPE": "Trading Centre" }, "geometry": { "type": "Point", "coordinates": [ 34.934710705079887, -0.382697481684784 ] } },
{ "type": "Feature", "properties": { "LAYER": "Unknown Point Feature", "AREA": 0.0, "PERIMETER": 0.0, "TOWN_NAME": "Ang'och", "TOWN_ID": 4, "TOWN_TYPE": "Market Centres" }, "geometry": { "type": "Point", "coordinates": [ 34.970407104427878, -0.34325386265517 ] } },
{ "type": "Feature", "properties": { "LAYER": "Unknown Point Feature", "AREA": 0.0, "PERIMETER": 0.0, "TOWN_NAME": "Nyamarimba", "TOWN_ID": 4, "TOWN_TYPE": "Market Centres" }, "geometry": { "type": "Point", "coordinates": [ 34.903522460907801, -0.365233221749185 ] } },
{ "type": "Feature", "properties": { "LAYER": "Unknown Point Feature", "AREA": 0.0, "PERIMETER": 0.0, "TOWN_NAME": "Ramba", "TOWN_ID": 4, "TOWN_TYPE": "Market Centres" }, "geometry": { "type": "Point", "coordinates": [ 34.851609693800441, -0.410940342838773 ] } },
{ "type": "Feature", "properties": { "LAYER": "Unknown Point Feature", "AREA": 0.0, "PERIMETER": 0.0, "TOWN_NAME": "Oyienyo", "TOWN_ID": 4, "TOWN_TYPE": "Market Centres" }, "geometry": { "type": "Point", "coordinates": [ 34.80898528116721, -0.395829286567017 ] } },
{ "type": "Feature", "properties": { "LAYER": "Unknown Point Feature", "AREA": 0.0, "PERIMETER": 0.0, "TOWN_NAME": "Oluti", "TOWN_ID": 4, "TOWN_TYPE": "Market Centres" }, "geometry": { "type": "Point", "coordinates": [ 34.783553476435401, -0.382612911291784 ] } },
{ "type": "Feature", "properties": { "LAYER": "Unknown Point Feature", "AREA": 0.0, "PERIMETER": 0.0, "TOWN_NAME": "Mariwa", "TOWN_ID": 4, "TOWN_TYPE": "Market Centres" }, "geometry": { "type": "Point", "coordinates": [ 34.76423384584897, -0.398398396861649 ] } },
{ "type": "Feature", "properties": { "LAYER": "Unknown Point Feature", "AREA": 0.0, "PERIMETER": 0.0, "TOWN_NAME": "Nyakwere", "TOWN_ID": 4, "TOWN_TYPE": "Market Centres" }, "geometry": { "type": "Point", "coordinates": [ 34.78794555765046, -0.343932078105752 ] } },
{ "type": "Feature", "properties": { "LAYER": "Unknown Point Feature", "AREA": 0.0, "PERIMETER": 0.0, "TOWN_NAME": "Nyang'ong'a", "TOWN_ID": 4, "TOWN_TYPE": "Market Centres" }, "geometry": { "type": "Point", "coordinates": [ 34.800408874667625, -0.314691629312762 ] } },
{ "type": "Feature", "properties": { "LAYER": "Unknown Point Feature", "AREA": 0.0, "PERIMETER": 0.0, "TOWN_NAME": "Kusa", "TOWN_ID": 4, "TOWN_TYPE": "Market Centres" }, "geometry": { "type": "Point", "coordinates": [ 34.851428897907034, -0.314058641460993 ] } },
{ "type": "Feature", "properties": { "LAYER": "Unknown Point Feature", "AREA": 0.0, "PERIMETER": 0.0, "TOWN_NAME": "Onyinge", "TOWN_ID": 4, "TOWN_TYPE": "Market Centres" }, "geometry": { "type": "Point", "coordinates": [ 34.89598399941444, -0.313706957458056 ] } },
{ "type": "Feature", "properties": { "LAYER": "Unknown Point Feature", "AREA": 0.0, "PERIMETER": 0.0, "TOWN_NAME": "Paponditi", "TOWN_ID": 4, "TOWN_TYPE": "Market Centres" }, "geometry": { "type": "Point", "coordinates": [ 34.937003878074037, -0.308119901361779 ] } },
{ "type": "Feature", "properties": { "LAYER": "Unknown Point Feature", "AREA": 0.0, "PERIMETER": 0.0, "TOWN_NAME": "Katito", "TOWN_ID": 4, "TOWN_TYPE": "Market Centres" }, "geometry": { "type": "Point", "coordinates": [ 34.970946455500723, -0.268967571850571 ] } },
{ "type": "Feature", "properties": { "LAYER": "Unknown Point Feature", "AREA": 0.0, "PERIMETER": 0.0, "TOWN_NAME": "Kipsitet", "TOWN_ID": 4, "TOWN_TYPE": "Market Centres" }, "geometry": { "type": "Point", "coordinates": [ 35.156142131087563, -0.224830674208971 ] } },
{ "type": "Feature", "properties": { "LAYER": "Unknown Point Feature", "AREA": 0.0, "PERIMETER": 0.0, "TOWN_NAME": "Awasi", "TOWN_ID": 4, "TOWN_TYPE": "Market Centres" }, "geometry": { "type": "Point", "coordinates": [ 35.072425326808883, -0.158482321856166 ] } },
{ "type": "Feature", "properties": { "LAYER": "Unknown Point Feature", "AREA": 0.0, "PERIMETER": 0.0, "TOWN_NAME": "Agoro", "TOWN_ID": 4, "TOWN_TYPE": "Market Centres" }, "geometry": { "type": "Point", "coordinates": [ 35.121284587942633, -0.168984023497509 ] } },
{ "type": "Feature", "properties": { "LAYER": "Unknown Point Feature", "AREA": 0.0, "PERIMETER": 0.0, "TOWN_NAME": "Muhoroni", "TOWN_ID": 3, "TOWN_TYPE": "Trading Centre" }, "geometry": { "type": "Point", "coordinates": [ 35.19921011692113, -0.152682638073923 ] } },
{ "type": "Feature", "properties": { "LAYER": "Unknown Point Feature", "AREA": 0.0, "PERIMETER": 0.0, "TOWN_NAME": "Chemelili", "TOWN_ID": 3, "TOWN_TYPE": "Trading Centre" }, "geometry": { "type": "Point", "coordinates": [ 35.109972496524747, -0.103449114545777 ] } },
{ "type": "Feature", "properties": { "LAYER": "Unknown Point Feature", "AREA": 0.0, "PERIMETER": 0.0, "TOWN_NAME": "Kibigori", "TOWN_ID": 4, "TOWN_TYPE": "Market Centres" }, "geometry": { "type": "Point", "coordinates": [ 35.050225952574216, -0.070955003609823 ] } },
{ "type": "Feature", "properties": { "LAYER": "Unknown Point Feature", "AREA": 0.0, "PERIMETER": 0.0, "TOWN_NAME": "Twin Bridge", "TOWN_ID": 4, "TOWN_TYPE": "Market Centres" }, "geometry": { "type": "Point", "coordinates": [ 35.187136452854482, -0.032377632706891 ] } },
{ "type": "Feature", "properties": { "LAYER": "Unknown Point Feature", "AREA": 0.0, "PERIMETER": 0.0, "TOWN_NAME": "Songhor", "TOWN_ID": 4, "TOWN_TYPE": "Market Centres" }, "geometry": { "type": "Point", "coordinates": [ 35.212330702842721, -0.05149953709893 ] } },
{ "type": "Feature", "properties": { "LAYER": "Unknown Point Feature", "AREA": 0.0, "PERIMETER": 0.0, "TOWN_NAME": "Tamu", "TOWN_ID": 4, "TOWN_TYPE": "Market Centres" }, "geometry": { "type": "Point", "coordinates": [ 35.202004570639893, -0.099328972661733 ] } },
{ "type": "Feature", "properties": { "LAYER": "Unknown Point Feature", "AREA": 0.0, "PERIMETER": 0.0, "TOWN_NAME": "Macalder", "TOWN_ID": 3, "TOWN_TYPE": "Trading Centre" }, "geometry": { "type": "Point", "coordinates": [ 34.286910195630952, -0.9638336555256 ] } },
{ "type": "Feature", "properties": { "LAYER": "Unknown Point Feature", "AREA": 0.0, "PERIMETER": 0.0, "TOWN_NAME": "Osogo", "TOWN_ID": 4, "TOWN_TYPE": "Market Centres" }, "geometry": { "type": "Point", "coordinates": [ 34.436525791608226, -0.983473989724126 ] } },
{ "type": "Feature", "properties": { "LAYER": "Unknown Point Feature", "AREA": 0.0, "PERIMETER": 0.0, "TOWN_NAME": "Nyasoko", "TOWN_ID": 4, "TOWN_TYPE": "Market Centres" }, "geometry": { "type": "Point", "coordinates": [ 34.467816785646278, -0.990334578519273 ] } },
{ "type": "Feature", "properties": { "LAYER": "Unknown Point Feature", "AREA": 0.0, "PERIMETER": 0.0, "TOWN_NAME": "Rapogi", "TOWN_ID": 4, "TOWN_TYPE": "Market Centres" }, "geometry": { "type": "Point", "coordinates": [ 34.473306462625793, -0.90500060455211 ] } },
{ "type": "Feature", "properties": { "LAYER": "Unknown Point Feature", "AREA": 0.0, "PERIMETER": 0.0, "TOWN_NAME": "Ayego", "TOWN_ID": 4, "TOWN_TYPE": "Market Centres" }, "geometry": { "type": "Point", "coordinates": [ 34.423526677784686, -0.881557090835659 ] } },
{ "type": "Feature", "properties": { "LAYER": "Unknown Point Feature", "AREA": 0.0, "PERIMETER": 0.0, "TOWN_NAME": "Kagaga", "TOWN_ID": 4, "TOWN_TYPE": "Market Centres" }, "geometry": { "type": "Point", "coordinates": [ 34.399908748610116, -0.82400116742596 ] } },
{ "type": "Feature", "properties": { "LAYER": "Unknown Point Feature", "AREA": 0.0, "PERIMETER": 0.0, "TOWN_NAME": "Rapedhi", "TOWN_ID": 4, "TOWN_TYPE": "Market Centres" }, "geometry": { "type": "Point", "coordinates": [ 34.354612171102701, -0.75880736464532 ] } },
{ "type": "Feature", "properties": { "LAYER": "Unknown Point Feature", "AREA": 0.0, "PERIMETER": 0.0, "TOWN_NAME": "Osani", "TOWN_ID": 4, "TOWN_TYPE": "Market Centres" }, "geometry": { "type": "Point", "coordinates": [ 34.3005826036839, -0.838128381870481 ] } },
{ "type": "Feature", "properties": { "LAYER": "Unknown Point Feature", "AREA": 0.0, "PERIMETER": 0.0, "TOWN_NAME": "Ndiwa", "TOWN_ID": 4, "TOWN_TYPE": "Market Centres" }, "geometry": { "type": "Point", "coordinates": [ 34.282657772489685, -0.877393270731571 ] } },
{ "type": "Feature", "properties": { "LAYER": "Unknown Point Feature", "AREA": 0.0, "PERIMETER": 0.0, "TOWN_NAME": "Koru", "TOWN_ID": 3, "TOWN_TYPE": "Trading Centre" }, "geometry": { "type": "Point", "coordinates": [ 35.264221691809134, -0.176417577335426 ] } },
{ "type": "Feature", "properties": { "LAYER": "Unknown Point Feature", "AREA": 0.0, "PERIMETER": 0.0, "TOWN_NAME": "Tugunon", "TOWN_ID": 3, "TOWN_TYPE": "Trading Centre" }, "geometry": { "type": "Point", "coordinates": [ 35.412741664313948, -0.244009406931425 ] } },
{ "type": "Feature", "properties": { "LAYER": "Unknown Point Feature", "AREA": 0.0, "PERIMETER": 0.0, "TOWN_NAME": "Barchell", "TOWN_ID": 4, "TOWN_TYPE": "Market Centres" }, "geometry": { "type": "Point", "coordinates": [ 35.494060690297047, -0.146964368157071 ] } },
{ "type": "Feature", "properties": { "LAYER": "Unknown Point Feature", "AREA": 0.0, "PERIMETER": 0.0, "TOWN_NAME": "Malaget", "TOWN_ID": 3, "TOWN_TYPE": "Trading Centre" }, "geometry": { "type": "Point", "coordinates": [ 35.480336236473256, -0.052890736830938 ] } },
{ "type": "Feature", "properties": { "LAYER": "Unknown Point Feature", "AREA": 0.0, "PERIMETER": 0.0, "TOWN_NAME": "Kombewa", "TOWN_ID": 3, "TOWN_TYPE": "Trading Centre" }, "geometry": { "type": "Point", "coordinates": [ 34.525566453492956, -0.106313897725859 ] } },
{ "type": "Feature", "properties": { "LAYER": "Unknown Point Feature", "AREA": 0.0, "PERIMETER": 0.0, "TOWN_NAME": "Pau Akuche", "TOWN_ID": 4, "TOWN_TYPE": "Market Centres" }, "geometry": { "type": "Point", "coordinates": [ 34.595402761101333, -0.095520124990888 ] } },
{ "type": "Feature", "properties": { "LAYER": "Unknown Point Feature", "AREA": 0.0, "PERIMETER": 0.0, "TOWN_NAME": "Kisian", "TOWN_ID": 4, "TOWN_TYPE": "Market Centres" }, "geometry": { "type": "Point", "coordinates": [ 34.663882004756609, -0.07104298112928 ] } },
{ "type": "Feature", "properties": { "LAYER": "Unknown Point Feature", "AREA": 0.0, "PERIMETER": 0.0, "TOWN_NAME": "Otonglo", "TOWN_ID": 4, "TOWN_TYPE": "Market Centres" }, "geometry": { "type": "Point", "coordinates": [ 34.707655774042792, -0.073365704817041 ] } },
{ "type": "Feature", "properties": { "LAYER": "Unknown Point Feature", "AREA": 0.0, "PERIMETER": 0.0, "TOWN_NAME": "Kiboswa", "TOWN_ID": 4, "TOWN_TYPE": "Market Centres" }, "geometry": { "type": "Point", "coordinates": [ 34.746614858597653, -0.022410813922233 ] } },
{ "type": "Feature", "properties": { "LAYER": "Unknown Point Feature", "AREA": 0.0, "PERIMETER": 0.0, "TOWN_NAME": "Dago", "TOWN_ID": 4, "TOWN_TYPE": "Market Centres" }, "geometry": { "type": "Point", "coordinates": [ 34.703945426610566, -0.033200945980463 ] } },
{ "type": "Feature", "properties": { "LAYER": "Unknown Point Feature", "AREA": 0.0, "PERIMETER": 0.0, "TOWN_NAME": "Ulalo", "TOWN_ID": 4, "TOWN_TYPE": "Market Centres" }, "geometry": { "type": "Point", "coordinates": [ 34.680641695113977, -0.035154899639505 ] } },
{ "type": "Feature", "properties": { "LAYER": "Unknown Point Feature", "AREA": 0.0, "PERIMETER": 0.0, "TOWN_NAME": "Ojola", "TOWN_ID": 4, "TOWN_TYPE": "Market Centres" }, "geometry": { "type": "Point", "coordinates": [ 34.648265103697739, -0.062388081951815 ] } },
{ "type": "Feature", "properties": { "LAYER": "Unknown Point Feature", "AREA": 0.0, "PERIMETER": 0.0, "TOWN_NAME": "Magwar", "TOWN_ID": 4, "TOWN_TYPE": "Market Centres" }, "geometry": { "type": "Point", "coordinates": [ 34.575913420004134, -0.050568898980336 ] } },
{ "type": "Feature", "properties": { "LAYER": "Unknown Point Feature", "AREA": 0.0, "PERIMETER": 0.0, "TOWN_NAME": "Kipasi", "TOWN_ID": 4, "TOWN_TYPE": "Market Centres" }, "geometry": { "type": "Point", "coordinates": [ 34.559843195225639, -0.028789496976597 ] } },
{ "type": "Feature", "properties": { "LAYER": "Unknown Point Feature", "AREA": 0.0, "PERIMETER": 0.0, "TOWN_NAME": "Kondiko", "TOWN_ID": 4, "TOWN_TYPE": "Market Centres" }, "geometry": { "type": "Point", "coordinates": [ 34.520568117467143, -0.055915783606179 ] } },
{ "type": "Feature", "properties": { "LAYER": "Unknown Point Feature", "AREA": 0.0, "PERIMETER": 0.0, "TOWN_NAME": "Kisumu", "TOWN_ID": 1, "TOWN_TYPE": "Municipality" }, "geometry": { "type": "Point", "coordinates": [ 34.763360849800826, -0.096524767047027 ] } },
{ "type": "Feature", "properties": { "LAYER": "Unknown Point Feature", "AREA": 0.0, "PERIMETER": 0.0, "TOWN_NAME": "Rabuor", "TOWN_ID": 3, "TOWN_TYPE": "Trading Centre" }, "geometry": { "type": "Point", "coordinates": [ 34.831000617615835, -0.150230445402594 ] } },
{ "type": "Feature", "properties": { "LAYER": "Unknown Point Feature", "AREA": 0.0, "PERIMETER": 0.0, "TOWN_NAME": "Korowe", "TOWN_ID": 4, "TOWN_TYPE": "Market Centres" }, "geometry": { "type": "Point", "coordinates": [ 34.882265751373012, -0.16913543992015 ] } },
{ "type": "Feature", "properties": { "LAYER": "Unknown Point Feature", "AREA": 0.0, "PERIMETER": 0.0, "TOWN_NAME": "Karanda", "TOWN_ID": 4, "TOWN_TYPE": "Market Centres" }, "geometry": { "type": "Point", "coordinates": [ 34.918023489545959, -0.17041602489551 ] } },
{ "type": "Feature", "properties": { "LAYER": "Unknown Point Feature", "AREA": 0.0, "PERIMETER": 0.0, "TOWN_NAME": "Awach", "TOWN_ID": 4, "TOWN_TYPE": "Market Centres" }, "geometry": { "type": "Point", "coordinates": [ 34.957425240213105, -0.228620687558979 ] } },
{ "type": "Feature", "properties": { "LAYER": "Unknown Point Feature", "AREA": 0.0, "PERIMETER": 0.0, "TOWN_NAME": "Onjiko", "TOWN_ID": 4, "TOWN_TYPE": "Market Centres" }, "geometry": { "type": "Point", "coordinates": [ 34.999296676400341, -0.146770360231107 ] } },
{ "type": "Feature", "properties": { "LAYER": "Unknown Point Feature", "AREA": 0.0, "PERIMETER": 0.0, "TOWN_NAME": "Ramula", "TOWN_ID": 4, "TOWN_TYPE": "Market Centres" }, "geometry": { "type": "Point", "coordinates": [ 34.94924758783894, -0.109518192454579 ] } },
{ "type": "Feature", "properties": { "LAYER": "Unknown Point Feature", "AREA": 0.0, "PERIMETER": 0.0, "TOWN_NAME": "Miwani", "TOWN_ID": 3, "TOWN_TYPE": "Trading Centre" }, "geometry": { "type": "Point", "coordinates": [ 34.976421283618436, -0.058596839954762 ] } },
{ "type": "Feature", "properties": { "LAYER": "Unknown Point Feature", "AREA": 0.0, "PERIMETER": 0.0, "TOWN_NAME": "Chepkunan", "TOWN_ID": 4, "TOWN_TYPE": "Market Centres" }, "geometry": { "type": "Point", "coordinates": [ 34.945269812770256, -0.006809305687527 ] } },
{ "type": "Feature", "properties": { "LAYER": "Unknown Point Feature", "AREA": 0.0, "PERIMETER": 0.0, "TOWN_NAME": "Chiga", "TOWN_ID": 4, "TOWN_TYPE": "Market Centres" }, "geometry": { "type": "Point", "coordinates": [ 34.845043049363554, -0.097189615227394 ] } },
{ "type": "Feature", "properties": { "LAYER": "Unknown Point Feature", "AREA": 0.0, "PERIMETER": 0.0, "TOWN_NAME": "Wathorego", "TOWN_ID": 4, "TOWN_TYPE": "Market Centres" }, "geometry": { "type": "Point", "coordinates": [ 34.803600867190447, -0.045815024997494 ] } },
{ "type": "Feature", "properties": { "LAYER": "Unknown Point Feature", "AREA": 0.0, "PERIMETER": 0.0, "TOWN_NAME": "Nyabongo", "TOWN_ID": 4, "TOWN_TYPE": "Market Centres" }, "geometry": { "type": "Point", "coordinates": [ 34.790141866856516, -0.025394703536434 ] } },
{ "type": "Feature", "properties": { "LAYER": "Unknown Point Feature", "AREA": 0.0, "PERIMETER": 0.0, "TOWN_NAME": "Biringo", "TOWN_ID": 4, "TOWN_TYPE": "Market Centres" }, "geometry": { "type": "Point", "coordinates": [ 34.88835952857638, -0.744272498641982 ] } },
{ "type": "Feature", "properties": { "LAYER": "Unknown Point Feature", "AREA": 0.0, "PERIMETER": 0.0, "TOWN_NAME": "Keumbu", "TOWN_ID": 3, "TOWN_TYPE": "Trading Centre" }, "geometry": { "type": "Point", "coordinates": [ 34.863995529294506, -0.705514280603572 ] } },
{ "type": "Feature", "properties": { "LAYER": "Unknown Point Feature", "AREA": 0.0, "PERIMETER": 0.0, "TOWN_NAME": "Kegati", "TOWN_ID": 4, "TOWN_TYPE": "Market Centres" }, "geometry": { "type": "Point", "coordinates": [ 34.818959405152697, -0.706328062252457 ] } },
{ "type": "Feature", "properties": { "LAYER": "Unknown Point Feature", "AREA": 0.0, "PERIMETER": 0.0, "TOWN_NAME": "Bobarazho", "TOWN_ID": 4, "TOWN_TYPE": "Market Centres" }, "geometry": { "type": "Point", "coordinates": [ 34.791239408088053, -0.696707389583805 ] } },
{ "type": "Feature", "properties": { "LAYER": "Unknown Point Feature", "AREA": 0.0, "PERIMETER": 0.0, "TOWN_NAME": "Kisii", "TOWN_ID": 2, "TOWN_TYPE": "Township/Town" }, "geometry": { "type": "Point", "coordinates": [ 34.770631684892727, -0.67251408217283 ] } },
{ "type": "Feature", "properties": { "LAYER": "Unknown Point Feature", "AREA": 0.0, "PERIMETER": 0.0, "TOWN_NAME": "Kiogoro", "TOWN_ID": 4, "TOWN_TYPE": "Market Centres" }, "geometry": { "type": "Point", "coordinates": [ 34.781009755625369, -0.720550558467326 ] } },
{ "type": "Feature", "properties": { "LAYER": "Unknown Point Feature", "AREA": 0.0, "PERIMETER": 0.0, "TOWN_NAME": "Girango", "TOWN_ID": 4, "TOWN_TYPE": "Market Centres" }, "geometry": { "type": "Point", "coordinates": [ 34.86317246353353, -0.705397049545151 ] } },
{ "type": "Feature", "properties": { "LAYER": "Unknown Point Feature", "AREA": 0.0, "PERIMETER": 0.0, "TOWN_NAME": "Rigoma", "TOWN_ID": 4, "TOWN_TYPE": "Market Centres" }, "geometry": { "type": "Point", "coordinates": [ 34.924814245938208, -0.723132211634751 ] } },
{ "type": "Feature", "properties": { "LAYER": "Unknown Point Feature", "AREA": 0.0, "PERIMETER": 0.0, "TOWN_NAME": "Nyang'ori", "TOWN_ID": 4, "TOWN_TYPE": "Market Centres" }, "geometry": { "type": "Point", "coordinates": [ 34.914361435547072, -0.696423513408356 ] } },
{ "type": "Feature", "properties": { "LAYER": "Unknown Point Feature", "AREA": 0.0, "PERIMETER": 0.0, "TOWN_NAME": "Magombo", "TOWN_ID": 4, "TOWN_TYPE": "Market Centres" }, "geometry": { "type": "Point", "coordinates": [ 34.916941203230188, -0.682885041261575 ] } },
{ "type": "Feature", "properties": { "LAYER": "Unknown Point Feature", "AREA": 0.0, "PERIMETER": 0.0, "TOWN_NAME": "Miririr", "TOWN_ID": 4, "TOWN_TYPE": "Market Centres" }, "geometry": { "type": "Point", "coordinates": [ 34.88389291439676, -0.684779186045515 ] } },
{ "type": "Feature", "properties": { "LAYER": "Unknown Point Feature", "AREA": 0.0, "PERIMETER": 0.0, "TOWN_NAME": "Tombe", "TOWN_ID": 4, "TOWN_TYPE": "Market Centres" }, "geometry": { "type": "Point", "coordinates": [ 34.870035501701302, -0.649443522431476 ] } },
{ "type": "Feature", "properties": { "LAYER": "Unknown Point Feature", "AREA": 0.0, "PERIMETER": 0.0, "TOWN_NAME": "Kemera", "TOWN_ID": 4, "TOWN_TYPE": "Market Centres" }, "geometry": { "type": "Point", "coordinates": [ 34.831688501623432, -0.663701136383909 ] } },
{ "type": "Feature", "properties": { "LAYER": "Unknown Point Feature", "AREA": 0.0, "PERIMETER": 0.0, "TOWN_NAME": "Ekembo", "TOWN_ID": 4, "TOWN_TYPE": "Market Centres" }, "geometry": { "type": "Point", "coordinates": [ 34.844192477421601, -0.659952484971772 ] } },
{ "type": "Feature", "properties": { "LAYER": "Unknown Point Feature", "AREA": 0.0, "PERIMETER": 0.0, "TOWN_NAME": "Nyabioto", "TOWN_ID": 4, "TOWN_TYPE": "Market Centres" }, "geometry": { "type": "Point", "coordinates": [ 34.864597790039468, -0.611517917190232 ] } },
{ "type": "Feature", "properties": { "LAYER": "Unknown Point Feature", "AREA": 0.0, "PERIMETER": 0.0, "TOWN_NAME": "Tinga", "TOWN_ID": 4, "TOWN_TYPE": "Market Centres" }, "geometry": { "type": "Point", "coordinates": [ 34.888743857501666, -0.608669856700503 ] } },
{ "type": "Feature", "properties": { "LAYER": "Unknown Point Feature", "AREA": 0.0, "PERIMETER": 0.0, "TOWN_NAME": "Kebiringo", "TOWN_ID": 3, "TOWN_TYPE": "Trading Centre" }, "geometry": { "type": "Point", "coordinates": [ 34.959698005587832, -0.600424453031344 ] } },
{ "type": "Feature", "properties": { "LAYER": "Unknown Point Feature", "AREA": 0.0, "PERIMETER": 0.0, "TOWN_NAME": "Nyabara", "TOWN_ID": 4, "TOWN_TYPE": "Market Centres" }, "geometry": { "type": "Point", "coordinates": [ 34.987752312495132, -0.623174600983954 ] } },
{ "type": "Feature", "properties": { "LAYER": "Unknown Point Feature", "AREA": 0.0, "PERIMETER": 0.0, "TOWN_NAME": "Kinyenya", "TOWN_ID": 4, "TOWN_TYPE": "Market Centres" }, "geometry": { "type": "Point", "coordinates": [ 34.994400526573273, -0.638209933808592 ] } },
{ "type": "Feature", "properties": { "LAYER": "Unknown Point Feature", "AREA": 0.0, "PERIMETER": 0.0, "TOWN_NAME": "Mosobeti", "TOWN_ID": 4, "TOWN_TYPE": "Market Centres" }, "geometry": { "type": "Point", "coordinates": [ 34.994299663653834, -0.672716579600757 ] } },
{ "type": "Feature", "properties": { "LAYER": "Unknown Point Feature", "AREA": 0.0, "PERIMETER": 0.0, "TOWN_NAME": "Gesima", "TOWN_ID": 4, "TOWN_TYPE": "Market Centres" }, "geometry": { "type": "Point", "coordinates": [ 34.991206213501691, -0.706935155118823 ] } },
{ "type": "Feature", "properties": { "LAYER": "Unknown Point Feature", "AREA": 0.0, "PERIMETER": 0.0, "TOWN_NAME": "Nyabiosi Jobi", "TOWN_ID": 4, "TOWN_TYPE": "Market Centres" }, "geometry": { "type": "Point", "coordinates": [ 34.985788831537462, -0.720799884345506 ] } },
{ "type": "Feature", "properties": { "LAYER": "Unknown Point Feature", "AREA": 0.0, "PERIMETER": 0.0, "TOWN_NAME": "Mochenwa", "TOWN_ID": 4, "TOWN_TYPE": "Market Centres" }, "geometry": { "type": "Point", "coordinates": [ 34.966863326385749, -0.742555993177481 ] } },
{ "type": "Feature", "properties": { "LAYER": "Unknown Point Feature", "AREA": 0.0, "PERIMETER": 0.0, "TOWN_NAME": "Nyaramba", "TOWN_ID": 4, "TOWN_TYPE": "Market Centres" }, "geometry": { "type": "Point", "coordinates": [ 34.972747377460138, -0.559971583402941 ] } },
{ "type": "Feature", "properties": { "LAYER": "Unknown Point Feature", "AREA": 0.0, "PERIMETER": 0.0, "TOWN_NAME": "Obwari", "TOWN_ID": 4, "TOWN_TYPE": "Market Centres" }, "geometry": { "type": "Point", "coordinates": [ 34.977790616447393, -0.514765383724023 ] } },
{ "type": "Feature", "properties": { "LAYER": "Unknown Point Feature", "AREA": 0.0, "PERIMETER": 0.0, "TOWN_NAME": "Gekendo", "TOWN_ID": 4, "TOWN_TYPE": "Market Centres" }, "geometry": { "type": "Point", "coordinates": [ 34.9664876968437, -0.512408741727642 ] } },
{ "type": "Feature", "properties": { "LAYER": "Unknown Point Feature", "AREA": 0.0, "PERIMETER": 0.0, "TOWN_NAME": "Kioge", "TOWN_ID": 4, "TOWN_TYPE": "Market Centres" }, "geometry": { "type": "Point", "coordinates": [ 34.950598410962279, -0.522840045921211 ] } },
{ "type": "Feature", "properties": { "LAYER": "Unknown Point Feature", "AREA": 0.0, "PERIMETER": 0.0, "TOWN_NAME": "Nyamaiya", "TOWN_ID": 4, "TOWN_TYPE": "Market Centres" }, "geometry": { "type": "Point", "coordinates": [ 34.910939142367425, -0.517046680220532 ] } },
{ "type": "Feature", "properties": { "LAYER": "Unknown Point Feature", "AREA": 0.0, "PERIMETER": 0.0, "TOWN_NAME": "Nyabite", "TOWN_ID": 4, "TOWN_TYPE": "Market Centres" }, "geometry": { "type": "Point", "coordinates": [ 34.922763169621852, -0.549417039105989 ] } },
{ "type": "Feature", "properties": { "LAYER": "Unknown Point Feature", "AREA": 0.0, "PERIMETER": 0.0, "TOWN_NAME": "Isecha", "TOWN_ID": 4, "TOWN_TYPE": "Market Centres" }, "geometry": { "type": "Point", "coordinates": [ 34.861376674512883, -0.566329549825883 ] } },
{ "type": "Feature", "properties": { "LAYER": "Unknown Point Feature", "AREA": 0.0, "PERIMETER": 0.0, "TOWN_NAME": "Manga", "TOWN_ID": 4, "TOWN_TYPE": "Market Centres" }, "geometry": { "type": "Point", "coordinates": [ 34.83431486936351, -0.611636946318622 ] } },
{ "type": "Feature", "properties": { "LAYER": "Unknown Point Feature", "AREA": 0.0, "PERIMETER": 0.0, "TOWN_NAME": "Marani", "TOWN_ID": 4, "TOWN_TYPE": "Market Centres" }, "geometry": { "type": "Point", "coordinates": [ 34.799249953282612, -0.577328286933035 ] } },
{ "type": "Feature", "properties": { "LAYER": "Unknown Point Feature", "AREA": 0.0, "PERIMETER": 0.0, "TOWN_NAME": "Nyakeyo", "TOWN_ID": 4, "TOWN_TYPE": "Market Centres" }, "geometry": { "type": "Point", "coordinates": [ 34.860773246488428, -0.512983146308796 ] } },
{ "type": "Feature", "properties": { "LAYER": "Unknown Point Feature", "AREA": 0.0, "PERIMETER": 0.0, "TOWN_NAME": "Nyombulu", "TOWN_ID": 4, "TOWN_TYPE": "Market Centres" }, "geometry": { "type": "Point", "coordinates": [ 34.840928540792866, -0.510393462092111 ] } },
{ "type": "Feature", "properties": { "LAYER": "Unknown Point Feature", "AREA": 0.0, "PERIMETER": 0.0, "TOWN_NAME": "Rioma Nyakong", "TOWN_ID": 4, "TOWN_TYPE": "Market Centres" }, "geometry": { "type": "Point", "coordinates": [ 34.786799191673019, -0.529391571246997 ] } },
{ "type": "Feature", "properties": { "LAYER": "Unknown Point Feature", "AREA": 0.0, "PERIMETER": 0.0, "TOWN_NAME": "Ojwando", "TOWN_ID": 4, "TOWN_TYPE": "Market Centres" }, "geometry": { "type": "Point", "coordinates": [ 34.764551396358499, -0.521041503822859 ] } },
{ "type": "Feature", "properties": { "LAYER": "Unknown Point Feature", "AREA": 0.0, "PERIMETER": 0.0, "TOWN_NAME": "Gesieka", "TOWN_ID": 4, "TOWN_TYPE": "Market Centres" }, "geometry": { "type": "Point", "coordinates": [ 34.760862933342011, -0.571344330404403 ] } },
{ "type": "Feature", "properties": { "LAYER": "Unknown Point Feature", "AREA": 0.0, "PERIMETER": 0.0, "TOWN_NAME": "Nyakoe", "TOWN_ID": 4, "TOWN_TYPE": "Market Centres" }, "geometry": { "type": "Point", "coordinates": [ 34.757139352766544, -0.615117701194028 ] } },
{ "type": "Feature", "properties": { "LAYER": "Unknown Point Feature", "AREA": 0.0, "PERIMETER": 0.0, "TOWN_NAME": "Nyamira", "TOWN_ID": 2, "TOWN_TYPE": "Township/Town" }, "geometry": { "type": "Point", "coordinates": [ 34.932761568815479, -0.557751389964402 ] } },
{ "type": "Feature", "properties": { "LAYER": "Unknown Point Feature", "AREA": 0.0, "PERIMETER": 0.0, "TOWN_NAME": "Ramasha", "TOWN_ID": 4, "TOWN_TYPE": "Market Centres" }, "geometry": { "type": "Point", "coordinates": [ 34.973423421099589, -0.893919149429982 ] } },
{ "type": "Feature", "properties": { "LAYER": "Unknown Point Feature", "AREA": 0.0, "PERIMETER": 0.0, "TOWN_NAME": "Masiimba", "TOWN_ID": 4, "TOWN_TYPE": "Market Centres" }, "geometry": { "type": "Point", "coordinates": [ 34.939311534336682, -0.859881877091933 ] } },
{ "type": "Feature", "properties": { "LAYER": "Unknown Point Feature", "AREA": 0.0, "PERIMETER": 0.0, "TOWN_NAME": "Gesusu", "TOWN_ID": 3, "TOWN_TYPE": "Trading Centre" }, "geometry": { "type": "Point", "coordinates": [ 34.906006129593472, -0.866644908040032 ] } },
{ "type": "Feature", "properties": { "LAYER": "Unknown Point Feature", "AREA": 0.0, "PERIMETER": 0.0, "TOWN_NAME": "Kiamokama", "TOWN_ID": 4, "TOWN_TYPE": "Market Centres" }, "geometry": { "type": "Point", "coordinates": [ 34.882010489707994, -0.824379992489054 ] } },
{ "type": "Feature", "properties": { "LAYER": "Unknown Point Feature", "AREA": 0.0, "PERIMETER": 0.0, "TOWN_NAME": "Nyanturago", "TOWN_ID": 4, "TOWN_TYPE": "Market Centres" }, "geometry": { "type": "Point", "coordinates": [ 34.868527954252883, -0.810758164411398 ] } },
{ "type": "Feature", "properties": { "LAYER": "Unknown Point Feature", "AREA": 0.0, "PERIMETER": 0.0, "TOWN_NAME": "Nyangonda", "TOWN_ID": 4, "TOWN_TYPE": "Market Centres" }, "geometry": { "type": "Point", "coordinates": [ 34.862318123330127, -0.779462140712207 ] } },
{ "type": "Feature", "properties": { "LAYER": "Unknown Point Feature", "AREA": 0.0, "PERIMETER": 0.0, "TOWN_NAME": "Keroka", "TOWN_ID": 3, "TOWN_TYPE": "Trading Centre" }, "geometry": { "type": "Point", "coordinates": [ 34.944887693211335, -0.772986026918891 ] } },
{ "type": "Feature", "properties": { "LAYER": "Unknown Point Feature", "AREA": 0.0, "PERIMETER": 0.0, "TOWN_NAME": "Kijauri", "TOWN_ID": 4, "TOWN_TYPE": "Market Centres" }, "geometry": { "type": "Point", "coordinates": [ 34.969049731199355, -0.76717841319285 ] } },
{ "type": "Feature", "properties": { "LAYER": "Unknown Point Feature", "AREA": 0.0, "PERIMETER": 0.0, "TOWN_NAME": "Nyamasibi", "TOWN_ID": 4, "TOWN_TYPE": "Market Centres" }, "geometry": { "type": "Point", "coordinates": [ 34.955709561544765, -0.821866495993534 ] } },
{ "type": "Feature", "properties": { "LAYER": "Unknown Point Feature", "AREA": 0.0, "PERIMETER": 0.0, "TOWN_NAME": "Matunwa", "TOWN_ID": 4, "TOWN_TYPE": "Market Centres" }, "geometry": { "type": "Point", "coordinates": [ 34.918663871192152, -0.754966261750055 ] } },
{ "type": "Feature", "properties": { "LAYER": "Unknown Point Feature", "AREA": 0.0, "PERIMETER": 0.0, "TOWN_NAME": "Emenwa", "TOWN_ID": 4, "TOWN_TYPE": "Market Centres" }, "geometry": { "type": "Point", "coordinates": [ 34.804556340334209, -0.762783922026491 ] } },
{ "type": "Feature", "properties": { "LAYER": "Unknown Point Feature", "AREA": 0.0, "PERIMETER": 0.0, "TOWN_NAME": "Nyamache", "TOWN_ID": 3, "TOWN_TYPE": "Trading Centre" }, "geometry": { "type": "Point", "coordinates": [ 34.824432054096533, -0.819478268311149 ] } },
{ "type": "Feature", "properties": { "LAYER": "Unknown Point Feature", "AREA": 0.0, "PERIMETER": 0.0, "TOWN_NAME": "Mogunga", "TOWN_ID": 3, "TOWN_TYPE": "Trading Centre" }, "geometry": { "type": "Point", "coordinates": [ 34.822647646230578, -0.854359918266779 ] } },
{ "type": "Feature", "properties": { "LAYER": "Unknown Point Feature", "AREA": 0.0, "PERIMETER": 0.0, "TOWN_NAME": "Nyabitunwa", "TOWN_ID": 4, "TOWN_TYPE": "Market Centres" }, "geometry": { "type": "Point", "coordinates": [ 34.842825772919184, -0.929220605922068 ] } },
{ "type": "Feature", "properties": { "LAYER": "Unknown Point Feature", "AREA": 0.0, "PERIMETER": 0.0, "TOWN_NAME": "Kericho", "TOWN_ID": 1, "TOWN_TYPE": "Municipality" }, "geometry": { "type": "Point", "coordinates": [ 35.28590422725447, -0.364601013650486 ] } },
{ "type": "Feature", "properties": { "LAYER": "Unknown Point Feature", "AREA": 0.0, "PERIMETER": 0.0, "TOWN_NAME": "Kapkiam", "TOWN_ID": 4, "TOWN_TYPE": "Market Centres" }, "geometry": { "type": "Point", "coordinates": [ 35.373928373488873, -0.28922700502651 ] } },
{ "type": "Feature", "properties": { "LAYER": "Unknown Point Feature", "AREA": 0.0, "PERIMETER": 0.0, "TOWN_NAME": "Chepsir", "TOWN_ID": 4, "TOWN_TYPE": "Market Centres" }, "geometry": { "type": "Point", "coordinates": [ 35.425918854384825, -0.281676591938069 ] } },
{ "type": "Feature", "properties": { "LAYER": "Unknown Point Feature", "AREA": 0.0, "PERIMETER": 0.0, "TOWN_NAME": "Kipchimchim", "TOWN_ID": 3, "TOWN_TYPE": "Trading Centre" }, "geometry": { "type": "Point", "coordinates": [ 35.268292060705917, -0.325295235569798 ] } },
{ "type": "Feature", "properties": { "LAYER": "Unknown Point Feature", "AREA": 0.0, "PERIMETER": 0.0, "TOWN_NAME": "Ainamoi", "TOWN_ID": 3, "TOWN_TYPE": "Trading Centre" }, "geometry": { "type": "Point", "coordinates": [ 35.273007795598446, -0.292430239958199 ] } },
{ "type": "Feature", "properties": { "LAYER": "Unknown Point Feature", "AREA": 0.0, "PERIMETER": 0.0, "TOWN_NAME": "Nyangweso", "TOWN_ID": 4, "TOWN_TYPE": "Market Centres" }, "geometry": { "type": "Point", "coordinates": [ 34.550064474256594, -0.465545163246056 ] } },
{ "type": "Feature", "properties": { "LAYER": "Unknown Point Feature", "AREA": 0.0, "PERIMETER": 0.0, "TOWN_NAME": "Kadel", "TOWN_ID": 4, "TOWN_TYPE": "Market Centres" }, "geometry": { "type": "Point", "coordinates": [ 34.579297133014713, -0.44386759080386 ] } },
{ "type": "Feature", "properties": { "LAYER": "Unknown Point Feature", "AREA": 0.0, "PERIMETER": 0.0, "TOWN_NAME": "Oriang", "TOWN_ID": 4, "TOWN_TYPE": "Market Centres" }, "geometry": { "type": "Point", "coordinates": [ 34.625459527058133, -0.391806593178499 ] } },
{ "type": "Feature", "properties": { "LAYER": "Unknown Point Feature", "AREA": 0.0, "PERIMETER": 0.0, "TOWN_NAME": "Kendu Bay", "TOWN_ID": 3, "TOWN_TYPE": "Trading Centre" }, "geometry": { "type": "Point", "coordinates": [ 34.648842295587997, -0.357532893702535 ] } },
{ "type": "Feature", "properties": { "LAYER": "Unknown Point Feature", "AREA": 0.0, "PERIMETER": 0.0, "TOWN_NAME": "Rakivaro", "TOWN_ID": 4, "TOWN_TYPE": "Market Centres" }, "geometry": { "type": "Point", "coordinates": [ 34.743385399179502, -0.356475253898122 ] } },
{ "type": "Feature", "properties": { "LAYER": "Unknown Point Feature", "AREA": 0.0, "PERIMETER": 0.0, "TOWN_NAME": "Yuth", "TOWN_ID": 4, "TOWN_TYPE": "Market Centres" }, "geometry": { "type": "Point", "coordinates": [ 34.709460101076552, -0.390876304740321 ] } },
{ "type": "Feature", "properties": { "LAYER": "Unknown Point Feature", "AREA": 0.0, "PERIMETER": 0.0, "TOWN_NAME": "Doho Kosele", "TOWN_ID": 4, "TOWN_TYPE": "Market Centres" }, "geometry": { "type": "Point", "coordinates": [ 34.689694356549779, -0.424922607512693 ] } },
{ "type": "Feature", "properties": { "LAYER": "Unknown Point Feature", "AREA": 0.0, "PERIMETER": 0.0, "TOWN_NAME": "Kandiege", "TOWN_ID": 4, "TOWN_TYPE": "Market Centres" }, "geometry": { "type": "Point", "coordinates": [ 34.553352297036206, -0.427330207821226 ] } },
{ "type": "Feature", "properties": { "LAYER": "Unknown Point Feature", "AREA": 0.0, "PERIMETER": 0.0, "TOWN_NAME": "Riat", "TOWN_ID": 4, "TOWN_TYPE": "Market Centres" }, "geometry": { "type": "Point", "coordinates": [ 34.57977613948627, -0.346175967465344 ] } },
{ "type": "Feature", "properties": { "LAYER": "Unknown Point Feature", "AREA": 0.0, "PERIMETER": 0.0, "TOWN_NAME": "Pala", "TOWN_ID": 4, "TOWN_TYPE": "Market Centres" }, "geometry": { "type": "Point", "coordinates": [ 34.545469858426827, -0.353779312290018 ] } },
{ "type": "Feature", "properties": { "LAYER": "Unknown Point Feature", "AREA": 0.0, "PERIMETER": 0.0, "TOWN_NAME": "Mohoni", "TOWN_ID": 4, "TOWN_TYPE": "Market Centres" }, "geometry": { "type": "Point", "coordinates": [ 34.093243787628005, -0.997581743657056 ] } },
{ "type": "Feature", "properties": { "LAYER": "Unknown Point Feature", "AREA": 0.0, "PERIMETER": 0.0, "TOWN_NAME": "Nyakweri", "TOWN_ID": 4, "TOWN_TYPE": "Market Centres" }, "geometry": { "type": "Point", "coordinates": [ 34.222061655297352, -0.928406256442629 ] } },
{ "type": "Feature", "properties": { "LAYER": "Unknown Point Feature", "AREA": 0.0, "PERIMETER": 0.0, "TOWN_NAME": "Karungu", "TOWN_ID": 3, "TOWN_TYPE": "Trading Centre" }, "geometry": { "type": "Point", "coordinates": [ 34.155999106874575, -0.841204534808764 ] } },
{ "type": "Feature", "properties": { "LAYER": "Unknown Point Feature", "AREA": 0.0, "PERIMETER": 0.0, "TOWN_NAME": "Aora Chuodho", "TOWN_ID": 4, "TOWN_TYPE": "Market Centres" }, "geometry": { "type": "Point", "coordinates": [ 34.238781028645754, -0.784523903886944 ] } },
{ "type": "Feature", "properties": { "LAYER": "Unknown Point Feature", "AREA": 0.0, "PERIMETER": 0.0, "TOWN_NAME": "Raguda Owigo", "TOWN_ID": 4, "TOWN_TYPE": "Market Centres" }, "geometry": { "type": "Point", "coordinates": [ 34.166188336798463, -0.826012854398763 ] } },
{ "type": "Feature", "properties": { "LAYER": "Unknown Point Feature", "AREA": 0.0, "PERIMETER": 0.0, "TOWN_NAME": "Nyatembe", "TOWN_ID": 4, "TOWN_TYPE": "Market Centres" }, "geometry": { "type": "Point", "coordinates": [ 34.097375277845039, -0.761187613942439 ] } },
{ "type": "Feature", "properties": { "LAYER": "Unknown Point Feature", "AREA": 0.0, "PERIMETER": 0.0, "TOWN_NAME": "Ratanga", "TOWN_ID": 4, "TOWN_TYPE": "Market Centres" }, "geometry": { "type": "Point", "coordinates": [ 34.288782070283517, -0.748813892164133 ] } },
{ "type": "Feature", "properties": { "LAYER": "Unknown Point Feature", "AREA": 0.0, "PERIMETER": 0.0, "TOWN_NAME": "Kondiek", "TOWN_ID": 4, "TOWN_TYPE": "Market Centres" }, "geometry": { "type": "Point", "coordinates": [ 34.303214699959128, -0.744539993052787 ] } },
{ "type": "Feature", "properties": { "LAYER": "Unknown Point Feature", "AREA": 0.0, "PERIMETER": 0.0, "TOWN_NAME": "Miranga", "TOWN_ID": 4, "TOWN_TYPE": "Market Centres" }, "geometry": { "type": "Point", "coordinates": [ 34.33283164699867, -0.741907836741687 ] } },
{ "type": "Feature", "properties": { "LAYER": "Unknown Point Feature", "AREA": 0.0, "PERIMETER": 0.0, "TOWN_NAME": "Ndhiwa", "TOWN_ID": 3, "TOWN_TYPE": "Trading Centre" }, "geometry": { "type": "Point", "coordinates": [ 34.364895378074756, -0.726122570538923 ] } },
{ "type": "Feature", "properties": { "LAYER": "Unknown Point Feature", "AREA": 0.0, "PERIMETER": 0.0, "TOWN_NAME": "Waganjo", "TOWN_ID": 4, "TOWN_TYPE": "Market Centres" }, "geometry": { "type": "Point", "coordinates": [ 34.468393076666061, -0.727311007881519 ] } },
{ "type": "Feature", "properties": { "LAYER": "Unknown Point Feature", "AREA": 0.0, "PERIMETER": 0.0, "TOWN_NAME": "Mirogi", "TOWN_ID": 4, "TOWN_TYPE": "Market Centres" }, "geometry": { "type": "Point", "coordinates": [ 34.396804241106359, -0.705055019558385 ] } },
{ "type": "Feature", "properties": { "LAYER": "Unknown Point Feature", "AREA": 0.0, "PERIMETER": 0.0, "TOWN_NAME": "Okok", "TOWN_ID": 4, "TOWN_TYPE": "Market Centres" }, "geometry": { "type": "Point", "coordinates": [ 34.434499262836923, -0.686491624892113 ] } },
{ "type": "Feature", "properties": { "LAYER": "Unknown Point Feature", "AREA": 0.0, "PERIMETER": 0.0, "TOWN_NAME": "Obera", "TOWN_ID": 4, "TOWN_TYPE": "Market Centres" }, "geometry": { "type": "Point", "coordinates": [ 34.487971816493477, -0.685860107441654 ] } },
{ "type": "Feature", "properties": { "LAYER": "Unknown Point Feature", "AREA": 0.0, "PERIMETER": 0.0, "TOWN_NAME": "Nyawita", "TOWN_ID": 4, "TOWN_TYPE": "Market Centres" }, "geometry": { "type": "Point", "coordinates": [ 34.410492826504566, -0.680619326924021 ] } },
{ "type": "Feature", "properties": { "LAYER": "Unknown Point Feature", "AREA": 0.0, "PERIMETER": 0.0, "TOWN_NAME": "Ndisi", "TOWN_ID": 4, "TOWN_TYPE": "Market Centres" }, "geometry": { "type": "Point", "coordinates": [ 34.344390626920053, -0.67758091669071 ] } },
{ "type": "Feature", "properties": { "LAYER": "Unknown Point Feature", "AREA": 0.0, "PERIMETER": 0.0, "TOWN_NAME": "Kobondo", "TOWN_ID": 4, "TOWN_TYPE": "Market Centres" }, "geometry": { "type": "Point", "coordinates": [ 34.420439156029708, -0.665022240381629 ] } },
{ "type": "Feature", "properties": { "LAYER": "Unknown Point Feature", "AREA": 0.0, "PERIMETER": 0.0, "TOWN_NAME": "Wang'apala", "TOWN_ID": 4, "TOWN_TYPE": "Market Centres" }, "geometry": { "type": "Point", "coordinates": [ 34.379266572617212, -0.652515040284606 ] } },
{ "type": "Feature", "properties": { "LAYER": "Unknown Point Feature", "AREA": 0.0, "PERIMETER": 0.0, "TOWN_NAME": "Ongeng", "TOWN_ID": 4, "TOWN_TYPE": "Market Centres" }, "geometry": { "type": "Point", "coordinates": [ 34.453746806222078, -0.645212540103963 ] } },
{ "type": "Feature", "properties": { "LAYER": "Unknown Point Feature", "AREA": 0.0, "PERIMETER": 0.0, "TOWN_NAME": "Olambwe", "TOWN_ID": 4, "TOWN_TYPE": "Market Centres" }, "geometry": { "type": "Point", "coordinates": [ 34.341139529543256, -0.642882774929361 ] } },
{ "type": "Feature", "properties": { "LAYER": "Unknown Point Feature", "AREA": 0.0, "PERIMETER": 0.0, "TOWN_NAME": "Rambusi", "TOWN_ID": 4, "TOWN_TYPE": "Market Centres" }, "geometry": { "type": "Point", "coordinates": [ 34.402128684359262, -0.595007053485829 ] } },
{ "type": "Feature", "properties": { "LAYER": "Unknown Point Feature", "AREA": 0.0, "PERIMETER": 0.0, "TOWN_NAME": "Lieta", "TOWN_ID": 4, "TOWN_TYPE": "Market Centres" }, "geometry": { "type": "Point", "coordinates": [ 34.473833783306212, -0.577250758481083 ] } },
{ "type": "Feature", "properties": { "LAYER": "Unknown Point Feature", "AREA": 0.0, "PERIMETER": 0.0, "TOWN_NAME": "Ogande", "TOWN_ID": 4, "TOWN_TYPE": "Market Centres" }, "geometry": { "type": "Point", "coordinates": [ 34.499889549750883, -0.581350332997275 ] } },
{ "type": "Feature", "properties": { "LAYER": "Unknown Point Feature", "AREA": 0.0, "PERIMETER": 0.0, "TOWN_NAME": "Ogongo", "TOWN_ID": 4, "TOWN_TYPE": "Market Centres" }, "geometry": { "type": "Point", "coordinates": [ 34.367972498033808, -0.57077365442191 ] } },
{ "type": "Feature", "properties": { "LAYER": "Unknown Point Feature", "AREA": 0.0, "PERIMETER": 0.0, "TOWN_NAME": "Manicha", "TOWN_ID": 4, "TOWN_TYPE": "Market Centres" }, "geometry": { "type": "Point", "coordinates": [ 34.436173481753166, -0.565926738226889 ] } },
{ "type": "Feature", "properties": { "LAYER": "Unknown Point Feature", "AREA": 0.0, "PERIMETER": 0.0, "TOWN_NAME": "Homabay", "TOWN_ID": 2, "TOWN_TYPE": "Township/Town" }, "geometry": { "type": "Point", "coordinates": [ 34.459630411873647, -0.528482856604561 ] } },
{ "type": "Feature", "properties": { "LAYER": "Unknown Point Feature", "AREA": 0.0, "PERIMETER": 0.0, "TOWN_NAME": "Nyalkinyi", "TOWN_ID": 4, "TOWN_TYPE": "Market Centres" }, "geometry": { "type": "Point", "coordinates": [ 34.49502460977034, -0.531775816337979 ] } },
{ "type": "Feature", "properties": { "LAYER": "Unknown Point Feature", "AREA": 0.0, "PERIMETER": 0.0, "TOWN_NAME": "Got Kokech", "TOWN_ID": 4, "TOWN_TYPE": "Market Centres" }, "geometry": { "type": "Point", "coordinates": [ 34.493146089568242, -0.506450162146049 ] } },
{ "type": "Feature", "properties": { "LAYER": "Unknown Point Feature", "AREA": 0.0, "PERIMETER": 0.0, "TOWN_NAME": "Kakaeta", "TOWN_ID": 4, "TOWN_TYPE": "Market Centres" }, "geometry": { "type": "Point", "coordinates": [ 34.393137825586713, -0.584724683591563 ] } },
{ "type": "Feature", "properties": { "LAYER": "Unknown Point Feature", "AREA": 0.0, "PERIMETER": 0.0, "TOWN_NAME": "God Jope", "TOWN_ID": 4, "TOWN_TYPE": "Market Centres" }, "geometry": { "type": "Point", "coordinates": [ 34.322131243819719, -0.558654157442644 ] } },
{ "type": "Feature", "properties": { "LAYER": "Unknown Point Feature", "AREA": 0.0, "PERIMETER": 0.0, "TOWN_NAME": "Nduga", "TOWN_ID": 4, "TOWN_TYPE": "Market Centres" }, "geometry": { "type": "Point", "coordinates": [ 34.273356605631946, -0.555318027871961 ] } },
{ "type": "Feature", "properties": { "LAYER": "Unknown Point Feature", "AREA": 0.0, "PERIMETER": 0.0, "TOWN_NAME": "Obanda", "TOWN_ID": 4, "TOWN_TYPE": "Market Centres" }, "geometry": { "type": "Point", "coordinates": [ 34.340152426424368, -0.540260259549233 ] } },
{ "type": "Feature", "properties": { "LAYER": "Unknown Point Feature", "AREA": 0.0, "PERIMETER": 0.0, "TOWN_NAME": "North Ruri", "TOWN_ID": 4, "TOWN_TYPE": "Market Centres" }, "geometry": { "type": "Point", "coordinates": [ 34.380066050999687, -0.521346188002459 ] } },
{ "type": "Feature", "properties": { "LAYER": "Unknown Point Feature", "AREA": 0.0, "PERIMETER": 0.0, "TOWN_NAME": "Kitare", "TOWN_ID": 4, "TOWN_TYPE": "Market Centres" }, "geometry": { "type": "Point", "coordinates": [ 34.333918940240025, -0.503328193121534 ] } },
{ "type": "Feature", "properties": { "LAYER": "Unknown Point Feature", "AREA": 0.0, "PERIMETER": 0.0, "TOWN_NAME": "Ngondhe", "TOWN_ID": 4, "TOWN_TYPE": "Market Centres" }, "geometry": { "type": "Point", "coordinates": [ 34.362490643839493, -0.501205585117045 ] } },
{ "type": "Feature", "properties": { "LAYER": "Unknown Point Feature", "AREA": 0.0, "PERIMETER": 0.0, "TOWN_NAME": "Nyandhiwa", "TOWN_ID": 3, "TOWN_TYPE": "Trading Centre" }, "geometry": { "type": "Point", "coordinates": [ 34.058358496502123, -0.720894956977652 ] } },
{ "type": "Feature", "properties": { "LAYER": "Unknown Point Feature", "AREA": 0.0, "PERIMETER": 0.0, "TOWN_NAME": "Kabuya", "TOWN_ID": 4, "TOWN_TYPE": "Market Centres" }, "geometry": { "type": "Point", "coordinates": [ 34.095164286471224, -0.738816281673642 ] } },
{ "type": "Feature", "properties": { "LAYER": "Unknown Point Feature", "AREA": 0.0, "PERIMETER": 0.0, "TOWN_NAME": "Magunga", "TOWN_ID": 4, "TOWN_TYPE": "Market Centres" }, "geometry": { "type": "Point", "coordinates": [ 34.149428072048764, -0.685972126985796 ] } },
{ "type": "Feature", "properties": { "LAYER": "Unknown Point Feature", "AREA": 0.0, "PERIMETER": 0.0, "TOWN_NAME": "Wiga", "TOWN_ID": 4, "TOWN_TYPE": "Market Centres" }, "geometry": { "type": "Point", "coordinates": [ 34.206905990939937, -0.672497271705035 ] } },
{ "type": "Feature", "properties": { "LAYER": "Unknown Point Feature", "AREA": 0.0, "PERIMETER": 0.0, "TOWN_NAME": "Roo", "TOWN_ID": 4, "TOWN_TYPE": "Market Centres" }, "geometry": { "type": "Point", "coordinates": [ 34.133278225431795, -0.549719910518508 ] } },
{ "type": "Feature", "properties": { "LAYER": "Unknown Point Feature", "AREA": 0.0, "PERIMETER": 0.0, "TOWN_NAME": "Sindo", "TOWN_ID": 4, "TOWN_TYPE": "Market Centres" }, "geometry": { "type": "Point", "coordinates": [ 34.167935803390129, -0.53561009864952 ] } },
{ "type": "Feature", "properties": { "LAYER": "Unknown Point Feature", "AREA": 0.0, "PERIMETER": 0.0, "TOWN_NAME": "Onywera", "TOWN_ID": 4, "TOWN_TYPE": "Market Centres" }, "geometry": { "type": "Point", "coordinates": [ 34.21034821027316, -0.545597753241063 ] } },
{ "type": "Feature", "properties": { "LAYER": "Unknown Point Feature", "AREA": 0.0, "PERIMETER": 0.0, "TOWN_NAME": "Gorgor", "TOWN_ID": 4, "TOWN_TYPE": "Market Centres" }, "geometry": { "type": "Point", "coordinates": [ 35.082429795267629, -0.897330696023264 ] } },
{ "type": "Feature", "properties": { "LAYER": "Unknown Point Feature", "AREA": 0.0, "PERIMETER": 0.0, "TOWN_NAME": "Ndanai", "TOWN_ID": 3, "TOWN_TYPE": "Trading Centre" }, "geometry": { "type": "Point", "coordinates": [ 35.094509351428769, -0.836669775971205 ] } },
{ "type": "Feature", "properties": { "LAYER": "Unknown Point Feature", "AREA": 0.0, "PERIMETER": 0.0, "TOWN_NAME": "Kapkelei", "TOWN_ID": 4, "TOWN_TYPE": "Market Centres" }, "geometry": { "type": "Point", "coordinates": [ 35.125016534608974, -0.790883362711321 ] } },
{ "type": "Feature", "properties": { "LAYER": "Unknown Point Feature", "AREA": 0.0, "PERIMETER": 0.0, "TOWN_NAME": "Menyenga", "TOWN_ID": 3, "TOWN_TYPE": "Trading Centre" }, "geometry": { "type": "Point", "coordinates": [ 35.017237110068827, -0.762372335625054 ] } },
{ "type": "Feature", "properties": { "LAYER": "Unknown Point Feature", "AREA": 0.0, "PERIMETER": 0.0, "TOWN_NAME": "Riangombe", "TOWN_ID": 4, "TOWN_TYPE": "Market Centres" }, "geometry": { "type": "Point", "coordinates": [ 35.012469781782805, -0.834569947285843 ] } },
{ "type": "Feature", "properties": { "LAYER": "Unknown Point Feature", "AREA": 0.0, "PERIMETER": 0.0, "TOWN_NAME": "Letego", "TOWN_ID": 4, "TOWN_TYPE": "Market Centres" }, "geometry": { "type": "Point", "coordinates": [ 35.015892221868391, -0.859091400427858 ] } },
{ "type": "Feature", "properties": { "LAYER": "Unknown Point Feature", "AREA": 0.0, "PERIMETER": 0.0, "TOWN_NAME": "Gelegele", "TOWN_ID": 4, "TOWN_TYPE": "Market Centres" }, "geometry": { "type": "Point", "coordinates": [ 35.03592290680848, -0.868312966159444 ] } },
{ "type": "Feature", "properties": { "LAYER": "Unknown Point Feature", "AREA": 0.0, "PERIMETER": 0.0, "TOWN_NAME": "Makimenyi", "TOWN_ID": 4, "TOWN_TYPE": "Market Centres" }, "geometry": { "type": "Point", "coordinates": [ 35.197380630782895, -0.838014530823827 ] } },
{ "type": "Feature", "properties": { "LAYER": "Unknown Point Feature", "AREA": 0.0, "PERIMETER": 0.0, "TOWN_NAME": "Kanusin", "TOWN_ID": 4, "TOWN_TYPE": "Market Centres" }, "geometry": { "type": "Point", "coordinates": [ 35.213251998045955, -0.768088934899415 ] } },
{ "type": "Feature", "properties": { "LAYER": "Unknown Point Feature", "AREA": 0.0, "PERIMETER": 0.0, "TOWN_NAME": "Siongiroi", "TOWN_ID": 3, "TOWN_TYPE": "Trading Centre" }, "geometry": { "type": "Point", "coordinates": [ 35.210296553619727, -0.893828473218373 ] } },
{ "type": "Feature", "properties": { "LAYER": "Unknown Point Feature", "AREA": 0.0, "PERIMETER": 0.0, "TOWN_NAME": "Chebunyo", "TOWN_ID": 4, "TOWN_TYPE": "Market Centres" }, "geometry": { "type": "Point", "coordinates": [ 35.190152447671963, -0.963559362436703 ] } },
{ "type": "Feature", "properties": { "LAYER": "Unknown Point Feature", "AREA": 0.0, "PERIMETER": 0.0, "TOWN_NAME": "Sotik", "TOWN_ID": 3, "TOWN_TYPE": "Trading Centre" }, "geometry": { "type": "Point", "coordinates": [ 35.110248619366111, -0.687622853615228 ] } },
{ "type": "Feature", "properties": { "LAYER": "Unknown Point Feature", "AREA": 0.0, "PERIMETER": 0.0, "TOWN_NAME": "Yaganek", "TOWN_ID": 4, "TOWN_TYPE": "Market Centres" }, "geometry": { "type": "Point", "coordinates": [ 35.151485577694821, -0.706781774751537 ] } },
{ "type": "Feature", "properties": { "LAYER": "Unknown Point Feature", "AREA": 0.0, "PERIMETER": 0.0, "TOWN_NAME": "Kipsonoi", "TOWN_ID": 4, "TOWN_TYPE": "Market Centres" }, "geometry": { "type": "Point", "coordinates": [ 35.216430061427502, -0.688948671056486 ] } },
{ "type": "Feature", "properties": { "LAYER": "Unknown Point Feature", "AREA": 0.0, "PERIMETER": 0.0, "TOWN_NAME": "Kipkatel", "TOWN_ID": 4, "TOWN_TYPE": "Market Centres" }, "geometry": { "type": "Point", "coordinates": [ 35.195587549802049, -0.623688220559506 ] } },
{ "type": "Feature", "properties": { "LAYER": "Unknown Point Feature", "AREA": 0.0, "PERIMETER": 0.0, "TOWN_NAME": "Litein", "TOWN_ID": 3, "TOWN_TYPE": "Trading Centre" }, "geometry": { "type": "Point", "coordinates": [ 35.188642659494029, -0.57962293156817 ] } },
{ "type": "Feature", "properties": { "LAYER": "Unknown Point Feature", "AREA": 0.0, "PERIMETER": 0.0, "TOWN_NAME": "Kabartegan", "TOWN_ID": 4, "TOWN_TYPE": "Market Centres" }, "geometry": { "type": "Point", "coordinates": [ 35.170493224627357, -0.507740227286132 ] } },
{ "type": "Feature", "properties": { "LAYER": "Unknown Point Feature", "AREA": 0.0, "PERIMETER": 0.0, "TOWN_NAME": "Kimulot", "TOWN_ID": 3, "TOWN_TYPE": "Trading Centre" }, "geometry": { "type": "Point", "coordinates": [ 35.229287330502409, -0.511933294065756 ] } },
{ "type": "Feature", "properties": { "LAYER": "Unknown Point Feature", "AREA": 0.0, "PERIMETER": 0.0, "TOWN_NAME": "Kiptendan", "TOWN_ID": 4, "TOWN_TYPE": "Market Centres" }, "geometry": { "type": "Point", "coordinates": [ 35.098728154024435, -0.502148997686083 ] } },
{ "type": "Feature", "properties": { "LAYER": "Unknown Point Feature", "AREA": 0.0, "PERIMETER": 0.0, "TOWN_NAME": "Ikonge", "TOWN_ID": 4, "TOWN_TYPE": "Market Centres" }, "geometry": { "type": "Point", "coordinates": [ 35.026010680527399, -0.528630281199894 ] } },
{ "type": "Feature", "properties": { "LAYER": "Unknown Point Feature", "AREA": 0.0, "PERIMETER": 0.0, "TOWN_NAME": "Cheborge", "TOWN_ID": 4, "TOWN_TYPE": "Market Centres" }, "geometry": { "type": "Point", "coordinates": [ 35.142762835281253, -0.575806896208252 ] } },
{ "type": "Feature", "properties": { "LAYER": "Unknown Point Feature", "AREA": 0.0, "PERIMETER": 0.0, "TOWN_NAME": "Mulot", "TOWN_ID": 4, "TOWN_TYPE": "Market Centres" }, "geometry": { "type": "Point", "coordinates": [ 35.42749489098081, -0.934225471111704 ] } },
{ "type": "Feature", "properties": { "LAYER": "Unknown Point Feature", "AREA": 0.0, "PERIMETER": 0.0, "TOWN_NAME": "Kapkimolwa", "TOWN_ID": 4, "TOWN_TYPE": "Market Centres" }, "geometry": { "type": "Point", "coordinates": [ 35.43452487756749, -0.890928498060022 ] } },
{ "type": "Feature", "properties": { "LAYER": "Unknown Point Feature", "AREA": 0.0, "PERIMETER": 0.0, "TOWN_NAME": "Longisa", "TOWN_ID": 3, "TOWN_TYPE": "Trading Centre" }, "geometry": { "type": "Point", "coordinates": [ 35.390626487992598, -0.860374475763589 ] } },
{ "type": "Feature", "properties": { "LAYER": "Unknown Point Feature", "AREA": 0.0, "PERIMETER": 0.0, "TOWN_NAME": "Kembu", "TOWN_ID": 4, "TOWN_TYPE": "Market Centres" }, "geometry": { "type": "Point", "coordinates": [ 35.43763362076109, -0.828370460244581 ] } },
{ "type": "Feature", "properties": { "LAYER": "Unknown Point Feature", "AREA": 0.0, "PERIMETER": 0.0, "TOWN_NAME": "Merigi", "TOWN_ID": 4, "TOWN_TYPE": "Market Centres" }, "geometry": { "type": "Point", "coordinates": [ 35.400486240529162, -0.781456942018204 ] } },
{ "type": "Feature", "properties": { "LAYER": "Unknown Point Feature", "AREA": 0.0, "PERIMETER": 0.0, "TOWN_NAME": "Bomet", "TOWN_ID": 2, "TOWN_TYPE": "Township/Town" }, "geometry": { "type": "Point", "coordinates": [ 35.340087416251933, -0.777630965690686 ] } },
{ "type": "Feature", "properties": { "LAYER": "Unknown Point Feature", "AREA": 0.0, "PERIMETER": 0.0, "TOWN_NAME": "Kapsimotwa", "TOWN_ID": 4, "TOWN_TYPE": "Market Centres" }, "geometry": { "type": "Point", "coordinates": [ 35.320665362600927, -0.754380160169039 ] } },
{ "type": "Feature", "properties": { "LAYER": "Unknown Point Feature", "AREA": 0.0, "PERIMETER": 0.0, "TOWN_NAME": "Sigor", "TOWN_ID": 3, "TOWN_TYPE": "Trading Centre" }, "geometry": { "type": "Point", "coordinates": [ 35.298086972507029, -0.916846309547373 ] } },
{ "type": "Feature", "properties": { "LAYER": "Unknown Point Feature", "AREA": 0.0, "PERIMETER": 0.0, "TOWN_NAME": "Olbutyo", "TOWN_ID": 4, "TOWN_TYPE": "Market Centres" }, "geometry": { "type": "Point", "coordinates": [ 35.27200536632408, -0.850529549484396 ] } },
{ "type": "Feature", "properties": { "LAYER": "Unknown Point Feature", "AREA": 0.0, "PERIMETER": 0.0, "TOWN_NAME": "Sondu", "TOWN_ID": 3, "TOWN_TYPE": "Trading Centre" }, "geometry": { "type": "Point", "coordinates": [ 35.009323186662783, -0.387002536819274 ] } },
{ "type": "Feature", "properties": { "LAYER": "Unknown Point Feature", "AREA": 0.0, "PERIMETER": 0.0, "TOWN_NAME": "Kabianga", "TOWN_ID": 3, "TOWN_TYPE": "Trading Centre" }, "geometry": { "type": "Point", "coordinates": [ 35.136517040046954, -0.443943630699839 ] } },
{ "type": "Feature", "properties": { "LAYER": "Unknown Point Feature", "AREA": 0.0, "PERIMETER": 0.0, "TOWN_NAME": "Kapsuser", "TOWN_ID": 4, "TOWN_TYPE": "Market Centres" }, "geometry": { "type": "Point", "coordinates": [ 35.226264793768962, -0.402028804902554 ] } },
{ "type": "Feature", "properties": { "LAYER": "Unknown Point Feature", "AREA": 0.0, "PERIMETER": 0.0, "TOWN_NAME": "Sosiat", "TOWN_ID": 3, "TOWN_TYPE": "Trading Centre" }, "geometry": { "type": "Point", "coordinates": [ 35.1739539858401, -0.357685011434881 ] } },
{ "type": "Feature", "properties": { "LAYER": "Unknown Point Feature", "AREA": 0.0, "PERIMETER": 0.0, "TOWN_NAME": "Kiptere", "TOWN_ID": 4, "TOWN_TYPE": "Market Centres" }, "geometry": { "type": "Point", "coordinates": [ 35.105831677726087, -0.390559583303958 ] } },
{ "type": "Feature", "properties": { "LAYER": "Unknown Point Feature", "AREA": 0.0, "PERIMETER": 0.0, "TOWN_NAME": "Kapsoit", "TOWN_ID": 4, "TOWN_TYPE": "Market Centres" }, "geometry": { "type": "Point", "coordinates": [ 35.217711647043949, -0.317268832245076 ] } },
{ "type": "Feature", "properties": { "LAYER": "Unknown Point Feature", "AREA": 0.0, "PERIMETER": 0.0, "TOWN_NAME": "Kenegut", "TOWN_ID": 4, "TOWN_TYPE": "Market Centres" }, "geometry": { "type": "Point", "coordinates": [ 35.22346874431625, -0.271129938798337 ] } },
{ "type": "Feature", "properties": { "LAYER": "Unknown Point Feature", "AREA": 0.0, "PERIMETER": 0.0, "TOWN_NAME": "Chepkemel", "TOWN_ID": 4, "TOWN_TYPE": "Market Centres" }, "geometry": { "type": "Point", "coordinates": [ 35.060807335682533, -0.373300137145341 ] } },
{ "type": "Feature", "properties": { "LAYER": "Unknown Point Feature", "AREA": 0.0, "PERIMETER": 0.0, "TOWN_NAME": "Nduru", "TOWN_ID": 4, "TOWN_TYPE": "Market Centres" }, "geometry": { "type": "Point", "coordinates": [ 34.510102383380236, -0.951177947732755 ] } },
{ "type": "Feature", "properties": { "LAYER": "Unknown Point Feature", "AREA": 0.0, "PERIMETER": 0.0, "TOWN_NAME": "Ranen", "TOWN_ID": 4, "TOWN_TYPE": "Market Centres" }, "geometry": { "type": "Point", "coordinates": [ 34.565648369713607, -0.858444665586467 ] } },
{ "type": "Feature", "properties": { "LAYER": "Unknown Point Feature", "AREA": 0.0, "PERIMETER": 0.0, "TOWN_NAME": "Awendo", "TOWN_ID": 3, "TOWN_TYPE": "Trading Centre" }, "geometry": { "type": "Point", "coordinates": [ 34.530158489749319, -0.903186020916072 ] } },
{ "type": "Feature", "properties": { "LAYER": "Unknown Point Feature", "AREA": 0.0, "PERIMETER": 0.0, "TOWN_NAME": "Rakwaro", "TOWN_ID": 4, "TOWN_TYPE": "Market Centres" }, "geometry": { "type": "Point", "coordinates": [ 34.595904702724226, -0.792225679934218 ] } },
{ "type": "Feature", "properties": { "LAYER": "Unknown Point Feature", "AREA": 0.0, "PERIMETER": 0.0, "TOWN_NAME": "Morianku", "TOWN_ID": 4, "TOWN_TYPE": "Market Centres" }, "geometry": { "type": "Point", "coordinates": [ 34.676840587096919, -0.972028747864119 ] } },
{ "type": "Feature", "properties": { "LAYER": "Unknown Point Feature", "AREA": 0.0, "PERIMETER": 0.0, "TOWN_NAME": "Magenche", "TOWN_ID": 4, "TOWN_TYPE": "Market Centres" }, "geometry": { "type": "Point", "coordinates": [ 34.722697166033875, -0.94964874160697 ] } },
{ "type": "Feature", "properties": { "LAYER": "Unknown Point Feature", "AREA": 0.0, "PERIMETER": 0.0, "TOWN_NAME": "Kenyenya", "TOWN_ID": 3, "TOWN_TYPE": "Trading Centre" }, "geometry": { "type": "Point", "coordinates": [ 34.72964864500652, -0.88729613040536 ] } },
{ "type": "Feature", "properties": { "LAYER": "Unknown Point Feature", "AREA": 0.0, "PERIMETER": 0.0, "TOWN_NAME": "Ogembo", "TOWN_ID": 3, "TOWN_TYPE": "Trading Centre" }, "geometry": { "type": "Point", "coordinates": [ 34.724886964389235, -0.792924287693089 ] } },
{ "type": "Feature", "properties": { "LAYER": "Unknown Point Feature", "AREA": 0.0, "PERIMETER": 0.0, "TOWN_NAME": "Sameta", "TOWN_ID": 3, "TOWN_TYPE": "Trading Centre" }, "geometry": { "type": "Point", "coordinates": [ 34.742303388031829, -0.78632393115036 ] } },
{ "type": "Feature", "properties": { "LAYER": "Unknown Point Feature", "AREA": 0.0, "PERIMETER": 0.0, "TOWN_NAME": "Ikoba", "TOWN_ID": 4, "TOWN_TYPE": "Market Centres" }, "geometry": { "type": "Point", "coordinates": [ 34.682540343433416, -0.76794367623308 ] } },
{ "type": "Feature", "properties": { "LAYER": "Unknown Point Feature", "AREA": 0.0, "PERIMETER": 0.0, "TOWN_NAME": "Maroo", "TOWN_ID": 4, "TOWN_TYPE": "Market Centres" }, "geometry": { "type": "Point", "coordinates": [ 34.621893831844602, -0.912796417000456 ] } },
{ "type": "Feature", "properties": { "LAYER": "Unknown Point Feature", "AREA": 0.0, "PERIMETER": 0.0, "TOWN_NAME": "Maseno", "TOWN_ID": 3, "TOWN_TYPE": "Trading Centre" }, "geometry": { "type": "Point", "coordinates": [ 34.599791594028829, 0.002792879803159 ] } },
{ "type": "Feature", "properties": { "LAYER": "Unknown Point Feature", "AREA": 0.0, "PERIMETER": 0.0, "TOWN_NAME": "Luanda", "TOWN_ID": 4, "TOWN_TYPE": "Market Centres" }, "geometry": { "type": "Point", "coordinates": [ 34.586431663596393, 0.026047054981172 ] } },
{ "type": "Feature", "properties": { "LAYER": "Unknown Point Feature", "AREA": 0.0, "PERIMETER": 0.0, "TOWN_NAME": "Yala", "TOWN_ID": 3, "TOWN_TYPE": "Trading Centre" }, "geometry": { "type": "Point", "coordinates": [ 34.53707720178469, 0.099837832105536 ] } },
{ "type": "Feature", "properties": { "LAYER": "Unknown Point Feature", "AREA": 0.0, "PERIMETER": 0.0, "TOWN_NAME": "Sabatia", "TOWN_ID": 3, "TOWN_TYPE": "Trading Centre" }, "geometry": { "type": "Point", "coordinates": [ 34.524664693817982, 0.234289246010712 ] } },
{ "type": "Feature", "properties": { "LAYER": "Unknown Point Feature", "AREA": 0.0, "PERIMETER": 0.0, "TOWN_NAME": "Bukura", "TOWN_ID": 3, "TOWN_TYPE": "Trading Centre" }, "geometry": { "type": "Point", "coordinates": [ 34.613750443081607, 0.223030670551039 ] } },
{ "type": "Feature", "properties": { "LAYER": "Unknown Point Feature", "AREA": 0.0, "PERIMETER": 0.0, "TOWN_NAME": "Khwisero", "TOWN_ID": 3, "TOWN_TYPE": "Trading Centre" }, "geometry": { "type": "Point", "coordinates": [ 34.595116902809309, 0.172383894101146 ] } },
{ "type": "Feature", "properties": { "LAYER": "Unknown Point Feature", "AREA": 0.0, "PERIMETER": 0.0, "TOWN_NAME": "Mwihila", "TOWN_ID": 3, "TOWN_TYPE": "Trading Centre" }, "geometry": { "type": "Point", "coordinates": [ 34.615217164803212, 0.179825121144043 ] } },
{ "type": "Feature", "properties": { "LAYER": "Unknown Point Feature", "AREA": 0.0, "PERIMETER": 0.0, "TOWN_NAME": "Erechi", "TOWN_ID": 3, "TOWN_TYPE": "Trading Centre" }, "geometry": { "type": "Point", "coordinates": [ 34.704303916002559, 0.15515334182657 ] } },
{ "type": "Feature", "properties": { "LAYER": "Unknown Point Feature", "AREA": 0.0, "PERIMETER": 0.0, "TOWN_NAME": "Chavakali", "TOWN_ID": 3, "TOWN_TYPE": "Trading Centre" }, "geometry": { "type": "Point", "coordinates": [ 34.739348403444225, 0.120221059504262 ] } },
{ "type": "Feature", "properties": { "LAYER": "Unknown Point Feature", "AREA": 0.0, "PERIMETER": 0.0, "TOWN_NAME": "Maragoli", "TOWN_ID": 3, "TOWN_TYPE": "Trading Centre" }, "geometry": { "type": "Point", "coordinates": [ 34.721183898297241, 0.106373733469339 ] } },
{ "type": "Feature", "properties": { "LAYER": "Unknown Point Feature", "AREA": 0.0, "PERIMETER": 0.0, "TOWN_NAME": "Kilingili", "TOWN_ID": 3, "TOWN_TYPE": "Trading Centre" }, "geometry": { "type": "Point", "coordinates": [ 34.680454508671474, 0.125588403412359 ] } },
{ "type": "Feature", "properties": { "LAYER": "Unknown Point Feature", "AREA": 0.0, "PERIMETER": 0.0, "TOWN_NAME": "Ebusiratsi", "TOWN_ID": 4, "TOWN_TYPE": "Market Centres" }, "geometry": { "type": "Point", "coordinates": [ 34.633142561498708, 0.081837666244107 ] } },
{ "type": "Feature", "properties": { "LAYER": "Unknown Point Feature", "AREA": 0.0, "PERIMETER": 0.0, "TOWN_NAME": "Magada", "TOWN_ID": 4, "TOWN_TYPE": "Market Centres" }, "geometry": { "type": "Point", "coordinates": [ 34.672687798631131, 0.067901941041186 ] } },
{ "type": "Feature", "properties": { "LAYER": "Unknown Point Feature", "AREA": 0.0, "PERIMETER": 0.0, "TOWN_NAME": "Mbale", "TOWN_ID": 3, "TOWN_TYPE": "Trading Centre" }, "geometry": { "type": "Point", "coordinates": [ 34.722138304224352, 0.084024621399085 ] } },
{ "type": "Feature", "properties": { "LAYER": "Unknown Point Feature", "AREA": 0.0, "PERIMETER": 0.0, "TOWN_NAME": "Majengo", "TOWN_ID": 4, "TOWN_TYPE": "Market Centres" }, "geometry": { "type": "Point", "coordinates": [ 34.723836552136817, 0.052270912771499 ] } },
{ "type": "Feature", "properties": { "LAYER": "Unknown Point Feature", "AREA": 0.0, "PERIMETER": 0.0, "TOWN_NAME": "Wekhomo", "TOWN_ID": 4, "TOWN_TYPE": "Market Centres" }, "geometry": { "type": "Point", "coordinates": [ 34.620529606056408, 0.026904465366437 ] } },
{ "type": "Feature", "properties": { "LAYER": "Unknown Point Feature", "AREA": 0.0, "PERIMETER": 0.0, "TOWN_NAME": "Gambogi", "TOWN_ID": 4, "TOWN_TYPE": "Market Centres" }, "geometry": { "type": "Point", "coordinates": [ 34.737430791463311, 0.005440339664835 ] } },
{ "type": "Feature", "properties": { "LAYER": "Unknown Point Feature", "AREA": 0.0, "PERIMETER": 0.0, "TOWN_NAME": "Siaya", "TOWN_ID": 2, "TOWN_TYPE": "Township/Town" }, "geometry": { "type": "Point", "coordinates": [ 34.286508308488742, 0.063719057839238 ] } },
{ "type": "Feature", "properties": { "LAYER": "Unknown Point Feature", "AREA": 0.0, "PERIMETER": 0.0, "TOWN_NAME": "Ndere", "TOWN_ID": 4, "TOWN_TYPE": "Market Centres" }, "geometry": { "type": "Point", "coordinates": [ 34.283555268465712, 0.112638347889833 ] } },
{ "type": "Feature", "properties": { "LAYER": "Unknown Point Feature", "AREA": 0.0, "PERIMETER": 0.0, "TOWN_NAME": "Rangala", "TOWN_ID": 4, "TOWN_TYPE": "Market Centres" }, "geometry": { "type": "Point", "coordinates": [ 34.329978060451232, 0.155642533558022 ] } },
{ "type": "Feature", "properties": { "LAYER": "Unknown Point Feature", "AREA": 0.0, "PERIMETER": 0.0, "TOWN_NAME": "Ugunja", "TOWN_ID": 4, "TOWN_TYPE": "Market Centres" }, "geometry": { "type": "Point", "coordinates": [ 34.294687003614882, 0.183464032279885 ] } },
{ "type": "Feature", "properties": { "LAYER": "Unknown Point Feature", "AREA": 0.0, "PERIMETER": 0.0, "TOWN_NAME": "Sigomere", "TOWN_ID": 4, "TOWN_TYPE": "Market Centres" }, "geometry": { "type": "Point", "coordinates": [ 34.360524275092914, 0.203944417073051 ] } },
{ "type": "Feature", "properties": { "LAYER": "Unknown Point Feature", "AREA": 0.0, "PERIMETER": 0.0, "TOWN_NAME": "Musanda", "TOWN_ID": 4, "TOWN_TYPE": "Market Centres" }, "geometry": { "type": "Point", "coordinates": [ 34.442628479461419, 0.22276851336368 ] } },
{ "type": "Feature", "properties": { "LAYER": "Unknown Point Feature", "AREA": 0.0, "PERIMETER": 0.0, "TOWN_NAME": "Butere", "TOWN_ID": 2, "TOWN_TYPE": "Township/Town" }, "geometry": { "type": "Point", "coordinates": [ 34.493688016653401, 0.213834978787496 ] } },
{ "type": "Feature", "properties": { "LAYER": "Unknown Point Feature", "AREA": 0.0, "PERIMETER": 0.0, "TOWN_NAME": "Shiatsala", "TOWN_ID": 4, "TOWN_TYPE": "Market Centres" }, "geometry": { "type": "Point", "coordinates": [ 34.477070207168929, 0.177252863898138 ] } },
{ "type": "Feature", "properties": { "LAYER": "Unknown Point Feature", "AREA": 0.0, "PERIMETER": 0.0, "TOWN_NAME": "Sidindi", "TOWN_ID": 4, "TOWN_TYPE": "Market Centres" }, "geometry": { "type": "Point", "coordinates": [ 34.38014816389348, 0.158296049292833 ] } },
{ "type": "Feature", "properties": { "LAYER": "Unknown Point Feature", "AREA": 0.0, "PERIMETER": 0.0, "TOWN_NAME": "Ngiya", "TOWN_ID": 4, "TOWN_TYPE": "Market Centres" }, "geometry": { "type": "Point", "coordinates": [ 34.372551371181586, 0.046868597225334 ] } },
{ "type": "Feature", "properties": { "LAYER": "Unknown Point Feature", "AREA": 0.0, "PERIMETER": 0.0, "TOWN_NAME": "Timboroa", "TOWN_ID": 3, "TOWN_TYPE": "Trading Centre" }, "geometry": { "type": "Point", "coordinates": [ 35.542288271647173, 0.066675699055988 ] } },
{ "type": "Feature", "properties": { "LAYER": "Unknown Point Feature", "AREA": 0.0, "PERIMETER": 0.0, "TOWN_NAME": "Tumeiyo", "TOWN_ID": 4, "TOWN_TYPE": "Market Centres" }, "geometry": { "type": "Point", "coordinates": [ 35.528756931372726, 0.231765057757065 ] } },
{ "type": "Feature", "properties": { "LAYER": "Unknown Point Feature", "AREA": 0.0, "PERIMETER": 0.0, "TOWN_NAME": "Kamwosor", "TOWN_ID": 4, "TOWN_TYPE": "Market Centres" }, "geometry": { "type": "Point", "coordinates": [ 35.56932630778438, 0.203506067074375 ] } },
{ "type": "Feature", "properties": { "LAYER": "Unknown Point Feature", "AREA": 0.0, "PERIMETER": 0.0, "TOWN_NAME": "Torongo", "TOWN_ID": 4, "TOWN_TYPE": "Market Centres" }, "geometry": { "type": "Point", "coordinates": [ 35.601008410569975, 0.127500157870907 ] } },
{ "type": "Feature", "properties": { "LAYER": "Unknown Point Feature", "AREA": 0.0, "PERIMETER": 0.0, "TOWN_NAME": "Kapengutuny", "TOWN_ID": 4, "TOWN_TYPE": "Market Centres" }, "geometry": { "type": "Point", "coordinates": [ 35.565066954968096, 0.159234924263408 ] } },
{ "type": "Feature", "properties": { "LAYER": "Unknown Point Feature", "AREA": 0.0, "PERIMETER": 0.0, "TOWN_NAME": "Laboret", "TOWN_ID": 4, "TOWN_TYPE": "Market Centres" }, "geometry": { "type": "Point", "coordinates": [ 35.047126001054757, 0.503599233788 ] } },
{ "type": "Feature", "properties": { "LAYER": "Unknown Point Feature", "AREA": 0.0, "PERIMETER": 0.0, "TOWN_NAME": "Kabiemit", "TOWN_ID": 4, "TOWN_TYPE": "Market Centres" }, "geometry": { "type": "Point", "coordinates": [ 35.073864349104227, 0.521052805430111 ] } },
{ "type": "Feature", "properties": { "LAYER": "Unknown Point Feature", "AREA": 0.0, "PERIMETER": 0.0, "TOWN_NAME": "Ndalat", "TOWN_ID": 3, "TOWN_TYPE": "Trading Centre" }, "geometry": { "type": "Point", "coordinates": [ 35.094257505733864, 0.516507149675795 ] } },
{ "type": "Feature", "properties": { "LAYER": "Unknown Point Feature", "AREA": 0.0, "PERIMETER": 0.0, "TOWN_NAME": "Kaigat", "TOWN_ID": 4, "TOWN_TYPE": "Market Centres" }, "geometry": { "type": "Point", "coordinates": [ 35.107799096010886, 0.521995778848154 ] } },
{ "type": "Feature", "properties": { "LAYER": "Unknown Point Feature", "AREA": 0.0, "PERIMETER": 0.0, "TOWN_NAME": "Twendis", "TOWN_ID": 4, "TOWN_TYPE": "Market Centres" }, "geometry": { "type": "Point", "coordinates": [ 35.137452969329594, 0.522049378829944 ] } },
{ "type": "Feature", "properties": { "LAYER": "Unknown Point Feature", "AREA": 0.0, "PERIMETER": 0.0, "TOWN_NAME": "Toiyabet", "TOWN_ID": 4, "TOWN_TYPE": "Market Centres" }, "geometry": { "type": "Point", "coordinates": [ 35.216136934754189, 0.524529003009261 ] } },
{ "type": "Feature", "properties": { "LAYER": "Unknown Point Feature", "AREA": 0.0, "PERIMETER": 0.0, "TOWN_NAME": "Simat", "TOWN_ID": 3, "TOWN_TYPE": "Trading Centre" }, "geometry": { "type": "Point", "coordinates": [ 35.18022192511021, 0.526169751411045 ] } },
{ "type": "Feature", "properties": { "LAYER": "Unknown Point Feature", "AREA": 0.0, "PERIMETER": 0.0, "TOWN_NAME": "Kapkitui", "TOWN_ID": 4, "TOWN_TYPE": "Market Centres" }, "geometry": { "type": "Point", "coordinates": [ 35.059134763256601, 0.534475559614833 ] } },
{ "type": "Feature", "properties": { "LAYER": "Unknown Point Feature", "AREA": 0.0, "PERIMETER": 0.0, "TOWN_NAME": "Kaplemur", "TOWN_ID": 4, "TOWN_TYPE": "Market Centres" }, "geometry": { "type": "Point", "coordinates": [ 35.081387136111587, 0.53644127184597 ] } },
{ "type": "Feature", "properties": { "LAYER": "Unknown Point Feature", "AREA": 0.0, "PERIMETER": 0.0, "TOWN_NAME": "Chepkomet", "TOWN_ID": 4, "TOWN_TYPE": "Market Centres" }, "geometry": { "type": "Point", "coordinates": [ 35.021030541629159, 0.545736852627556 ] } },
{ "type": "Feature", "properties": { "LAYER": "Unknown Point Feature", "AREA": 0.0, "PERIMETER": 0.0, "TOWN_NAME": "Kapsaos", "TOWN_ID": 3, "TOWN_TYPE": "Trading Centre" }, "geometry": { "type": "Point", "coordinates": [ 35.220272935532954, 0.552628257326345 ] } },
{ "type": "Feature", "properties": { "LAYER": "Unknown Point Feature", "AREA": 0.0, "PERIMETER": 0.0, "TOWN_NAME": "Elgon", "TOWN_ID": 4, "TOWN_TYPE": "Market Centres" }, "geometry": { "type": "Point", "coordinates": [ 35.067695213304589, 0.566408517200784 ] } },
{ "type": "Feature", "properties": { "LAYER": "Unknown Point Feature", "AREA": 0.0, "PERIMETER": 0.0, "TOWN_NAME": "Sosiani", "TOWN_ID": 4, "TOWN_TYPE": "Market Centres" }, "geometry": { "type": "Point", "coordinates": [ 35.15788406586681, 0.566911228296867 ] } },
{ "type": "Feature", "properties": { "LAYER": "Unknown Point Feature", "AREA": 0.0, "PERIMETER": 0.0, "TOWN_NAME": "Kasachei", "TOWN_ID": 4, "TOWN_TYPE": "Market Centres" }, "geometry": { "type": "Point", "coordinates": [ 35.082243233255085, 0.59645418112701 ] } },
{ "type": "Feature", "properties": { "LAYER": "Unknown Point Feature", "AREA": 0.0, "PERIMETER": 0.0, "TOWN_NAME": "Turbo", "TOWN_ID": 3, "TOWN_TYPE": "Trading Centre" }, "geometry": { "type": "Point", "coordinates": [ 35.049828275129521, 0.635631470280422 ] } },
{ "type": "Feature", "properties": { "LAYER": "Unknown Point Feature", "AREA": 0.0, "PERIMETER": 0.0, "TOWN_NAME": "Soy", "TOWN_ID": 3, "TOWN_TYPE": "Trading Centre" }, "geometry": { "type": "Point", "coordinates": [ 35.155120037896985, 0.673157706528544 ] } },
{ "type": "Feature", "properties": { "LAYER": "Unknown Point Feature", "AREA": 0.0, "PERIMETER": 0.0, "TOWN_NAME": "Mbagara", "TOWN_ID": 4, "TOWN_TYPE": "Market Centres" }, "geometry": { "type": "Point", "coordinates": [ 35.01435016057998, 0.708859046977598 ] } },
{ "type": "Feature", "properties": { "LAYER": "Unknown Point Feature", "AREA": 0.0, "PERIMETER": 0.0, "TOWN_NAME": "Liguyani", "TOWN_ID": 4, "TOWN_TYPE": "Market Centres" }, "geometry": { "type": "Point", "coordinates": [ 35.102782008261897, 0.716660490363674 ] } },
{ "type": "Feature", "properties": { "LAYER": "Unknown Point Feature", "AREA": 0.0, "PERIMETER": 0.0, "TOWN_NAME": "Nzoia", "TOWN_ID": 4, "TOWN_TYPE": "Market Centres" }, "geometry": { "type": "Point", "coordinates": [ 35.05657178497912, 0.732386895687981 ] } },
{ "type": "Feature", "properties": { "LAYER": "Unknown Point Feature", "AREA": 0.0, "PERIMETER": 0.0, "TOWN_NAME": "Bukhoba", "TOWN_ID": 4, "TOWN_TYPE": "Market Centres" }, "geometry": { "type": "Point", "coordinates": [ 34.078674549689524, 0.115461706308712 ] } },
{ "type": "Feature", "properties": { "LAYER": "Unknown Point Feature", "AREA": 0.0, "PERIMETER": 0.0, "TOWN_NAME": "Ruambwa", "TOWN_ID": 4, "TOWN_TYPE": "Market Centres" }, "geometry": { "type": "Point", "coordinates": [ 34.093575037502013, 0.130082913971259 ] } },
{ "type": "Feature", "properties": { "LAYER": "Unknown Point Feature", "AREA": 0.0, "PERIMETER": 0.0, "TOWN_NAME": "Sifuyo", "TOWN_ID": 4, "TOWN_TYPE": "Market Centres" }, "geometry": { "type": "Point", "coordinates": [ 34.126678278531998, 0.15411132370503 ] } },
{ "type": "Feature", "properties": { "LAYER": "Unknown Point Feature", "AREA": 0.0, "PERIMETER": 0.0, "TOWN_NAME": "Luhano", "TOWN_ID": 4, "TOWN_TYPE": "Market Centres" }, "geometry": { "type": "Point", "coordinates": [ 34.167538180256003, 0.179945882370782 ] } },
{ "type": "Feature", "properties": { "LAYER": "Unknown Point Feature", "AREA": 0.0, "PERIMETER": 0.0, "TOWN_NAME": "Ukwala", "TOWN_ID": 3, "TOWN_TYPE": "Trading Centre" }, "geometry": { "type": "Point", "coordinates": [ 34.188576973395392, 0.196047384976297 ] } },
{ "type": "Feature", "properties": { "LAYER": "Unknown Point Feature", "AREA": 0.0, "PERIMETER": 0.0, "TOWN_NAME": "North Nzoia", "TOWN_ID": 4, "TOWN_TYPE": "Market Centres" }, "geometry": { "type": "Point", "coordinates": [ 34.222114076958412, 0.175657362591259 ] } },
{ "type": "Feature", "properties": { "LAYER": "Unknown Point Feature", "AREA": 0.0, "PERIMETER": 0.0, "TOWN_NAME": "South Nzoia", "TOWN_ID": 4, "TOWN_TYPE": "Market Centres" }, "geometry": { "type": "Point", "coordinates": [ 34.228649887276013, 0.177317728409205 ] } },
{ "type": "Feature", "properties": { "LAYER": "Unknown Point Feature", "AREA": 0.0, "PERIMETER": 0.0, "TOWN_NAME": "Uwai", "TOWN_ID": 4, "TOWN_TYPE": "Market Centres" }, "geometry": { "type": "Point", "coordinates": [ 34.165389428467122, 0.243915091930365 ] } },
{ "type": "Feature", "properties": { "LAYER": "Unknown Point Feature", "AREA": 0.0, "PERIMETER": 0.0, "TOWN_NAME": "Bukiri", "TOWN_ID": 4, "TOWN_TYPE": "Market Centres" }, "geometry": { "type": "Point", "coordinates": [ 34.086794570184466, 0.23098373426972 ] } },
{ "type": "Feature", "properties": { "LAYER": "Unknown Point Feature", "AREA": 0.0, "PERIMETER": 0.0, "TOWN_NAME": "Sio Port", "TOWN_ID": 4, "TOWN_TYPE": "Market Centres" }, "geometry": { "type": "Point", "coordinates": [ 34.022189588985825, 0.227056961600182 ] } },
{ "type": "Feature", "properties": { "LAYER": "Unknown Point Feature", "AREA": 0.0, "PERIMETER": 0.0, "TOWN_NAME": "Mundere", "TOWN_ID": 4, "TOWN_TYPE": "Market Centres" }, "geometry": { "type": "Point", "coordinates": [ 34.014949469227574, 0.143135147141991 ] } },
{ "type": "Feature", "properties": { "LAYER": "Unknown Point Feature", "AREA": 0.0, "PERIMETER": 0.0, "TOWN_NAME": "Bukangasi", "TOWN_ID": 4, "TOWN_TYPE": "Market Centres" }, "geometry": { "type": "Point", "coordinates": [ 34.024746005356327, 0.09429037716323 ] } },
{ "type": "Feature", "properties": { "LAYER": "Unknown Point Feature", "AREA": 0.0, "PERIMETER": 0.0, "TOWN_NAME": "Kirobi", "TOWN_ID": 4, "TOWN_TYPE": "Market Centres" }, "geometry": { "type": "Point", "coordinates": [ 35.285229724949943, 0.145732104481917 ] } },
{ "type": "Feature", "properties": { "LAYER": "Unknown Point Feature", "AREA": 0.0, "PERIMETER": 0.0, "TOWN_NAME": "Koilot", "TOWN_ID": 4, "TOWN_TYPE": "Market Centres" }, "geometry": { "type": "Point", "coordinates": [ 35.312530261717264, 0.18026974121414 ] } },
{ "type": "Feature", "properties": { "LAYER": "Unknown Point Feature", "AREA": 0.0, "PERIMETER": 0.0, "TOWN_NAME": "Mogoon", "TOWN_ID": 3, "TOWN_TYPE": "Trading Centre" }, "geometry": { "type": "Point", "coordinates": [ 35.273336850612964, 0.188353578059915 ] } },
{ "type": "Feature", "properties": { "LAYER": "Unknown Point Feature", "AREA": 0.0, "PERIMETER": 0.0, "TOWN_NAME": "Lessos", "TOWN_ID": 3, "TOWN_TYPE": "Trading Centre" }, "geometry": { "type": "Point", "coordinates": [ 35.298878275417124, 0.216277080868515 ] } },
{ "type": "Feature", "properties": { "LAYER": "Unknown Point Feature", "AREA": 0.0, "PERIMETER": 0.0, "TOWN_NAME": "Songoliet", "TOWN_ID": 4, "TOWN_TYPE": "Market Centres" }, "geometry": { "type": "Point", "coordinates": [ 35.255712182512688, 0.241669809268327 ] } },
{ "type": "Feature", "properties": { "LAYER": "Unknown Point Feature", "AREA": 0.0, "PERIMETER": 0.0, "TOWN_NAME": "Burnt Forest", "TOWN_ID": 3, "TOWN_TYPE": "Trading Centre" }, "geometry": { "type": "Point", "coordinates": [ 35.436533208902866, 0.21438341404841 ] } },
{ "type": "Feature", "properties": { "LAYER": "Unknown Point Feature", "AREA": 0.0, "PERIMETER": 0.0, "TOWN_NAME": "Haraka", "TOWN_ID": 4, "TOWN_TYPE": "Market Centres" }, "geometry": { "type": "Point", "coordinates": [ 35.442012155898539, 0.240211673971911 ] } },
{ "type": "Feature", "properties": { "LAYER": "Unknown Point Feature", "AREA": 0.0, "PERIMETER": 0.0, "TOWN_NAME": "Nabkoi", "TOWN_ID": 4, "TOWN_TYPE": "Market Centres" }, "geometry": { "type": "Point", "coordinates": [ 35.453372085999668, 0.141185744129916 ] } },
{ "type": "Feature", "properties": { "LAYER": "Unknown Point Feature", "AREA": 0.0, "PERIMETER": 0.0, "TOWN_NAME": "Jara", "TOWN_ID": 4, "TOWN_TYPE": "Market Centres" }, "geometry": { "type": "Point", "coordinates": [ 34.263455743067603, 0.2900548092206 ] } },
{ "type": "Feature", "properties": { "LAYER": "Unknown Point Feature", "AREA": 0.0, "PERIMETER": 0.0, "TOWN_NAME": "Bufula Muanda", "TOWN_ID": 4, "TOWN_TYPE": "Market Centres" }, "geometry": { "type": "Point", "coordinates": [ 34.335264619700816, 0.348140870782678 ] } },
{ "type": "Feature", "properties": { "LAYER": "Unknown Point Feature", "AREA": 0.0, "PERIMETER": 0.0, "TOWN_NAME": "Nyapera", "TOWN_ID": 4, "TOWN_TYPE": "Market Centres" }, "geometry": { "type": "Point", "coordinates": [ 34.357565410265472, 0.34562461840308 ] } },
{ "type": "Feature", "properties": { "LAYER": "Unknown Point Feature", "AREA": 0.0, "PERIMETER": 0.0, "TOWN_NAME": "Buhuyi", "TOWN_ID": 4, "TOWN_TYPE": "Market Centres" }, "geometry": { "type": "Point", "coordinates": [ 34.403857855128436, 0.368499071192693 ] } },
{ "type": "Feature", "properties": { "LAYER": "Unknown Point Feature", "AREA": 0.0, "PERIMETER": 0.0, "TOWN_NAME": "Mumias", "TOWN_ID": 2, "TOWN_TYPE": "Township/Town" }, "geometry": { "type": "Point", "coordinates": [ 34.487416418634147, 0.385102371026764 ] } },
{ "type": "Feature", "properties": { "LAYER": "Unknown Point Feature", "AREA": 0.0, "PERIMETER": 0.0, "TOWN_NAME": "Samanzi", "TOWN_ID": 4, "TOWN_TYPE": "Market Centres" }, "geometry": { "type": "Point", "coordinates": [ 34.489814547326155, 0.340698879274684 ] } },
{ "type": "Feature", "properties": { "LAYER": "Unknown Point Feature", "AREA": 0.0, "PERIMETER": 0.0, "TOWN_NAME": "Luanda", "TOWN_ID": 4, "TOWN_TYPE": "Market Centres" }, "geometry": { "type": "Point", "coordinates": [ 34.462164626092715, 0.282005475500606 ] } },
{ "type": "Feature", "properties": { "LAYER": "Unknown Point Feature", "AREA": 0.0, "PERIMETER": 0.0, "TOWN_NAME": "Koyonzo", "TOWN_ID": 4, "TOWN_TYPE": "Market Centres" }, "geometry": { "type": "Point", "coordinates": [ 34.462955442515515, 0.438469123047474 ] } },
{ "type": "Feature", "properties": { "LAYER": "Unknown Point Feature", "AREA": 0.0, "PERIMETER": 0.0, "TOWN_NAME": "Lugulu", "TOWN_ID": 3, "TOWN_TYPE": "Trading Centre" }, "geometry": { "type": "Point", "coordinates": [ 34.250974224750735, 0.458167130394317 ] } },
{ "type": "Feature", "properties": { "LAYER": "Unknown Point Feature", "AREA": 0.0, "PERIMETER": 0.0, "TOWN_NAME": "Buyofu", "TOWN_ID": 4, "TOWN_TYPE": "Market Centres" }, "geometry": { "type": "Point", "coordinates": [ 34.303523540075375, 0.40168497724008 ] } },
{ "type": "Feature", "properties": { "LAYER": "Unknown Point Feature", "AREA": 0.0, "PERIMETER": 0.0, "TOWN_NAME": "Nalianda", "TOWN_ID": 4, "TOWN_TYPE": "Market Centres" }, "geometry": { "type": "Point", "coordinates": [ 34.385418258983876, 0.494048187378182 ] } },
{ "type": "Feature", "properties": { "LAYER": "Unknown Point Feature", "AREA": 0.0, "PERIMETER": 0.0, "TOWN_NAME": "Chebororwa", "TOWN_ID": 4, "TOWN_TYPE": "Market Centres" }, "geometry": { "type": "Point", "coordinates": [ 35.391864301599597, 0.946627137543241 ] } },
{ "type": "Feature", "properties": { "LAYER": "Unknown Point Feature", "AREA": 0.0, "PERIMETER": 0.0, "TOWN_NAME": "Chebiemit", "TOWN_ID": 3, "TOWN_TYPE": "Trading Centre" }, "geometry": { "type": "Point", "coordinates": [ 35.499394368905101, 0.854132142716166 ] } },
{ "type": "Feature", "properties": { "LAYER": "Unknown Point Feature", "AREA": 0.0, "PERIMETER": 0.0, "TOWN_NAME": "Bugar", "TOWN_ID": 4, "TOWN_TYPE": "Market Centres" }, "geometry": { "type": "Point", "coordinates": [ 35.497650981637911, 0.758785580103164 ] } },
{ "type": "Feature", "properties": { "LAYER": "Unknown Point Feature", "AREA": 0.0, "PERIMETER": 0.0, "TOWN_NAME": "Tenges", "TOWN_ID": 3, "TOWN_TYPE": "Trading Centre" }, "geometry": { "type": "Point", "coordinates": [ 35.801380396994666, 0.318947484323735 ] } },
{ "type": "Feature", "properties": { "LAYER": "Unknown Point Feature", "AREA": 0.0, "PERIMETER": 0.0, "TOWN_NAME": "Sacho", "TOWN_ID": 3, "TOWN_TYPE": "Trading Centre" }, "geometry": { "type": "Point", "coordinates": [ 35.78851086697459, 0.380767295334519 ] } },
{ "type": "Feature", "properties": { "LAYER": "Unknown Point Feature", "AREA": 0.0, "PERIMETER": 0.0, "TOWN_NAME": "Timboiwo", "TOWN_ID": 4, "TOWN_TYPE": "Market Centres" }, "geometry": { "type": "Point", "coordinates": [ 35.799374769868749, 0.422296655057659 ] } },
{ "type": "Feature", "properties": { "LAYER": "Unknown Point Feature", "AREA": 0.0, "PERIMETER": 0.0, "TOWN_NAME": "Kasoiyo", "TOWN_ID": 4, "TOWN_TYPE": "Market Centres" }, "geometry": { "type": "Point", "coordinates": [ 35.760470590502749, 0.482323985385921 ] } },
{ "type": "Feature", "properties": { "LAYER": "Unknown Point Feature", "AREA": 0.0, "PERIMETER": 0.0, "TOWN_NAME": "Kituro", "TOWN_ID": 4, "TOWN_TYPE": "Market Centres" }, "geometry": { "type": "Point", "coordinates": [ 35.789053007412633, 0.481500684098013 ] } },
{ "type": "Feature", "properties": { "LAYER": "Unknown Point Feature", "AREA": 0.0, "PERIMETER": 0.0, "TOWN_NAME": "Kamungei", "TOWN_ID": 4, "TOWN_TYPE": "Market Centres" }, "geometry": { "type": "Point", "coordinates": [ 35.859668398219398, 0.483452949142952 ] } },
{ "type": "Feature", "properties": { "LAYER": "Unknown Point Feature", "AREA": 0.0, "PERIMETER": 0.0, "TOWN_NAME": "Marigat", "TOWN_ID": 3, "TOWN_TYPE": "Trading Centre" }, "geometry": { "type": "Point", "coordinates": [ 35.984637352520302, 0.473817376543155 ] } },
{ "type": "Feature", "properties": { "LAYER": "Unknown Point Feature", "AREA": 0.0, "PERIMETER": 0.0, "TOWN_NAME": "Kaptim", "TOWN_ID": 4, "TOWN_TYPE": "Market Centres" }, "geometry": { "type": "Point", "coordinates": [ 35.961114038794264, 0.403879235758051 ] } },
{ "type": "Feature", "properties": { "LAYER": "Unknown Point Feature", "AREA": 0.0, "PERIMETER": 0.0, "TOWN_NAME": "Ratat", "TOWN_ID": 4, "TOWN_TYPE": "Market Centres" }, "geometry": { "type": "Point", "coordinates": [ 35.923458047747822, 0.302758027365431 ] } },
{ "type": "Feature", "properties": { "LAYER": "Unknown Point Feature", "AREA": 0.0, "PERIMETER": 0.0, "TOWN_NAME": "Matsakha", "TOWN_ID": 4, "TOWN_TYPE": "Market Centres" }, "geometry": { "type": "Point", "coordinates": [ 34.81469331343196, 0.529780107980233 ] } },
{ "type": "Feature", "properties": { "LAYER": "Unknown Point Feature", "AREA": 0.0, "PERIMETER": 0.0, "TOWN_NAME": "Broderick Fal", "TOWN_ID": 4, "TOWN_TYPE": "Market Centres" }, "geometry": { "type": "Point", "coordinates": [ 34.774355047497707, 0.605338320372533 ] } },
{ "type": "Feature", "properties": { "LAYER": "Unknown Point Feature", "AREA": 0.0, "PERIMETER": 0.0, "TOWN_NAME": "Misikhu", "TOWN_ID": 4, "TOWN_TYPE": "Market Centres" }, "geometry": { "type": "Point", "coordinates": [ 34.754801251523389, 0.718848168933727 ] } },
{ "type": "Feature", "properties": { "LAYER": "Unknown Point Feature", "AREA": 0.0, "PERIMETER": 0.0, "TOWN_NAME": "Lugari", "TOWN_ID": 4, "TOWN_TYPE": "Market Centres" }, "geometry": { "type": "Point", "coordinates": [ 34.874390341939922, 0.652760328068038 ] } },
{ "type": "Feature", "properties": { "LAYER": "Unknown Point Feature", "AREA": 0.0, "PERIMETER": 0.0, "TOWN_NAME": "Kipkaren", "TOWN_ID": 3, "TOWN_TYPE": "Trading Centre" }, "geometry": { "type": "Point", "coordinates": [ 34.961917075766436, 0.611390983239255 ] } },
{ "type": "Feature", "properties": { "LAYER": "Unknown Point Feature", "AREA": 0.0, "PERIMETER": 0.0, "TOWN_NAME": "Chepterwai", "TOWN_ID": 4, "TOWN_TYPE": "Market Centres" }, "geometry": { "type": "Point", "coordinates": [ 34.93649484484348, 0.526585476934809 ] } },
{ "type": "Feature", "properties": { "LAYER": "Unknown Point Feature", "AREA": 0.0, "PERIMETER": 0.0, "TOWN_NAME": "Kipkabus", "TOWN_ID": 3, "TOWN_TYPE": "Trading Centre" }, "geometry": { "type": "Point", "coordinates": [ 35.501427531616457, 0.303745907341878 ] } },
{ "type": "Feature", "properties": { "LAYER": "Unknown Point Feature", "AREA": 0.0, "PERIMETER": 0.0, "TOWN_NAME": "Nyeru", "TOWN_ID": 4, "TOWN_TYPE": "Market Centres" }, "geometry": { "type": "Point", "coordinates": [ 35.576573666497694, 0.329020914457281 ] } },
{ "type": "Feature", "properties": { "LAYER": "Unknown Point Feature", "AREA": 0.0, "PERIMETER": 0.0, "TOWN_NAME": "Cheoeget", "TOWN_ID": 4, "TOWN_TYPE": "Market Centres" }, "geometry": { "type": "Point", "coordinates": [ 35.533835586526273, 0.385794000781112 ] } },
{ "type": "Feature", "properties": { "LAYER": "Unknown Point Feature", "AREA": 0.0, "PERIMETER": 0.0, "TOWN_NAME": "Kaptarakwa", "TOWN_ID": 3, "TOWN_TYPE": "Trading Centre" }, "geometry": { "type": "Point", "coordinates": [ 35.54460816846553, 0.468339911457193 ] } },
{ "type": "Feature", "properties": { "LAYER": "Unknown Point Feature", "AREA": 0.0, "PERIMETER": 0.0, "TOWN_NAME": "Chebloch", "TOWN_ID": 4, "TOWN_TYPE": "Market Centres" }, "geometry": { "type": "Point", "coordinates": [ 35.682901099077355, 0.462754776001816 ] } },
{ "type": "Feature", "properties": { "LAYER": "Unknown Point Feature", "AREA": 0.0, "PERIMETER": 0.0, "TOWN_NAME": "Kabarnet", "TOWN_ID": 3, "TOWN_TYPE": "Trading Centre" }, "geometry": { "type": "Point", "coordinates": [ 35.745361624020518, 0.49498370568626 ] } },
{ "type": "Feature", "properties": { "LAYER": "Unknown Point Feature", "AREA": 0.0, "PERIMETER": 0.0, "TOWN_NAME": "Cheptiret", "TOWN_ID": 4, "TOWN_TYPE": "Market Centres" }, "geometry": { "type": "Point", "coordinates": [ 35.355980860356823, 0.358808788961428 ] } },
{ "type": "Feature", "properties": { "LAYER": "Unknown Point Feature", "AREA": 0.0, "PERIMETER": 0.0, "TOWN_NAME": "Katagat", "TOWN_ID": 3, "TOWN_TYPE": "Trading Centre" }, "geometry": { "type": "Point", "coordinates": [ 35.480581470877418, 0.432056861197355 ] } },
{ "type": "Feature", "properties": { "LAYER": "Unknown Point Feature", "AREA": 0.0, "PERIMETER": 0.0, "TOWN_NAME": "Ndurio", "TOWN_ID": 4, "TOWN_TYPE": "Market Centres" }, "geometry": { "type": "Point", "coordinates": [ 35.028507237590929, 0.027218626057031 ] } },
{ "type": "Feature", "properties": { "LAYER": "Unknown Point Feature", "AREA": 0.0, "PERIMETER": 0.0, "TOWN_NAME": "Kaptumo", "TOWN_ID": 4, "TOWN_TYPE": "Market Centres" }, "geometry": { "type": "Point", "coordinates": [ 35.070211136634725, 0.076021586448665 ] } },
{ "type": "Feature", "properties": { "LAYER": "Unknown Point Feature", "AREA": 0.0, "PERIMETER": 0.0, "TOWN_NAME": "Aldai", "TOWN_ID": 3, "TOWN_TYPE": "Trading Centre" }, "geometry": { "type": "Point", "coordinates": [ 35.074842715603893, 0.083213267739258 ] } },
{ "type": "Feature", "properties": { "LAYER": "Unknown Point Feature", "AREA": 0.0, "PERIMETER": 0.0, "TOWN_NAME": "Mugundoi", "TOWN_ID": 4, "TOWN_TYPE": "Market Centres" }, "geometry": { "type": "Point", "coordinates": [ 35.120953258713172, 0.12558420094518 ] } },
{ "type": "Feature", "properties": { "LAYER": "Unknown Point Feature", "AREA": 0.0, "PERIMETER": 0.0, "TOWN_NAME": "Nandi Hills", "TOWN_ID": 2, "TOWN_TYPE": "Township/Town" }, "geometry": { "type": "Point", "coordinates": [ 35.183156193106576, 0.107822586485415 ] } },
{ "type": "Feature", "properties": { "LAYER": "Unknown Point Feature", "AREA": 0.0, "PERIMETER": 0.0, "TOWN_NAME": "Khartoum", "TOWN_ID": 4, "TOWN_TYPE": "Market Centres" }, "geometry": { "type": "Point", "coordinates": [ 35.23000168286304, 0.124936160385682 ] } },
{ "type": "Feature", "properties": { "LAYER": "Unknown Point Feature", "AREA": 0.0, "PERIMETER": 0.0, "TOWN_NAME": "Kapsumbeiwa", "TOWN_ID": 4, "TOWN_TYPE": "Market Centres" }, "geometry": { "type": "Point", "coordinates": [ 35.238928919755736, 0.140422769604519 ] } },
{ "type": "Feature", "properties": { "LAYER": "Unknown Point Feature", "AREA": 0.0, "PERIMETER": 0.0, "TOWN_NAME": "Chepkunyuk", "TOWN_ID": 4, "TOWN_TYPE": "Market Centres" }, "geometry": { "type": "Point", "coordinates": [ 35.229656206829958, 0.157001054518404 ] } },
{ "type": "Feature", "properties": { "LAYER": "Unknown Point Feature", "AREA": 0.0, "PERIMETER": 0.0, "TOWN_NAME": "Kibiok", "TOWN_ID": 4, "TOWN_TYPE": "Market Centres" }, "geometry": { "type": "Point", "coordinates": [ 35.244777917927252, 0.175676636852187 ] } },
{ "type": "Feature", "properties": { "LAYER": "Unknown Point Feature", "AREA": 0.0, "PERIMETER": 0.0, "TOWN_NAME": "Kilibwoni", "TOWN_ID": 3, "TOWN_TYPE": "Trading Centre" }, "geometry": { "type": "Point", "coordinates": [ 35.230033488581739, 0.21211874452451 ] } },
{ "type": "Feature", "properties": { "LAYER": "Unknown Point Feature", "AREA": 0.0, "PERIMETER": 0.0, "TOWN_NAME": "Arwos", "TOWN_ID": 4, "TOWN_TYPE": "Market Centres" }, "geometry": { "type": "Point", "coordinates": [ 35.203528391647666, 0.204875831438472 ] } },
{ "type": "Feature", "properties": { "LAYER": "Unknown Point Feature", "AREA": 0.0, "PERIMETER": 0.0, "TOWN_NAME": "Kabirirsang", "TOWN_ID": 4, "TOWN_TYPE": "Market Centres" }, "geometry": { "type": "Point", "coordinates": [ 35.167369489662661, 0.171947308023833 ] } },
{ "type": "Feature", "properties": { "LAYER": "Unknown Point Feature", "AREA": 0.0, "PERIMETER": 0.0, "TOWN_NAME": "Meswo", "TOWN_ID": 4, "TOWN_TYPE": "Market Centres" }, "geometry": { "type": "Point", "coordinates": [ 35.122493964886424, 0.177532132859219 ] } },
{ "type": "Feature", "properties": { "LAYER": "Unknown Point Feature", "AREA": 0.0, "PERIMETER": 0.0, "TOWN_NAME": "Kapsabet", "TOWN_ID": 2, "TOWN_TYPE": "Township/Town" }, "geometry": { "type": "Point", "coordinates": [ 35.107505274981335, 0.207100260034544 ] } },
{ "type": "Feature", "properties": { "LAYER": "Unknown Point Feature", "AREA": 0.0, "PERIMETER": 0.0, "TOWN_NAME": "Kapsasur", "TOWN_ID": 4, "TOWN_TYPE": "Market Centres" }, "geometry": { "type": "Point", "coordinates": [ 35.036449834797843, 0.19846560689808 ] } },
{ "type": "Feature", "properties": { "LAYER": "Unknown Point Feature", "AREA": 0.0, "PERIMETER": 0.0, "TOWN_NAME": "Kakamega", "TOWN_ID": 1, "TOWN_TYPE": "Municipality" }, "geometry": { "type": "Point", "coordinates": [ 34.752722048579962, 0.290191220144005 ] } },
{ "type": "Feature", "properties": { "LAYER": "Unknown Point Feature", "AREA": 0.0, "PERIMETER": 0.0, "TOWN_NAME": "Lubao", "TOWN_ID": 4, "TOWN_TYPE": "Market Centres" }, "geometry": { "type": "Point", "coordinates": [ 34.813817470194849, 0.341809638087042 ] } },
{ "type": "Feature", "properties": { "LAYER": "Unknown Point Feature", "AREA": 0.0, "PERIMETER": 0.0, "TOWN_NAME": "Mwanza", "TOWN_ID": 4, "TOWN_TYPE": "Market Centres" }, "geometry": { "type": "Point", "coordinates": [ 34.853710381910837, 0.383255501091302 ] } },
{ "type": "Feature", "properties": { "LAYER": "Unknown Point Feature", "AREA": 0.0, "PERIMETER": 0.0, "TOWN_NAME": "Malava", "TOWN_ID": 3, "TOWN_TYPE": "Trading Centre" }, "geometry": { "type": "Point", "coordinates": [ 34.851665851898019, 0.457193270019847 ] } },
{ "type": "Feature", "properties": { "LAYER": "Unknown Point Feature", "AREA": 0.0, "PERIMETER": 0.0, "TOWN_NAME": "Butali", "TOWN_ID": 4, "TOWN_TYPE": "Market Centres" }, "geometry": { "type": "Point", "coordinates": [ 34.835752086294519, 0.500935014961695 ] } },
{ "type": "Feature", "properties": { "LAYER": "Unknown Point Feature", "AREA": 0.0, "PERIMETER": 0.0, "TOWN_NAME": "Shipala", "TOWN_ID": 4, "TOWN_TYPE": "Market Centres" }, "geometry": { "type": "Point", "coordinates": [ 34.81261821402957, 0.471999761408317 ] } },
{ "type": "Feature", "properties": { "LAYER": "Unknown Point Feature", "AREA": 0.0, "PERIMETER": 0.0, "TOWN_NAME": "Ngarira", "TOWN_ID": 4, "TOWN_TYPE": "Market Centres" }, "geometry": { "type": "Point", "coordinates": [ 34.910145465225256, 0.381249792430734 ] } },
{ "type": "Feature", "properties": { "LAYER": "Unknown Point Feature", "AREA": 0.0, "PERIMETER": 0.0, "TOWN_NAME": "Kambiri", "TOWN_ID": 4, "TOWN_TYPE": "Market Centres" }, "geometry": { "type": "Point", "coordinates": [ 34.929714377162412, 0.330065574374955 ] } },
{ "type": "Feature", "properties": { "LAYER": "Unknown Point Feature", "AREA": 0.0, "PERIMETER": 0.0, "TOWN_NAME": "Koli", "TOWN_ID": 4, "TOWN_TYPE": "Market Centres" }, "geometry": { "type": "Point", "coordinates": [ 34.939995063094784, 0.401370762908813 ] } },
{ "type": "Feature", "properties": { "LAYER": "Unknown Point Feature", "AREA": 0.0, "PERIMETER": 0.0, "TOWN_NAME": "Kurgung", "TOWN_ID": 4, "TOWN_TYPE": "Market Centres" }, "geometry": { "type": "Point", "coordinates": [ 34.982317263961434, 0.466967650044815 ] } },
{ "type": "Feature", "properties": { "LAYER": "Unknown Point Feature", "AREA": 0.0, "PERIMETER": 0.0, "TOWN_NAME": "Kongoro", "TOWN_ID": 4, "TOWN_TYPE": "Market Centres" }, "geometry": { "type": "Point", "coordinates": [ 34.918544979325311, 0.006138327681064 ] } },
{ "type": "Feature", "properties": { "LAYER": "Unknown Point Feature", "AREA": 0.0, "PERIMETER": 0.0, "TOWN_NAME": "Japrok", "TOWN_ID": 4, "TOWN_TYPE": "Market Centres" }, "geometry": { "type": "Point", "coordinates": [ 34.782566980225596, 0.016812674621268 ] } },
{ "type": "Feature", "properties": { "LAYER": "Unknown Point Feature", "AREA": 0.0, "PERIMETER": 0.0, "TOWN_NAME": "Kinu", "TOWN_ID": 4, "TOWN_TYPE": "Market Centres" }, "geometry": { "type": "Point", "coordinates": [ 34.818700994608299, 0.024990925320475 ] } },
{ "type": "Feature", "properties": { "LAYER": "Unknown Point Feature", "AREA": 0.0, "PERIMETER": 0.0, "TOWN_NAME": "Serem", "TOWN_ID": 4, "TOWN_TYPE": "Market Centres" }, "geometry": { "type": "Point", "coordinates": [ 34.883787275850374, 0.043530111026555 ] } },
{ "type": "Feature", "properties": { "LAYER": "Unknown Point Feature", "AREA": 0.0, "PERIMETER": 0.0, "TOWN_NAME": "Wengondo", "TOWN_ID": 4, "TOWN_TYPE": "Market Centres" }, "geometry": { "type": "Point", "coordinates": [ 34.960361121669315, 0.038911421145249 ] } },
{ "type": "Feature", "properties": { "LAYER": "Unknown Point Feature", "AREA": 0.0, "PERIMETER": 0.0, "TOWN_NAME": "Shamakhokho", "TOWN_ID": 4, "TOWN_TYPE": "Market Centres" }, "geometry": { "type": "Point", "coordinates": [ 34.819523335725336, 0.048891449927666 ] } },
{ "type": "Feature", "properties": { "LAYER": "Unknown Point Feature", "AREA": 0.0, "PERIMETER": 0.0, "TOWN_NAME": "Mudete", "TOWN_ID": 4, "TOWN_TYPE": "Market Centres" }, "geometry": { "type": "Point", "coordinates": [ 34.785796032911612, 0.046784155914607 ] } },
{ "type": "Feature", "properties": { "LAYER": "Unknown Point Feature", "AREA": 0.0, "PERIMETER": 0.0, "TOWN_NAME": "Mulundu", "TOWN_ID": 4, "TOWN_TYPE": "Market Centres" }, "geometry": { "type": "Point", "coordinates": [ 34.920216327609836, 0.068436271906511 ] } },
{ "type": "Feature", "properties": { "LAYER": "Unknown Point Feature", "AREA": 0.0, "PERIMETER": 0.0, "TOWN_NAME": "Khayega", "TOWN_ID": 4, "TOWN_TYPE": "Market Centres" }, "geometry": { "type": "Point", "coordinates": [ 34.796500906052906, 0.075180980949646 ] } },
{ "type": "Feature", "properties": { "LAYER": "Unknown Point Feature", "AREA": 0.0, "PERIMETER": 0.0, "TOWN_NAME": "Shinyalu", "TOWN_ID": 4, "TOWN_TYPE": "Market Centres" }, "geometry": { "type": "Point", "coordinates": [ 34.806928790960789, 0.080125706796339 ] } },
{ "type": "Feature", "properties": { "LAYER": "Unknown Point Feature", "AREA": 0.0, "PERIMETER": 0.0, "TOWN_NAME": "Kombe", "TOWN_ID": 4, "TOWN_TYPE": "Market Centres" }, "geometry": { "type": "Point", "coordinates": [ 35.028428674635691, 0.258139329907015 ] } },
{ "type": "Feature", "properties": { "LAYER": "Unknown Point Feature", "AREA": 0.0, "PERIMETER": 0.0, "TOWN_NAME": "Tulon", "TOWN_ID": 4, "TOWN_TYPE": "Market Centres" }, "geometry": { "type": "Point", "coordinates": [ 35.111015428219496, 0.262526822680279 ] } },
{ "type": "Feature", "properties": { "LAYER": "Unknown Point Feature", "AREA": 0.0, "PERIMETER": 0.0, "TOWN_NAME": "Ndubenet", "TOWN_ID": 4, "TOWN_TYPE": "Market Centres" }, "geometry": { "type": "Point", "coordinates": [ 35.207972929749609, 0.265747511073566 ] } },
{ "type": "Feature", "properties": { "LAYER": "Unknown Point Feature", "AREA": 0.0, "PERIMETER": 0.0, "TOWN_NAME": "Mateget", "TOWN_ID": 4, "TOWN_TYPE": "Market Centres" }, "geometry": { "type": "Point", "coordinates": [ 35.208477524261866, 0.252990415133689 ] } },
{ "type": "Feature", "properties": { "LAYER": "Unknown Point Feature", "AREA": 0.0, "PERIMETER": 0.0, "TOWN_NAME": "Cheptarit", "TOWN_ID": 4, "TOWN_TYPE": "Market Centres" }, "geometry": { "type": "Point", "coordinates": [ 35.23827252114458, 0.255276383901061 ] } },
{ "type": "Feature", "properties": { "LAYER": "Unknown Point Feature", "AREA": 0.0, "PERIMETER": 0.0, "TOWN_NAME": "Kosirai", "TOWN_ID": 3, "TOWN_TYPE": "Trading Centre" }, "geometry": { "type": "Point", "coordinates": [ 35.241639556616036, 0.295339782704816 ] } },
{ "type": "Feature", "properties": { "LAYER": "Unknown Point Feature", "AREA": 0.0, "PERIMETER": 0.0, "TOWN_NAME": "Kokwet", "TOWN_ID": 4, "TOWN_TYPE": "Market Centres" }, "geometry": { "type": "Point", "coordinates": [ 35.209004261591929, 0.31106570112239 ] } },
{ "type": "Feature", "properties": { "LAYER": "Unknown Point Feature", "AREA": 0.0, "PERIMETER": 0.0, "TOWN_NAME": "Sironoi", "TOWN_ID": 4, "TOWN_TYPE": "Market Centres" }, "geometry": { "type": "Point", "coordinates": [ 35.178770780388746, 0.289428798764016 ] } },
{ "type": "Feature", "properties": { "LAYER": "Unknown Point Feature", "AREA": 0.0, "PERIMETER": 0.0, "TOWN_NAME": "Kibebetiet", "TOWN_ID": 4, "TOWN_TYPE": "Market Centres" }, "geometry": { "type": "Point", "coordinates": [ 35.143802539186368, 0.275898880051537 ] } },
{ "type": "Feature", "properties": { "LAYER": "Unknown Point Feature", "AREA": 0.0, "PERIMETER": 0.0, "TOWN_NAME": "Kabiyet", "TOWN_ID": 3, "TOWN_TYPE": "Trading Centre" }, "geometry": { "type": "Point", "coordinates": [ 35.124305307657643, 0.316126677549647 ] } },
{ "type": "Feature", "properties": { "LAYER": "Unknown Point Feature", "AREA": 0.0, "PERIMETER": 0.0, "TOWN_NAME": "Bibiriet", "TOWN_ID": 4, "TOWN_TYPE": "Market Centres" }, "geometry": { "type": "Point", "coordinates": [ 35.118809832849884, 0.345416671662337 ] } },
{ "type": "Feature", "properties": { "LAYER": "Unknown Point Feature", "AREA": 0.0, "PERIMETER": 0.0, "TOWN_NAME": "Mutwot", "TOWN_ID": 4, "TOWN_TYPE": "Market Centres" }, "geometry": { "type": "Point", "coordinates": [ 35.105507719939077, 0.306809374862929 ] } },
{ "type": "Feature", "properties": { "LAYER": "Unknown Point Feature", "AREA": 0.0, "PERIMETER": 0.0, "TOWN_NAME": "Sigoit", "TOWN_ID": 4, "TOWN_TYPE": "Market Centres" }, "geometry": { "type": "Point", "coordinates": [ 35.08678480109235, 0.310013441734275 ] } },
{ "type": "Feature", "properties": { "LAYER": "Unknown Point Feature", "AREA": 0.0, "PERIMETER": 0.0, "TOWN_NAME": "Chepkatiek", "TOWN_ID": 4, "TOWN_TYPE": "Market Centres" }, "geometry": { "type": "Point", "coordinates": [ 35.073480410948676, 0.286167889453471 ] } },
{ "type": "Feature", "properties": { "LAYER": "Unknown Point Feature", "AREA": 0.0, "PERIMETER": 0.0, "TOWN_NAME": "Kurmaet", "TOWN_ID": 4, "TOWN_TYPE": "Market Centres" }, "geometry": { "type": "Point", "coordinates": [ 35.045970160850821, 0.300341896583443 ] } },
{ "type": "Feature", "properties": { "LAYER": "Unknown Point Feature", "AREA": 0.0, "PERIMETER": 0.0, "TOWN_NAME": "Lolkeringet", "TOWN_ID": 4, "TOWN_TYPE": "Market Centres" }, "geometry": { "type": "Point", "coordinates": [ 35.061459168947813, 0.31667176238057 ] } },
{ "type": "Feature", "properties": { "LAYER": "Unknown Point Feature", "AREA": 0.0, "PERIMETER": 0.0, "TOWN_NAME": "Chemnoet", "TOWN_ID": 4, "TOWN_TYPE": "Market Centres" }, "geometry": { "type": "Point", "coordinates": [ 35.025024524917676, 0.31380830078771 ] } },
{ "type": "Feature", "properties": { "LAYER": "Unknown Point Feature", "AREA": 0.0, "PERIMETER": 0.0, "TOWN_NAME": "Lemook", "TOWN_ID": 4, "TOWN_TYPE": "Market Centres" }, "geometry": { "type": "Point", "coordinates": [ 35.044013656633282, 0.366689666002699 ] } },
{ "type": "Feature", "properties": { "LAYER": "Unknown Point Feature", "AREA": 0.0, "PERIMETER": 0.0, "TOWN_NAME": "Hoey's Bridge", "TOWN_ID": 3, "TOWN_TYPE": "Trading Centre" }, "geometry": { "type": "Point", "coordinates": [ 35.12003746125859, 0.880703217531115 ] } },
{ "type": "Feature", "properties": { "LAYER": "Unknown Point Feature", "AREA": 0.0, "PERIMETER": 0.0, "TOWN_NAME": "Kibigoi", "TOWN_ID": 4, "TOWN_TYPE": "Market Centres" }, "geometry": { "type": "Point", "coordinates": [ 35.784852363223273, 0.028661747622092 ] } },
{ "type": "Feature", "properties": { "LAYER": "Unknown Point Feature", "AREA": 0.0, "PERIMETER": 0.0, "TOWN_NAME": "Sagat", "TOWN_ID": 4, "TOWN_TYPE": "Market Centres" }, "geometry": { "type": "Point", "coordinates": [ 35.823112374956345, 0.074210252654255 ] } },
{ "type": "Feature", "properties": { "LAYER": "Unknown Point Feature", "AREA": 0.0, "PERIMETER": 0.0, "TOWN_NAME": "Rosoga", "TOWN_ID": 4, "TOWN_TYPE": "Market Centres" }, "geometry": { "type": "Point", "coordinates": [ 35.85654429928131, 0.102920618913899 ] } },
{ "type": "Feature", "properties": { "LAYER": "Unknown Point Feature", "AREA": 0.0, "PERIMETER": 0.0, "TOWN_NAME": "Emining", "TOWN_ID": 3, "TOWN_TYPE": "Trading Centre" }, "geometry": { "type": "Point", "coordinates": [ 35.888369410695091, 0.145026013502762 ] } },
{ "type": "Feature", "properties": { "LAYER": "Unknown Point Feature", "AREA": 0.0, "PERIMETER": 0.0, "TOWN_NAME": "Noiwet", "TOWN_ID": 4, "TOWN_TYPE": "Market Centres" }, "geometry": { "type": "Point", "coordinates": [ 35.927439420070925, 0.063694948151743 ] } },
{ "type": "Feature", "properties": { "LAYER": "Unknown Point Feature", "AREA": 0.0, "PERIMETER": 0.0, "TOWN_NAME": "Chemagoch", "TOWN_ID": 4, "TOWN_TYPE": "Market Centres" }, "geometry": { "type": "Point", "coordinates": [ 35.938251850840111, 0.023228213845584 ] } },
{ "type": "Feature", "properties": { "LAYER": "Unknown Point Feature", "AREA": 0.0, "PERIMETER": 0.0, "TOWN_NAME": "Molo Sirwe", "TOWN_ID": 3, "TOWN_TYPE": "Trading Centre" }, "geometry": { "type": "Point", "coordinates": [ 35.961779097010762, 0.132635815826133 ] } },
{ "type": "Feature", "properties": { "LAYER": "Unknown Point Feature", "AREA": 0.0, "PERIMETER": 0.0, "TOWN_NAME": "Eldoret", "TOWN_ID": 1, "TOWN_TYPE": "Municipality" }, "geometry": { "type": "Point", "coordinates": [ 35.266920981238819, 0.526857740924198 ] } },
{ "type": "Feature", "properties": { "LAYER": "Unknown Point Feature", "AREA": 0.0, "PERIMETER": 0.0, "TOWN_NAME": "Junction", "TOWN_ID": 3, "TOWN_TYPE": "Trading Centre" }, "geometry": { "type": "Point", "coordinates": [ 35.31392609203769, 0.555384667580918 ] } },
{ "type": "Feature", "properties": { "LAYER": "Unknown Point Feature", "AREA": 0.0, "PERIMETER": 0.0, "TOWN_NAME": "Better Farm", "TOWN_ID": 3, "TOWN_TYPE": "Trading Centre" }, "geometry": { "type": "Point", "coordinates": [ 35.318773682636881, 0.558985109278135 ] } },
{ "type": "Feature", "properties": { "LAYER": "Unknown Point Feature", "AREA": 0.0, "PERIMETER": 0.0, "TOWN_NAME": "Kuinet", "TOWN_ID": 3, "TOWN_TYPE": "Trading Centre" }, "geometry": { "type": "Point", "coordinates": [ 35.313685557016399, 0.641621965521585 ] } },
{ "type": "Feature", "properties": { "LAYER": "Unknown Point Feature", "AREA": 0.0, "PERIMETER": 0.0, "TOWN_NAME": "Marewet", "TOWN_ID": 3, "TOWN_TYPE": "Trading Centre" }, "geometry": { "type": "Point", "coordinates": [ 35.30310565731569, 0.725226918464193 ] } },
{ "type": "Feature", "properties": { "LAYER": "Unknown Point Feature", "AREA": 0.0, "PERIMETER": 0.0, "TOWN_NAME": "Kapsonguu", "TOWN_ID": 3, "TOWN_TYPE": "Trading Centre" }, "geometry": { "type": "Point", "coordinates": [ 35.254571456021601, 0.73443980585593 ] } },
{ "type": "Feature", "properties": { "LAYER": "Unknown Point Feature", "AREA": 0.0, "PERIMETER": 0.0, "TOWN_NAME": "Kaaboi", "TOWN_ID": 3, "TOWN_TYPE": "Trading Centre" }, "geometry": { "type": "Point", "coordinates": [ 35.2576352804602, 0.679549001263184 ] } },
{ "type": "Feature", "properties": { "LAYER": "Unknown Point Feature", "AREA": 0.0, "PERIMETER": 0.0, "TOWN_NAME": "Kapelelach", "TOWN_ID": 3, "TOWN_TYPE": "Trading Centre" }, "geometry": { "type": "Point", "coordinates": [ 35.255510333647862, 0.644770268755549 ] } },
{ "type": "Feature", "properties": { "LAYER": "Unknown Point Feature", "AREA": 0.0, "PERIMETER": 0.0, "TOWN_NAME": "Kiplombe", "TOWN_ID": 3, "TOWN_TYPE": "Trading Centre" }, "geometry": { "type": "Point", "coordinates": [ 35.263935321741634, 0.58332393830352 ] } },
{ "type": "Feature", "properties": { "LAYER": "Unknown Point Feature", "AREA": 0.0, "PERIMETER": 0.0, "TOWN_NAME": "Kaptuli", "TOWN_ID": 3, "TOWN_TYPE": "Trading Centre" }, "geometry": { "type": "Point", "coordinates": [ 35.397016491312698, 0.612182604962872 ] } },
{ "type": "Feature", "properties": { "LAYER": "Unknown Point Feature", "AREA": 0.0, "PERIMETER": 0.0, "TOWN_NAME": "Chebulet", "TOWN_ID": 3, "TOWN_TYPE": "Trading Centre" }, "geometry": { "type": "Point", "coordinates": [ 35.433027379693897, 0.622900889313013 ] } },
{ "type": "Feature", "properties": { "LAYER": "Unknown Point Feature", "AREA": 0.0, "PERIMETER": 0.0, "TOWN_NAME": "Katalei", "TOWN_ID": 3, "TOWN_TYPE": "Trading Centre" }, "geometry": { "type": "Point", "coordinates": [ 35.478456911841789, 0.641009630791951 ] } },
{ "type": "Feature", "properties": { "LAYER": "Unknown Point Feature", "AREA": 0.0, "PERIMETER": 0.0, "TOWN_NAME": "Illula", "TOWN_ID": 3, "TOWN_TYPE": "Trading Centre" }, "geometry": { "type": "Point", "coordinates": [ 35.343094783799899, 0.521074289981304 ] } },
{ "type": "Feature", "properties": { "LAYER": "Unknown Point Feature", "AREA": 0.0, "PERIMETER": 0.0, "TOWN_NAME": "Kapsoen", "TOWN_ID": 3, "TOWN_TYPE": "Trading Centre" }, "geometry": { "type": "Point", "coordinates": [ 35.382123273743794, 0.549064156595027 ] } },
{ "type": "Feature", "properties": { "LAYER": "Unknown Point Feature", "AREA": 0.0, "PERIMETER": 0.0, "TOWN_NAME": "Kaptaran", "TOWN_ID": 3, "TOWN_TYPE": "Trading Centre" }, "geometry": { "type": "Point", "coordinates": [ 35.478462211373689, 0.56464190864562 ] } },
{ "type": "Feature", "properties": { "LAYER": "Unknown Point Feature", "AREA": 0.0, "PERIMETER": 0.0, "TOWN_NAME": "Cheboret", "TOWN_ID": 3, "TOWN_TYPE": "Trading Centre" }, "geometry": { "type": "Point", "coordinates": [ 35.481633871732043, 0.735783686822201 ] } },
{ "type": "Feature", "properties": { "LAYER": "Unknown Point Feature", "AREA": 0.0, "PERIMETER": 0.0, "TOWN_NAME": "Chepkonoinjo", "TOWN_ID": 3, "TOWN_TYPE": "Trading Centre" }, "geometry": { "type": "Point", "coordinates": [ 35.45271070370098, 0.745362828287233 ] } },
{ "type": "Feature", "properties": { "LAYER": "Unknown Point Feature", "AREA": 0.0, "PERIMETER": 0.0, "TOWN_NAME": "Tugen", "TOWN_ID": 3, "TOWN_TYPE": "Trading Centre" }, "geometry": { "type": "Point", "coordinates": [ 35.390423747048644, 0.679899092550054 ] } },
{ "type": "Feature", "properties": { "LAYER": "Unknown Point Feature", "AREA": 0.0, "PERIMETER": 0.0, "TOWN_NAME": "Bukhayo", "TOWN_ID": 4, "TOWN_TYPE": "Market Centres" }, "geometry": { "type": "Point", "coordinates": [ 34.237444459040347, 0.458863848097987 ] } },
{ "type": "Feature", "properties": { "LAYER": "Unknown Point Feature", "AREA": 0.0, "PERIMETER": 0.0, "TOWN_NAME": "Nambale", "TOWN_ID": 3, "TOWN_TYPE": "Trading Centre" }, "geometry": { "type": "Point", "coordinates": [ 34.24959792344746, 0.451897456121224 ] } },
{ "type": "Feature", "properties": { "LAYER": "Unknown Point Feature", "AREA": 0.0, "PERIMETER": 0.0, "TOWN_NAME": "Bogendi", "TOWN_ID": 4, "TOWN_TYPE": "Market Centres" }, "geometry": { "type": "Point", "coordinates": [ 34.173877640835194, 0.465526223707843 ] } },
{ "type": "Feature", "properties": { "LAYER": "Unknown Point Feature", "AREA": 0.0, "PERIMETER": 0.0, "TOWN_NAME": "Mundika", "TOWN_ID": 4, "TOWN_TYPE": "Market Centres" }, "geometry": { "type": "Point", "coordinates": [ 34.146641249092433, 0.417984810308175 ] } },
{ "type": "Feature", "properties": { "LAYER": "Unknown Point Feature", "AREA": 0.0, "PERIMETER": 0.0, "TOWN_NAME": "Matayo", "TOWN_ID": 3, "TOWN_TYPE": "Trading Centre" }, "geometry": { "type": "Point", "coordinates": [ 34.164569277780963, 0.366538366398546 ] } },
{ "type": "Feature", "properties": { "LAYER": "Unknown Point Feature", "AREA": 0.0, "PERIMETER": 0.0, "TOWN_NAME": "Bumala", "TOWN_ID": 4, "TOWN_TYPE": "Market Centres" }, "geometry": { "type": "Point", "coordinates": [ 34.200421606585152, 0.307047857638916 ] } },
{ "type": "Feature", "properties": { "LAYER": "Unknown Point Feature", "AREA": 0.0, "PERIMETER": 0.0, "TOWN_NAME": "Odiado", "TOWN_ID": 4, "TOWN_TYPE": "Market Centres" }, "geometry": { "type": "Point", "coordinates": [ 34.171443529311368, 0.291696649313221 ] } },
{ "type": "Feature", "properties": { "LAYER": "Unknown Point Feature", "AREA": 0.0, "PERIMETER": 0.0, "TOWN_NAME": "Funyula", "TOWN_ID": 3, "TOWN_TYPE": "Trading Centre" }, "geometry": { "type": "Point", "coordinates": [ 34.117553425561752, 0.281675411268896 ] } },
{ "type": "Feature", "properties": { "LAYER": "Unknown Point Feature", "AREA": 0.0, "PERIMETER": 0.0, "TOWN_NAME": "Nangina", "TOWN_ID": 4, "TOWN_TYPE": "Market Centres" }, "geometry": { "type": "Point", "coordinates": [ 34.104053877696977, 0.279926183998364 ] } },
{ "type": "Feature", "properties": { "LAYER": "Unknown Point Feature", "AREA": 0.0, "PERIMETER": 0.0, "TOWN_NAME": "Dabani", "TOWN_ID": 4, "TOWN_TYPE": "Market Centres" }, "geometry": { "type": "Point", "coordinates": [ 34.051609724118912, 0.438187918278112 ] } },
{ "type": "Feature", "properties": { "LAYER": "Unknown Point Feature", "AREA": 0.0, "PERIMETER": 0.0, "TOWN_NAME": "Ikonyero", "TOWN_ID": 4, "TOWN_TYPE": "Market Centres" }, "geometry": { "type": "Point", "coordinates": [ 34.71605342289314, 0.269713127441758 ] } },
{ "type": "Feature", "properties": { "LAYER": "Unknown Point Feature", "AREA": 0.0, "PERIMETER": 0.0, "TOWN_NAME": "Shibuli", "TOWN_ID": 4, "TOWN_TYPE": "Market Centres" }, "geometry": { "type": "Point", "coordinates": [ 34.642721594296681, 0.28825720691532 ] } },
{ "type": "Feature", "properties": { "LAYER": "Unknown Point Feature", "AREA": 0.0, "PERIMETER": 0.0, "TOWN_NAME": "Makunga", "TOWN_ID": 4, "TOWN_TYPE": "Market Centres" }, "geometry": { "type": "Point", "coordinates": [ 34.622784674514136, 0.305932407304377 ] } },
{ "type": "Feature", "properties": { "LAYER": "Unknown Point Feature", "AREA": 0.0, "PERIMETER": 0.0, "TOWN_NAME": "Maraba", "TOWN_ID": 4, "TOWN_TYPE": "Market Centres" }, "geometry": { "type": "Point", "coordinates": [ 34.601174622878176, 0.294246580315137 ] } },
{ "type": "Feature", "properties": { "LAYER": "Unknown Point Feature", "AREA": 0.0, "PERIMETER": 0.0, "TOWN_NAME": "Shianda", "TOWN_ID": 4, "TOWN_TYPE": "Market Centres" }, "geometry": { "type": "Point", "coordinates": [ 34.57303417633986, 0.325226428928572 ] } },
{ "type": "Feature", "properties": { "LAYER": "Unknown Point Feature", "AREA": 0.0, "PERIMETER": 0.0, "TOWN_NAME": "Mwitoti", "TOWN_ID": 4, "TOWN_TYPE": "Market Centres" }, "geometry": { "type": "Point", "coordinates": [ 34.527433076193276, 0.331492765005193 ] } },
{ "type": "Feature", "properties": { "LAYER": "Unknown Point Feature", "AREA": 0.0, "PERIMETER": 0.0, "TOWN_NAME": "Malaha", "TOWN_ID": 4, "TOWN_TYPE": "Market Centres" }, "geometry": { "type": "Point", "coordinates": [ 34.62243457402068, 0.368424695583688 ] } },
{ "type": "Feature", "properties": { "LAYER": "Unknown Point Feature", "AREA": 0.0, "PERIMETER": 0.0, "TOWN_NAME": "Ingotse", "TOWN_ID": 4, "TOWN_TYPE": "Market Centres" }, "geometry": { "type": "Point", "coordinates": [ 34.698063261996111, 0.359237877615405 ] } },
{ "type": "Feature", "properties": { "LAYER": "Unknown Point Feature", "AREA": 0.0, "PERIMETER": 0.0, "TOWN_NAME": "Shikoti", "TOWN_ID": 4, "TOWN_TYPE": "Market Centres" }, "geometry": { "type": "Point", "coordinates": [ 34.733255380446536, 0.328925483225502 ] } },
{ "type": "Feature", "properties": { "LAYER": "Unknown Point Feature", "AREA": 0.0, "PERIMETER": 0.0, "TOWN_NAME": "Nambacha", "TOWN_ID": 3, "TOWN_TYPE": "Trading Centre" }, "geometry": { "type": "Point", "coordinates": [ 34.666757482545847, 0.40322047978778 ] } },
{ "type": "Feature", "properties": { "LAYER": "Unknown Point Feature", "AREA": 0.0, "PERIMETER": 0.0, "TOWN_NAME": "Navakholo", "TOWN_ID": 4, "TOWN_TYPE": "Market Centres" }, "geometry": { "type": "Point", "coordinates": [ 34.68103556337401, 0.423139209258494 ] } },
{ "type": "Feature", "properties": { "LAYER": "Unknown Point Feature", "AREA": 0.0, "PERIMETER": 0.0, "TOWN_NAME": "Kharanda", "TOWN_ID": 4, "TOWN_TYPE": "Market Centres" }, "geometry": { "type": "Point", "coordinates": [ 34.636872693660642, 0.451475342109227 ] } },
{ "type": "Feature", "properties": { "LAYER": "Unknown Point Feature", "AREA": 0.0, "PERIMETER": 0.0, "TOWN_NAME": "Sibembe", "TOWN_ID": 4, "TOWN_TYPE": "Market Centres" }, "geometry": { "type": "Point", "coordinates": [ 34.544212989390168, 0.508353825916207 ] } },
{ "type": "Feature", "properties": { "LAYER": "Unknown Point Feature", "AREA": 0.0, "PERIMETER": 0.0, "TOWN_NAME": "Sitikho", "TOWN_ID": 4, "TOWN_TYPE": "Market Centres" }, "geometry": { "type": "Point", "coordinates": [ 34.648853284518253, 0.505120488192637 ] } },
{ "type": "Feature", "properties": { "LAYER": "Unknown Point Feature", "AREA": 0.0, "PERIMETER": 0.0, "TOWN_NAME": "Milo", "TOWN_ID": 4, "TOWN_TYPE": "Market Centres" }, "geometry": { "type": "Point", "coordinates": [ 34.683165847223854, 0.504787063429809 ] } },
{ "type": "Feature", "properties": { "LAYER": "Unknown Point Feature", "AREA": 0.0, "PERIMETER": 0.0, "TOWN_NAME": "Sangalo", "TOWN_ID": 4, "TOWN_TYPE": "Market Centres" }, "geometry": { "type": "Point", "coordinates": [ 34.70827632063336, 0.520659798206892 ] } },
{ "type": "Feature", "properties": { "LAYER": "Unknown Point Feature", "AREA": 0.0, "PERIMETER": 0.0, "TOWN_NAME": "Bukunjangabo", "TOWN_ID": 4, "TOWN_TYPE": "Market Centres" }, "geometry": { "type": "Point", "coordinates": [ 34.591563214666181, 0.520511253782845 ] } },
{ "type": "Feature", "properties": { "LAYER": "Unknown Point Feature", "AREA": 0.0, "PERIMETER": 0.0, "TOWN_NAME": "Lwanda", "TOWN_ID": 4, "TOWN_TYPE": "Market Centres" }, "geometry": { "type": "Point", "coordinates": [ 34.649333468101815, 0.531716893456242 ] } },
{ "type": "Feature", "properties": { "LAYER": "Unknown Point Feature", "AREA": 0.0, "PERIMETER": 0.0, "TOWN_NAME": "Raje", "TOWN_ID": 4, "TOWN_TYPE": "Market Centres" }, "geometry": { "type": "Point", "coordinates": [ 34.725690353756399, 0.539431641194482 ] } },
{ "type": "Feature", "properties": { "LAYER": "Unknown Point Feature", "AREA": 0.0, "PERIMETER": 0.0, "TOWN_NAME": "Muzhi", "TOWN_ID": 4, "TOWN_TYPE": "Market Centres" }, "geometry": { "type": "Point", "coordinates": [ 34.701732519589548, 0.542174350899756 ] } },
{ "type": "Feature", "properties": { "LAYER": "Unknown Point Feature", "AREA": 0.0, "PERIMETER": 0.0, "TOWN_NAME": "Bungoma", "TOWN_ID": 1, "TOWN_TYPE": "Municipality" }, "geometry": { "type": "Point", "coordinates": [ 34.631650559102134, 0.540472155384957 ] } },
{ "type": "Feature", "properties": { "LAYER": "Unknown Point Feature", "AREA": 0.0, "PERIMETER": 0.0, "TOWN_NAME": "Ngwelo", "TOWN_ID": 4, "TOWN_TYPE": "Market Centres" }, "geometry": { "type": "Point", "coordinates": [ 34.601562161308166, 0.545883575634613 ] } },
{ "type": "Feature", "properties": { "LAYER": "Unknown Point Feature", "AREA": 0.0, "PERIMETER": 0.0, "TOWN_NAME": "Matulo", "TOWN_ID": 4, "TOWN_TYPE": "Market Centres" }, "geometry": { "type": "Point", "coordinates": [ 34.652681117079631, 0.553439267705382 ] } },
{ "type": "Feature", "properties": { "LAYER": "Unknown Point Feature", "AREA": 0.0, "PERIMETER": 0.0, "TOWN_NAME": "Ndengelwa", "TOWN_ID": 4, "TOWN_TYPE": "Market Centres" }, "geometry": { "type": "Point", "coordinates": [ 34.612440621140912, 0.558716701913539 ] } },
{ "type": "Feature", "properties": { "LAYER": "Unknown Point Feature", "AREA": 0.0, "PERIMETER": 0.0, "TOWN_NAME": "Bukembe", "TOWN_ID": 4, "TOWN_TYPE": "Market Centres" }, "geometry": { "type": "Point", "coordinates": [ 34.577285112330095, 0.553496295743298 ] } },
{ "type": "Feature", "properties": { "LAYER": "Unknown Point Feature", "AREA": 0.0, "PERIMETER": 0.0, "TOWN_NAME": "Matisi(Buliul", "TOWN_ID": 4, "TOWN_TYPE": "Market Centres" }, "geometry": { "type": "Point", "coordinates": [ 34.737564711510906, 0.572617427259767 ] } },
{ "type": "Feature", "properties": { "LAYER": "Unknown Point Feature", "AREA": 0.0, "PERIMETER": 0.0, "TOWN_NAME": "Mayanja", "TOWN_ID": 4, "TOWN_TYPE": "Market Centres" }, "geometry": { "type": "Point", "coordinates": [ 34.558214751732251, 0.57520134908055 ] } },
{ "type": "Feature", "properties": { "LAYER": "Unknown Point Feature", "AREA": 0.0, "PERIMETER": 0.0, "TOWN_NAME": "Nalondo", "TOWN_ID": 4, "TOWN_TYPE": "Market Centres" }, "geometry": { "type": "Point", "coordinates": [ 34.531212799888372, 0.574493209339646 ] } },
{ "type": "Feature", "properties": { "LAYER": "Unknown Point Feature", "AREA": 0.0, "PERIMETER": 0.0, "TOWN_NAME": "Chebosi", "TOWN_ID": 4, "TOWN_TYPE": "Market Centres" }, "geometry": { "type": "Point", "coordinates": [ 34.720561935437587, 0.589919676957278 ] } },
{ "type": "Feature", "properties": { "LAYER": "Unknown Point Feature", "AREA": 0.0, "PERIMETER": 0.0, "TOWN_NAME": "Miendo", "TOWN_ID": 4, "TOWN_TYPE": "Market Centres" }, "geometry": { "type": "Point", "coordinates": [ 34.73557447434775, 0.605380210648232 ] } },
{ "type": "Feature", "properties": { "LAYER": "Unknown Point Feature", "AREA": 0.0, "PERIMETER": 0.0, "TOWN_NAME": "Sirisia", "TOWN_ID": 4, "TOWN_TYPE": "Market Centres" }, "geometry": { "type": "Point", "coordinates": [ 34.59712292359017, 0.593776307560672 ] } },
{ "type": "Feature", "properties": { "LAYER": "Unknown Point Feature", "AREA": 0.0, "PERIMETER": 0.0, "TOWN_NAME": "Majaha", "TOWN_ID": 4, "TOWN_TYPE": "Market Centres" }, "geometry": { "type": "Point", "coordinates": [ 34.552398893245005, 0.597488666104581 ] } },
{ "type": "Feature", "properties": { "LAYER": "Unknown Point Feature", "AREA": 0.0, "PERIMETER": 0.0, "TOWN_NAME": "Khazonge", "TOWN_ID": 4, "TOWN_TYPE": "Market Centres" }, "geometry": { "type": "Point", "coordinates": [ 34.627664672378494, 0.605748202683896 ] } },
{ "type": "Feature", "properties": { "LAYER": "Unknown Point Feature", "AREA": 0.0, "PERIMETER": 0.0, "TOWN_NAME": "Mukhweya", "TOWN_ID": 4, "TOWN_TYPE": "Market Centres" }, "geometry": { "type": "Point", "coordinates": [ 34.653063765517452, 0.595506931700444 ] } },
{ "type": "Feature", "properties": { "LAYER": "Unknown Point Feature", "AREA": 0.0, "PERIMETER": 0.0, "TOWN_NAME": "Sikusi", "TOWN_ID": 3, "TOWN_TYPE": "Trading Centre" }, "geometry": { "type": "Point", "coordinates": [ 34.657622818832984, 0.615945642457369 ] } },
{ "type": "Feature", "properties": { "LAYER": "Unknown Point Feature", "AREA": 0.0, "PERIMETER": 0.0, "TOWN_NAME": "Bokoli", "TOWN_ID": 3, "TOWN_TYPE": "Trading Centre" }, "geometry": { "type": "Point", "coordinates": [ 34.530085796959725, 0.620807658929775 ] } },
{ "type": "Feature", "properties": { "LAYER": "Unknown Point Feature", "AREA": 0.0, "PERIMETER": 0.0, "TOWN_NAME": "Milani", "TOWN_ID": 4, "TOWN_TYPE": "Market Centres" }, "geometry": { "type": "Point", "coordinates": [ 34.694865322252092, 0.623938975038784 ] } },
{ "type": "Feature", "properties": { "LAYER": "Unknown Point Feature", "AREA": 0.0, "PERIMETER": 0.0, "TOWN_NAME": "Chenjeni", "TOWN_ID": 4, "TOWN_TYPE": "Market Centres" }, "geometry": { "type": "Point", "coordinates": [ 34.557677478251321, 0.626946877079315 ] } },
{ "type": "Feature", "properties": { "LAYER": "Unknown Point Feature", "AREA": 0.0, "PERIMETER": 0.0, "TOWN_NAME": "Chwele", "TOWN_ID": 3, "TOWN_TYPE": "Trading Centre" }, "geometry": { "type": "Point", "coordinates": [ 34.615027135327281, 0.638789066617555 ] } },
{ "type": "Feature", "properties": { "LAYER": "Unknown Point Feature", "AREA": 0.0, "PERIMETER": 0.0, "TOWN_NAME": "Naromoru", "TOWN_ID": 2, "TOWN_TYPE": "Township/Town" }, "geometry": { "type": "Point", "coordinates": [ 37.000340219412017, -0.085310886106372 ] } },
{ "type": "Feature", "properties": { "LAYER": "Unknown Point Feature", "AREA": 0.0, "PERIMETER": 0.0, "TOWN_NAME": "Gathiuru", "TOWN_ID": 4, "TOWN_TYPE": "Market Centres" }, "geometry": { "type": "Point", "coordinates": [ 37.103675820760913, -0.1577899495933 ] } },
{ "type": "Feature", "properties": { "LAYER": "Unknown Point Feature", "AREA": 0.0, "PERIMETER": 0.0, "TOWN_NAME": "Kahuhura", "TOWN_ID": 4, "TOWN_TYPE": "Market Centres" }, "geometry": { "type": "Point", "coordinates": [ 37.125345730198681, -0.190681799551448 ] } },
{ "type": "Feature", "properties": { "LAYER": "Unknown Point Feature", "AREA": 0.0, "PERIMETER": 0.0, "TOWN_NAME": "Nanyuki", "TOWN_ID": 2, "TOWN_TYPE": "Township/Town" }, "geometry": { "type": "Point", "coordinates": [ 37.075649221653038, 0.016120081644749 ] } },
{ "type": "Feature", "properties": { "LAYER": "Unknown Point Feature", "AREA": 0.0, "PERIMETER": 0.0, "TOWN_NAME": "Timau", "TOWN_ID": 3, "TOWN_TYPE": "Trading Centre" }, "geometry": { "type": "Point", "coordinates": [ 37.241334389869564, 0.089684190855733 ] } },
{ "type": "Feature", "properties": { "LAYER": "Unknown Point Feature", "AREA": 0.0, "PERIMETER": 0.0, "TOWN_NAME": "Umande", "TOWN_ID": 4, "TOWN_TYPE": "Market Centres" }, "geometry": { "type": "Point", "coordinates": [ 37.150978157970613, 0.098144563958281 ] } },
{ "type": "Feature", "properties": { "LAYER": "Unknown Point Feature", "AREA": 0.0, "PERIMETER": 0.0, "TOWN_NAME": "Don Dol", "TOWN_ID": 3, "TOWN_TYPE": "Trading Centre" }, "geometry": { "type": "Point", "coordinates": [ 37.162995838822383, 0.395570781602305 ] } },
{ "type": "Feature", "properties": { "LAYER": "Unknown Point Feature", "AREA": 0.0, "PERIMETER": 0.0, "TOWN_NAME": "Meru", "TOWN_ID": 2, "TOWN_TYPE": "Township/Town" }, "geometry": { "type": "Point", "coordinates": [ 37.651097012185936, 0.049787657358791 ] } },
{ "type": "Feature", "properties": { "LAYER": "Unknown Point Feature", "AREA": 0.0, "PERIMETER": 0.0, "TOWN_NAME": "Thimangiri", "TOWN_ID": 4, "TOWN_TYPE": "Market Centres" }, "geometry": { "type": "Point", "coordinates": [ 37.697829173100303, 0.053929003213128 ] } },
{ "type": "Feature", "properties": { "LAYER": "Unknown Point Feature", "AREA": 0.0, "PERIMETER": 0.0, "TOWN_NAME": "Kienderu", "TOWN_ID": 4, "TOWN_TYPE": "Market Centres" }, "geometry": { "type": "Point", "coordinates": [ 37.673095332301315, 0.093492453209948 ] } },
{ "type": "Feature", "properties": { "LAYER": "Unknown Point Feature", "AREA": 0.0, "PERIMETER": 0.0, "TOWN_NAME": "Kianjai", "TOWN_ID": 4, "TOWN_TYPE": "Market Centres" }, "geometry": { "type": "Point", "coordinates": [ 37.746466325498403, 0.164745851623116 ] } },
{ "type": "Feature", "properties": { "LAYER": "Unknown Point Feature", "AREA": 0.0, "PERIMETER": 0.0, "TOWN_NAME": "Ruiri", "TOWN_ID": 4, "TOWN_TYPE": "Market Centres" }, "geometry": { "type": "Point", "coordinates": [ 37.656387598786544, 0.155472882349316 ] } },
{ "type": "Feature", "properties": { "LAYER": "Unknown Point Feature", "AREA": 0.0, "PERIMETER": 0.0, "TOWN_NAME": "Kiirua", "TOWN_ID": 4, "TOWN_TYPE": "Market Centres" }, "geometry": { "type": "Point", "coordinates": [ 37.558134523366228, 0.121987111955486 ] } },
{ "type": "Feature", "properties": { "LAYER": "Unknown Point Feature", "AREA": 0.0, "PERIMETER": 0.0, "TOWN_NAME": "Mburugiti", "TOWN_ID": 4, "TOWN_TYPE": "Market Centres" }, "geometry": { "type": "Point", "coordinates": [ 37.521192182304645, 0.095579921925474 ] } },
{ "type": "Feature", "properties": { "LAYER": "Unknown Point Feature", "AREA": 0.0, "PERIMETER": 0.0, "TOWN_NAME": "Ndunyu Mutuny", "TOWN_ID": 4, "TOWN_TYPE": "Market Centres" }, "geometry": { "type": "Point", "coordinates": [ 37.5270725086528, 0.222327962945436 ] } },
{ "type": "Feature", "properties": { "LAYER": "Unknown Point Feature", "AREA": 0.0, "PERIMETER": 0.0, "TOWN_NAME": "Giaki", "TOWN_ID": 4, "TOWN_TYPE": "Market Centres" }, "geometry": { "type": "Point", "coordinates": [ 37.765882469428284, 0.031528650142002 ] } },
{ "type": "Feature", "properties": { "LAYER": "Unknown Point Feature", "AREA": 0.0, "PERIMETER": 0.0, "TOWN_NAME": "Mbeu", "TOWN_ID": 4, "TOWN_TYPE": "Market Centres" }, "geometry": { "type": "Point", "coordinates": [ 37.773059128304993, 0.092151361780858 ] } },
{ "type": "Feature", "properties": { "LAYER": "Unknown Point Feature", "AREA": 0.0, "PERIMETER": 0.0, "TOWN_NAME": "Mikinduri", "TOWN_ID": 4, "TOWN_TYPE": "Market Centres" }, "geometry": { "type": "Point", "coordinates": [ 37.83417316562074, 0.126183023516381 ] } },
{ "type": "Feature", "properties": { "LAYER": "Unknown Point Feature", "AREA": 0.0, "PERIMETER": 0.0, "TOWN_NAME": "Miathene", "TOWN_ID": 4, "TOWN_TYPE": "Market Centres" }, "geometry": { "type": "Point", "coordinates": [ 37.790454123750067, 0.153150098870767 ] } },
{ "type": "Feature", "properties": { "LAYER": "Unknown Point Feature", "AREA": 0.0, "PERIMETER": 0.0, "TOWN_NAME": "Muthara", "TOWN_ID": 4, "TOWN_TYPE": "Market Centres" }, "geometry": { "type": "Point", "coordinates": [ 37.796346517152479, 0.224145723832022 ] } },
{ "type": "Feature", "properties": { "LAYER": "Unknown Point Feature", "AREA": 0.0, "PERIMETER": 0.0, "TOWN_NAME": "Nduluma", "TOWN_ID": 4, "TOWN_TYPE": "Market Centres" }, "geometry": { "type": "Point", "coordinates": [ 37.808152419891066, 0.197739094704099 ] } },
{ "type": "Feature", "properties": { "LAYER": "Unknown Point Feature", "AREA": 0.0, "PERIMETER": 0.0, "TOWN_NAME": "Thanaga", "TOWN_ID": 4, "TOWN_TYPE": "Market Centres" }, "geometry": { "type": "Point", "coordinates": [ 37.853303361607296, 0.188659408380216 ] } },
{ "type": "Feature", "properties": { "LAYER": "Unknown Point Feature", "AREA": 0.0, "PERIMETER": 0.0, "TOWN_NAME": "Maua", "TOWN_ID": 3, "TOWN_TYPE": "Trading Centre" }, "geometry": { "type": "Point", "coordinates": [ 37.943675484630759, 0.23397346268434 ] } },
{ "type": "Feature", "properties": { "LAYER": "Unknown Point Feature", "AREA": 0.0, "PERIMETER": 0.0, "TOWN_NAME": "Kaweru", "TOWN_ID": 4, "TOWN_TYPE": "Market Centres" }, "geometry": { "type": "Point", "coordinates": [ 38.014199281316181, 0.301492135514447 ] } },
{ "type": "Feature", "properties": { "LAYER": "Unknown Point Feature", "AREA": 0.0, "PERIMETER": 0.0, "TOWN_NAME": "Kinna", "TOWN_ID": 3, "TOWN_TYPE": "Trading Centre" }, "geometry": { "type": "Point", "coordinates": [ 38.20745828512095, 0.322160354297344 ] } },
{ "type": "Feature", "properties": { "LAYER": "Unknown Point Feature", "AREA": 0.0, "PERIMETER": 0.0, "TOWN_NAME": "Kabasi", "TOWN_ID": 4, "TOWN_TYPE": "Market Centres" }, "geometry": { "type": "Point", "coordinates": [ 38.002587752169688, 0.410600957233794 ] } },
{ "type": "Feature", "properties": { "LAYER": "Unknown Point Feature", "AREA": 0.0, "PERIMETER": 0.0, "TOWN_NAME": "Isiolo", "TOWN_ID": 2, "TOWN_TYPE": "Township/Town" }, "geometry": { "type": "Point", "coordinates": [ 37.58509782936234, 0.354501934196203 ] } },
{ "type": "Feature", "properties": { "LAYER": "Unknown Point Feature", "AREA": 0.0, "PERIMETER": 0.0, "TOWN_NAME": "Kampi ya Chum", "TOWN_ID": 4, "TOWN_TYPE": "Market Centres" }, "geometry": { "type": "Point", "coordinates": [ 37.635657282028625, 0.428685230431808 ] } },
{ "type": "Feature", "properties": { "LAYER": "Unknown Point Feature", "AREA": 0.0, "PERIMETER": 0.0, "TOWN_NAME": "Kilima Moja", "TOWN_ID": 4, "TOWN_TYPE": "Market Centres" }, "geometry": { "type": "Point", "coordinates": [ 37.615977586102986, 0.480427383858767 ] } },
{ "type": "Feature", "properties": { "LAYER": "Unknown Point Feature", "AREA": 0.0, "PERIMETER": 0.0, "TOWN_NAME": "Irereni", "TOWN_ID": 4, "TOWN_TYPE": "Market Centres" }, "geometry": { "type": "Point", "coordinates": [ 38.045180256981354, 0.023255217267516 ] } },
{ "type": "Feature", "properties": { "LAYER": "Unknown Point Feature", "AREA": 0.0, "PERIMETER": 0.0, "TOWN_NAME": "Leopard Rock", "TOWN_ID": 6, "TOWN_TYPE": "Lodges / Camps" }, "geometry": { "type": "Point", "coordinates": [ 38.200285810640324, 0.226015595748271 ] } },
{ "type": "Feature", "properties": { "LAYER": "Unknown Point Feature", "AREA": 0.0, "PERIMETER": 0.0, "TOWN_NAME": "Mulika", "TOWN_ID": 4, "TOWN_TYPE": "Market Centres" }, "geometry": { "type": "Point", "coordinates": [ 38.165491662620873, 0.230830961376046 ] } },
{ "type": "Feature", "properties": { "LAYER": "Unknown Point Feature", "AREA": 0.0, "PERIMETER": 0.0, "TOWN_NAME": "Kampi ya Golo", "TOWN_ID": 4, "TOWN_TYPE": "Market Centres" }, "geometry": { "type": "Point", "coordinates": [ 38.272104622162033, 0.175147755989633 ] } },
{ "type": "Feature", "properties": { "LAYER": "Unknown Point Feature", "AREA": 0.0, "PERIMETER": 0.0, "TOWN_NAME": "Muthetheni", "TOWN_ID": 3, "TOWN_TYPE": "Trading Centre" }, "geometry": { "type": "Point", "coordinates": [ 37.521986804569238, -1.496446736087284 ] } },
{ "type": "Feature", "properties": { "LAYER": "Unknown Point Feature", "AREA": 0.0, "PERIMETER": 0.0, "TOWN_NAME": "Mbakaini", "TOWN_ID": 4, "TOWN_TYPE": "Market Centres" }, "geometry": { "type": "Point", "coordinates": [ 37.547037068462956, -1.408644168236643 ] } },
{ "type": "Feature", "properties": { "LAYER": "Unknown Point Feature", "AREA": 0.0, "PERIMETER": 0.0, "TOWN_NAME": "Wamunyu", "TOWN_ID": 3, "TOWN_TYPE": "Trading Centre" }, "geometry": { "type": "Point", "coordinates": [ 37.562971771841283, -1.406148587687891 ] } },
{ "type": "Feature", "properties": { "LAYER": "Unknown Point Feature", "AREA": 0.0, "PERIMETER": 0.0, "TOWN_NAME": "Myondoni", "TOWN_ID": 4, "TOWN_TYPE": "Market Centres" }, "geometry": { "type": "Point", "coordinates": [ 37.624752768830668, -1.410645459962219 ] } },
{ "type": "Feature", "properties": { "LAYER": "Unknown Point Feature", "AREA": 0.0, "PERIMETER": 0.0, "TOWN_NAME": "Katangi", "TOWN_ID": 4, "TOWN_TYPE": "Market Centres" }, "geometry": { "type": "Point", "coordinates": [ 37.68809740587313, -1.404531199239736 ] } },
{ "type": "Feature", "properties": { "LAYER": "Unknown Point Feature", "AREA": 0.0, "PERIMETER": 0.0, "TOWN_NAME": "Yathui", "TOWN_ID": 4, "TOWN_TYPE": "Market Centres" }, "geometry": { "type": "Point", "coordinates": [ 37.575675401732795, -1.452830024273531 ] } },
{ "type": "Feature", "properties": { "LAYER": "Unknown Point Feature", "AREA": 0.0, "PERIMETER": 0.0, "TOWN_NAME": "Makutano", "TOWN_ID": 4, "TOWN_TYPE": "Market Centres" }, "geometry": { "type": "Point", "coordinates": [ 37.607061872092736, -1.492070533626987 ] } },
{ "type": "Feature", "properties": { "LAYER": "Unknown Point Feature", "AREA": 0.0, "PERIMETER": 0.0, "TOWN_NAME": "Kinyaata", "TOWN_ID": 4, "TOWN_TYPE": "Market Centres" }, "geometry": { "type": "Point", "coordinates": [ 37.640351020851156, -1.340977009188739 ] } },
{ "type": "Feature", "properties": { "LAYER": "Unknown Point Feature", "AREA": 0.0, "PERIMETER": 0.0, "TOWN_NAME": "Kikuyuni", "TOWN_ID": 4, "TOWN_TYPE": "Market Centres" }, "geometry": { "type": "Point", "coordinates": [ 37.699335750473395, -1.374369974852309 ] } },
{ "type": "Feature", "properties": { "LAYER": "Unknown Point Feature", "AREA": 0.0, "PERIMETER": 0.0, "TOWN_NAME": "Ikombe", "TOWN_ID": 4, "TOWN_TYPE": "Market Centres" }, "geometry": { "type": "Point", "coordinates": [ 37.678898785007135, -1.288180575083756 ] } },
{ "type": "Feature", "properties": { "LAYER": "Unknown Point Feature", "AREA": 0.0, "PERIMETER": 0.0, "TOWN_NAME": "Mathingau", "TOWN_ID": 4, "TOWN_TYPE": "Market Centres" }, "geometry": { "type": "Point", "coordinates": [ 37.587661644187961, -1.253849517358151 ] } },
{ "type": "Feature", "properties": { "LAYER": "Unknown Point Feature", "AREA": 0.0, "PERIMETER": 0.0, "TOWN_NAME": "Kyawango", "TOWN_ID": 4, "TOWN_TYPE": "Market Centres" }, "geometry": { "type": "Point", "coordinates": [ 37.502915571316379, -1.327509709715639 ] } },
{ "type": "Feature", "properties": { "LAYER": "Unknown Point Feature", "AREA": 0.0, "PERIMETER": 0.0, "TOWN_NAME": "Vanga", "TOWN_ID": 3, "TOWN_TYPE": "Trading Centre" }, "geometry": { "type": "Point", "coordinates": [ 39.219861509453132, -4.657988304463477 ] } },
{ "type": "Feature", "properties": { "LAYER": "Unknown Point Feature", "AREA": 0.0, "PERIMETER": 0.0, "TOWN_NAME": "Lunga-lunga", "TOWN_ID": 4, "TOWN_TYPE": "Market Centres" }, "geometry": { "type": "Point", "coordinates": [ 39.122871987307498, -4.550925445716085 ] } },
{ "type": "Feature", "properties": { "LAYER": "Unknown Point Feature", "AREA": 0.0, "PERIMETER": 0.0, "TOWN_NAME": "Kambini", "TOWN_ID": 4, "TOWN_TYPE": "Market Centres" }, "geometry": { "type": "Point", "coordinates": [ 39.081643674302704, -4.548524657033138 ] } },
{ "type": "Feature", "properties": { "LAYER": "Unknown Point Feature", "AREA": 0.0, "PERIMETER": 0.0, "TOWN_NAME": "Mgombezi", "TOWN_ID": 4, "TOWN_TYPE": "Market Centres" }, "geometry": { "type": "Point", "coordinates": [ 39.135862055735785, -4.516451990717355 ] } },
{ "type": "Feature", "properties": { "LAYER": "Unknown Point Feature", "AREA": 0.0, "PERIMETER": 0.0, "TOWN_NAME": "Derani", "TOWN_ID": 4, "TOWN_TYPE": "Market Centres" }, "geometry": { "type": "Point", "coordinates": [ 39.180696153778555, -4.521436434072197 ] } },
{ "type": "Feature", "properties": { "LAYER": "Unknown Point Feature", "AREA": 0.0, "PERIMETER": 0.0, "TOWN_NAME": "Munyuni", "TOWN_ID": 4, "TOWN_TYPE": "Market Centres" }, "geometry": { "type": "Point", "coordinates": [ 38.419990564211332, -2.407309167183689 ] } },
{ "type": "Feature", "properties": { "LAYER": "Unknown Point Feature", "AREA": 0.0, "PERIMETER": 0.0, "TOWN_NAME": "Ngwasini", "TOWN_ID": 4, "TOWN_TYPE": "Market Centres" }, "geometry": { "type": "Point", "coordinates": [ 38.400706357480395, -2.38786679028128 ] } },
{ "type": "Feature", "properties": { "LAYER": "Unknown Point Feature", "AREA": 0.0, "PERIMETER": 0.0, "TOWN_NAME": "Manzui", "TOWN_ID": 4, "TOWN_TYPE": "Market Centres" }, "geometry": { "type": "Point", "coordinates": [ 38.393998676671551, -2.282822603849074 ] } },
{ "type": "Feature", "properties": { "LAYER": "Unknown Point Feature", "AREA": 0.0, "PERIMETER": 0.0, "TOWN_NAME": "Muvinge", "TOWN_ID": 4, "TOWN_TYPE": "Market Centres" }, "geometry": { "type": "Point", "coordinates": [ 38.050293709814945, -0.472889813852716 ] } },
{ "type": "Feature", "properties": { "LAYER": "Unknown Point Feature", "AREA": 0.0, "PERIMETER": 0.0, "TOWN_NAME": "Tharaka", "TOWN_ID": 4, "TOWN_TYPE": "Market Centres" }, "geometry": { "type": "Point", "coordinates": [ 38.024162123409702, -0.307465161961803 ] } },
{ "type": "Feature", "properties": { "LAYER": "Unknown Point Feature", "AREA": 0.0, "PERIMETER": 0.0, "TOWN_NAME": "Mataka", "TOWN_ID": 4, "TOWN_TYPE": "Market Centres" }, "geometry": { "type": "Point", "coordinates": [ 38.182524669242966, -0.424513249642392 ] } },
{ "type": "Feature", "properties": { "LAYER": "Unknown Point Feature", "AREA": 0.0, "PERIMETER": 0.0, "TOWN_NAME": "Tseikuru", "TOWN_ID": 4, "TOWN_TYPE": "Market Centres" }, "geometry": { "type": "Point", "coordinates": [ 38.217925868088074, -0.308566898723609 ] } },
{ "type": "Feature", "properties": { "LAYER": "Unknown Point Feature", "AREA": 0.0, "PERIMETER": 0.0, "TOWN_NAME": "Tsavo", "TOWN_ID": 6, "TOWN_TYPE": "Lodges / Camps" }, "geometry": { "type": "Point", "coordinates": [ 38.467557182948084, -2.990822815543032 ] } },
{ "type": "Feature", "properties": { "LAYER": "Unknown Point Feature", "AREA": 0.0, "PERIMETER": 0.0, "TOWN_NAME": "Kyua", "TOWN_ID": 4, "TOWN_TYPE": "Market Centres" }, "geometry": { "type": "Point", "coordinates": [ 37.759000370865429, -1.404769188712438 ] } },
{ "type": "Feature", "properties": { "LAYER": "Unknown Point Feature", "AREA": 0.0, "PERIMETER": 0.0, "TOWN_NAME": "Mamole", "TOWN_ID": 4, "TOWN_TYPE": "Market Centres" }, "geometry": { "type": "Point", "coordinates": [ 37.80224337199278, -1.461221437497285 ] } },
{ "type": "Feature", "properties": { "LAYER": "Unknown Point Feature", "AREA": 0.0, "PERIMETER": 0.0, "TOWN_NAME": "Mwitasyano", "TOWN_ID": 3, "TOWN_TYPE": "Trading Centre" }, "geometry": { "type": "Point", "coordinates": [ 37.835056641324179, -1.471623841658673 ] } },
{ "type": "Feature", "properties": { "LAYER": "Unknown Point Feature", "AREA": 0.0, "PERIMETER": 0.0, "TOWN_NAME": "Tiva", "TOWN_ID": 3, "TOWN_TYPE": "Trading Centre" }, "geometry": { "type": "Point", "coordinates": [ 37.880322628904615, -1.423837246241709 ] } },
{ "type": "Feature", "properties": { "LAYER": "Unknown Point Feature", "AREA": 0.0, "PERIMETER": 0.0, "TOWN_NAME": "Katulani", "TOWN_ID": 4, "TOWN_TYPE": "Market Centres" }, "geometry": { "type": "Point", "coordinates": [ 37.944901960337027, -1.490595165623017 ] } },
{ "type": "Feature", "properties": { "LAYER": "Unknown Point Feature", "AREA": 0.0, "PERIMETER": 0.0, "TOWN_NAME": "Itoleka", "TOWN_ID": 4, "TOWN_TYPE": "Market Centres" }, "geometry": { "type": "Point", "coordinates": [ 37.939353192136352, -1.429564651144283 ] } },
{ "type": "Feature", "properties": { "LAYER": "Unknown Point Feature", "AREA": 0.0, "PERIMETER": 0.0, "TOWN_NAME": "Syongila", "TOWN_ID": 4, "TOWN_TYPE": "Market Centres" }, "geometry": { "type": "Point", "coordinates": [ 37.986259509516124, -1.332831924970093 ] } },
{ "type": "Feature", "properties": { "LAYER": "Unknown Point Feature", "AREA": 0.0, "PERIMETER": 0.0, "TOWN_NAME": "Kyambusya", "TOWN_ID": 4, "TOWN_TYPE": "Market Centres" }, "geometry": { "type": "Point", "coordinates": [ 37.97088713293855, -1.30962091995382 ] } },
{ "type": "Feature", "properties": { "LAYER": "Unknown Point Feature", "AREA": 0.0, "PERIMETER": 0.0, "TOWN_NAME": "Matinyani", "TOWN_ID": 3, "TOWN_TYPE": "Trading Centre" }, "geometry": { "type": "Point", "coordinates": [ 37.991069374241455, -1.305386285350576 ] } },
{ "type": "Feature", "properties": { "LAYER": "Unknown Point Feature", "AREA": 0.0, "PERIMETER": 0.0, "TOWN_NAME": "Kathivo", "TOWN_ID": 3, "TOWN_TYPE": "Trading Centre" }, "geometry": { "type": "Point", "coordinates": [ 37.93381779224503, -1.282664796703737 ] } },
{ "type": "Feature", "properties": { "LAYER": "Unknown Point Feature", "AREA": 0.0, "PERIMETER": 0.0, "TOWN_NAME": "Ngoleni", "TOWN_ID": 4, "TOWN_TYPE": "Market Centres" }, "geometry": { "type": "Point", "coordinates": [ 37.916115260642798, -1.354603830025557 ] } },
{ "type": "Feature", "properties": { "LAYER": "Unknown Point Feature", "AREA": 0.0, "PERIMETER": 0.0, "TOWN_NAME": "Kalulini", "TOWN_ID": 4, "TOWN_TYPE": "Market Centres" }, "geometry": { "type": "Point", "coordinates": [ 37.873750095178373, -1.362472784325704 ] } },
{ "type": "Feature", "properties": { "LAYER": "Unknown Point Feature", "AREA": 0.0, "PERIMETER": 0.0, "TOWN_NAME": "Thavu", "TOWN_ID": 4, "TOWN_TYPE": "Market Centres" }, "geometry": { "type": "Point", "coordinates": [ 37.781650348300317, -1.94928731910279 ] } },
{ "type": "Feature", "properties": { "LAYER": "Unknown Point Feature", "AREA": 0.0, "PERIMETER": 0.0, "TOWN_NAME": "Chumani", "TOWN_ID": 4, "TOWN_TYPE": "Market Centres" }, "geometry": { "type": "Point", "coordinates": [ 38.997226169005465, -3.471420377844874 ] } },
{ "type": "Feature", "properties": { "LAYER": "Unknown Point Feature", "AREA": 0.0, "PERIMETER": 0.0, "TOWN_NAME": "Matsangai", "TOWN_ID": 4, "TOWN_TYPE": "Market Centres" }, "geometry": { "type": "Point", "coordinates": [ 39.028549914509689, -3.379819928235108 ] } },
{ "type": "Feature", "properties": { "LAYER": "Unknown Point Feature", "AREA": 0.0, "PERIMETER": 0.0, "TOWN_NAME": "Maruvesa", "TOWN_ID": 4, "TOWN_TYPE": "Market Centres" }, "geometry": { "type": "Point", "coordinates": [ 39.267717814706764, -3.677479478301166 ] } },
{ "type": "Feature", "properties": { "LAYER": "Unknown Point Feature", "AREA": 0.0, "PERIMETER": 0.0, "TOWN_NAME": "Silaloni", "TOWN_ID": 3, "TOWN_TYPE": "Trading Centre" }, "geometry": { "type": "Point", "coordinates": [ 39.283502559678411, -3.617334817130883 ] } },
{ "type": "Feature", "properties": { "LAYER": "Unknown Point Feature", "AREA": 0.0, "PERIMETER": 0.0, "TOWN_NAME": "Tsangatsini", "TOWN_ID": 4, "TOWN_TYPE": "Market Centres" }, "geometry": { "type": "Point", "coordinates": [ 39.449024346686429, -3.711379680297173 ] } },
{ "type": "Feature", "properties": { "LAYER": "Unknown Point Feature", "AREA": 0.0, "PERIMETER": 0.0, "TOWN_NAME": "Chapungu", "TOWN_ID": 4, "TOWN_TYPE": "Market Centres" }, "geometry": { "type": "Point", "coordinates": [ 39.494291139100412, -3.589188004434539 ] } },
{ "type": "Feature", "properties": { "LAYER": "Unknown Point Feature", "AREA": 0.0, "PERIMETER": 0.0, "TOWN_NAME": "Ramisi", "TOWN_ID": 4, "TOWN_TYPE": "Market Centres" }, "geometry": { "type": "Point", "coordinates": [ 39.39642007530469, -4.521133335589612 ] } },
{ "type": "Feature", "properties": { "LAYER": "Unknown Point Feature", "AREA": 0.0, "PERIMETER": 0.0, "TOWN_NAME": "Kidimu", "TOWN_ID": 4, "TOWN_TYPE": "Market Centres" }, "geometry": { "type": "Point", "coordinates": [ 39.367986935340859, -4.549032358653018 ] } },
{ "type": "Feature", "properties": { "LAYER": "Unknown Point Feature", "AREA": 0.0, "PERIMETER": 0.0, "TOWN_NAME": "Kibini", "TOWN_ID": 4, "TOWN_TYPE": "Market Centres" }, "geometry": { "type": "Point", "coordinates": [ 37.285295813839213, -2.13412685358967 ] } },
{ "type": "Feature", "properties": { "LAYER": "Unknown Point Feature", "AREA": 0.0, "PERIMETER": 0.0, "TOWN_NAME": "Sultan Hamud", "TOWN_ID": 4, "TOWN_TYPE": "Market Centres" }, "geometry": { "type": "Point", "coordinates": [ 37.371965725892075, -2.015170815810128 ] } },
{ "type": "Feature", "properties": { "LAYER": "Unknown Point Feature", "AREA": 0.0, "PERIMETER": 0.0, "TOWN_NAME": "Emali", "TOWN_ID": 4, "TOWN_TYPE": "Market Centres" }, "geometry": { "type": "Point", "coordinates": [ 37.472713456407682, -2.077723303896645 ] } },
{ "type": "Feature", "properties": { "LAYER": "Unknown Point Feature", "AREA": 0.0, "PERIMETER": 0.0, "TOWN_NAME": "Selengei", "TOWN_ID": 3, "TOWN_TYPE": "Trading Centre" }, "geometry": { "type": "Point", "coordinates": [ 37.170477001805239, -2.177863186081372 ] } },
{ "type": "Feature", "properties": { "LAYER": "Unknown Point Feature", "AREA": 0.0, "PERIMETER": 0.0, "TOWN_NAME": "Mashuru", "TOWN_ID": 3, "TOWN_TYPE": "Trading Centre" }, "geometry": { "type": "Point", "coordinates": [ 37.129692317286867, -2.101732618660532 ] } },
{ "type": "Feature", "properties": { "LAYER": "Unknown Point Feature", "AREA": 0.0, "PERIMETER": 0.0, "TOWN_NAME": "Sakutiek", "TOWN_ID": 4, "TOWN_TYPE": "Market Centres" }, "geometry": { "type": "Point", "coordinates": [ 36.146989275528149, -0.843995955389966 ] } },
{ "type": "Feature", "properties": { "LAYER": "Unknown Point Feature", "AREA": 0.0, "PERIMETER": 0.0, "TOWN_NAME": "Ngunyumu", "TOWN_ID": 4, "TOWN_TYPE": "Market Centres" }, "geometry": { "type": "Point", "coordinates": [ 36.19414406978855, -0.815545252012427 ] } },
{ "type": "Feature", "properties": { "LAYER": "Unknown Point Feature", "AREA": 0.0, "PERIMETER": 0.0, "TOWN_NAME": "Rombo", "TOWN_ID": 4, "TOWN_TYPE": "Market Centres" }, "geometry": { "type": "Point", "coordinates": [ 37.703396210862138, -3.048798201388357 ] } },
{ "type": "Feature", "properties": { "LAYER": "Unknown Point Feature", "AREA": 0.0, "PERIMETER": 0.0, "TOWN_NAME": "Oloitokitok", "TOWN_ID": 3, "TOWN_TYPE": "Trading Centre" }, "geometry": { "type": "Point", "coordinates": [ 37.509654540964789, -2.922913580982478 ] } },
{ "type": "Feature", "properties": { "LAYER": "Unknown Point Feature", "AREA": 0.0, "PERIMETER": 0.0, "TOWN_NAME": "Ilasit", "TOWN_ID": 4, "TOWN_TYPE": "Market Centres" }, "geometry": { "type": "Point", "coordinates": [ 37.570951177489384, -2.956957941034962 ] } },
{ "type": "Feature", "properties": { "LAYER": "Unknown Point Feature", "AREA": 0.0, "PERIMETER": 0.0, "TOWN_NAME": "Enkutoto", "TOWN_ID": 4, "TOWN_TYPE": "Market Centres" }, "geometry": { "type": "Point", "coordinates": [ 37.650401249770539, -2.897973433710779 ] } },
{ "type": "Feature", "properties": { "LAYER": "Unknown Point Feature", "AREA": 0.0, "PERIMETER": 0.0, "TOWN_NAME": "Kimana", "TOWN_ID": 3, "TOWN_TYPE": "Trading Centre" }, "geometry": { "type": "Point", "coordinates": [ 37.53601457295936, -2.795324170199858 ] } },
{ "type": "Feature", "properties": { "LAYER": "Unknown Point Feature", "AREA": 0.0, "PERIMETER": 0.0, "TOWN_NAME": "Esonorua", "TOWN_ID": 4, "TOWN_TYPE": "Market Centres" }, "geometry": { "type": "Point", "coordinates": [ 36.398856434406945, -1.602685100153488 ] } },
{ "type": "Feature", "properties": { "LAYER": "Unknown Point Feature", "AREA": 0.0, "PERIMETER": 0.0, "TOWN_NAME": "Munyange", "TOWN_ID": 4, "TOWN_TYPE": "Market Centres" }, "geometry": { "type": "Point", "coordinates": [ 36.873208797110543, -0.498857641063068 ] } },
{ "type": "Feature", "properties": { "LAYER": "Unknown Point Feature", "AREA": 0.0, "PERIMETER": 0.0, "TOWN_NAME": "Gathuthi", "TOWN_ID": 4, "TOWN_TYPE": "Market Centres" }, "geometry": { "type": "Point", "coordinates": [ 36.884910790298299, -0.488734481435787 ] } },
{ "type": "Feature", "properties": { "LAYER": "Unknown Point Feature", "AREA": 0.0, "PERIMETER": 0.0, "TOWN_NAME": "Mathakwa", "TOWN_ID": 4, "TOWN_TYPE": "Market Centres" }, "geometry": { "type": "Point", "coordinates": [ 36.920296722218978, -0.491458251386203 ] } },
{ "type": "Feature", "properties": { "LAYER": "Unknown Point Feature", "AREA": 0.0, "PERIMETER": 0.0, "TOWN_NAME": "Gachatha", "TOWN_ID": 4, "TOWN_TYPE": "Market Centres" }, "geometry": { "type": "Point", "coordinates": [ 36.944823017629183, -0.489711696555007 ] } },
{ "type": "Feature", "properties": { "LAYER": "Unknown Point Feature", "AREA": 0.0, "PERIMETER": 0.0, "TOWN_NAME": "Kanguita", "TOWN_ID": 4, "TOWN_TYPE": "Market Centres" }, "geometry": { "type": "Point", "coordinates": [ 36.993542624662304, -0.494962198751918 ] } },
{ "type": "Feature", "properties": { "LAYER": "Unknown Point Feature", "AREA": 0.0, "PERIMETER": 0.0, "TOWN_NAME": "Karurumo", "TOWN_ID": 4, "TOWN_TYPE": "Market Centres" }, "geometry": { "type": "Point", "coordinates": [ 36.975238306773093, -0.472630795881356 ] } },
{ "type": "Feature", "properties": { "LAYER": "Unknown Point Feature", "AREA": 0.0, "PERIMETER": 0.0, "TOWN_NAME": "Kigwani", "TOWN_ID": 4, "TOWN_TYPE": "Market Centres" }, "geometry": { "type": "Point", "coordinates": [ 36.965846010588336, -0.469436066724092 ] } },
{ "type": "Feature", "properties": { "LAYER": "Unknown Point Feature", "AREA": 0.0, "PERIMETER": 0.0, "TOWN_NAME": "Kagumo", "TOWN_ID": 4, "TOWN_TYPE": "Market Centres" }, "geometry": { "type": "Point", "coordinates": [ 36.998307661021087, -0.466560920248518 ] } },
{ "type": "Feature", "properties": { "LAYER": "Unknown Point Feature", "AREA": 0.0, "PERIMETER": 0.0, "TOWN_NAME": "Giakanja", "TOWN_ID": 4, "TOWN_TYPE": "Market Centres" }, "geometry": { "type": "Point", "coordinates": [ 36.941613572045242, -0.458750019851959 ] } },
{ "type": "Feature", "properties": { "LAYER": "Unknown Point Feature", "AREA": 0.0, "PERIMETER": 0.0, "TOWN_NAME": "Kiandere", "TOWN_ID": 4, "TOWN_TYPE": "Market Centres" }, "geometry": { "type": "Point", "coordinates": [ 36.901274328366604, -0.44924409250418 ] } },
{ "type": "Feature", "properties": { "LAYER": "Unknown Point Feature", "AREA": 0.0, "PERIMETER": 0.0, "TOWN_NAME": "Nyeri", "TOWN_ID": 1, "TOWN_TYPE": "Municipality" }, "geometry": { "type": "Point", "coordinates": [ 36.952406755337911, -0.420974332870969 ] } },
{ "type": "Feature", "properties": { "LAYER": "Unknown Point Feature", "AREA": 0.0, "PERIMETER": 0.0, "TOWN_NAME": "Tetu", "TOWN_ID": 3, "TOWN_TYPE": "Trading Centre" }, "geometry": { "type": "Point", "coordinates": [ 36.913678489469319, -0.435313800160748 ] } },
{ "type": "Feature", "properties": { "LAYER": "Unknown Point Feature", "AREA": 0.0, "PERIMETER": 0.0, "TOWN_NAME": "Kihingo", "TOWN_ID": 4, "TOWN_TYPE": "Market Centres" }, "geometry": { "type": "Point", "coordinates": [ 36.869883264361761, -0.421856251086043 ] } },
{ "type": "Feature", "properties": { "LAYER": "Unknown Point Feature", "AREA": 0.0, "PERIMETER": 0.0, "TOWN_NAME": "Kanjora", "TOWN_ID": 4, "TOWN_TYPE": "Market Centres" }, "geometry": { "type": "Point", "coordinates": [ 36.882106811310777, -0.405611294732031 ] } },
{ "type": "Feature", "properties": { "LAYER": "Unknown Point Feature", "AREA": 0.0, "PERIMETER": 0.0, "TOWN_NAME": "Ihururu", "TOWN_ID": 4, "TOWN_TYPE": "Market Centres" }, "geometry": { "type": "Point", "coordinates": [ 36.893237365475557, -0.407187525117053 ] } },
{ "type": "Feature", "properties": { "LAYER": "Unknown Point Feature", "AREA": 0.0, "PERIMETER": 0.0, "TOWN_NAME": "Kiganjo", "TOWN_ID": 3, "TOWN_TYPE": "Trading Centre" }, "geometry": { "type": "Point", "coordinates": [ 36.998278694899355, -0.391172954116587 ] } },
{ "type": "Feature", "properties": { "LAYER": "Unknown Point Feature", "AREA": 0.0, "PERIMETER": 0.0, "TOWN_NAME": "Kihugo", "TOWN_ID": 4, "TOWN_TYPE": "Market Centres" }, "geometry": { "type": "Point", "coordinates": [ 36.907191702018906, -0.382651036398513 ] } },
{ "type": "Feature", "properties": { "LAYER": "Unknown Point Feature", "AREA": 0.0, "PERIMETER": 0.0, "TOWN_NAME": "Mweiga", "TOWN_ID": 4, "TOWN_TYPE": "Market Centres" }, "geometry": { "type": "Point", "coordinates": [ 36.905324159975066, -0.324284147982457 ] } },
{ "type": "Feature", "properties": { "LAYER": "Unknown Point Feature", "AREA": 0.0, "PERIMETER": 0.0, "TOWN_NAME": "Endarasha", "TOWN_ID": 4, "TOWN_TYPE": "Market Centres" }, "geometry": { "type": "Point", "coordinates": [ 36.794801336761758, -0.303863126327633 ] } },
{ "type": "Feature", "properties": { "LAYER": "Unknown Point Feature", "AREA": 0.0, "PERIMETER": 0.0, "TOWN_NAME": "Watuka", "TOWN_ID": 4, "TOWN_TYPE": "Market Centres" }, "geometry": { "type": "Point", "coordinates": [ 36.765825617795272, -0.285096612732652 ] } },
{ "type": "Feature", "properties": { "LAYER": "Unknown Point Feature", "AREA": 0.0, "PERIMETER": 0.0, "TOWN_NAME": "Nyaani", "TOWN_ID": 4, "TOWN_TYPE": "Market Centres" }, "geometry": { "type": "Point", "coordinates": [ 38.302078683108427, -1.149867816969653 ] } },
{ "type": "Feature", "properties": { "LAYER": "Unknown Point Feature", "AREA": 0.0, "PERIMETER": 0.0, "TOWN_NAME": "Nuu", "TOWN_ID": 3, "TOWN_TYPE": "Trading Centre" }, "geometry": { "type": "Point", "coordinates": [ 38.362604773581005, -1.050811473856982 ] } },
{ "type": "Feature", "properties": { "LAYER": "Unknown Point Feature", "AREA": 0.0, "PERIMETER": 0.0, "TOWN_NAME": "Chogoria", "TOWN_ID": 3, "TOWN_TYPE": "Trading Centre" }, "geometry": { "type": "Point", "coordinates": [ 37.627493317332387, -0.227359301100023 ] } },
{ "type": "Feature", "properties": { "LAYER": "Unknown Point Feature", "AREA": 0.0, "PERIMETER": 0.0, "TOWN_NAME": "Magutuini", "TOWN_ID": 4, "TOWN_TYPE": "Market Centres" }, "geometry": { "type": "Point", "coordinates": [ 37.736393307742873, -0.222457376138119 ] } },
{ "type": "Feature", "properties": { "LAYER": "Unknown Point Feature", "AREA": 0.0, "PERIMETER": 0.0, "TOWN_NAME": "Keria", "TOWN_ID": 4, "TOWN_TYPE": "Market Centres" }, "geometry": { "type": "Point", "coordinates": [ 37.655417234222206, -0.209460644752539 ] } },
{ "type": "Feature", "properties": { "LAYER": "Unknown Point Feature", "AREA": 0.0, "PERIMETER": 0.0, "TOWN_NAME": "Igoji", "TOWN_ID": 3, "TOWN_TYPE": "Trading Centre" }, "geometry": { "type": "Point", "coordinates": [ 37.667333022598193, -0.18886466833213 ] } },
{ "type": "Feature", "properties": { "LAYER": "Unknown Point Feature", "AREA": 0.0, "PERIMETER": 0.0, "TOWN_NAME": "Mweru", "TOWN_ID": 4, "TOWN_TYPE": "Market Centres" }, "geometry": { "type": "Point", "coordinates": [ 37.710047932634915, -0.17162656096299 ] } },
{ "type": "Feature", "properties": { "LAYER": "Unknown Point Feature", "AREA": 0.0, "PERIMETER": 0.0, "TOWN_NAME": "Kinoro", "TOWN_ID": 4, "TOWN_TYPE": "Market Centres" }, "geometry": { "type": "Point", "coordinates": [ 37.624100295803736, -0.175455826666646 ] } },
{ "type": "Feature", "properties": { "LAYER": "Unknown Point Feature", "AREA": 0.0, "PERIMETER": 0.0, "TOWN_NAME": "Kanyakine", "TOWN_ID": 4, "TOWN_TYPE": "Market Centres" }, "geometry": { "type": "Point", "coordinates": [ 37.67296546939675, -0.122867704930496 ] } },
{ "type": "Feature", "properties": { "LAYER": "Unknown Point Feature", "AREA": 0.0, "PERIMETER": 0.0, "TOWN_NAME": "Nkubu", "TOWN_ID": 3, "TOWN_TYPE": "Trading Centre" }, "geometry": { "type": "Point", "coordinates": [ 37.663139352010397, -0.062279380834005 ] } },
{ "type": "Feature", "properties": { "LAYER": "Unknown Point Feature", "AREA": 0.0, "PERIMETER": 0.0, "TOWN_NAME": "Kaguma", "TOWN_ID": 4, "TOWN_TYPE": "Market Centres" }, "geometry": { "type": "Point", "coordinates": [ 37.727392522134451, -0.016517810832316 ] } },
{ "type": "Feature", "properties": { "LAYER": "Unknown Point Feature", "AREA": 0.0, "PERIMETER": 0.0, "TOWN_NAME": "Mariene", "TOWN_ID": 4, "TOWN_TYPE": "Market Centres" }, "geometry": { "type": "Point", "coordinates": [ 37.640833466058943, -0.015648858071805 ] } },
{ "type": "Feature", "properties": { "LAYER": "Unknown Point Feature", "AREA": 0.0, "PERIMETER": 0.0, "TOWN_NAME": "Githongo", "TOWN_ID": 4, "TOWN_TYPE": "Market Centres" }, "geometry": { "type": "Point", "coordinates": [ 37.590581285825202, -0.002324673664458 ] } },
{ "type": "Feature", "properties": { "LAYER": "Unknown Point Feature", "AREA": 0.0, "PERIMETER": 0.0, "TOWN_NAME": "Kithirune", "TOWN_ID": 4, "TOWN_TYPE": "Market Centres" }, "geometry": { "type": "Point", "coordinates": [ 37.584173766327908, -0.019782209410015 ] } },
{ "type": "Feature", "properties": { "LAYER": "Unknown Point Feature", "AREA": 0.0, "PERIMETER": 0.0, "TOWN_NAME": "Nkuene", "TOWN_ID": 4, "TOWN_TYPE": "Market Centres" }, "geometry": { "type": "Point", "coordinates": [ 37.614676319564659, -0.07451665098085 ] } },
{ "type": "Feature", "properties": { "LAYER": "Unknown Point Feature", "AREA": 0.0, "PERIMETER": 0.0, "TOWN_NAME": "Kionyo", "TOWN_ID": 4, "TOWN_TYPE": "Market Centres" }, "geometry": { "type": "Point", "coordinates": [ 37.595917964851161, -0.115193236353856 ] } },
{ "type": "Feature", "properties": { "LAYER": "Unknown Point Feature", "AREA": 0.0, "PERIMETER": 0.0, "TOWN_NAME": "Kiserian", "TOWN_ID": 3, "TOWN_TYPE": "Trading Centre" }, "geometry": { "type": "Point", "coordinates": [ 36.685555960945564, -1.425635826941375 ] } },
{ "type": "Feature", "properties": { "LAYER": "Unknown Point Feature", "AREA": 0.0, "PERIMETER": 0.0, "TOWN_NAME": "Matathia", "TOWN_ID": 4, "TOWN_TYPE": "Market Centres" }, "geometry": { "type": "Point", "coordinates": [ 36.679157576082346, -1.387016851169709 ] } },
{ "type": "Feature", "properties": { "LAYER": "Unknown Point Feature", "AREA": 0.0, "PERIMETER": 0.0, "TOWN_NAME": "Ngong", "TOWN_ID": 3, "TOWN_TYPE": "Trading Centre" }, "geometry": { "type": "Point", "coordinates": [ 36.655507184918477, -1.359537471150232 ] } },
{ "type": "Feature", "properties": { "LAYER": "Unknown Point Feature", "AREA": 0.0, "PERIMETER": 0.0, "TOWN_NAME": "Bulbul", "TOWN_ID": 4, "TOWN_TYPE": "Market Centres" }, "geometry": { "type": "Point", "coordinates": [ 36.670871959593619, -1.33087575354451 ] } },
{ "type": "Feature", "properties": { "LAYER": "Unknown Point Feature", "AREA": 0.0, "PERIMETER": 0.0, "TOWN_NAME": "Lusigeti", "TOWN_ID": 4, "TOWN_TYPE": "Market Centres" }, "geometry": { "type": "Point", "coordinates": [ 36.613915447356177, -1.270965754855249 ] } },
{ "type": "Feature", "properties": { "LAYER": "Unknown Point Feature", "AREA": 0.0, "PERIMETER": 0.0, "TOWN_NAME": "Gikambura", "TOWN_ID": 4, "TOWN_TYPE": "Market Centres" }, "geometry": { "type": "Point", "coordinates": [ 36.637359609798963, -1.277053539492076 ] } },
{ "type": "Feature", "properties": { "LAYER": "Unknown Point Feature", "AREA": 0.0, "PERIMETER": 0.0, "TOWN_NAME": "Thogoto", "TOWN_ID": 4, "TOWN_TYPE": "Market Centres" }, "geometry": { "type": "Point", "coordinates": [ 36.668466395099387, -1.263828681919633 ] } },
{ "type": "Feature", "properties": { "LAYER": "Unknown Point Feature", "AREA": 0.0, "PERIMETER": 0.0, "TOWN_NAME": "Nembu", "TOWN_ID": 4, "TOWN_TYPE": "Market Centres" }, "geometry": { "type": "Point", "coordinates": [ 36.722213939612878, -1.276226582843375 ] } },
{ "type": "Feature", "properties": { "LAYER": "Unknown Point Feature", "AREA": 0.0, "PERIMETER": 0.0, "TOWN_NAME": "Riruta", "TOWN_ID": 4, "TOWN_TYPE": "Market Centres" }, "geometry": { "type": "Point", "coordinates": [ 36.733336535156823, -1.288143438777696 ] } },
{ "type": "Feature", "properties": { "LAYER": "Unknown Point Feature", "AREA": 0.0, "PERIMETER": 0.0, "TOWN_NAME": "Kabete", "TOWN_ID": 4, "TOWN_TYPE": "Market Centres" }, "geometry": { "type": "Point", "coordinates": [ 36.719688053118368, -1.259806076853986 ] } },
{ "type": "Feature", "properties": { "LAYER": "Unknown Point Feature", "AREA": 0.0, "PERIMETER": 0.0, "TOWN_NAME": "Kangemi", "TOWN_ID": 4, "TOWN_TYPE": "Market Centres" }, "geometry": { "type": "Point", "coordinates": [ 36.74517122573905, -1.262296615423827 ] } },
{ "type": "Feature", "properties": { "LAYER": "Unknown Point Feature", "AREA": 0.0, "PERIMETER": 0.0, "TOWN_NAME": "Ndavaya", "TOWN_ID": 3, "TOWN_TYPE": "Trading Centre" }, "geometry": { "type": "Point", "coordinates": [ 39.166122617544829, -4.254781142459909 ] } },
{ "type": "Feature", "properties": { "LAYER": "Unknown Point Feature", "AREA": 0.0, "PERIMETER": 0.0, "TOWN_NAME": "Namanga", "TOWN_ID": 2, "TOWN_TYPE": "Township/Town" }, "geometry": { "type": "Point", "coordinates": [ 36.786951093283442, -2.543216421107588 ] } },
{ "type": "Feature", "properties": { "LAYER": "Unknown Point Feature", "AREA": 0.0, "PERIMETER": 0.0, "TOWN_NAME": "Olkulului", "TOWN_ID": 4, "TOWN_TYPE": "Market Centres" }, "geometry": { "type": "Point", "coordinates": [ 36.988668837024996, -2.595786234308057 ] } },
{ "type": "Feature", "properties": { "LAYER": "Unknown Point Feature", "AREA": 0.0, "PERIMETER": 0.0, "TOWN_NAME": "Mwitika", "TOWN_ID": 3, "TOWN_TYPE": "Trading Centre" }, "geometry": { "type": "Point", "coordinates": [ 38.308962719688914, -1.448606607565565 ] } },
{ "type": "Feature", "properties": { "LAYER": "Unknown Point Feature", "AREA": 0.0, "PERIMETER": 0.0, "TOWN_NAME": "Kavingo", "TOWN_ID": 4, "TOWN_TYPE": "Market Centres" }, "geometry": { "type": "Point", "coordinates": [ 38.3478296304894, -1.440285460620853 ] } },
{ "type": "Feature", "properties": { "LAYER": "Unknown Point Feature", "AREA": 0.0, "PERIMETER": 0.0, "TOWN_NAME": "Makongo", "TOWN_ID": 4, "TOWN_TYPE": "Market Centres" }, "geometry": { "type": "Point", "coordinates": [ 38.3943104059381, -1.407075675329032 ] } },
{ "type": "Feature", "properties": { "LAYER": "Unknown Point Feature", "AREA": 0.0, "PERIMETER": 0.0, "TOWN_NAME": "Yuku", "TOWN_ID": 4, "TOWN_TYPE": "Market Centres" }, "geometry": { "type": "Point", "coordinates": [ 38.435102799698456, -1.34214198233715 ] } },
{ "type": "Feature", "properties": { "LAYER": "Unknown Point Feature", "AREA": 0.0, "PERIMETER": 0.0, "TOWN_NAME": "Kaliku", "TOWN_ID": 4, "TOWN_TYPE": "Market Centres" }, "geometry": { "type": "Point", "coordinates": [ 38.294928623184553, -1.288327595903092 ] } },
{ "type": "Feature", "properties": { "LAYER": "Unknown Point Feature", "AREA": 0.0, "PERIMETER": 0.0, "TOWN_NAME": "Merueshi", "TOWN_ID": 4, "TOWN_TYPE": "Market Centres" }, "geometry": { "type": "Point", "coordinates": [ 37.544807466500622, -2.370806863124688 ] } },
{ "type": "Feature", "properties": { "LAYER": "Unknown Point Feature", "AREA": 0.0, "PERIMETER": 0.0, "TOWN_NAME": "Lagarama", "TOWN_ID": 4, "TOWN_TYPE": "Market Centres" }, "geometry": { "type": "Point", "coordinates": [ 37.536608477838449, -2.452881689394066 ] } },
{ "type": "Feature", "properties": { "LAYER": "Unknown Point Feature", "AREA": 0.0, "PERIMETER": 0.0, "TOWN_NAME": "Kamboyo", "TOWN_ID": 4, "TOWN_TYPE": "Market Centres" }, "geometry": { "type": "Point", "coordinates": [ 38.129589193232327, -2.741934629574479 ] } },
{ "type": "Feature", "properties": { "LAYER": "Unknown Point Feature", "AREA": 0.0, "PERIMETER": 0.0, "TOWN_NAME": "Mtito Andei", "TOWN_ID": 4, "TOWN_TYPE": "Market Centres" }, "geometry": { "type": "Point", "coordinates": [ 38.166112138140498, -2.690374929232186 ] } },
{ "type": "Feature", "properties": { "LAYER": "Unknown Point Feature", "AREA": 0.0, "PERIMETER": 0.0, "TOWN_NAME": "Kambu", "TOWN_ID": 4, "TOWN_TYPE": "Market Centres" }, "geometry": { "type": "Point", "coordinates": [ 38.075048984393391, -2.591907312667801 ] } },
{ "type": "Feature", "properties": { "LAYER": "Unknown Point Feature", "AREA": 0.0, "PERIMETER": 0.0, "TOWN_NAME": "Darajani", "TOWN_ID": 4, "TOWN_TYPE": "Market Centres" }, "geometry": { "type": "Point", "coordinates": [ 38.116079103825776, -2.585214948707628 ] } },
{ "type": "Feature", "properties": { "LAYER": "Unknown Point Feature", "AREA": 0.0, "PERIMETER": 0.0, "TOWN_NAME": "Ngwata", "TOWN_ID": 4, "TOWN_TYPE": "Market Centres" }, "geometry": { "type": "Point", "coordinates": [ 38.050391470969608, -2.524898077790994 ] } },
{ "type": "Feature", "properties": { "LAYER": "Unknown Point Feature", "AREA": 0.0, "PERIMETER": 0.0, "TOWN_NAME": "Kathekani", "TOWN_ID": 4, "TOWN_TYPE": "Market Centres" }, "geometry": { "type": "Point", "coordinates": [ 38.149334190084403, -2.628020810604087 ] } },
{ "type": "Feature", "properties": { "LAYER": "Unknown Point Feature", "AREA": 0.0, "PERIMETER": 0.0, "TOWN_NAME": "Mitunguu", "TOWN_ID": 3, "TOWN_TYPE": "Trading Centre" }, "geometry": { "type": "Point", "coordinates": [ 37.782533675046494, -0.105495433810843 ] } },
{ "type": "Feature", "properties": { "LAYER": "Unknown Point Feature", "AREA": 0.0, "PERIMETER": 0.0, "TOWN_NAME": "Gaitu", "TOWN_ID": 4, "TOWN_TYPE": "Market Centres" }, "geometry": { "type": "Point", "coordinates": [ 37.768195299130625, -0.009986832817933 ] } },
{ "type": "Feature", "properties": { "LAYER": "Unknown Point Feature", "AREA": 0.0, "PERIMETER": 0.0, "TOWN_NAME": "Tunyai", "TOWN_ID": 4, "TOWN_TYPE": "Market Centres" }, "geometry": { "type": "Point", "coordinates": [ 37.836539491449578, -0.174448117722738 ] } },
{ "type": "Feature", "properties": { "LAYER": "Unknown Point Feature", "AREA": 0.0, "PERIMETER": 0.0, "TOWN_NAME": "Marimanti", "TOWN_ID": 4, "TOWN_TYPE": "Market Centres" }, "geometry": { "type": "Point", "coordinates": [ 37.973289268970547, -0.146818534422347 ] } },
{ "type": "Feature", "properties": { "LAYER": "Unknown Point Feature", "AREA": 0.0, "PERIMETER": 0.0, "TOWN_NAME": "Kaimu", "TOWN_ID": 4, "TOWN_TYPE": "Market Centres" }, "geometry": { "type": "Point", "coordinates": [ 38.002497896427798, -1.165139609487564 ] } },
{ "type": "Feature", "properties": { "LAYER": "Unknown Point Feature", "AREA": 0.0, "PERIMETER": 0.0, "TOWN_NAME": "Migwani", "TOWN_ID": 3, "TOWN_TYPE": "Trading Centre" }, "geometry": { "type": "Point", "coordinates": [ 38.018116715852166, -1.092780039358265 ] } },
{ "type": "Feature", "properties": { "LAYER": "Unknown Point Feature", "AREA": 0.0, "PERIMETER": 0.0, "TOWN_NAME": "Kangutheni", "TOWN_ID": 4, "TOWN_TYPE": "Market Centres" }, "geometry": { "type": "Point", "coordinates": [ 38.031413192366585, -1.075722108441265 ] } },
{ "type": "Feature", "properties": { "LAYER": "Unknown Point Feature", "AREA": 0.0, "PERIMETER": 0.0, "TOWN_NAME": "Thokoa", "TOWN_ID": 4, "TOWN_TYPE": "Market Centres" }, "geometry": { "type": "Point", "coordinates": [ 38.025425487457078, -1.054948756888217 ] } },
{ "type": "Feature", "properties": { "LAYER": "Unknown Point Feature", "AREA": 0.0, "PERIMETER": 0.0, "TOWN_NAME": "Musuani", "TOWN_ID": 4, "TOWN_TYPE": "Market Centres" }, "geometry": { "type": "Point", "coordinates": [ 38.010972683599363, -1.018214347328769 ] } },
{ "type": "Feature", "properties": { "LAYER": "Unknown Point Feature", "AREA": 0.0, "PERIMETER": 0.0, "TOWN_NAME": "Mumboni", "TOWN_ID": 4, "TOWN_TYPE": "Market Centres" }, "geometry": { "type": "Point", "coordinates": [ 38.100011607934995, -1.047932818534373 ] } },
{ "type": "Feature", "properties": { "LAYER": "Unknown Point Feature", "AREA": 0.0, "PERIMETER": 0.0, "TOWN_NAME": "Nzuleni", "TOWN_ID": 4, "TOWN_TYPE": "Market Centres" }, "geometry": { "type": "Point", "coordinates": [ 38.099339598176542, -1.078782837587826 ] } },
{ "type": "Feature", "properties": { "LAYER": "Unknown Point Feature", "AREA": 0.0, "PERIMETER": 0.0, "TOWN_NAME": "Mutito", "TOWN_ID": 3, "TOWN_TYPE": "Trading Centre" }, "geometry": { "type": "Point", "coordinates": [ 38.189366578217857, -1.223527198489315 ] } },
{ "type": "Feature", "properties": { "LAYER": "Unknown Point Feature", "AREA": 0.0, "PERIMETER": 0.0, "TOWN_NAME": "Yoonye", "TOWN_ID": 4, "TOWN_TYPE": "Market Centres" }, "geometry": { "type": "Point", "coordinates": [ 38.210362833401781, -1.171276670446237 ] } },
{ "type": "Feature", "properties": { "LAYER": "Unknown Point Feature", "AREA": 0.0, "PERIMETER": 0.0, "TOWN_NAME": "Mui", "TOWN_ID": 3, "TOWN_TYPE": "Trading Centre" }, "geometry": { "type": "Point", "coordinates": [ 38.228460149355314, -1.082971254487278 ] } },
{ "type": "Feature", "properties": { "LAYER": "Unknown Point Feature", "AREA": 0.0, "PERIMETER": 0.0, "TOWN_NAME": "Mathuki", "TOWN_ID": 4, "TOWN_TYPE": "Market Centres" }, "geometry": { "type": "Point", "coordinates": [ 38.240712283764275, -1.035222671659483 ] } },
{ "type": "Feature", "properties": { "LAYER": "Unknown Point Feature", "AREA": 0.0, "PERIMETER": 0.0, "TOWN_NAME": "Mazeras", "TOWN_ID": 3, "TOWN_TYPE": "Trading Centre" }, "geometry": { "type": "Point", "coordinates": [ 39.549229793169879, -3.964448587899333 ] } },
{ "type": "Feature", "properties": { "LAYER": "Unknown Point Feature", "AREA": 0.0, "PERIMETER": 0.0, "TOWN_NAME": "Rabai", "TOWN_ID": 4, "TOWN_TYPE": "Market Centres" }, "geometry": { "type": "Point", "coordinates": [ 39.568777897508568, -3.929702920064801 ] } },
{ "type": "Feature", "properties": { "LAYER": "Unknown Point Feature", "AREA": 0.0, "PERIMETER": 0.0, "TOWN_NAME": "Ribe", "TOWN_ID": 4, "TOWN_TYPE": "Market Centres" }, "geometry": { "type": "Point", "coordinates": [ 39.630703929173364, -3.881183587705388 ] } },
{ "type": "Feature", "properties": { "LAYER": "Unknown Point Feature", "AREA": 0.0, "PERIMETER": 0.0, "TOWN_NAME": "Kaloleni", "TOWN_ID": 4, "TOWN_TYPE": "Market Centres" }, "geometry": { "type": "Point", "coordinates": [ 39.633324959346979, -3.810423680392792 ] } },
{ "type": "Feature", "properties": { "LAYER": "Unknown Point Feature", "AREA": 0.0, "PERIMETER": 0.0, "TOWN_NAME": "Mwanzai", "TOWN_ID": 4, "TOWN_TYPE": "Market Centres" }, "geometry": { "type": "Point", "coordinates": [ 39.6834748985126, -3.832758652911468 ] } },
{ "type": "Feature", "properties": { "LAYER": "Unknown Point Feature", "AREA": 0.0, "PERIMETER": 0.0, "TOWN_NAME": "Chonyi", "TOWN_ID": 4, "TOWN_TYPE": "Market Centres" }, "geometry": { "type": "Point", "coordinates": [ 39.705695219394919, -3.777273108977953 ] } },
{ "type": "Feature", "properties": { "LAYER": "Unknown Point Feature", "AREA": 0.0, "PERIMETER": 0.0, "TOWN_NAME": "Mtwapa", "TOWN_ID": 3, "TOWN_TYPE": "Trading Centre" }, "geometry": { "type": "Point", "coordinates": [ 39.736876395761392, -3.944788054698353 ] } },
{ "type": "Feature", "properties": { "LAYER": "Unknown Point Feature", "AREA": 0.0, "PERIMETER": 0.0, "TOWN_NAME": "Shimo laTewa", "TOWN_ID": 4, "TOWN_TYPE": "Market Centres" }, "geometry": { "type": "Point", "coordinates": [ 39.740499533733498, -3.955016925340142 ] } },
{ "type": "Feature", "properties": { "LAYER": "Unknown Point Feature", "AREA": 0.0, "PERIMETER": 0.0, "TOWN_NAME": "Kibaokiche", "TOWN_ID": 4, "TOWN_TYPE": "Market Centres" }, "geometry": { "type": "Point", "coordinates": [ 39.54740206806791, -3.836946191964069 ] } },
{ "type": "Feature", "properties": { "LAYER": "Unknown Point Feature", "AREA": 0.0, "PERIMETER": 0.0, "TOWN_NAME": "Gatoni", "TOWN_ID": 4, "TOWN_TYPE": "Market Centres" }, "geometry": { "type": "Point", "coordinates": [ 39.539268152720197, -3.781518370390237 ] } },
{ "type": "Feature", "properties": { "LAYER": "Unknown Point Feature", "AREA": 0.0, "PERIMETER": 0.0, "TOWN_NAME": "Kalyambeu", "TOWN_ID": 4, "TOWN_TYPE": "Market Centres" }, "geometry": { "type": "Point", "coordinates": [ 37.669284977822763, -1.244177544970744 ] } },
{ "type": "Feature", "properties": { "LAYER": "Unknown Point Feature", "AREA": 0.0, "PERIMETER": 0.0, "TOWN_NAME": "Kitheuni", "TOWN_ID": 4, "TOWN_TYPE": "Market Centres" }, "geometry": { "type": "Point", "coordinates": [ 37.646639481283927, -1.20266492502206 ] } },
{ "type": "Feature", "properties": { "LAYER": "Unknown Point Feature", "AREA": 0.0, "PERIMETER": 0.0, "TOWN_NAME": "Mwambathaana", "TOWN_ID": 4, "TOWN_TYPE": "Market Centres" }, "geometry": { "type": "Point", "coordinates": [ 37.623165022212113, -1.175435279935269 ] } },
{ "type": "Feature", "properties": { "LAYER": "Unknown Point Feature", "AREA": 0.0, "PERIMETER": 0.0, "TOWN_NAME": "Kyasioni", "TOWN_ID": 4, "TOWN_TYPE": "Market Centres" }, "geometry": { "type": "Point", "coordinates": [ 37.59770352293981, -1.179836668906089 ] } },
{ "type": "Feature", "properties": { "LAYER": "Unknown Point Feature", "AREA": 0.0, "PERIMETER": 0.0, "TOWN_NAME": "Kiluluini", "TOWN_ID": 4, "TOWN_TYPE": "Market Centres" }, "geometry": { "type": "Point", "coordinates": [ 37.55613113296652, -1.158640422623412 ] } },
{ "type": "Feature", "properties": { "LAYER": "Unknown Point Feature", "AREA": 0.0, "PERIMETER": 0.0, "TOWN_NAME": "Matuu", "TOWN_ID": 3, "TOWN_TYPE": "Trading Centre" }, "geometry": { "type": "Point", "coordinates": [ 37.546994950851612, -1.142860933644331 ] } },
{ "type": "Feature", "properties": { "LAYER": "Unknown Point Feature", "AREA": 0.0, "PERIMETER": 0.0, "TOWN_NAME": "Kangonde", "TOWN_ID": 3, "TOWN_TYPE": "Trading Centre" }, "geometry": { "type": "Point", "coordinates": [ 37.679338616582505, -1.075209250941759 ] } },
{ "type": "Feature", "properties": { "LAYER": "Unknown Point Feature", "AREA": 0.0, "PERIMETER": 0.0, "TOWN_NAME": "Kitangani", "TOWN_ID": 4, "TOWN_TYPE": "Market Centres" }, "geometry": { "type": "Point", "coordinates": [ 37.653393580563048, -1.035243450633702 ] } },
{ "type": "Feature", "properties": { "LAYER": "Unknown Point Feature", "AREA": 0.0, "PERIMETER": 0.0, "TOWN_NAME": "Mutwa", "TOWN_ID": 4, "TOWN_TYPE": "Market Centres" }, "geometry": { "type": "Point", "coordinates": [ 37.598760694310613, -1.07605953709581 ] } },
{ "type": "Feature", "properties": { "LAYER": "Unknown Point Feature", "AREA": 0.0, "PERIMETER": 0.0, "TOWN_NAME": "Musingini", "TOWN_ID": 4, "TOWN_TYPE": "Market Centres" }, "geometry": { "type": "Point", "coordinates": [ 37.598250439439866, -1.020611093224862 ] } },
{ "type": "Feature", "properties": { "LAYER": "Unknown Point Feature", "AREA": 0.0, "PERIMETER": 0.0, "TOWN_NAME": "Itunduimuni", "TOWN_ID": 4, "TOWN_TYPE": "Market Centres" }, "geometry": { "type": "Point", "coordinates": [ 37.560689834901474, -1.035365264859595 ] } },
{ "type": "Feature", "properties": { "LAYER": "Unknown Point Feature", "AREA": 0.0, "PERIMETER": 0.0, "TOWN_NAME": "Ikaatini", "TOWN_ID": 4, "TOWN_TYPE": "Market Centres" }, "geometry": { "type": "Point", "coordinates": [ 37.526908633569384, -1.076450577623762 ] } },
{ "type": "Feature", "properties": { "LAYER": "Unknown Point Feature", "AREA": 0.0, "PERIMETER": 0.0, "TOWN_NAME": "Kwawanzilu", "TOWN_ID": 4, "TOWN_TYPE": "Market Centres" }, "geometry": { "type": "Point", "coordinates": [ 37.516880999104302, -1.049229103496738 ] } },
{ "type": "Feature", "properties": { "LAYER": "Unknown Point Feature", "AREA": 0.0, "PERIMETER": 0.0, "TOWN_NAME": "Kivingoni", "TOWN_ID": 4, "TOWN_TYPE": "Market Centres" }, "geometry": { "type": "Point", "coordinates": [ 37.508046619025684, -1.019448657097936 ] } },
{ "type": "Feature", "properties": { "LAYER": "Unknown Point Feature", "AREA": 0.0, "PERIMETER": 0.0, "TOWN_NAME": "Twimyua", "TOWN_ID": 4, "TOWN_TYPE": "Market Centres" }, "geometry": { "type": "Point", "coordinates": [ 38.263938824279656, -0.459471523746038 ] } },
{ "type": "Feature", "properties": { "LAYER": "Unknown Point Feature", "AREA": 0.0, "PERIMETER": 0.0, "TOWN_NAME": "Masyungwa", "TOWN_ID": 4, "TOWN_TYPE": "Market Centres" }, "geometry": { "type": "Point", "coordinates": [ 38.376525436695083, -0.399225323307262 ] } },
{ "type": "Feature", "properties": { "LAYER": "Unknown Point Feature", "AREA": 0.0, "PERIMETER": 0.0, "TOWN_NAME": "Mivukoni", "TOWN_ID": 4, "TOWN_TYPE": "Market Centres" }, "geometry": { "type": "Point", "coordinates": [ 38.252824590366686, -0.412035053148026 ] } },
{ "type": "Feature", "properties": { "LAYER": "Unknown Point Feature", "AREA": 0.0, "PERIMETER": 0.0, "TOWN_NAME": "Nzukini", "TOWN_ID": 4, "TOWN_TYPE": "Market Centres" }, "geometry": { "type": "Point", "coordinates": [ 37.50502281708237, -0.987500260433672 ] } },
{ "type": "Feature", "properties": { "LAYER": "Unknown Point Feature", "AREA": 0.0, "PERIMETER": 0.0, "TOWN_NAME": "Masinga", "TOWN_ID": 4, "TOWN_TYPE": "Market Centres" }, "geometry": { "type": "Point", "coordinates": [ 37.603441279261773, -0.972265663083186 ] } },
{ "type": "Feature", "properties": { "LAYER": "Unknown Point Feature", "AREA": 0.0, "PERIMETER": 0.0, "TOWN_NAME": "Ulutya", "TOWN_ID": 4, "TOWN_TYPE": "Market Centres" }, "geometry": { "type": "Point", "coordinates": [ 37.687653146127694, -0.969685461998349 ] } },
{ "type": "Feature", "properties": { "LAYER": "Unknown Point Feature", "AREA": 0.0, "PERIMETER": 0.0, "TOWN_NAME": "Kaonyweni", "TOWN_ID": 4, "TOWN_TYPE": "Market Centres" }, "geometry": { "type": "Point", "coordinates": [ 37.747566535092957, -0.971273259721963 ] } },
{ "type": "Feature", "properties": { "LAYER": "Unknown Point Feature", "AREA": 0.0, "PERIMETER": 0.0, "TOWN_NAME": "Kaewa", "TOWN_ID": 4, "TOWN_TYPE": "Market Centres" }, "geometry": { "type": "Point", "coordinates": [ 37.67600168443046, -0.937668220251089 ] } },
{ "type": "Feature", "properties": { "LAYER": "Unknown Point Feature", "AREA": 0.0, "PERIMETER": 0.0, "TOWN_NAME": "Kyaani", "TOWN_ID": 4, "TOWN_TYPE": "Market Centres" }, "geometry": { "type": "Point", "coordinates": [ 37.679771027486126, -0.891617998359767 ] } },
{ "type": "Feature", "properties": { "LAYER": "Unknown Point Feature", "AREA": 0.0, "PERIMETER": 0.0, "TOWN_NAME": "Katothya", "TOWN_ID": 4, "TOWN_TYPE": "Market Centres" }, "geometry": { "type": "Point", "coordinates": [ 37.598944058935849, -0.915802445101181 ] } },
{ "type": "Feature", "properties": { "LAYER": "Unknown Point Feature", "AREA": 0.0, "PERIMETER": 0.0, "TOWN_NAME": "Kivaa", "TOWN_ID": 4, "TOWN_TYPE": "Market Centres" }, "geometry": { "type": "Point", "coordinates": [ 37.694467880104035, -0.851631992814109 ] } },
{ "type": "Feature", "properties": { "LAYER": "Unknown Point Feature", "AREA": 0.0, "PERIMETER": 0.0, "TOWN_NAME": "Kamburu", "TOWN_ID": 4, "TOWN_TYPE": "Market Centres" }, "geometry": { "type": "Point", "coordinates": [ 37.70154421002519, -0.814193907018256 ] } },
{ "type": "Feature", "properties": { "LAYER": "Unknown Point Feature", "AREA": 0.0, "PERIMETER": 0.0, "TOWN_NAME": "Mavuria", "TOWN_ID": 4, "TOWN_TYPE": "Market Centres" }, "geometry": { "type": "Point", "coordinates": [ 37.658095265650672, -0.780059486434168 ] } },
{ "type": "Feature", "properties": { "LAYER": "Unknown Point Feature", "AREA": 0.0, "PERIMETER": 0.0, "TOWN_NAME": "Machanga", "TOWN_ID": 4, "TOWN_TYPE": "Market Centres" }, "geometry": { "type": "Point", "coordinates": [ 37.655416790248943, -0.771564792609498 ] } },
{ "type": "Feature", "properties": { "LAYER": "Unknown Point Feature", "AREA": 0.0, "PERIMETER": 0.0, "TOWN_NAME": "Mackenzie", "TOWN_ID": 4, "TOWN_TYPE": "Market Centres" }, "geometry": { "type": "Point", "coordinates": [ 37.097726022764135, -0.960704018765301 ] } },
{ "type": "Feature", "properties": { "LAYER": "Unknown Point Feature", "AREA": 0.0, "PERIMETER": 0.0, "TOWN_NAME": "Kabati", "TOWN_ID": 4, "TOWN_TYPE": "Market Centres" }, "geometry": { "type": "Point", "coordinates": [ 37.106306892882053, -0.951520986594921 ] } },
{ "type": "Feature", "properties": { "LAYER": "Unknown Point Feature", "AREA": 0.0, "PERIMETER": 0.0, "TOWN_NAME": "Karugia", "TOWN_ID": 4, "TOWN_TYPE": "Market Centres" }, "geometry": { "type": "Point", "coordinates": [ 37.138371578766225, -0.875674227942435 ] } },
{ "type": "Feature", "properties": { "LAYER": "Unknown Point Feature", "AREA": 0.0, "PERIMETER": 0.0, "TOWN_NAME": "Saba saba", "TOWN_ID": 3, "TOWN_TYPE": "Trading Centre" }, "geometry": { "type": "Point", "coordinates": [ 37.004378978645363, -0.899459175051871 ] } },
{ "type": "Feature", "properties": { "LAYER": "Unknown Point Feature", "AREA": 0.0, "PERIMETER": 0.0, "TOWN_NAME": "Kandara", "TOWN_ID": 3, "TOWN_TYPE": "Trading Centre" }, "geometry": { "type": "Point", "coordinates": [ 37.047469235006567, -0.907612151882042 ] } },
{ "type": "Feature", "properties": { "LAYER": "Unknown Point Feature", "AREA": 0.0, "PERIMETER": 0.0, "TOWN_NAME": "Gatitu", "TOWN_ID": 4, "TOWN_TYPE": "Market Centres" }, "geometry": { "type": "Point", "coordinates": [ 37.050343615512858, -0.88157031617376 ] } },
{ "type": "Feature", "properties": { "LAYER": "Unknown Point Feature", "AREA": 0.0, "PERIMETER": 0.0, "TOWN_NAME": "Gaichanjiru", "TOWN_ID": 4, "TOWN_TYPE": "Market Centres" }, "geometry": { "type": "Point", "coordinates": [ 37.017561032831487, -0.867563877315498 ] } },
{ "type": "Feature", "properties": { "LAYER": "Unknown Point Feature", "AREA": 0.0, "PERIMETER": 0.0, "TOWN_NAME": "Kareti", "TOWN_ID": 4, "TOWN_TYPE": "Market Centres" }, "geometry": { "type": "Point", "coordinates": [ 37.083370035033511, -0.863166942397818 ] } },
{ "type": "Feature", "properties": { "LAYER": "Unknown Point Feature", "AREA": 0.0, "PERIMETER": 0.0, "TOWN_NAME": "Makuyu", "TOWN_ID": 4, "TOWN_TYPE": "Market Centres" }, "geometry": { "type": "Point", "coordinates": [ 37.075028710502835, -0.846704475057716 ] } },
{ "type": "Feature", "properties": { "LAYER": "Unknown Point Feature", "AREA": 0.0, "PERIMETER": 0.0, "TOWN_NAME": "Kahumbu", "TOWN_ID": 4, "TOWN_TYPE": "Market Centres" }, "geometry": { "type": "Point", "coordinates": [ 37.008931492491278, -0.834580872259237 ] } },
{ "type": "Feature", "properties": { "LAYER": "Unknown Point Feature", "AREA": 0.0, "PERIMETER": 0.0, "TOWN_NAME": "Turuturu", "TOWN_ID": 4, "TOWN_TYPE": "Market Centres" }, "geometry": { "type": "Point", "coordinates": [ 37.004269984047667, -0.803589511775788 ] } },
{ "type": "Feature", "properties": { "LAYER": "Unknown Point Feature", "AREA": 0.0, "PERIMETER": 0.0, "TOWN_NAME": "Kirere", "TOWN_ID": 4, "TOWN_TYPE": "Market Centres" }, "geometry": { "type": "Point", "coordinates": [ 37.040880058455265, -0.81762369719708 ] } },
{ "type": "Feature", "properties": { "LAYER": "Unknown Point Feature", "AREA": 0.0, "PERIMETER": 0.0, "TOWN_NAME": "Muthithi", "TOWN_ID": 4, "TOWN_TYPE": "Market Centres" }, "geometry": { "type": "Point", "coordinates": [ 37.086029650449703, -0.807607853553852 ] } },
{ "type": "Feature", "properties": { "LAYER": "Unknown Point Feature", "AREA": 0.0, "PERIMETER": 0.0, "TOWN_NAME": "Ichagaki", "TOWN_ID": 4, "TOWN_TYPE": "Market Centres" }, "geometry": { "type": "Point", "coordinates": [ 37.140935880636441, -0.840252800275418 ] } },
{ "type": "Feature", "properties": { "LAYER": "Unknown Point Feature", "AREA": 0.0, "PERIMETER": 0.0, "TOWN_NAME": "Kaharati", "TOWN_ID": 4, "TOWN_TYPE": "Market Centres" }, "geometry": { "type": "Point", "coordinates": [ 37.128161276631765, -0.7923354556709 ] } },
{ "type": "Feature", "properties": { "LAYER": "Unknown Point Feature", "AREA": 0.0, "PERIMETER": 0.0, "TOWN_NAME": "Maragua", "TOWN_ID": 3, "TOWN_TYPE": "Trading Centre" }, "geometry": { "type": "Point", "coordinates": [ 37.114868044369999, -0.780148203668575 ] } },
{ "type": "Feature", "properties": { "LAYER": "Unknown Point Feature", "AREA": 0.0, "PERIMETER": 0.0, "TOWN_NAME": "Gakoigo", "TOWN_ID": 4, "TOWN_TYPE": "Market Centres" }, "geometry": { "type": "Point", "coordinates": [ 37.058663311731031, -0.784047084171578 ] } },
{ "type": "Feature", "properties": { "LAYER": "Unknown Point Feature", "AREA": 0.0, "PERIMETER": 0.0, "TOWN_NAME": "Ihumbu", "TOWN_ID": 4, "TOWN_TYPE": "Market Centres" }, "geometry": { "type": "Point", "coordinates": [ 37.179065054583845, -0.840967235808737 ] } },
{ "type": "Feature", "properties": { "LAYER": "Unknown Point Feature", "AREA": 0.0, "PERIMETER": 0.0, "TOWN_NAME": "Kamahuha", "TOWN_ID": 3, "TOWN_TYPE": "Trading Centre" }, "geometry": { "type": "Point", "coordinates": [ 37.185756753772296, -0.895285959931326 ] } },
{ "type": "Feature", "properties": { "LAYER": "Unknown Point Feature", "AREA": 0.0, "PERIMETER": 0.0, "TOWN_NAME": "Nziu", "TOWN_ID": 4, "TOWN_TYPE": "Market Centres" }, "geometry": { "type": "Point", "coordinates": [ 37.536784945011753, -1.814455201621991 ] } },
{ "type": "Feature", "properties": { "LAYER": "Unknown Point Feature", "AREA": 0.0, "PERIMETER": 0.0, "TOWN_NAME": "Ukia", "TOWN_ID": 4, "TOWN_TYPE": "Market Centres" }, "geometry": { "type": "Point", "coordinates": [ 37.504774487725214, -1.762519870923845 ] } },
{ "type": "Feature", "properties": { "LAYER": "Unknown Point Feature", "AREA": 0.0, "PERIMETER": 0.0, "TOWN_NAME": "Kilala", "TOWN_ID": 4, "TOWN_TYPE": "Market Centres" }, "geometry": { "type": "Point", "coordinates": [ 37.554707333054552, -1.767471062563051 ] } },
{ "type": "Feature", "properties": { "LAYER": "Unknown Point Feature", "AREA": 0.0, "PERIMETER": 0.0, "TOWN_NAME": "Wote", "TOWN_ID": 4, "TOWN_TYPE": "Market Centres" }, "geometry": { "type": "Point", "coordinates": [ 37.627535642139925, -1.778905828807136 ] } },
{ "type": "Feature", "properties": { "LAYER": "Unknown Point Feature", "AREA": 0.0, "PERIMETER": 0.0, "TOWN_NAME": "Makueni", "TOWN_ID": 3, "TOWN_TYPE": "Trading Centre" }, "geometry": { "type": "Point", "coordinates": [ 37.623461048575201, -1.800123344013242 ] } },
{ "type": "Feature", "properties": { "LAYER": "Unknown Point Feature", "AREA": 0.0, "PERIMETER": 0.0, "TOWN_NAME": "Kampi ya Mawe", "TOWN_ID": 4, "TOWN_TYPE": "Market Centres" }, "geometry": { "type": "Point", "coordinates": [ 37.646753024275597, -1.840592413626656 ] } },
{ "type": "Feature", "properties": { "LAYER": "Unknown Point Feature", "AREA": 0.0, "PERIMETER": 0.0, "TOWN_NAME": "Machakos", "TOWN_ID": 2, "TOWN_TYPE": "Township/Town" }, "geometry": { "type": "Point", "coordinates": [ 37.269307031154234, -1.51641963417716 ] } },
{ "type": "Feature", "properties": { "LAYER": "Unknown Point Feature", "AREA": 0.0, "PERIMETER": 0.0, "TOWN_NAME": "Makareti", "TOWN_ID": 4, "TOWN_TYPE": "Market Centres" }, "geometry": { "type": "Point", "coordinates": [ 37.312817992350951, -1.576136419590397 ] } },
{ "type": "Feature", "properties": { "LAYER": "Unknown Point Feature", "AREA": 0.0, "PERIMETER": 0.0, "TOWN_NAME": "Kaani", "TOWN_ID": 4, "TOWN_TYPE": "Market Centres" }, "geometry": { "type": "Point", "coordinates": [ 37.366300343601971, -1.503010340699247 ] } },
{ "type": "Feature", "properties": { "LAYER": "Unknown Point Feature", "AREA": 0.0, "PERIMETER": 0.0, "TOWN_NAME": "Katuaa", "TOWN_ID": 4, "TOWN_TYPE": "Market Centres" }, "geometry": { "type": "Point", "coordinates": [ 37.316856404363087, -1.680689980765469 ] } },
{ "type": "Feature", "properties": { "LAYER": "Unknown Point Feature", "AREA": 0.0, "PERIMETER": 0.0, "TOWN_NAME": "Mbooni", "TOWN_ID": 3, "TOWN_TYPE": "Trading Centre" }, "geometry": { "type": "Point", "coordinates": [ 37.453967801195361, -1.657142996354216 ] } },
{ "type": "Feature", "properties": { "LAYER": "Unknown Point Feature", "AREA": 0.0, "PERIMETER": 0.0, "TOWN_NAME": "Tawa", "TOWN_ID": 4, "TOWN_TYPE": "Market Centres" }, "geometry": { "type": "Point", "coordinates": [ 37.459144227382133, -1.550282995815727 ] } },
{ "type": "Feature", "properties": { "LAYER": "Unknown Point Feature", "AREA": 0.0, "PERIMETER": 0.0, "TOWN_NAME": "Konza", "TOWN_ID": 3, "TOWN_TYPE": "Trading Centre" }, "geometry": { "type": "Point", "coordinates": [ 37.130449061330985, -1.737202230649182 ] } },
{ "type": "Feature", "properties": { "LAYER": "Unknown Point Feature", "AREA": 0.0, "PERIMETER": 0.0, "TOWN_NAME": "Chuluni", "TOWN_ID": 4, "TOWN_TYPE": "Market Centres" }, "geometry": { "type": "Point", "coordinates": [ 38.041219853443977, -1.414619172725349 ] } },
{ "type": "Feature", "properties": { "LAYER": "Unknown Point Feature", "AREA": 0.0, "PERIMETER": 0.0, "TOWN_NAME": "Kithumulani", "TOWN_ID": 4, "TOWN_TYPE": "Market Centres" }, "geometry": { "type": "Point", "coordinates": [ 38.069144329321411, -1.463275695455009 ] } },
{ "type": "Feature", "properties": { "LAYER": "Unknown Point Feature", "AREA": 0.0, "PERIMETER": 0.0, "TOWN_NAME": "Nzewani", "TOWN_ID": 4, "TOWN_TYPE": "Market Centres" }, "geometry": { "type": "Point", "coordinates": [ 38.073092188954035, -1.436968983652552 ] } },
{ "type": "Feature", "properties": { "LAYER": "Unknown Point Feature", "AREA": 0.0, "PERIMETER": 0.0, "TOWN_NAME": "Wikililye", "TOWN_ID": 4, "TOWN_TYPE": "Market Centres" }, "geometry": { "type": "Point", "coordinates": [ 38.013393636450402, -1.397735271516587 ] } },
{ "type": "Feature", "properties": { "LAYER": "Unknown Point Feature", "AREA": 0.0, "PERIMETER": 0.0, "TOWN_NAME": "Kitui", "TOWN_ID": 2, "TOWN_TYPE": "Township/Town" }, "geometry": { "type": "Point", "coordinates": [ 38.012123099369816, -1.362714826921339 ] } },
{ "type": "Feature", "properties": { "LAYER": "Unknown Point Feature", "AREA": 0.0, "PERIMETER": 0.0, "TOWN_NAME": "Makutano", "TOWN_ID": 4, "TOWN_TYPE": "Market Centres" }, "geometry": { "type": "Point", "coordinates": [ 38.03434446533366, -1.340948257615052 ] } },
{ "type": "Feature", "properties": { "LAYER": "Unknown Point Feature", "AREA": 0.0, "PERIMETER": 0.0, "TOWN_NAME": "Museve", "TOWN_ID": 4, "TOWN_TYPE": "Market Centres" }, "geometry": { "type": "Point", "coordinates": [ 38.062752628510403, -1.323001328911727 ] } },
{ "type": "Feature", "properties": { "LAYER": "Unknown Point Feature", "AREA": 0.0, "PERIMETER": 0.0, "TOWN_NAME": "Mutuni", "TOWN_ID": 4, "TOWN_TYPE": "Market Centres" }, "geometry": { "type": "Point", "coordinates": [ 38.015241883452191, -1.317636179780571 ] } },
{ "type": "Feature", "properties": { "LAYER": "Unknown Point Feature", "AREA": 0.0, "PERIMETER": 0.0, "TOWN_NAME": "Kasyala", "TOWN_ID": 4, "TOWN_TYPE": "Market Centres" }, "geometry": { "type": "Point", "coordinates": [ 38.043743414017605, -1.25880680029102 ] } },
{ "type": "Feature", "properties": { "LAYER": "Unknown Point Feature", "AREA": 0.0, "PERIMETER": 0.0, "TOWN_NAME": "Kiongwe", "TOWN_ID": 4, "TOWN_TYPE": "Market Centres" }, "geometry": { "type": "Point", "coordinates": [ 38.100268229425851, -1.381078738933011 ] } },
{ "type": "Feature", "properties": { "LAYER": "Unknown Point Feature", "AREA": 0.0, "PERIMETER": 0.0, "TOWN_NAME": "Mutukya", "TOWN_ID": 4, "TOWN_TYPE": "Market Centres" }, "geometry": { "type": "Point", "coordinates": [ 38.122466942674784, -1.336421950511114 ] } },
{ "type": "Feature", "properties": { "LAYER": "Unknown Point Feature", "AREA": 0.0, "PERIMETER": 0.0, "TOWN_NAME": "Miambani", "TOWN_ID": 4, "TOWN_TYPE": "Market Centres" }, "geometry": { "type": "Point", "coordinates": [ 38.112229251921171, -1.260360117443066 ] } },
{ "type": "Feature", "properties": { "LAYER": "Unknown Point Feature", "AREA": 0.0, "PERIMETER": 0.0, "TOWN_NAME": "Inyuu", "TOWN_ID": 4, "TOWN_TYPE": "Market Centres" }, "geometry": { "type": "Point", "coordinates": [ 38.151738515113443, -1.416824737626662 ] } },
{ "type": "Feature", "properties": { "LAYER": "Unknown Point Feature", "AREA": 0.0, "PERIMETER": 0.0, "TOWN_NAME": "Zombe", "TOWN_ID": 4, "TOWN_TYPE": "Market Centres" }, "geometry": { "type": "Point", "coordinates": [ 38.233693770901233, -1.448844619656021 ] } },
{ "type": "Feature", "properties": { "LAYER": "Unknown Point Feature", "AREA": 0.0, "PERIMETER": 0.0, "TOWN_NAME": "Kabati", "TOWN_ID": 4, "TOWN_TYPE": "Market Centres" }, "geometry": { "type": "Point", "coordinates": [ 38.222945647352944, -1.340907261363308 ] } },
{ "type": "Feature", "properties": { "LAYER": "Unknown Point Feature", "AREA": 0.0, "PERIMETER": 0.0, "TOWN_NAME": "Ituku", "TOWN_ID": 4, "TOWN_TYPE": "Market Centres" }, "geometry": { "type": "Point", "coordinates": [ 38.19834212724497, -1.270267776276695 ] } },
{ "type": "Feature", "properties": { "LAYER": "Unknown Point Feature", "AREA": 0.0, "PERIMETER": 0.0, "TOWN_NAME": "Kaui", "TOWN_ID": 4, "TOWN_TYPE": "Market Centres" }, "geometry": { "type": "Point", "coordinates": [ 37.91358358863917, -1.243521249234041 ] } },
{ "type": "Feature", "properties": { "LAYER": "Unknown Point Feature", "AREA": 0.0, "PERIMETER": 0.0, "TOWN_NAME": "Kithimula", "TOWN_ID": 4, "TOWN_TYPE": "Market Centres" }, "geometry": { "type": "Point", "coordinates": [ 37.942015190717918, -1.247576679100066 ] } },
{ "type": "Feature", "properties": { "LAYER": "Unknown Point Feature", "AREA": 0.0, "PERIMETER": 0.0, "TOWN_NAME": "Kakumuti", "TOWN_ID": 4, "TOWN_TYPE": "Market Centres" }, "geometry": { "type": "Point", "coordinates": [ 37.985638647014923, -1.248154865011873 ] } },
{ "type": "Feature", "properties": { "LAYER": "Unknown Point Feature", "AREA": 0.0, "PERIMETER": 0.0, "TOWN_NAME": "Kabati", "TOWN_ID": 4, "TOWN_TYPE": "Market Centres" }, "geometry": { "type": "Point", "coordinates": [ 37.915138682545965, -1.231643883855664 ] } },
{ "type": "Feature", "properties": { "LAYER": "Unknown Point Feature", "AREA": 0.0, "PERIMETER": 0.0, "TOWN_NAME": "Kyondoni", "TOWN_ID": 4, "TOWN_TYPE": "Market Centres" }, "geometry": { "type": "Point", "coordinates": [ 37.940353098172501, -1.209879069476864 ] } },
{ "type": "Feature", "properties": { "LAYER": "Unknown Point Feature", "AREA": 0.0, "PERIMETER": 0.0, "TOWN_NAME": "Katheka", "TOWN_ID": 4, "TOWN_TYPE": "Market Centres" }, "geometry": { "type": "Point", "coordinates": [ 37.900448992399653, -1.203612007968539 ] } },
{ "type": "Feature", "properties": { "LAYER": "Unknown Point Feature", "AREA": 0.0, "PERIMETER": 0.0, "TOWN_NAME": "Ndolos Corner", "TOWN_ID": 4, "TOWN_TYPE": "Market Centres" }, "geometry": { "type": "Point", "coordinates": [ 37.911553073901842, -1.20097492620207 ] } },
{ "type": "Feature", "properties": { "LAYER": "Unknown Point Feature", "AREA": 0.0, "PERIMETER": 0.0, "TOWN_NAME": "Muthale", "TOWN_ID": 3, "TOWN_TYPE": "Trading Centre" }, "geometry": { "type": "Point", "coordinates": [ 37.998311657584445, -1.190975517977945 ] } },
{ "type": "Feature", "properties": { "LAYER": "Unknown Point Feature", "AREA": 0.0, "PERIMETER": 0.0, "TOWN_NAME": "Tulia", "TOWN_ID": 4, "TOWN_TYPE": "Market Centres" }, "geometry": { "type": "Point", "coordinates": [ 37.978184315462066, -1.181487188568727 ] } },
{ "type": "Feature", "properties": { "LAYER": "Unknown Point Feature", "AREA": 0.0, "PERIMETER": 0.0, "TOWN_NAME": "Mutonguni", "TOWN_ID": 4, "TOWN_TYPE": "Market Centres" }, "geometry": { "type": "Point", "coordinates": [ 37.968776792253884, -1.184722382036019 ] } },
{ "type": "Feature", "properties": { "LAYER": "Unknown Point Feature", "AREA": 0.0, "PERIMETER": 0.0, "TOWN_NAME": "Kitulu", "TOWN_ID": 4, "TOWN_TYPE": "Market Centres" }, "geometry": { "type": "Point", "coordinates": [ 37.929010573165058, -1.19639528772419 ] } },
{ "type": "Feature", "properties": { "LAYER": "Unknown Point Feature", "AREA": 0.0, "PERIMETER": 0.0, "TOWN_NAME": "Mutanda", "TOWN_ID": 4, "TOWN_TYPE": "Market Centres" }, "geometry": { "type": "Point", "coordinates": [ 37.859144001610389, -1.196520727303563 ] } },
{ "type": "Feature", "properties": { "LAYER": "Unknown Point Feature", "AREA": 0.0, "PERIMETER": 0.0, "TOWN_NAME": "Katutu", "TOWN_ID": 4, "TOWN_TYPE": "Market Centres" }, "geometry": { "type": "Point", "coordinates": [ 37.819396962484177, -1.18224703849083 ] } },
{ "type": "Feature", "properties": { "LAYER": "Unknown Point Feature", "AREA": 0.0, "PERIMETER": 0.0, "TOWN_NAME": "Kathangathini", "TOWN_ID": 4, "TOWN_TYPE": "Market Centres" }, "geometry": { "type": "Point", "coordinates": [ 37.995053551757117, -1.165878775959007 ] } },
{ "type": "Feature", "properties": { "LAYER": "Unknown Point Feature", "AREA": 0.0, "PERIMETER": 0.0, "TOWN_NAME": "Mwangya", "TOWN_ID": 4, "TOWN_TYPE": "Market Centres" }, "geometry": { "type": "Point", "coordinates": [ 37.978633329655935, -1.170052382965321 ] } },
{ "type": "Feature", "properties": { "LAYER": "Unknown Point Feature", "AREA": 0.0, "PERIMETER": 0.0, "TOWN_NAME": "Nzinia", "TOWN_ID": 4, "TOWN_TYPE": "Market Centres" }, "geometry": { "type": "Point", "coordinates": [ 37.942085985943542, -1.175104817844455 ] } },
{ "type": "Feature", "properties": { "LAYER": "Unknown Point Feature", "AREA": 0.0, "PERIMETER": 0.0, "TOWN_NAME": "Kakeani", "TOWN_ID": 4, "TOWN_TYPE": "Market Centres" }, "geometry": { "type": "Point", "coordinates": [ 37.943360255188537, -1.147630918219489 ] } },
{ "type": "Feature", "properties": { "LAYER": "Unknown Point Feature", "AREA": 0.0, "PERIMETER": 0.0, "TOWN_NAME": "Kithaalaani", "TOWN_ID": 4, "TOWN_TYPE": "Market Centres" }, "geometry": { "type": "Point", "coordinates": [ 37.980632545696693, -1.13882403798429 ] } },
{ "type": "Feature", "properties": { "LAYER": "Unknown Point Feature", "AREA": 0.0, "PERIMETER": 0.0, "TOWN_NAME": "Kathonzweni", "TOWN_ID": 4, "TOWN_TYPE": "Market Centres" }, "geometry": { "type": "Point", "coordinates": [ 37.986579414795571, -1.125726556139384 ] } },
{ "type": "Feature", "properties": { "LAYER": "Unknown Point Feature", "AREA": 0.0, "PERIMETER": 0.0, "TOWN_NAME": "Mathunzini", "TOWN_ID": 4, "TOWN_TYPE": "Market Centres" }, "geometry": { "type": "Point", "coordinates": [ 37.951591590630379, -1.116504685292301 ] } },
{ "type": "Feature", "properties": { "LAYER": "Unknown Point Feature", "AREA": 0.0, "PERIMETER": 0.0, "TOWN_NAME": "Uhuru", "TOWN_ID": 4, "TOWN_TYPE": "Market Centres" }, "geometry": { "type": "Point", "coordinates": [ 37.917210634297568, -1.105826341781042 ] } },
{ "type": "Feature", "properties": { "LAYER": "Unknown Point Feature", "AREA": 0.0, "PERIMETER": 0.0, "TOWN_NAME": "Lani", "TOWN_ID": 4, "TOWN_TYPE": "Market Centres" }, "geometry": { "type": "Point", "coordinates": [ 37.880310677496404, -1.128727008265334 ] } },
{ "type": "Feature", "properties": { "LAYER": "Unknown Point Feature", "AREA": 0.0, "PERIMETER": 0.0, "TOWN_NAME": "Lelanthi", "TOWN_ID": 4, "TOWN_TYPE": "Market Centres" }, "geometry": { "type": "Point", "coordinates": [ 37.796813539262132, -1.08639388468203 ] } },
{ "type": "Feature", "properties": { "LAYER": "Unknown Point Feature", "AREA": 0.0, "PERIMETER": 0.0, "TOWN_NAME": "Kithyoko", "TOWN_ID": 3, "TOWN_TYPE": "Trading Centre" }, "geometry": { "type": "Point", "coordinates": [ 37.839818924390435, -1.04450862438303 ] } },
{ "type": "Feature", "properties": { "LAYER": "Unknown Point Feature", "AREA": 0.0, "PERIMETER": 0.0, "TOWN_NAME": "Thatha", "TOWN_ID": 4, "TOWN_TYPE": "Market Centres" }, "geometry": { "type": "Point", "coordinates": [ 37.78445615654045, -1.019683258425191 ] } },
{ "type": "Feature", "properties": { "LAYER": "Unknown Point Feature", "AREA": 0.0, "PERIMETER": 0.0, "TOWN_NAME": "Nguutani", "TOWN_ID": 4, "TOWN_TYPE": "Market Centres" }, "geometry": { "type": "Point", "coordinates": [ 37.87926494790149, -1.030320237063516 ] } },
{ "type": "Feature", "properties": { "LAYER": "Unknown Point Feature", "AREA": 0.0, "PERIMETER": 0.0, "TOWN_NAME": "Thitani", "TOWN_ID": 4, "TOWN_TYPE": "Market Centres" }, "geometry": { "type": "Point", "coordinates": [ 37.914126101599592, -1.035217486898843 ] } },
{ "type": "Feature", "properties": { "LAYER": "Unknown Point Feature", "AREA": 0.0, "PERIMETER": 0.0, "TOWN_NAME": "Ngongoni", "TOWN_ID": 4, "TOWN_TYPE": "Market Centres" }, "geometry": { "type": "Point", "coordinates": [ 37.919186141092062, -1.071540880778114 ] } },
{ "type": "Feature", "properties": { "LAYER": "Unknown Point Feature", "AREA": 0.0, "PERIMETER": 0.0, "TOWN_NAME": "Kasanga", "TOWN_ID": 4, "TOWN_TYPE": "Market Centres" }, "geometry": { "type": "Point", "coordinates": [ 37.945475651347444, -1.067850058929133 ] } },
{ "type": "Feature", "properties": { "LAYER": "Unknown Point Feature", "AREA": 0.0, "PERIMETER": 0.0, "TOWN_NAME": "Kavaini", "TOWN_ID": 4, "TOWN_TYPE": "Market Centres" }, "geometry": { "type": "Point", "coordinates": [ 37.966450204948977, -1.023067374565539 ] } },
{ "type": "Feature", "properties": { "LAYER": "Unknown Point Feature", "AREA": 0.0, "PERIMETER": 0.0, "TOWN_NAME": "Mbumbuni", "TOWN_ID": 4, "TOWN_TYPE": "Market Centres" }, "geometry": { "type": "Point", "coordinates": [ 37.561363554656516, -1.620012486666141 ] } },
{ "type": "Feature", "properties": { "LAYER": "Unknown Point Feature", "AREA": 0.0, "PERIMETER": 0.0, "TOWN_NAME": "Miu", "TOWN_ID": 4, "TOWN_TYPE": "Market Centres" }, "geometry": { "type": "Point", "coordinates": [ 37.575074311499094, -1.519592740291575 ] } },
{ "type": "Feature", "properties": { "LAYER": "Unknown Point Feature", "AREA": 0.0, "PERIMETER": 0.0, "TOWN_NAME": "Kalawa", "TOWN_ID": 4, "TOWN_TYPE": "Market Centres" }, "geometry": { "type": "Point", "coordinates": [ 37.70194993235679, -1.649759944854102 ] } },
{ "type": "Feature", "properties": { "LAYER": "Unknown Point Feature", "AREA": 0.0, "PERIMETER": 0.0, "TOWN_NAME": "Katangini", "TOWN_ID": 4, "TOWN_TYPE": "Market Centres" }, "geometry": { "type": "Point", "coordinates": [ 37.722741726210415, -1.743506060751455 ] } },
{ "type": "Feature", "properties": { "LAYER": "Unknown Point Feature", "AREA": 0.0, "PERIMETER": 0.0, "TOWN_NAME": "Wanjohi", "TOWN_ID": 3, "TOWN_TYPE": "Trading Centre" }, "geometry": { "type": "Point", "coordinates": [ 36.5064947183293, -0.334335442026224 ] } },
{ "type": "Feature", "properties": { "LAYER": "Unknown Point Feature", "AREA": 0.0, "PERIMETER": 0.0, "TOWN_NAME": "Gatondo", "TOWN_ID": 4, "TOWN_TYPE": "Market Centres" }, "geometry": { "type": "Point", "coordinates": [ 36.515750427402409, -0.298866510626003 ] } },
{ "type": "Feature", "properties": { "LAYER": "Unknown Point Feature", "AREA": 0.0, "PERIMETER": 0.0, "TOWN_NAME": "Githioro", "TOWN_ID": 4, "TOWN_TYPE": "Market Centres" }, "geometry": { "type": "Point", "coordinates": [ 36.504792064943373, -0.466989648611026 ] } },
{ "type": "Feature", "properties": { "LAYER": "Unknown Point Feature", "AREA": 0.0, "PERIMETER": 0.0, "TOWN_NAME": "Geta", "TOWN_ID": 4, "TOWN_TYPE": "Market Centres" }, "geometry": { "type": "Point", "coordinates": [ 36.583602616920246, -0.409025563416071 ] } },
{ "type": "Feature", "properties": { "LAYER": "Unknown Point Feature", "AREA": 0.0, "PERIMETER": 0.0, "TOWN_NAME": "Eendei", "TOWN_ID": 4, "TOWN_TYPE": "Market Centres" }, "geometry": { "type": "Point", "coordinates": [ 37.812829020484578, -0.945388772267444 ] } },
{ "type": "Feature", "properties": { "LAYER": "Unknown Point Feature", "AREA": 0.0, "PERIMETER": 0.0, "TOWN_NAME": "Itiliku", "TOWN_ID": 4, "TOWN_TYPE": "Market Centres" }, "geometry": { "type": "Point", "coordinates": [ 37.96084250573022, -0.932065644188629 ] } },
{ "type": "Feature", "properties": { "LAYER": "Unknown Point Feature", "AREA": 0.0, "PERIMETER": 0.0, "TOWN_NAME": "Kindaruma", "TOWN_ID": 4, "TOWN_TYPE": "Market Centres" }, "geometry": { "type": "Point", "coordinates": [ 37.821520543175623, -0.800345103685438 ] } },
{ "type": "Feature", "properties": { "LAYER": "Unknown Point Feature", "AREA": 0.0, "PERIMETER": 0.0, "TOWN_NAME": "S. Kinangop", "TOWN_ID": 3, "TOWN_TYPE": "Trading Centre" }, "geometry": { "type": "Point", "coordinates": [ 36.659627526329565, -0.724761760105172 ] } },
{ "type": "Feature", "properties": { "LAYER": "Unknown Point Feature", "AREA": 0.0, "PERIMETER": 0.0, "TOWN_NAME": "Tulaga", "TOWN_ID": 4, "TOWN_TYPE": "Market Centres" }, "geometry": { "type": "Point", "coordinates": [ 36.616948054731772, -0.637564208711588 ] } },
{ "type": "Feature", "properties": { "LAYER": "Unknown Point Feature", "AREA": 0.0, "PERIMETER": 0.0, "TOWN_NAME": "Tulasha", "TOWN_ID": 4, "TOWN_TYPE": "Market Centres" }, "geometry": { "type": "Point", "coordinates": [ 36.605220032058931, -0.644447339862024 ] } },
{ "type": "Feature", "properties": { "LAYER": "Unknown Point Feature", "AREA": 0.0, "PERIMETER": 0.0, "TOWN_NAME": "N. Kinangop", "TOWN_ID": 3, "TOWN_TYPE": "Trading Centre" }, "geometry": { "type": "Point", "coordinates": [ 36.576386863500161, -0.602424807106958 ] } },
{ "type": "Feature", "properties": { "LAYER": "Unknown Point Feature", "AREA": 0.0, "PERIMETER": 0.0, "TOWN_NAME": "Ndunyu Njeru", "TOWN_ID": 4, "TOWN_TYPE": "Market Centres" }, "geometry": { "type": "Point", "coordinates": [ 36.563893715539393, -0.542104988742288 ] } },
{ "type": "Feature", "properties": { "LAYER": "Unknown Point Feature", "AREA": 0.0, "PERIMETER": 0.0, "TOWN_NAME": "Marangishu", "TOWN_ID": 4, "TOWN_TYPE": "Market Centres" }, "geometry": { "type": "Point", "coordinates": [ 36.527789820763857, -0.740646189051552 ] } },
{ "type": "Feature", "properties": { "LAYER": "Unknown Point Feature", "AREA": 0.0, "PERIMETER": 0.0, "TOWN_NAME": "Kasikeu", "TOWN_ID": 4, "TOWN_TYPE": "Market Centres" }, "geometry": { "type": "Point", "coordinates": [ 37.386270716109941, -1.944810465153538 ] } },
{ "type": "Feature", "properties": { "LAYER": "Unknown Point Feature", "AREA": 0.0, "PERIMETER": 0.0, "TOWN_NAME": "Wathini", "TOWN_ID": 4, "TOWN_TYPE": "Market Centres" }, "geometry": { "type": "Point", "coordinates": [ 37.36120812337267, -1.899021914854104 ] } },
{ "type": "Feature", "properties": { "LAYER": "Unknown Point Feature", "AREA": 0.0, "PERIMETER": 0.0, "TOWN_NAME": "Mbiani", "TOWN_ID": 4, "TOWN_TYPE": "Market Centres" }, "geometry": { "type": "Point", "coordinates": [ 37.441791955680166, -1.887763925482211 ] } },
{ "type": "Feature", "properties": { "LAYER": "Unknown Point Feature", "AREA": 0.0, "PERIMETER": 0.0, "TOWN_NAME": "Uvete", "TOWN_ID": 4, "TOWN_TYPE": "Market Centres" }, "geometry": { "type": "Point", "coordinates": [ 37.350890559993317, -1.851502458580624 ] } },
{ "type": "Feature", "properties": { "LAYER": "Unknown Point Feature", "AREA": 0.0, "PERIMETER": 0.0, "TOWN_NAME": "Kyambeke", "TOWN_ID": 4, "TOWN_TYPE": "Market Centres" }, "geometry": { "type": "Point", "coordinates": [ 37.42043161773573, -1.846528346080418 ] } },
{ "type": "Feature", "properties": { "LAYER": "Unknown Point Feature", "AREA": 0.0, "PERIMETER": 0.0, "TOWN_NAME": "Muaani", "TOWN_ID": 4, "TOWN_TYPE": "Market Centres" }, "geometry": { "type": "Point", "coordinates": [ 37.455236352092747, -1.85810021268074 ] } },
{ "type": "Feature", "properties": { "LAYER": "Unknown Point Feature", "AREA": 0.0, "PERIMETER": 0.0, "TOWN_NAME": "Kyuasini", "TOWN_ID": 4, "TOWN_TYPE": "Market Centres" }, "geometry": { "type": "Point", "coordinates": [ 37.473612424983273, -1.784970821652498 ] } },
{ "type": "Feature", "properties": { "LAYER": "Unknown Point Feature", "AREA": 0.0, "PERIMETER": 0.0, "TOWN_NAME": "Kavata Nzou", "TOWN_ID": 4, "TOWN_TYPE": "Market Centres" }, "geometry": { "type": "Point", "coordinates": [ 37.430274208370044, -1.789519739287181 ] } },
{ "type": "Feature", "properties": { "LAYER": "Unknown Point Feature", "AREA": 0.0, "PERIMETER": 0.0, "TOWN_NAME": "Kalongo", "TOWN_ID": 4, "TOWN_TYPE": "Market Centres" }, "geometry": { "type": "Point", "coordinates": [ 37.41203895693463, -1.801099066645467 ] } },
{ "type": "Feature", "properties": { "LAYER": "Unknown Point Feature", "AREA": 0.0, "PERIMETER": 0.0, "TOWN_NAME": "Kikoko", "TOWN_ID": 4, "TOWN_TYPE": "Market Centres" }, "geometry": { "type": "Point", "coordinates": [ 37.390892373176726, -1.803857051148936 ] } },
{ "type": "Feature", "properties": { "LAYER": "Unknown Point Feature", "AREA": 0.0, "PERIMETER": 0.0, "TOWN_NAME": "Kilungu", "TOWN_ID": 3, "TOWN_TYPE": "Trading Centre" }, "geometry": { "type": "Point", "coordinates": [ 37.360830154341009, -1.792217131419823 ] } },
{ "type": "Feature", "properties": { "LAYER": "Unknown Point Feature", "AREA": 0.0, "PERIMETER": 0.0, "TOWN_NAME": "Kyale", "TOWN_ID": 4, "TOWN_TYPE": "Market Centres" }, "geometry": { "type": "Point", "coordinates": [ 37.351876116819639, -1.804364567438413 ] } },
{ "type": "Feature", "properties": { "LAYER": "Unknown Point Feature", "AREA": 0.0, "PERIMETER": 0.0, "TOWN_NAME": "Mutiluni", "TOWN_ID": 4, "TOWN_TYPE": "Market Centres" }, "geometry": { "type": "Point", "coordinates": [ 37.322153982378147, -1.800122650325677 ] } },
{ "type": "Feature", "properties": { "LAYER": "Unknown Point Feature", "AREA": 0.0, "PERIMETER": 0.0, "TOWN_NAME": "Kibwezi", "TOWN_ID": 3, "TOWN_TYPE": "Trading Centre" }, "geometry": { "type": "Point", "coordinates": [ 37.966957535292003, -2.407238731576573 ] } },
{ "type": "Feature", "properties": { "LAYER": "Unknown Point Feature", "AREA": 0.0, "PERIMETER": 0.0, "TOWN_NAME": "Makindu", "TOWN_ID": 3, "TOWN_TYPE": "Trading Centre" }, "geometry": { "type": "Point", "coordinates": [ 37.821803471990897, -2.279353735007726 ] } },
{ "type": "Feature", "properties": { "LAYER": "Unknown Point Feature", "AREA": 0.0, "PERIMETER": 0.0, "TOWN_NAME": "Ruiru", "TOWN_ID": 3, "TOWN_TYPE": "Trading Centre" }, "geometry": { "type": "Point", "coordinates": [ 36.958169319897785, -1.143549217791882 ] } },
{ "type": "Feature", "properties": { "LAYER": "Unknown Point Feature", "AREA": 0.0, "PERIMETER": 0.0, "TOWN_NAME": "Kiambu", "TOWN_ID": 2, "TOWN_TYPE": "Township/Town" }, "geometry": { "type": "Point", "coordinates": [ 36.828734816495462, -1.168010468477587 ] } },
{ "type": "Feature", "properties": { "LAYER": "Unknown Point Feature", "AREA": 0.0, "PERIMETER": 0.0, "TOWN_NAME": "Kanunga", "TOWN_ID": 4, "TOWN_TYPE": "Market Centres" }, "geometry": { "type": "Point", "coordinates": [ 36.791533504339739, -1.162565515365643 ] } },
{ "type": "Feature", "properties": { "LAYER": "Unknown Point Feature", "AREA": 0.0, "PERIMETER": 0.0, "TOWN_NAME": "Karuri", "TOWN_ID": 4, "TOWN_TYPE": "Market Centres" }, "geometry": { "type": "Point", "coordinates": [ 36.758714781065024, -1.171011020407773 ] } },
{ "type": "Feature", "properties": { "LAYER": "Unknown Point Feature", "AREA": 0.0, "PERIMETER": 0.0, "TOWN_NAME": "Githunguri", "TOWN_ID": 3, "TOWN_TYPE": "Trading Centre" }, "geometry": { "type": "Point", "coordinates": [ 36.776833050421359, -1.053823783538615 ] } },
{ "type": "Feature", "properties": { "LAYER": "Unknown Point Feature", "AREA": 0.0, "PERIMETER": 0.0, "TOWN_NAME": "Ting'ang'a", "TOWN_ID": 4, "TOWN_TYPE": "Market Centres" }, "geometry": { "type": "Point", "coordinates": [ 36.815367856166446, -1.129863046010079 ] } },
{ "type": "Feature", "properties": { "LAYER": "Unknown Point Feature", "AREA": 0.0, "PERIMETER": 0.0, "TOWN_NAME": "Komothai", "TOWN_ID": 4, "TOWN_TYPE": "Market Centres" }, "geometry": { "type": "Point", "coordinates": [ 36.862311650442145, -1.064878837712552 ] } },
{ "type": "Feature", "properties": { "LAYER": "Unknown Point Feature", "AREA": 0.0, "PERIMETER": 0.0, "TOWN_NAME": "Kiratina", "TOWN_ID": 4, "TOWN_TYPE": "Market Centres" }, "geometry": { "type": "Point", "coordinates": [ 36.829515510231545, -1.029665939161807 ] } },
{ "type": "Feature", "properties": { "LAYER": "Unknown Point Feature", "AREA": 0.0, "PERIMETER": 0.0, "TOWN_NAME": "Gathungu", "TOWN_ID": 4, "TOWN_TYPE": "Market Centres" }, "geometry": { "type": "Point", "coordinates": [ 36.809769188055746, -1.008884106188733 ] } },
{ "type": "Feature", "properties": { "LAYER": "Unknown Point Feature", "AREA": 0.0, "PERIMETER": 0.0, "TOWN_NAME": "Gatundu", "TOWN_ID": 3, "TOWN_TYPE": "Trading Centre" }, "geometry": { "type": "Point", "coordinates": [ 36.902240496360058, -1.008122648911798 ] } },
{ "type": "Feature", "properties": { "LAYER": "Unknown Point Feature", "AREA": 0.0, "PERIMETER": 0.0, "TOWN_NAME": "Kimunyu", "TOWN_ID": 4, "TOWN_TYPE": "Market Centres" }, "geometry": { "type": "Point", "coordinates": [ 36.93966979398494, -1.052028631356749 ] } },
{ "type": "Feature", "properties": { "LAYER": "Unknown Point Feature", "AREA": 0.0, "PERIMETER": 0.0, "TOWN_NAME": "Kavisuni", "TOWN_ID": 4, "TOWN_TYPE": "Market Centres" }, "geometry": { "type": "Point", "coordinates": [ 37.922301778827418, -1.674598203592661 ] } },
{ "type": "Feature", "properties": { "LAYER": "Unknown Point Feature", "AREA": 0.0, "PERIMETER": 0.0, "TOWN_NAME": "Kavyongo", "TOWN_ID": 4, "TOWN_TYPE": "Market Centres" }, "geometry": { "type": "Point", "coordinates": [ 37.873823651848404, -1.593877711559664 ] } },
{ "type": "Feature", "properties": { "LAYER": "Unknown Point Feature", "AREA": 0.0, "PERIMETER": 0.0, "TOWN_NAME": "Kathungi", "TOWN_ID": 4, "TOWN_TYPE": "Market Centres" }, "geometry": { "type": "Point", "coordinates": [ 37.927010257460431, -1.534380477016506 ] } },
{ "type": "Feature", "properties": { "LAYER": "Unknown Point Feature", "AREA": 0.0, "PERIMETER": 0.0, "TOWN_NAME": "Tumutumu", "TOWN_ID": 3, "TOWN_TYPE": "Trading Centre" }, "geometry": { "type": "Point", "coordinates": [ 37.080576841959548, -0.488269178433715 ] } },
{ "type": "Feature", "properties": { "LAYER": "Unknown Point Feature", "AREA": 0.0, "PERIMETER": 0.0, "TOWN_NAME": "Karatina", "TOWN_ID": 3, "TOWN_TYPE": "Trading Centre" }, "geometry": { "type": "Point", "coordinates": [ 37.12557547961795, -0.477267275846837 ] } },
{ "type": "Feature", "properties": { "LAYER": "Unknown Point Feature", "AREA": 0.0, "PERIMETER": 0.0, "TOWN_NAME": "Kabonge", "TOWN_ID": 4, "TOWN_TYPE": "Market Centres" }, "geometry": { "type": "Point", "coordinates": [ 37.210504597911957, -0.485447467780341 ] } },
{ "type": "Feature", "properties": { "LAYER": "Unknown Point Feature", "AREA": 0.0, "PERIMETER": 0.0, "TOWN_NAME": "Kianjagi", "TOWN_ID": 4, "TOWN_TYPE": "Market Centres" }, "geometry": { "type": "Point", "coordinates": [ 37.231678764465244, -0.43138022055099 ] } },
{ "type": "Feature", "properties": { "LAYER": "Unknown Point Feature", "AREA": 0.0, "PERIMETER": 0.0, "TOWN_NAME": "Gitunduki", "TOWN_ID": 4, "TOWN_TYPE": "Market Centres" }, "geometry": { "type": "Point", "coordinates": [ 37.12927559325594, -0.391393305921741 ] } },
{ "type": "Feature", "properties": { "LAYER": "Unknown Point Feature", "AREA": 0.0, "PERIMETER": 0.0, "TOWN_NAME": "Kiamariga", "TOWN_ID": 4, "TOWN_TYPE": "Market Centres" }, "geometry": { "type": "Point", "coordinates": [ 37.082807977596204, -0.384057878011954 ] } },
{ "type": "Feature", "properties": { "LAYER": "Unknown Point Feature", "AREA": 0.0, "PERIMETER": 0.0, "TOWN_NAME": "Karandi", "TOWN_ID": 4, "TOWN_TYPE": "Market Centres" }, "geometry": { "type": "Point", "coordinates": [ 37.075170679950325, -0.359667188564643 ] } },
{ "type": "Feature", "properties": { "LAYER": "Unknown Point Feature", "AREA": 0.0, "PERIMETER": 0.0, "TOWN_NAME": "Karicheni", "TOWN_ID": 4, "TOWN_TYPE": "Market Centres" }, "geometry": { "type": "Point", "coordinates": [ 37.014019907255154, -0.287710548567241 ] } },
{ "type": "Feature", "properties": { "LAYER": "Unknown Point Feature", "AREA": 0.0, "PERIMETER": 0.0, "TOWN_NAME": "Kimahuri", "TOWN_ID": 4, "TOWN_TYPE": "Market Centres" }, "geometry": { "type": "Point", "coordinates": [ 37.116470804264921, -0.291480981707727 ] } },
{ "type": "Feature", "properties": { "LAYER": "Unknown Point Feature", "AREA": 0.0, "PERIMETER": 0.0, "TOWN_NAME": "Kaningo", "TOWN_ID": 4, "TOWN_TYPE": "Market Centres" }, "geometry": { "type": "Point", "coordinates": [ 38.336644768046675, -0.206392243271979 ] } },
{ "type": "Feature", "properties": { "LAYER": "Unknown Point Feature", "AREA": 0.0, "PERIMETER": 0.0, "TOWN_NAME": "Kampi ya Tezw", "TOWN_ID": 4, "TOWN_TYPE": "Market Centres" }, "geometry": { "type": "Point", "coordinates": [ 38.306514676659432, -0.051253944169612 ] } },
{ "type": "Feature", "properties": { "LAYER": "Unknown Point Feature", "AREA": 0.0, "PERIMETER": 0.0, "TOWN_NAME": "Kithayoni", "TOWN_ID": 4, "TOWN_TYPE": "Market Centres" }, "geometry": { "type": "Point", "coordinates": [ 37.266397087769647, -1.492975469558112 ] } },
{ "type": "Feature", "properties": { "LAYER": "Unknown Point Feature", "AREA": 0.0, "PERIMETER": 0.0, "TOWN_NAME": "Kusyomuomo", "TOWN_ID": 4, "TOWN_TYPE": "Market Centres" }, "geometry": { "type": "Point", "coordinates": [ 37.290211159731591, -1.495300468029963 ] } },
{ "type": "Feature", "properties": { "LAYER": "Unknown Point Feature", "AREA": 0.0, "PERIMETER": 0.0, "TOWN_NAME": "Kithangaini", "TOWN_ID": 4, "TOWN_TYPE": "Market Centres" }, "geometry": { "type": "Point", "coordinates": [ 37.377487825933848, -1.486304629707745 ] } },
{ "type": "Feature", "properties": { "LAYER": "Unknown Point Feature", "AREA": 0.0, "PERIMETER": 0.0, "TOWN_NAME": "Kithunguini", "TOWN_ID": 4, "TOWN_TYPE": "Market Centres" }, "geometry": { "type": "Point", "coordinates": [ 37.324739872915529, -1.483985852848917 ] } },
{ "type": "Feature", "properties": { "LAYER": "Unknown Point Feature", "AREA": 0.0, "PERIMETER": 0.0, "TOWN_NAME": "Kathalani", "TOWN_ID": 4, "TOWN_TYPE": "Market Centres" }, "geometry": { "type": "Point", "coordinates": [ 37.301833897842101, -1.46451444793241 ] } },
{ "type": "Feature", "properties": { "LAYER": "Unknown Point Feature", "AREA": 0.0, "PERIMETER": 0.0, "TOWN_NAME": "Kivumbuni", "TOWN_ID": 4, "TOWN_TYPE": "Market Centres" }, "geometry": { "type": "Point", "coordinates": [ 37.349840307317329, -1.461339814580056 ] } },
{ "type": "Feature", "properties": { "LAYER": "Unknown Point Feature", "AREA": 0.0, "PERIMETER": 0.0, "TOWN_NAME": "Irani", "TOWN_ID": 4, "TOWN_TYPE": "Market Centres" }, "geometry": { "type": "Point", "coordinates": [ 37.396051650602857, -1.462956299141865 ] } },
{ "type": "Feature", "properties": { "LAYER": "Unknown Point Feature", "AREA": 0.0, "PERIMETER": 0.0, "TOWN_NAME": "Masii", "TOWN_ID": 3, "TOWN_TYPE": "Trading Centre" }, "geometry": { "type": "Point", "coordinates": [ 37.439881288157885, -1.457370643250422 ] } },
{ "type": "Feature", "properties": { "LAYER": "Unknown Point Feature", "AREA": 0.0, "PERIMETER": 0.0, "TOWN_NAME": "Mbaani", "TOWN_ID": 4, "TOWN_TYPE": "Market Centres" }, "geometry": { "type": "Point", "coordinates": [ 37.485648291666344, -1.454534850863393 ] } },
{ "type": "Feature", "properties": { "LAYER": "Unknown Point Feature", "AREA": 0.0, "PERIMETER": 0.0, "TOWN_NAME": "Vyulya", "TOWN_ID": 4, "TOWN_TYPE": "Market Centres" }, "geometry": { "type": "Point", "coordinates": [ 37.389050652964777, -1.44010488209434 ] } },
{ "type": "Feature", "properties": { "LAYER": "Unknown Point Feature", "AREA": 0.0, "PERIMETER": 0.0, "TOWN_NAME": "Mutondoni", "TOWN_ID": 4, "TOWN_TYPE": "Market Centres" }, "geometry": { "type": "Point", "coordinates": [ 37.279669019965858, -1.444437886424612 ] } },
{ "type": "Feature", "properties": { "LAYER": "Unknown Point Feature", "AREA": 0.0, "PERIMETER": 0.0, "TOWN_NAME": "Mutito", "TOWN_ID": 4, "TOWN_TYPE": "Market Centres" }, "geometry": { "type": "Point", "coordinates": [ 37.291325312281749, -1.423971040317248 ] } },
{ "type": "Feature", "properties": { "LAYER": "Unknown Point Feature", "AREA": 0.0, "PERIMETER": 0.0, "TOWN_NAME": "Kangondi", "TOWN_ID": 4, "TOWN_TYPE": "Market Centres" }, "geometry": { "type": "Point", "coordinates": [ 37.389584188572996, -1.429260920061776 ] } },
{ "type": "Feature", "properties": { "LAYER": "Unknown Point Feature", "AREA": 0.0, "PERIMETER": 0.0, "TOWN_NAME": "Kyethivo", "TOWN_ID": 4, "TOWN_TYPE": "Market Centres" }, "geometry": { "type": "Point", "coordinates": [ 37.497582718445486, -1.403945404163469 ] } },
{ "type": "Feature", "properties": { "LAYER": "Unknown Point Feature", "AREA": 0.0, "PERIMETER": 0.0, "TOWN_NAME": "Wetaa", "TOWN_ID": 4, "TOWN_TYPE": "Market Centres" }, "geometry": { "type": "Point", "coordinates": [ 37.433690888379068, -1.407900949184731 ] } },
{ "type": "Feature", "properties": { "LAYER": "Unknown Point Feature", "AREA": 0.0, "PERIMETER": 0.0, "TOWN_NAME": "Lietune", "TOWN_ID": 4, "TOWN_TYPE": "Market Centres" }, "geometry": { "type": "Point", "coordinates": [ 37.39171111710646, -1.38691607228363 ] } },
{ "type": "Feature", "properties": { "LAYER": "Unknown Point Feature", "AREA": 0.0, "PERIMETER": 0.0, "TOWN_NAME": "Kanyuuku", "TOWN_ID": 4, "TOWN_TYPE": "Market Centres" }, "geometry": { "type": "Point", "coordinates": [ 37.441099014562269, -1.37137433148724 ] } },
{ "type": "Feature", "properties": { "LAYER": "Unknown Point Feature", "AREA": 0.0, "PERIMETER": 0.0, "TOWN_NAME": "Miumbuni", "TOWN_ID": 4, "TOWN_TYPE": "Market Centres" }, "geometry": { "type": "Point", "coordinates": [ 37.292545947940354, -1.363901402618278 ] } },
{ "type": "Feature", "properties": { "LAYER": "Unknown Point Feature", "AREA": 0.0, "PERIMETER": 0.0, "TOWN_NAME": "Ulthini", "TOWN_ID": 4, "TOWN_TYPE": "Market Centres" }, "geometry": { "type": "Point", "coordinates": [ 37.317952930163749, -1.363828971657016 ] } },
{ "type": "Feature", "properties": { "LAYER": "Unknown Point Feature", "AREA": 0.0, "PERIMETER": 0.0, "TOWN_NAME": "Kakuyuni", "TOWN_ID": 4, "TOWN_TYPE": "Market Centres" }, "geometry": { "type": "Point", "coordinates": [ 37.346858988149783, -1.361995051654295 ] } },
{ "type": "Feature", "properties": { "LAYER": "Unknown Point Feature", "AREA": 0.0, "PERIMETER": 0.0, "TOWN_NAME": "Kathini", "TOWN_ID": 4, "TOWN_TYPE": "Market Centres" }, "geometry": { "type": "Point", "coordinates": [ 37.363812948152997, -1.359980757786686 ] } },
{ "type": "Feature", "properties": { "LAYER": "Unknown Point Feature", "AREA": 0.0, "PERIMETER": 0.0, "TOWN_NAME": "Kivani", "TOWN_ID": 4, "TOWN_TYPE": "Market Centres" }, "geometry": { "type": "Point", "coordinates": [ 37.394469971348691, -1.359169386998872 ] } },
{ "type": "Feature", "properties": { "LAYER": "Unknown Point Feature", "AREA": 0.0, "PERIMETER": 0.0, "TOWN_NAME": "Mwala", "TOWN_ID": 4, "TOWN_TYPE": "Market Centres" }, "geometry": { "type": "Point", "coordinates": [ 37.449086938524871, -1.349228951371642 ] } },
{ "type": "Feature", "properties": { "LAYER": "Unknown Point Feature", "AREA": 0.0, "PERIMETER": 0.0, "TOWN_NAME": "Ngangani", "TOWN_ID": 4, "TOWN_TYPE": "Market Centres" }, "geometry": { "type": "Point", "coordinates": [ 37.378573726177585, -1.350358451527849 ] } },
{ "type": "Feature", "properties": { "LAYER": "Unknown Point Feature", "AREA": 0.0, "PERIMETER": 0.0, "TOWN_NAME": "Mukuyuni", "TOWN_ID": 4, "TOWN_TYPE": "Market Centres" }, "geometry": { "type": "Point", "coordinates": [ 37.389686034084242, -1.338644221598271 ] } },
{ "type": "Feature", "properties": { "LAYER": "Unknown Point Feature", "AREA": 0.0, "PERIMETER": 0.0, "TOWN_NAME": "Kawathei", "TOWN_ID": 4, "TOWN_TYPE": "Market Centres" }, "geometry": { "type": "Point", "coordinates": [ 37.323465528337266, -1.346856893473705 ] } },
{ "type": "Feature", "properties": { "LAYER": "Unknown Point Feature", "AREA": 0.0, "PERIMETER": 0.0, "TOWN_NAME": "Mwonyweni", "TOWN_ID": 4, "TOWN_TYPE": "Market Centres" }, "geometry": { "type": "Point", "coordinates": [ 37.258506230241501, -1.333471305511536 ] } },
{ "type": "Feature", "properties": { "LAYER": "Unknown Point Feature", "AREA": 0.0, "PERIMETER": 0.0, "TOWN_NAME": "Kitwii", "TOWN_ID": 4, "TOWN_TYPE": "Market Centres" }, "geometry": { "type": "Point", "coordinates": [ 37.389729018125898, -1.322590268800163 ] } },
{ "type": "Feature", "properties": { "LAYER": "Unknown Point Feature", "AREA": 0.0, "PERIMETER": 0.0, "TOWN_NAME": "Kwandoo", "TOWN_ID": 4, "TOWN_TYPE": "Market Centres" }, "geometry": { "type": "Point", "coordinates": [ 37.43364306080916, -1.30680844024956 ] } },
{ "type": "Feature", "properties": { "LAYER": "Unknown Point Feature", "AREA": 0.0, "PERIMETER": 0.0, "TOWN_NAME": "Muisuni", "TOWN_ID": 4, "TOWN_TYPE": "Market Centres" }, "geometry": { "type": "Point", "coordinates": [ 37.375766192027001, -1.310226411567766 ] } },
{ "type": "Feature", "properties": { "LAYER": "Unknown Point Feature", "AREA": 0.0, "PERIMETER": 0.0, "TOWN_NAME": "Kangundo", "TOWN_ID": 3, "TOWN_TYPE": "Trading Centre" }, "geometry": { "type": "Point", "coordinates": [ 37.355110706209757, -1.298292402116444 ] } },
{ "type": "Feature", "properties": { "LAYER": "Unknown Point Feature", "AREA": 0.0, "PERIMETER": 0.0, "TOWN_NAME": "Syathani", "TOWN_ID": 4, "TOWN_TYPE": "Market Centres" }, "geometry": { "type": "Point", "coordinates": [ 37.309420462718641, -1.304882366055054 ] } },
{ "type": "Feature", "properties": { "LAYER": "Unknown Point Feature", "AREA": 0.0, "PERIMETER": 0.0, "TOWN_NAME": "Nguluni", "TOWN_ID": 4, "TOWN_TYPE": "Market Centres" }, "geometry": { "type": "Point", "coordinates": [ 37.283728507193103, -1.275851666222155 ] } },
{ "type": "Feature", "properties": { "LAYER": "Unknown Point Feature", "AREA": 0.0, "PERIMETER": 0.0, "TOWN_NAME": "Tala", "TOWN_ID": 4, "TOWN_TYPE": "Market Centres" }, "geometry": { "type": "Point", "coordinates": [ 37.321413881104135, -1.266407431153845 ] } },
{ "type": "Feature", "properties": { "LAYER": "Unknown Point Feature", "AREA": 0.0, "PERIMETER": 0.0, "TOWN_NAME": "Matungulu", "TOWN_ID": 4, "TOWN_TYPE": "Market Centres" }, "geometry": { "type": "Point", "coordinates": [ 37.355448111458017, -1.259637091253419 ] } },
{ "type": "Feature", "properties": { "LAYER": "Unknown Point Feature", "AREA": 0.0, "PERIMETER": 0.0, "TOWN_NAME": "Mumbuni", "TOWN_ID": 4, "TOWN_TYPE": "Market Centres" }, "geometry": { "type": "Point", "coordinates": [ 37.470286031427563, -1.271113061611114 ] } },
{ "type": "Feature", "properties": { "LAYER": "Unknown Point Feature", "AREA": 0.0, "PERIMETER": 0.0, "TOWN_NAME": "Kinyona", "TOWN_ID": 4, "TOWN_TYPE": "Market Centres" }, "geometry": { "type": "Point", "coordinates": [ 36.827324828849157, -0.746744619121702 ] } },
{ "type": "Feature", "properties": { "LAYER": "Unknown Point Feature", "AREA": 0.0, "PERIMETER": 0.0, "TOWN_NAME": "Mununga", "TOWN_ID": 4, "TOWN_TYPE": "Market Centres" }, "geometry": { "type": "Point", "coordinates": [ 36.852535959724605, -0.739713589919478 ] } },
{ "type": "Feature", "properties": { "LAYER": "Unknown Point Feature", "AREA": 0.0, "PERIMETER": 0.0, "TOWN_NAME": "Gacharage", "TOWN_ID": 4, "TOWN_TYPE": "Market Centres" }, "geometry": { "type": "Point", "coordinates": [ 36.878764503889201, -0.74950057162084 ] } },
{ "type": "Feature", "properties": { "LAYER": "Unknown Point Feature", "AREA": 0.0, "PERIMETER": 0.0, "TOWN_NAME": "Lower Gatara", "TOWN_ID": 4, "TOWN_TYPE": "Market Centres" }, "geometry": { "type": "Point", "coordinates": [ 36.89222763725305, -0.739931679572687 ] } },
{ "type": "Feature", "properties": { "LAYER": "Unknown Point Feature", "AREA": 0.0, "PERIMETER": 0.0, "TOWN_NAME": "Upper Gatara", "TOWN_ID": 4, "TOWN_TYPE": "Market Centres" }, "geometry": { "type": "Point", "coordinates": [ 36.880121126936452, -0.730784517004389 ] } },
{ "type": "Feature", "properties": { "LAYER": "Unknown Point Feature", "AREA": 0.0, "PERIMETER": 0.0, "TOWN_NAME": "Kaharo", "TOWN_ID": 4, "TOWN_TYPE": "Market Centres" }, "geometry": { "type": "Point", "coordinates": [ 36.912820928913, -0.746307111662895 ] } },
{ "type": "Feature", "properties": { "LAYER": "Unknown Point Feature", "AREA": 0.0, "PERIMETER": 0.0, "TOWN_NAME": "Muriranjas", "TOWN_ID": 4, "TOWN_TYPE": "Market Centres" }, "geometry": { "type": "Point", "coordinates": [ 36.968424203476928, -0.742716371316964 ] } },
{ "type": "Feature", "properties": { "LAYER": "Unknown Point Feature", "AREA": 0.0, "PERIMETER": 0.0, "TOWN_NAME": "Kahithe", "TOWN_ID": 4, "TOWN_TYPE": "Market Centres" }, "geometry": { "type": "Point", "coordinates": [ 36.978019659114516, -0.736020344304852 ] } },
{ "type": "Feature", "properties": { "LAYER": "Unknown Point Feature", "AREA": 0.0, "PERIMETER": 0.0, "TOWN_NAME": "Murarandia(1)", "TOWN_ID": 4, "TOWN_TYPE": "Market Centres" }, "geometry": { "type": "Point", "coordinates": [ 36.931009934537535, -0.723728381768703 ] } },
{ "type": "Feature", "properties": { "LAYER": "Unknown Point Feature", "AREA": 0.0, "PERIMETER": 0.0, "TOWN_NAME": "Murarandia(2)", "TOWN_ID": 4, "TOWN_TYPE": "Market Centres" }, "geometry": { "type": "Point", "coordinates": [ 36.907967783433484, -0.727976544863307 ] } },
{ "type": "Feature", "properties": { "LAYER": "Unknown Point Feature", "AREA": 0.0, "PERIMETER": 0.0, "TOWN_NAME": "Githambo", "TOWN_ID": 4, "TOWN_TYPE": "Market Centres" }, "geometry": { "type": "Point", "coordinates": [ 36.886936419415541, -0.714973411280563 ] } },
{ "type": "Feature", "properties": { "LAYER": "Unknown Point Feature", "AREA": 0.0, "PERIMETER": 0.0, "TOWN_NAME": "Kiruri", "TOWN_ID": 4, "TOWN_TYPE": "Market Centres" }, "geometry": { "type": "Point", "coordinates": [ 36.859004285177477, -0.69024922518033 ] } },
{ "type": "Feature", "properties": { "LAYER": "Unknown Point Feature", "AREA": 0.0, "PERIMETER": 0.0, "TOWN_NAME": "Kibutha", "TOWN_ID": 4, "TOWN_TYPE": "Market Centres" }, "geometry": { "type": "Point", "coordinates": [ 36.916743280037835, -0.692418032299451 ] } },
{ "type": "Feature", "properties": { "LAYER": "Unknown Point Feature", "AREA": 0.0, "PERIMETER": 0.0, "TOWN_NAME": "Kiangunyi", "TOWN_ID": 4, "TOWN_TYPE": "Market Centres" }, "geometry": { "type": "Point", "coordinates": [ 36.98540784999399, -0.69044048665518 ] } },
{ "type": "Feature", "properties": { "LAYER": "Unknown Point Feature", "AREA": 0.0, "PERIMETER": 0.0, "TOWN_NAME": "Gakira", "TOWN_ID": 4, "TOWN_TYPE": "Market Centres" }, "geometry": { "type": "Point", "coordinates": [ 36.955072960854039, -0.683781333596475 ] } },
{ "type": "Feature", "properties": { "LAYER": "Unknown Point Feature", "AREA": 0.0, "PERIMETER": 0.0, "TOWN_NAME": "Kangema", "TOWN_ID": 3, "TOWN_TYPE": "Trading Centre" }, "geometry": { "type": "Point", "coordinates": [ 36.969465836359433, -0.683046009089343 ] } },
{ "type": "Feature", "properties": { "LAYER": "Unknown Point Feature", "AREA": 0.0, "PERIMETER": 0.0, "TOWN_NAME": "Rwathia", "TOWN_ID": 4, "TOWN_TYPE": "Market Centres" }, "geometry": { "type": "Point", "coordinates": [ 36.918645830501362, -0.664352138253317 ] } },
{ "type": "Feature", "properties": { "LAYER": "Unknown Point Feature", "AREA": 0.0, "PERIMETER": 0.0, "TOWN_NAME": "Kanyenyaini", "TOWN_ID": 4, "TOWN_TYPE": "Market Centres" }, "geometry": { "type": "Point", "coordinates": [ 36.889449735385021, -0.682269849523955 ] } },
{ "type": "Feature", "properties": { "LAYER": "Unknown Point Feature", "AREA": 0.0, "PERIMETER": 0.0, "TOWN_NAME": "Kiawambogo", "TOWN_ID": 4, "TOWN_TYPE": "Market Centres" }, "geometry": { "type": "Point", "coordinates": [ 36.885942152126759, -0.667123068657208 ] } },
{ "type": "Feature", "properties": { "LAYER": "Unknown Point Feature", "AREA": 0.0, "PERIMETER": 0.0, "TOWN_NAME": "Tuthu", "TOWN_ID": 4, "TOWN_TYPE": "Market Centres" }, "geometry": { "type": "Point", "coordinates": [ 36.830217830482241, -0.66556156625277 ] } },
{ "type": "Feature", "properties": { "LAYER": "Unknown Point Feature", "AREA": 0.0, "PERIMETER": 0.0, "TOWN_NAME": "Kayu", "TOWN_ID": 4, "TOWN_TYPE": "Market Centres" }, "geometry": { "type": "Point", "coordinates": [ 36.917004177768206, -0.650951034997435 ] } },
{ "type": "Feature", "properties": { "LAYER": "Unknown Point Feature", "AREA": 0.0, "PERIMETER": 0.0, "TOWN_NAME": "Ngutu", "TOWN_ID": 4, "TOWN_TYPE": "Market Centres" }, "geometry": { "type": "Point", "coordinates": [ 36.982713345244136, -0.63643762677734 ] } },
{ "type": "Feature", "properties": { "LAYER": "Unknown Point Feature", "AREA": 0.0, "PERIMETER": 0.0, "TOWN_NAME": "Nyakianga", "TOWN_ID": 4, "TOWN_TYPE": "Market Centres" }, "geometry": { "type": "Point", "coordinates": [ 36.947927655364033, -0.638711505056632 ] } },
{ "type": "Feature", "properties": { "LAYER": "Unknown Point Feature", "AREA": 0.0, "PERIMETER": 0.0, "TOWN_NAME": "Muthangari", "TOWN_ID": 4, "TOWN_TYPE": "Market Centres" }, "geometry": { "type": "Point", "coordinates": [ 36.868807345064525, -0.628018758524941 ] } },
{ "type": "Feature", "properties": { "LAYER": "Unknown Point Feature", "AREA": 0.0, "PERIMETER": 0.0, "TOWN_NAME": "Mioro", "TOWN_ID": 4, "TOWN_TYPE": "Market Centres" }, "geometry": { "type": "Point", "coordinates": [ 36.835612422927639, -0.625437197085501 ] } },
{ "type": "Feature", "properties": { "LAYER": "Unknown Point Feature", "AREA": 0.0, "PERIMETER": 0.0, "TOWN_NAME": "Kagicha", "TOWN_ID": 4, "TOWN_TYPE": "Market Centres" }, "geometry": { "type": "Point", "coordinates": [ 36.862711951723313, -0.606758996137962 ] } },
{ "type": "Feature", "properties": { "LAYER": "Unknown Point Feature", "AREA": 0.0, "PERIMETER": 0.0, "TOWN_NAME": "Wathundura", "TOWN_ID": 4, "TOWN_TYPE": "Market Centres" }, "geometry": { "type": "Point", "coordinates": [ 36.985143901076626, -0.58618942026084 ] } },
{ "type": "Feature", "properties": { "LAYER": "Unknown Point Feature", "AREA": 0.0, "PERIMETER": 0.0, "TOWN_NAME": "Mairoini", "TOWN_ID": 4, "TOWN_TYPE": "Market Centres" }, "geometry": { "type": "Point", "coordinates": [ 36.955567380771996, -0.586241920119712 ] } },
{ "type": "Feature", "properties": { "LAYER": "Unknown Point Feature", "AREA": 0.0, "PERIMETER": 0.0, "TOWN_NAME": "Mucharage", "TOWN_ID": 4, "TOWN_TYPE": "Market Centres" }, "geometry": { "type": "Point", "coordinates": [ 36.862269064122863, -0.576016729622112 ] } },
{ "type": "Feature", "properties": { "LAYER": "Unknown Point Feature", "AREA": 0.0, "PERIMETER": 0.0, "TOWN_NAME": "Kariko", "TOWN_ID": 4, "TOWN_TYPE": "Market Centres" }, "geometry": { "type": "Point", "coordinates": [ 36.882929538701738, -0.574080486522556 ] } },
{ "type": "Feature", "properties": { "LAYER": "Unknown Point Feature", "AREA": 0.0, "PERIMETER": 0.0, "TOWN_NAME": "Gichichi", "TOWN_ID": 4, "TOWN_TYPE": "Market Centres" }, "geometry": { "type": "Point", "coordinates": [ 36.923551012826692, -0.574918325142362 ] } },
{ "type": "Feature", "properties": { "LAYER": "Unknown Point Feature", "AREA": 0.0, "PERIMETER": 0.0, "TOWN_NAME": "Kagongo", "TOWN_ID": 4, "TOWN_TYPE": "Market Centres" }, "geometry": { "type": "Point", "coordinates": [ 36.93843955769249, -0.574715787623981 ] } },
{ "type": "Feature", "properties": { "LAYER": "Unknown Point Feature", "AREA": 0.0, "PERIMETER": 0.0, "TOWN_NAME": "Gakindu", "TOWN_ID": 4, "TOWN_TYPE": "Market Centres" }, "geometry": { "type": "Point", "coordinates": [ 36.993052327480036, -0.566271557133905 ] } },
{ "type": "Feature", "properties": { "LAYER": "Unknown Point Feature", "AREA": 0.0, "PERIMETER": 0.0, "TOWN_NAME": "Othaya", "TOWN_ID": 3, "TOWN_TYPE": "Trading Centre" }, "geometry": { "type": "Point", "coordinates": [ 36.945500134505473, -0.544191625838089 ] } },
{ "type": "Feature", "properties": { "LAYER": "Unknown Point Feature", "AREA": 0.0, "PERIMETER": 0.0, "TOWN_NAME": "Nyamu", "TOWN_ID": 4, "TOWN_TYPE": "Market Centres" }, "geometry": { "type": "Point", "coordinates": [ 36.923140024973904, -0.559465144069052 ] } },
{ "type": "Feature", "properties": { "LAYER": "Unknown Point Feature", "AREA": 0.0, "PERIMETER": 0.0, "TOWN_NAME": "Kabebero", "TOWN_ID": 4, "TOWN_TYPE": "Market Centres" }, "geometry": { "type": "Point", "coordinates": [ 36.869231470724941, -0.547935421687947 ] } },
{ "type": "Feature", "properties": { "LAYER": "Unknown Point Feature", "AREA": 0.0, "PERIMETER": 0.0, "TOWN_NAME": "Mahiga", "TOWN_ID": 4, "TOWN_TYPE": "Market Centres" }, "geometry": { "type": "Point", "coordinates": [ 36.922058553572334, -0.51141481381584 ] } },
{ "type": "Feature", "properties": { "LAYER": "Unknown Point Feature", "AREA": 0.0, "PERIMETER": 0.0, "TOWN_NAME": "Birithia", "TOWN_ID": 4, "TOWN_TYPE": "Market Centres" }, "geometry": { "type": "Point", "coordinates": [ 36.944740720828321, -0.522019713169351 ] } },
{ "type": "Feature", "properties": { "LAYER": "Unknown Point Feature", "AREA": 0.0, "PERIMETER": 0.0, "TOWN_NAME": "Gaturuturu", "TOWN_ID": 4, "TOWN_TYPE": "Market Centres" }, "geometry": { "type": "Point", "coordinates": [ 36.892880376165984, -0.508159164513288 ] } },
{ "type": "Feature", "properties": { "LAYER": "Unknown Point Feature", "AREA": 0.0, "PERIMETER": 0.0, "TOWN_NAME": "Gitugi", "TOWN_ID": 4, "TOWN_TYPE": "Market Centres" }, "geometry": { "type": "Point", "coordinates": [ 36.864547640347666, -0.512200522931606 ] } },
{ "type": "Feature", "properties": { "LAYER": "Unknown Point Feature", "AREA": 0.0, "PERIMETER": 0.0, "TOWN_NAME": "Konyu", "TOWN_ID": 4, "TOWN_TYPE": "Market Centres" }, "geometry": { "type": "Point", "coordinates": [ 36.87147677741806, -0.527329855819953 ] } },
{ "type": "Feature", "properties": { "LAYER": "Unknown Point Feature", "AREA": 0.0, "PERIMETER": 0.0, "TOWN_NAME": "Oloiseri", "TOWN_ID": 4, "TOWN_TYPE": "Market Centres" }, "geometry": { "type": "Point", "coordinates": [ 36.429638757100228, -2.240273332169062 ] } },
{ "type": "Feature", "properties": { "LAYER": "Unknown Point Feature", "AREA": 0.0, "PERIMETER": 0.0, "TOWN_NAME": "Langobaya", "TOWN_ID": 4, "TOWN_TYPE": "Market Centres" }, "geometry": { "type": "Point", "coordinates": [ 39.780292417284208, -3.127745516672616 ] } },
{ "type": "Feature", "properties": { "LAYER": "Unknown Point Feature", "AREA": 0.0, "PERIMETER": 0.0, "TOWN_NAME": "Kakoneni", "TOWN_ID": 4, "TOWN_TYPE": "Market Centres" }, "geometry": { "type": "Point", "coordinates": [ 39.861013826404793, -3.170292704225177 ] } },
{ "type": "Feature", "properties": { "LAYER": "Unknown Point Feature", "AREA": 0.0, "PERIMETER": 0.0, "TOWN_NAME": "Jilore", "TOWN_ID": 3, "TOWN_TYPE": "Trading Centre" }, "geometry": { "type": "Point", "coordinates": [ 39.905232306648578, -3.186873645191092 ] } },
{ "type": "Feature", "properties": { "LAYER": "Unknown Point Feature", "AREA": 0.0, "PERIMETER": 0.0, "TOWN_NAME": "Garashi", "TOWN_ID": 4, "TOWN_TYPE": "Market Centres" }, "geometry": { "type": "Point", "coordinates": [ 39.891944290580795, -3.128868403584003 ] } },
{ "type": "Feature", "properties": { "LAYER": "Unknown Point Feature", "AREA": 0.0, "PERIMETER": 0.0, "TOWN_NAME": "Marafa", "TOWN_ID": 4, "TOWN_TYPE": "Market Centres" }, "geometry": { "type": "Point", "coordinates": [ 39.96326592689686, -3.029952909633339 ] } },
{ "type": "Feature", "properties": { "LAYER": "Unknown Point Feature", "AREA": 0.0, "PERIMETER": 0.0, "TOWN_NAME": "Wakala", "TOWN_ID": 4, "TOWN_TYPE": "Market Centres" }, "geometry": { "type": "Point", "coordinates": [ 39.846764902511524, -3.024803518351046 ] } },
{ "type": "Feature", "properties": { "LAYER": "Unknown Point Feature", "AREA": 0.0, "PERIMETER": 0.0, "TOWN_NAME": "Baricho", "TOWN_ID": 4, "TOWN_TYPE": "Market Centres" }, "geometry": { "type": "Point", "coordinates": [ 39.78480592373738, -3.099515438511753 ] } },
{ "type": "Feature", "properties": { "LAYER": "Unknown Point Feature", "AREA": 0.0, "PERIMETER": 0.0, "TOWN_NAME": "Kititu", "TOWN_ID": 4, "TOWN_TYPE": "Market Centres" }, "geometry": { "type": "Point", "coordinates": [ 37.259569527102421, -0.967519564341359 ] } },
{ "type": "Feature", "properties": { "LAYER": "Unknown Point Feature", "AREA": 0.0, "PERIMETER": 0.0, "TOWN_NAME": "Ithanga", "TOWN_ID": 3, "TOWN_TYPE": "Trading Centre" }, "geometry": { "type": "Point", "coordinates": [ 37.338630379262753, -0.993697459546829 ] } },
{ "type": "Feature", "properties": { "LAYER": "Unknown Point Feature", "AREA": 0.0, "PERIMETER": 0.0, "TOWN_NAME": "Ekarakara", "TOWN_ID": 4, "TOWN_TYPE": "Market Centres" }, "geometry": { "type": "Point", "coordinates": [ 37.474900288666433, -0.968166603092446 ] } },
{ "type": "Feature", "properties": { "LAYER": "Unknown Point Feature", "AREA": 0.0, "PERIMETER": 0.0, "TOWN_NAME": "Tana", "TOWN_ID": 4, "TOWN_TYPE": "Market Centres" }, "geometry": { "type": "Point", "coordinates": [ 37.264144889783694, -0.78420126767392 ] } },
{ "type": "Feature", "properties": { "LAYER": "Unknown Point Feature", "AREA": 0.0, "PERIMETER": 0.0, "TOWN_NAME": "Karaba", "TOWN_ID": 4, "TOWN_TYPE": "Market Centres" }, "geometry": { "type": "Point", "coordinates": [ 37.364994373269461, -0.766316126644815 ] } },
{ "type": "Feature", "properties": { "LAYER": "Unknown Point Feature", "AREA": 0.0, "PERIMETER": 0.0, "TOWN_NAME": "Kamwiendei", "TOWN_ID": 4, "TOWN_TYPE": "Market Centres" }, "geometry": { "type": "Point", "coordinates": [ 37.42378354426031, -0.790171039992249 ] } },
{ "type": "Feature", "properties": { "LAYER": "Unknown Point Feature", "AREA": 0.0, "PERIMETER": 0.0, "TOWN_NAME": "Ishiara", "TOWN_ID": 3, "TOWN_TYPE": "Trading Centre" }, "geometry": { "type": "Point", "coordinates": [ 37.787582560294716, -0.447492416734475 ] } },
{ "type": "Feature", "properties": { "LAYER": "Unknown Point Feature", "AREA": 0.0, "PERIMETER": 0.0, "TOWN_NAME": "Ciangera", "TOWN_ID": 4, "TOWN_TYPE": "Market Centres" }, "geometry": { "type": "Point", "coordinates": [ 37.831744279956879, -0.42691943386421 ] } },
{ "type": "Feature", "properties": { "LAYER": "Unknown Point Feature", "AREA": 0.0, "PERIMETER": 0.0, "TOWN_NAME": "Kathwana", "TOWN_ID": 4, "TOWN_TYPE": "Market Centres" }, "geometry": { "type": "Point", "coordinates": [ 37.867483204390794, -0.322385121604232 ] } },
{ "type": "Feature", "properties": { "LAYER": "Unknown Point Feature", "AREA": 0.0, "PERIMETER": 0.0, "TOWN_NAME": "Kanjuki", "TOWN_ID": 4, "TOWN_TYPE": "Market Centres" }, "geometry": { "type": "Point", "coordinates": [ 37.83116656158132, -0.326994572322806 ] } },
{ "type": "Feature", "properties": { "LAYER": "Unknown Point Feature", "AREA": 0.0, "PERIMETER": 0.0, "TOWN_NAME": "Eldoinyo Olou", "TOWN_ID": 4, "TOWN_TYPE": "Market Centres" }, "geometry": { "type": "Point", "coordinates": [ 37.829681137170446, -2.870945393526498 ] } },
{ "type": "Feature", "properties": { "LAYER": "Unknown Point Feature", "AREA": 0.0, "PERIMETER": 0.0, "TOWN_NAME": "Iltilal", "TOWN_ID": 4, "TOWN_TYPE": "Market Centres" }, "geometry": { "type": "Point", "coordinates": [ 37.88019878483378, -2.860177020876573 ] } },
{ "type": "Feature", "properties": { "LAYER": "Unknown Point Feature", "AREA": 0.0, "PERIMETER": 0.0, "TOWN_NAME": "Kuku", "TOWN_ID": 4, "TOWN_TYPE": "Market Centres" }, "geometry": { "type": "Point", "coordinates": [ 37.751500970293939, -2.90212439313693 ] } },
{ "type": "Feature", "properties": { "LAYER": "Unknown Point Feature", "AREA": 0.0, "PERIMETER": 0.0, "TOWN_NAME": "Ilbisil", "TOWN_ID": 4, "TOWN_TYPE": "Market Centres" }, "geometry": { "type": "Point", "coordinates": [ 36.789998830682002, -2.088429472499412 ] } },
{ "type": "Feature", "properties": { "LAYER": "Unknown Point Feature", "AREA": 0.0, "PERIMETER": 0.0, "TOWN_NAME": "Engamata", "TOWN_ID": 4, "TOWN_TYPE": "Market Centres" }, "geometry": { "type": "Point", "coordinates": [ 36.808385603701197, -2.02974069772244 ] } },
{ "type": "Feature", "properties": { "LAYER": "Unknown Point Feature", "AREA": 0.0, "PERIMETER": 0.0, "TOWN_NAME": "Athi New Brid", "TOWN_ID": 4, "TOWN_TYPE": "Market Centres" }, "geometry": { "type": "Point", "coordinates": [ 38.048742632133681, -2.206207664236739 ] } },
{ "type": "Feature", "properties": { "LAYER": "Unknown Point Feature", "AREA": 0.0, "PERIMETER": 0.0, "TOWN_NAME": "Kailembwa", "TOWN_ID": 4, "TOWN_TYPE": "Market Centres" }, "geometry": { "type": "Point", "coordinates": [ 38.064476086990275, -2.199866850057109 ] } },
{ "type": "Feature", "properties": { "LAYER": "Unknown Point Feature", "AREA": 0.0, "PERIMETER": 0.0, "TOWN_NAME": "Kituti", "TOWN_ID": 4, "TOWN_TYPE": "Market Centres" }, "geometry": { "type": "Point", "coordinates": [ 38.124886860650349, -2.127763347533366 ] } },
{ "type": "Feature", "properties": { "LAYER": "Unknown Point Feature", "AREA": 0.0, "PERIMETER": 0.0, "TOWN_NAME": "Ikutha", "TOWN_ID": 4, "TOWN_TYPE": "Market Centres" }, "geometry": { "type": "Point", "coordinates": [ 38.178054450801874, -2.062653775721733 ] } },
{ "type": "Feature", "properties": { "LAYER": "Unknown Point Feature", "AREA": 0.0, "PERIMETER": 0.0, "TOWN_NAME": "Ngwate", "TOWN_ID": 4, "TOWN_TYPE": "Market Centres" }, "geometry": { "type": "Point", "coordinates": [ 38.240413099024352, -2.05668663793573 ] } },
{ "type": "Feature", "properties": { "LAYER": "Unknown Point Feature", "AREA": 0.0, "PERIMETER": 0.0, "TOWN_NAME": "Mavia", "TOWN_ID": 4, "TOWN_TYPE": "Market Centres" }, "geometry": { "type": "Point", "coordinates": [ 38.249438652393216, -2.030046802766674 ] } },
{ "type": "Feature", "properties": { "LAYER": "Unknown Point Feature", "AREA": 0.0, "PERIMETER": 0.0, "TOWN_NAME": "Kisingo", "TOWN_ID": 4, "TOWN_TYPE": "Market Centres" }, "geometry": { "type": "Point", "coordinates": [ 37.840770485912856, -2.23609249329916 ] } },
{ "type": "Feature", "properties": { "LAYER": "Unknown Point Feature", "AREA": 0.0, "PERIMETER": 0.0, "TOWN_NAME": "Ikoyo", "TOWN_ID": 4, "TOWN_TYPE": "Market Centres" }, "geometry": { "type": "Point", "coordinates": [ 37.784707666945174, -2.236824837057743 ] } },
{ "type": "Feature", "properties": { "LAYER": "Unknown Point Feature", "AREA": 0.0, "PERIMETER": 0.0, "TOWN_NAME": "Kitise", "TOWN_ID": 4, "TOWN_TYPE": "Market Centres" }, "geometry": { "type": "Point", "coordinates": [ 37.878471822349056, -2.053387293295352 ] } },
{ "type": "Feature", "properties": { "LAYER": "Unknown Point Feature", "AREA": 0.0, "PERIMETER": 0.0, "TOWN_NAME": "Mbuvo", "TOWN_ID": 4, "TOWN_TYPE": "Market Centres" }, "geometry": { "type": "Point", "coordinates": [ 37.768701048296805, -2.006366716249052 ] } },
{ "type": "Feature", "properties": { "LAYER": "Unknown Point Feature", "AREA": 0.0, "PERIMETER": 0.0, "TOWN_NAME": "Gatunga", "TOWN_ID": 4, "TOWN_TYPE": "Market Centres" }, "geometry": { "type": "Point", "coordinates": [ 38.000444085129573, -0.097044536944869 ] } },
{ "type": "Feature", "properties": { "LAYER": "Unknown Point Feature", "AREA": 0.0, "PERIMETER": 0.0, "TOWN_NAME": "Gaciongo", "TOWN_ID": 4, "TOWN_TYPE": "Market Centres" }, "geometry": { "type": "Point", "coordinates": [ 38.00979002731161, -0.026823712287621 ] } },
{ "type": "Feature", "properties": { "LAYER": "Unknown Point Feature", "AREA": 0.0, "PERIMETER": 0.0, "TOWN_NAME": "Usueni", "TOWN_ID": 4, "TOWN_TYPE": "Market Centres" }, "geometry": { "type": "Point", "coordinates": [ 38.198899873163811, -0.149342955668937 ] } },
{ "type": "Feature", "properties": { "LAYER": "Unknown Point Feature", "AREA": 0.0, "PERIMETER": 0.0, "TOWN_NAME": "Kutus", "TOWN_ID": 3, "TOWN_TYPE": "Trading Centre" }, "geometry": { "type": "Point", "coordinates": [ 37.324079026418659, -0.564442000637461 ] } },
{ "type": "Feature", "properties": { "LAYER": "Unknown Point Feature", "AREA": 0.0, "PERIMETER": 0.0, "TOWN_NAME": "Mururi", "TOWN_ID": 4, "TOWN_TYPE": "Market Centres" }, "geometry": { "type": "Point", "coordinates": [ 37.379018804277273, -0.55293500742206 ] } },
{ "type": "Feature", "properties": { "LAYER": "Unknown Point Feature", "AREA": 0.0, "PERIMETER": 0.0, "TOWN_NAME": "Embu", "TOWN_ID": 2, "TOWN_TYPE": "Township/Town" }, "geometry": { "type": "Point", "coordinates": [ 37.451552009962832, -0.522301658473585 ] } },
{ "type": "Feature", "properties": { "LAYER": "Unknown Point Feature", "AREA": 0.0, "PERIMETER": 0.0, "TOWN_NAME": "Kangethia", "TOWN_ID": 4, "TOWN_TYPE": "Market Centres" }, "geometry": { "type": "Point", "coordinates": [ 37.551274342113224, -0.47147336833051 ] } },
{ "type": "Feature", "properties": { "LAYER": "Unknown Point Feature", "AREA": 0.0, "PERIMETER": 0.0, "TOWN_NAME": "Kanyumbora", "TOWN_ID": 4, "TOWN_TYPE": "Market Centres" }, "geometry": { "type": "Point", "coordinates": [ 37.722419510994264, -0.461791846688606 ] } },
{ "type": "Feature", "properties": { "LAYER": "Unknown Point Feature", "AREA": 0.0, "PERIMETER": 0.0, "TOWN_NAME": "Runyenjes", "TOWN_ID": 3, "TOWN_TYPE": "Trading Centre" }, "geometry": { "type": "Point", "coordinates": [ 37.569811308160297, -0.419973308004637 ] } },
{ "type": "Feature", "properties": { "LAYER": "Unknown Point Feature", "AREA": 0.0, "PERIMETER": 0.0, "TOWN_NAME": "Kyeni", "TOWN_ID": 4, "TOWN_TYPE": "Market Centres" }, "geometry": { "type": "Point", "coordinates": [ 37.586203337936219, -0.409935959085698 ] } },
{ "type": "Feature", "properties": { "LAYER": "Unknown Point Feature", "AREA": 0.0, "PERIMETER": 0.0, "TOWN_NAME": "Chuka", "TOWN_ID": 3, "TOWN_TYPE": "Trading Centre" }, "geometry": { "type": "Point", "coordinates": [ 37.649003967884795, -0.329251044053166 ] } },
{ "type": "Feature", "properties": { "LAYER": "Unknown Point Feature", "AREA": 0.0, "PERIMETER": 0.0, "TOWN_NAME": "Mitheru", "TOWN_ID": 4, "TOWN_TYPE": "Market Centres" }, "geometry": { "type": "Point", "coordinates": [ 37.664577465958438, -0.294599221920886 ] } },
{ "type": "Feature", "properties": { "LAYER": "Unknown Point Feature", "AREA": 0.0, "PERIMETER": 0.0, "TOWN_NAME": "Karimba", "TOWN_ID": 4, "TOWN_TYPE": "Market Centres" }, "geometry": { "type": "Point", "coordinates": [ 37.691575794378565, -0.297225718349201 ] } },
{ "type": "Feature", "properties": { "LAYER": "Unknown Point Feature", "AREA": 0.0, "PERIMETER": 0.0, "TOWN_NAME": "Kaanwa", "TOWN_ID": 4, "TOWN_TYPE": "Market Centres" }, "geometry": { "type": "Point", "coordinates": [ 37.716337256277896, -0.318911549578443 ] } },
{ "type": "Feature", "properties": { "LAYER": "Unknown Point Feature", "AREA": 0.0, "PERIMETER": 0.0, "TOWN_NAME": "Weru", "TOWN_ID": 4, "TOWN_TYPE": "Market Centres" }, "geometry": { "type": "Point", "coordinates": [ 37.714454580139893, -0.364429999178311 ] } },
{ "type": "Feature", "properties": { "LAYER": "Unknown Point Feature", "AREA": 0.0, "PERIMETER": 0.0, "TOWN_NAME": "Mpukoni", "TOWN_ID": 4, "TOWN_TYPE": "Market Centres" }, "geometry": { "type": "Point", "coordinates": [ 37.659418199961024, -0.373811297752276 ] } },
{ "type": "Feature", "properties": { "LAYER": "Unknown Point Feature", "AREA": 0.0, "PERIMETER": 0.0, "TOWN_NAME": "Itungururu", "TOWN_ID": 4, "TOWN_TYPE": "Market Centres" }, "geometry": { "type": "Point", "coordinates": [ 37.710905423553328, -0.414380562947089 ] } },
{ "type": "Feature", "properties": { "LAYER": "Unknown Point Feature", "AREA": 0.0, "PERIMETER": 0.0, "TOWN_NAME": "Kevote", "TOWN_ID": 4, "TOWN_TYPE": "Market Centres" }, "geometry": { "type": "Point", "coordinates": [ 37.532290843850554, -0.437314894576891 ] } },
{ "type": "Feature", "properties": { "LAYER": "Unknown Point Feature", "AREA": 0.0, "PERIMETER": 0.0, "TOWN_NAME": "Karingari", "TOWN_ID": 4, "TOWN_TYPE": "Market Centres" }, "geometry": { "type": "Point", "coordinates": [ 37.505381065631909, -0.401120358876507 ] } },
{ "type": "Feature", "properties": { "LAYER": "Unknown Point Feature", "AREA": 0.0, "PERIMETER": 0.0, "TOWN_NAME": "Nyahururu", "TOWN_ID": 2, "TOWN_TYPE": "Township/Town" }, "geometry": { "type": "Point", "coordinates": [ 36.359760986908881, 0.036553041744736 ] } },
{ "type": "Feature", "properties": { "LAYER": "Unknown Point Feature", "AREA": 0.0, "PERIMETER": 0.0, "TOWN_NAME": "Subuko", "TOWN_ID": 4, "TOWN_TYPE": "Market Centres" }, "geometry": { "type": "Point", "coordinates": [ 36.370204319716677, 0.151284802926478 ] } },
{ "type": "Feature", "properties": { "LAYER": "Unknown Point Feature", "AREA": 0.0, "PERIMETER": 0.0, "TOWN_NAME": "Leshau", "TOWN_ID": 4, "TOWN_TYPE": "Market Centres" }, "geometry": { "type": "Point", "coordinates": [ 36.476987927618829, 0.097861581613859 ] } },
{ "type": "Feature", "properties": { "LAYER": "Unknown Point Feature", "AREA": 0.0, "PERIMETER": 0.0, "TOWN_NAME": "Kisanana", "TOWN_ID": 3, "TOWN_TYPE": "Trading Centre" }, "geometry": { "type": "Point", "coordinates": [ 36.095819310329404, 0.020102413425059 ] } },
{ "type": "Feature", "properties": { "LAYER": "Unknown Point Feature", "AREA": 0.0, "PERIMETER": 0.0, "TOWN_NAME": "Mugurin", "TOWN_ID": 4, "TOWN_TYPE": "Market Centres" }, "geometry": { "type": "Point", "coordinates": [ 36.035383260279943, 0.103778781078004 ] } },
{ "type": "Feature", "properties": { "LAYER": "Unknown Point Feature", "AREA": 0.0, "PERIMETER": 0.0, "TOWN_NAME": "Solai", "TOWN_ID": 3, "TOWN_TYPE": "Trading Centre" }, "geometry": { "type": "Point", "coordinates": [ 36.152371269515243, 0.019051044699104 ] } },
{ "type": "Feature", "properties": { "LAYER": "Unknown Point Feature", "AREA": 0.0, "PERIMETER": 0.0, "TOWN_NAME": "Ngedalel", "TOWN_ID": 4, "TOWN_TYPE": "Market Centres" }, "geometry": { "type": "Point", "coordinates": [ 36.101073931771793, 0.073503975403508 ] } },
{ "type": "Feature", "properties": { "LAYER": "Unknown Point Feature", "AREA": 0.0, "PERIMETER": 0.0, "TOWN_NAME": "Nyalilpuch", "TOWN_ID": 4, "TOWN_TYPE": "Market Centres" }, "geometry": { "type": "Point", "coordinates": [ 36.150431298092286, 0.226836006177296 ] } },
{ "type": "Feature", "properties": { "LAYER": "Unknown Point Feature", "AREA": 0.0, "PERIMETER": 0.0, "TOWN_NAME": "Dungicha", "TOWN_ID": 4, "TOWN_TYPE": "Market Centres" }, "geometry": { "type": "Point", "coordinates": [ 39.627446882117056, -3.478892442659361 ] } },
{ "type": "Feature", "properties": { "LAYER": "Unknown Point Feature", "AREA": 0.0, "PERIMETER": 0.0, "TOWN_NAME": "Vitengeni", "TOWN_ID": 3, "TOWN_TYPE": "Trading Centre" }, "geometry": { "type": "Point", "coordinates": [ 39.748079568848532, -3.386840991788851 ] } },
{ "type": "Feature", "properties": { "LAYER": "Unknown Point Feature", "AREA": 0.0, "PERIMETER": 0.0, "TOWN_NAME": "Matano Mane", "TOWN_ID": 4, "TOWN_TYPE": "Market Centres" }, "geometry": { "type": "Point", "coordinates": [ 39.710140737345846, -3.361411049010625 ] } },
{ "type": "Feature", "properties": { "LAYER": "Unknown Point Feature", "AREA": 0.0, "PERIMETER": 0.0, "TOWN_NAME": "Shangeni", "TOWN_ID": 4, "TOWN_TYPE": "Market Centres" }, "geometry": { "type": "Point", "coordinates": [ 39.613213175233589, -3.40475025787887 ] } },
{ "type": "Feature", "properties": { "LAYER": "Unknown Point Feature", "AREA": 0.0, "PERIMETER": 0.0, "TOWN_NAME": "Jila", "TOWN_ID": 4, "TOWN_TYPE": "Market Centres" }, "geometry": { "type": "Point", "coordinates": [ 39.533185172741966, -3.421300544275123 ] } },
{ "type": "Feature", "properties": { "LAYER": "Unknown Point Feature", "AREA": 0.0, "PERIMETER": 0.0, "TOWN_NAME": "Kikambala", "TOWN_ID": 4, "TOWN_TYPE": "Market Centres" }, "geometry": { "type": "Point", "coordinates": [ 39.777609641114509, -3.878491509382664 ] } },
{ "type": "Feature", "properties": { "LAYER": "Unknown Point Feature", "AREA": 0.0, "PERIMETER": 0.0, "TOWN_NAME": "Vipingo", "TOWN_ID": 4, "TOWN_TYPE": "Market Centres" }, "geometry": { "type": "Point", "coordinates": [ 39.8077039665068, -3.814601663511673 ] } },
{ "type": "Feature", "properties": { "LAYER": "Unknown Point Feature", "AREA": 0.0, "PERIMETER": 0.0, "TOWN_NAME": "Junju", "TOWN_ID": 4, "TOWN_TYPE": "Market Centres" }, "geometry": { "type": "Point", "coordinates": [ 39.820376327203427, -3.786544522312281 ] } },
{ "type": "Feature", "properties": { "LAYER": "Unknown Point Feature", "AREA": 0.0, "PERIMETER": 0.0, "TOWN_NAME": "Shauri Moyo", "TOWN_ID": 4, "TOWN_TYPE": "Market Centres" }, "geometry": { "type": "Point", "coordinates": [ 39.824139305179635, -3.752398290500236 ] } },
{ "type": "Feature", "properties": { "LAYER": "Unknown Point Feature", "AREA": 0.0, "PERIMETER": 0.0, "TOWN_NAME": "Kiu", "TOWN_ID": 4, "TOWN_TYPE": "Market Centres" }, "geometry": { "type": "Point", "coordinates": [ 37.159827340044231, -1.896873664080678 ] } },
{ "type": "Feature", "properties": { "LAYER": "Unknown Point Feature", "AREA": 0.0, "PERIMETER": 0.0, "TOWN_NAME": "Ulu", "TOWN_ID": 4, "TOWN_TYPE": "Market Centres" }, "geometry": { "type": "Point", "coordinates": [ 37.145307439584322, -1.810060654632339 ] } },
{ "type": "Feature", "properties": { "LAYER": "Unknown Point Feature", "AREA": 0.0, "PERIMETER": 0.0, "TOWN_NAME": "Juja", "TOWN_ID": 3, "TOWN_TYPE": "Trading Centre" }, "geometry": { "type": "Point", "coordinates": [ 37.014423447112563, -1.103548150717287 ] } },
{ "type": "Feature", "properties": { "LAYER": "Unknown Point Feature", "AREA": 0.0, "PERIMETER": 0.0, "TOWN_NAME": "Thika", "TOWN_ID": 1, "TOWN_TYPE": "Municipality" }, "geometry": { "type": "Point", "coordinates": [ 37.083141078602615, -1.038529059151759 ] } },
{ "type": "Feature", "properties": { "LAYER": "Unknown Point Feature", "AREA": 0.0, "PERIMETER": 0.0, "TOWN_NAME": "Mitubiri", "TOWN_ID": 4, "TOWN_TYPE": "Market Centres" }, "geometry": { "type": "Point", "coordinates": [ 37.115286184882073, -1.013055785296096 ] } },
{ "type": "Feature", "properties": { "LAYER": "Unknown Point Feature", "AREA": 0.0, "PERIMETER": 0.0, "TOWN_NAME": "Kilima Mbogo", "TOWN_ID": 3, "TOWN_TYPE": "Trading Centre" }, "geometry": { "type": "Point", "coordinates": [ 37.236138790318655, -1.06734185503789 ] } },
{ "type": "Feature", "properties": { "LAYER": "Unknown Point Feature", "AREA": 0.0, "PERIMETER": 0.0, "TOWN_NAME": "Olosinkiran", "TOWN_ID": 4, "TOWN_TYPE": "Market Centres" }, "geometry": { "type": "Point", "coordinates": [ 37.385743368981629, -2.333954556085011 ] } },
{ "type": "Feature", "properties": { "LAYER": "Unknown Point Feature", "AREA": 0.0, "PERIMETER": 0.0, "TOWN_NAME": "Kiboko", "TOWN_ID": 3, "TOWN_TYPE": "Trading Centre" }, "geometry": { "type": "Point", "coordinates": [ 37.714961258533044, -2.208198696123043 ] } },
{ "type": "Feature", "properties": { "LAYER": "Unknown Point Feature", "AREA": 0.0, "PERIMETER": 0.0, "TOWN_NAME": "Simba", "TOWN_ID": 4, "TOWN_TYPE": "Market Centres" }, "geometry": { "type": "Point", "coordinates": [ 37.592038202652695, -2.156836227763774 ] } },
{ "type": "Feature", "properties": { "LAYER": "Unknown Point Feature", "AREA": 0.0, "PERIMETER": 0.0, "TOWN_NAME": "Matha", "TOWN_ID": 4, "TOWN_TYPE": "Market Centres" }, "geometry": { "type": "Point", "coordinates": [ 37.571320201032485, -2.001836451897982 ] } },
{ "type": "Feature", "properties": { "LAYER": "Unknown Point Feature", "AREA": 0.0, "PERIMETER": 0.0, "TOWN_NAME": "Kikumini", "TOWN_ID": 4, "TOWN_TYPE": "Market Centres" }, "geometry": { "type": "Point", "coordinates": [ 37.574986359391175, -2.044053677784773 ] } },
{ "type": "Feature", "properties": { "LAYER": "Unknown Point Feature", "AREA": 0.0, "PERIMETER": 0.0, "TOWN_NAME": "Mwanyani", "TOWN_ID": 4, "TOWN_TYPE": "Market Centres" }, "geometry": { "type": "Point", "coordinates": [ 37.510125011585139, -2.028012023009336 ] } },
{ "type": "Feature", "properties": { "LAYER": "Unknown Point Feature", "AREA": 0.0, "PERIMETER": 0.0, "TOWN_NAME": "Lorngosua", "TOWN_ID": 4, "TOWN_TYPE": "Market Centres" }, "geometry": { "type": "Point", "coordinates": [ 36.649881560803692, -2.139899691756704 ] } },
{ "type": "Feature", "properties": { "LAYER": "Unknown Point Feature", "AREA": 0.0, "PERIMETER": 0.0, "TOWN_NAME": "Mau Narok", "TOWN_ID": 4, "TOWN_TYPE": "Market Centres" }, "geometry": { "type": "Point", "coordinates": [ 36.005678027868463, -0.596229673501446 ] } },
{ "type": "Feature", "properties": { "LAYER": "Unknown Point Feature", "AREA": 0.0, "PERIMETER": 0.0, "TOWN_NAME": "Ol Tukai", "TOWN_ID": 4, "TOWN_TYPE": "Market Centres" }, "geometry": { "type": "Point", "coordinates": [ 37.277844356627135, -2.663131034631073 ] } },
{ "type": "Feature", "properties": { "LAYER": "Unknown Point Feature", "AREA": 0.0, "PERIMETER": 0.0, "TOWN_NAME": "Oltepesi", "TOWN_ID": 4, "TOWN_TYPE": "Market Centres" }, "geometry": { "type": "Point", "coordinates": [ 36.469970596798426, -1.560209193772098 ] } },
{ "type": "Feature", "properties": { "LAYER": "Unknown Point Feature", "AREA": 0.0, "PERIMETER": 0.0, "TOWN_NAME": "Ngatataek", "TOWN_ID": 4, "TOWN_TYPE": "Market Centres" }, "geometry": { "type": "Point", "coordinates": [ 36.808578116942321, -2.277763704937235 ] } },
{ "type": "Feature", "properties": { "LAYER": "Unknown Point Feature", "AREA": 0.0, "PERIMETER": 0.0, "TOWN_NAME": "Mailua", "TOWN_ID": 4, "TOWN_TYPE": "Market Centres" }, "geometry": { "type": "Point", "coordinates": [ 36.95996054562633, -2.32765633355053 ] } },
{ "type": "Feature", "properties": { "LAYER": "Unknown Point Feature", "AREA": 0.0, "PERIMETER": 0.0, "TOWN_NAME": "Ndaragwa", "TOWN_ID": 3, "TOWN_TYPE": "Trading Centre" }, "geometry": { "type": "Point", "coordinates": [ 36.529201080463373, -0.055765731939662 ] } },
{ "type": "Feature", "properties": { "LAYER": "Unknown Point Feature", "AREA": 0.0, "PERIMETER": 0.0, "TOWN_NAME": "Ngobit", "TOWN_ID": 3, "TOWN_TYPE": "Trading Centre" }, "geometry": { "type": "Point", "coordinates": [ 36.666471764985026, -0.102827621856127 ] } },
{ "type": "Feature", "properties": { "LAYER": "Unknown Point Feature", "AREA": 0.0, "PERIMETER": 0.0, "TOWN_NAME": "Nakuru", "TOWN_ID": 1, "TOWN_TYPE": "Municipality" }, "geometry": { "type": "Point", "coordinates": [ 36.076946318987964, -0.28187791842513 ] } },
{ "type": "Feature", "properties": { "LAYER": "Unknown Point Feature", "AREA": 0.0, "PERIMETER": 0.0, "TOWN_NAME": "Kiriri", "TOWN_ID": 4, "TOWN_TYPE": "Market Centres" }, "geometry": { "type": "Point", "coordinates": [ 36.015049757999073, -0.441370668279738 ] } },
{ "type": "Feature", "properties": { "LAYER": "Unknown Point Feature", "AREA": 0.0, "PERIMETER": 0.0, "TOWN_NAME": "Elmentaita", "TOWN_ID": 3, "TOWN_TYPE": "Trading Centre" }, "geometry": { "type": "Point", "coordinates": [ 36.155166262927651, -0.485914706455891 ] } },
{ "type": "Feature", "properties": { "LAYER": "Unknown Point Feature", "AREA": 0.0, "PERIMETER": 0.0, "TOWN_NAME": "Dondori", "TOWN_ID": 4, "TOWN_TYPE": "Market Centres" }, "geometry": { "type": "Point", "coordinates": [ 36.237355316228715, -0.252789354266874 ] } },
{ "type": "Feature", "properties": { "LAYER": "Unknown Point Feature", "AREA": 0.0, "PERIMETER": 0.0, "TOWN_NAME": "Naivasha", "TOWN_ID": 2, "TOWN_TYPE": "Township/Town" }, "geometry": { "type": "Point", "coordinates": [ 36.435548099227717, -0.710086753331481 ] } },
{ "type": "Feature", "properties": { "LAYER": "Unknown Point Feature", "AREA": 0.0, "PERIMETER": 0.0, "TOWN_NAME": "Ongata Rongai", "TOWN_ID": 3, "TOWN_TYPE": "Trading Centre" }, "geometry": { "type": "Point", "coordinates": [ 36.763773515235464, -1.392695359490201 ] } },
{ "type": "Feature", "properties": { "LAYER": "Unknown Point Feature", "AREA": 0.0, "PERIMETER": 0.0, "TOWN_NAME": "Mbagathi", "TOWN_ID": 3, "TOWN_TYPE": "Trading Centre" }, "geometry": { "type": "Point", "coordinates": [ 36.766146249475199, -1.376667628733221 ] } },
{ "type": "Feature", "properties": { "LAYER": "Unknown Point Feature", "AREA": 0.0, "PERIMETER": 0.0, "TOWN_NAME": "Nairobi City", "TOWN_ID": 11, "TOWN_TYPE": "City" }, "geometry": { "type": "Point", "coordinates": [ 36.819245888316019, -1.285940470843829 ] } },
{ "type": "Feature", "properties": { "LAYER": "Unknown Point Feature", "AREA": 0.0, "PERIMETER": 0.0, "TOWN_NAME": "Dandora", "TOWN_ID": 3, "TOWN_TYPE": "Trading Centre" }, "geometry": { "type": "Point", "coordinates": [ 36.90424870962746, -1.255314555300269 ] } },
{ "type": "Feature", "properties": { "LAYER": "Unknown Point Feature", "AREA": 0.0, "PERIMETER": 0.0, "TOWN_NAME": "Athi River", "TOWN_ID": 2, "TOWN_TYPE": "Township/Town" }, "geometry": { "type": "Point", "coordinates": [ 36.975740868633714, -1.445677824390308 ] } },
{ "type": "Feature", "properties": { "LAYER": "Unknown Point Feature", "AREA": 0.0, "PERIMETER": 0.0, "TOWN_NAME": "Olombokishi", "TOWN_ID": 4, "TOWN_TYPE": "Market Centres" }, "geometry": { "type": "Point", "coordinates": [ 36.046250225533313, -1.024252014582067 ] } },
{ "type": "Feature", "properties": { "LAYER": "Unknown Point Feature", "AREA": 0.0, "PERIMETER": 0.0, "TOWN_NAME": "NairagieNgare", "TOWN_ID": 4, "TOWN_TYPE": "Market Centres" }, "geometry": { "type": "Point", "coordinates": [ 36.159370532364981, -1.042898808599946 ] } },
{ "type": "Feature", "properties": { "LAYER": "Unknown Point Feature", "AREA": 0.0, "PERIMETER": 0.0, "TOWN_NAME": "Kahuro", "TOWN_ID": 3, "TOWN_TYPE": "Trading Centre" }, "geometry": { "type": "Point", "coordinates": [ 37.010318999413094, -0.748495723522786 ] } },
{ "type": "Feature", "properties": { "LAYER": "Unknown Point Feature", "AREA": 0.0, "PERIMETER": 0.0, "TOWN_NAME": "Kahuhia", "TOWN_ID": 4, "TOWN_TYPE": "Market Centres" }, "geometry": { "type": "Point", "coordinates": [ 37.041455280962616, -0.709553435634173 ] } },
{ "type": "Feature", "properties": { "LAYER": "Unknown Point Feature", "AREA": 0.0, "PERIMETER": 0.0, "TOWN_NAME": "Kiangange", "TOWN_ID": 4, "TOWN_TYPE": "Market Centres" }, "geometry": { "type": "Point", "coordinates": [ 37.114453808652769, -0.7230221659914 ] } },
{ "type": "Feature", "properties": { "LAYER": "Unknown Point Feature", "AREA": 0.0, "PERIMETER": 0.0, "TOWN_NAME": "Muranga", "TOWN_ID": 1, "TOWN_TYPE": "Municipality" }, "geometry": { "type": "Point", "coordinates": [ 37.159159850847715, -0.716484158968036 ] } },
{ "type": "Feature", "properties": { "LAYER": "Unknown Point Feature", "AREA": 0.0, "PERIMETER": 0.0, "TOWN_NAME": "Sagana", "TOWN_ID": 2, "TOWN_TYPE": "Township/Town" }, "geometry": { "type": "Point", "coordinates": [ 37.206647722923798, -0.664511091918844 ] } },
{ "type": "Feature", "properties": { "LAYER": "Unknown Point Feature", "AREA": 0.0, "PERIMETER": 0.0, "TOWN_NAME": "Baricho", "TOWN_ID": 4, "TOWN_TYPE": "Market Centres" }, "geometry": { "type": "Point", "coordinates": [ 37.241321815847215, -0.54963071207798 ] } },
{ "type": "Feature", "properties": { "LAYER": "Unknown Point Feature", "AREA": 0.0, "PERIMETER": 0.0, "TOWN_NAME": "Ndimaini", "TOWN_ID": 4, "TOWN_TYPE": "Market Centres" }, "geometry": { "type": "Point", "coordinates": [ 37.139584749600807, -0.521122221501492 ] } },
{ "type": "Feature", "properties": { "LAYER": "Unknown Point Feature", "AREA": 0.0, "PERIMETER": 0.0, "TOWN_NAME": "Mukurweini", "TOWN_ID": 3, "TOWN_TYPE": "Trading Centre" }, "geometry": { "type": "Point", "coordinates": [ 37.05087404544944, -0.558731596737343 ] } },
{ "type": "Feature", "properties": { "LAYER": "Unknown Point Feature", "AREA": 0.0, "PERIMETER": 0.0, "TOWN_NAME": "Mua hills", "TOWN_ID": 3, "TOWN_TYPE": "Trading Centre" }, "geometry": { "type": "Point", "coordinates": [ 37.191307589538127, -1.460990862986009 ] } },
{ "type": "Feature", "properties": { "LAYER": "Unknown Point Feature", "AREA": 0.0, "PERIMETER": 0.0, "TOWN_NAME": "Ngomeni", "TOWN_ID": 3, "TOWN_TYPE": "Trading Centre" }, "geometry": { "type": "Point", "coordinates": [ 37.231330807938001, -1.441804977855714 ] } },
{ "type": "Feature", "properties": { "LAYER": "Unknown Point Feature", "AREA": 0.0, "PERIMETER": 0.0, "TOWN_NAME": "Kamuthanga", "TOWN_ID": 3, "TOWN_TYPE": "Trading Centre" }, "geometry": { "type": "Point", "coordinates": [ 37.221014119020971, -1.381032276906449 ] } },
{ "type": "Feature", "properties": { "LAYER": "Unknown Point Feature", "AREA": 0.0, "PERIMETER": 0.0, "TOWN_NAME": "Mitaboni", "TOWN_ID": 4, "TOWN_TYPE": "Market Centres" }, "geometry": { "type": "Point", "coordinates": [ 37.247456925244329, -1.369846747208943 ] } },
{ "type": "Feature", "properties": { "LAYER": "Unknown Point Feature", "AREA": 0.0, "PERIMETER": 0.0, "TOWN_NAME": "Mosiro", "TOWN_ID": 3, "TOWN_TYPE": "Trading Centre" }, "geometry": { "type": "Point", "coordinates": [ 36.115182653271908, -1.385488671342781 ] } },
{ "type": "Feature", "properties": { "LAYER": "Unknown Point Feature", "AREA": 0.0, "PERIMETER": 0.0, "TOWN_NAME": "Tiwi", "TOWN_ID": 3, "TOWN_TYPE": "Trading Centre" }, "geometry": { "type": "Point", "coordinates": [ 39.575660060706227, -4.236543587019201 ] } },
{ "type": "Feature", "properties": { "LAYER": "Unknown Point Feature", "AREA": 0.0, "PERIMETER": 0.0, "TOWN_NAME": "Matuga", "TOWN_ID": 3, "TOWN_TYPE": "Trading Centre" }, "geometry": { "type": "Point", "coordinates": [ 39.570959039615495, -4.168756431104607 ] } },
{ "type": "Feature", "properties": { "LAYER": "Unknown Point Feature", "AREA": 0.0, "PERIMETER": 0.0, "TOWN_NAME": "Waa", "TOWN_ID": 4, "TOWN_TYPE": "Market Centres" }, "geometry": { "type": "Point", "coordinates": [ 39.602878878521132, -4.166344113740728 ] } },
{ "type": "Feature", "properties": { "LAYER": "Unknown Point Feature", "AREA": 0.0, "PERIMETER": 0.0, "TOWN_NAME": "Ngombeni", "TOWN_ID": 3, "TOWN_TYPE": "Trading Centre" }, "geometry": { "type": "Point", "coordinates": [ 39.627547815654324, -4.129665873457783 ] } },
{ "type": "Feature", "properties": { "LAYER": "Unknown Point Feature", "AREA": 0.0, "PERIMETER": 0.0, "TOWN_NAME": "Likoni", "TOWN_ID": 3, "TOWN_TYPE": "Trading Centre" }, "geometry": { "type": "Point", "coordinates": [ 39.666661387687327, -4.082091644692319 ] } },
{ "type": "Feature", "properties": { "LAYER": "Unknown Point Feature", "AREA": 0.0, "PERIMETER": 0.0, "TOWN_NAME": "Mtongwe", "TOWN_ID": 4, "TOWN_TYPE": "Market Centres" }, "geometry": { "type": "Point", "coordinates": [ 39.64204840672366, -4.067057353744954 ] } },
{ "type": "Feature", "properties": { "LAYER": "Unknown Point Feature", "AREA": 0.0, "PERIMETER": 0.0, "TOWN_NAME": "Mombasa", "TOWN_ID": 1, "TOWN_TYPE": "Municipality" }, "geometry": { "type": "Point", "coordinates": [ 39.665165139909291, -4.056399216460957 ] } },
{ "type": "Feature", "properties": { "LAYER": "Unknown Point Feature", "AREA": 0.0, "PERIMETER": 0.0, "TOWN_NAME": "Nyali", "TOWN_ID": 4, "TOWN_TYPE": "Market Centres" }, "geometry": { "type": "Point", "coordinates": [ 39.700835194409343, -4.049592801170461 ] } },
{ "type": "Feature", "properties": { "LAYER": "Unknown Point Feature", "AREA": 0.0, "PERIMETER": 0.0, "TOWN_NAME": "Kongowea", "TOWN_ID": 4, "TOWN_TYPE": "Market Centres" }, "geometry": { "type": "Point", "coordinates": [ 39.687780628856927, -4.039688475663043 ] } },
{ "type": "Feature", "properties": { "LAYER": "Unknown Point Feature", "AREA": 0.0, "PERIMETER": 0.0, "TOWN_NAME": "Kisauni", "TOWN_ID": 4, "TOWN_TYPE": "Market Centres" }, "geometry": { "type": "Point", "coordinates": [ 39.692603542348969, -4.030583058934743 ] } },
{ "type": "Feature", "properties": { "LAYER": "Unknown Point Feature", "AREA": 0.0, "PERIMETER": 0.0, "TOWN_NAME": "Mwandoni", "TOWN_ID": 4, "TOWN_TYPE": "Market Centres" }, "geometry": { "type": "Point", "coordinates": [ 39.69630709060467, -4.016792232389909 ] } },
{ "type": "Feature", "properties": { "LAYER": "Unknown Point Feature", "AREA": 0.0, "PERIMETER": 0.0, "TOWN_NAME": "Changamwe", "TOWN_ID": 3, "TOWN_TYPE": "Trading Centre" }, "geometry": { "type": "Point", "coordinates": [ 39.623965463132571, -4.020759243660064 ] } },
{ "type": "Feature", "properties": { "LAYER": "Unknown Point Feature", "AREA": 0.0, "PERIMETER": 0.0, "TOWN_NAME": "Meto", "TOWN_ID": 3, "TOWN_TYPE": "Trading Centre" }, "geometry": { "type": "Point", "coordinates": [ 36.553012476913871, -2.40817251671989 ] } },
{ "type": "Feature", "properties": { "LAYER": "Unknown Point Feature", "AREA": 0.0, "PERIMETER": 0.0, "TOWN_NAME": "Subukia", "TOWN_ID": 4, "TOWN_TYPE": "Market Centres" }, "geometry": { "type": "Point", "coordinates": [ 36.193459552673289, -0.012091793541189 ] } },
{ "type": "Feature", "properties": { "LAYER": "Unknown Point Feature", "AREA": 0.0, "PERIMETER": 0.0, "TOWN_NAME": "Bahati", "TOWN_ID": 4, "TOWN_TYPE": "Market Centres" }, "geometry": { "type": "Point", "coordinates": [ 36.15315131911543, -0.151874086560574 ] } },
{ "type": "Feature", "properties": { "LAYER": "Unknown Point Feature", "AREA": 0.0, "PERIMETER": 0.0, "TOWN_NAME": "Makongeni", "TOWN_ID": 4, "TOWN_TYPE": "Market Centres" }, "geometry": { "type": "Point", "coordinates": [ 39.631473381847584, -3.118907346262388 ] } },
{ "type": "Feature", "properties": { "LAYER": "Unknown Point Feature", "AREA": 0.0, "PERIMETER": 0.0, "TOWN_NAME": "Mariakani", "TOWN_ID": 3, "TOWN_TYPE": "Trading Centre" }, "geometry": { "type": "Point", "coordinates": [ 39.474929702881404, -3.86234051058682 ] } },
{ "type": "Feature", "properties": { "LAYER": "Unknown Point Feature", "AREA": 0.0, "PERIMETER": 0.0, "TOWN_NAME": "Gatanga", "TOWN_ID": 3, "TOWN_TYPE": "Trading Centre" }, "geometry": { "type": "Point", "coordinates": [ 36.960944887104716, -0.935405468544079 ] } },
{ "type": "Feature", "properties": { "LAYER": "Unknown Point Feature", "AREA": 0.0, "PERIMETER": 0.0, "TOWN_NAME": "Gatura", "TOWN_ID": 3, "TOWN_TYPE": "Trading Centre" }, "geometry": { "type": "Point", "coordinates": [ 36.861860107656646, -0.860986501475963 ] } },
{ "type": "Feature", "properties": { "LAYER": "Unknown Point Feature", "AREA": 0.0, "PERIMETER": 0.0, "TOWN_NAME": "Kangare", "TOWN_ID": 3, "TOWN_TYPE": "Trading Centre" }, "geometry": { "type": "Point", "coordinates": [ 36.866716758946197, -0.782144660743674 ] } },
{ "type": "Feature", "properties": { "LAYER": "Unknown Point Feature", "AREA": 0.0, "PERIMETER": 0.0, "TOWN_NAME": "Kigumo", "TOWN_ID": 3, "TOWN_TYPE": "Trading Centre" }, "geometry": { "type": "Point", "coordinates": [ 36.961827299528757, -0.799155735176365 ] } },
{ "type": "Feature", "properties": { "LAYER": "Unknown Point Feature", "AREA": 0.0, "PERIMETER": 0.0, "TOWN_NAME": "Gatukuyu", "TOWN_ID": 4, "TOWN_TYPE": "Market Centres" }, "geometry": { "type": "Point", "coordinates": [ 36.963100153654366, -0.982644023179529 ] } },
{ "type": "Feature", "properties": { "LAYER": "Unknown Point Feature", "AREA": 0.0, "PERIMETER": 0.0, "TOWN_NAME": "Mangu", "TOWN_ID": 3, "TOWN_TYPE": "Trading Centre" }, "geometry": { "type": "Point", "coordinates": [ 36.951654604384409, -0.985024141415729 ] } },
{ "type": "Feature", "properties": { "LAYER": "Unknown Point Feature", "AREA": 0.0, "PERIMETER": 0.0, "TOWN_NAME": "Malindi", "TOWN_ID": 1, "TOWN_TYPE": "Municipality" }, "geometry": { "type": "Point", "coordinates": [ 40.116591705101392, -3.210194214190764 ] } },
{ "type": "Feature", "properties": { "LAYER": "Unknown Point Feature", "AREA": 0.0, "PERIMETER": 0.0, "TOWN_NAME": "Mambrui", "TOWN_ID": 3, "TOWN_TYPE": "Trading Centre" }, "geometry": { "type": "Point", "coordinates": [ 40.152995275237245, -3.111244372387435 ] } },
{ "type": "Feature", "properties": { "LAYER": "Unknown Point Feature", "AREA": 0.0, "PERIMETER": 0.0, "TOWN_NAME": "Marikebuni", "TOWN_ID": 3, "TOWN_TYPE": "Trading Centre" }, "geometry": { "type": "Point", "coordinates": [ 40.105938141902037, -3.089222309703617 ] } },
{ "type": "Feature", "properties": { "LAYER": "Unknown Point Feature", "AREA": 0.0, "PERIMETER": 0.0, "TOWN_NAME": "Gongoni", "TOWN_ID": 3, "TOWN_TYPE": "Trading Centre" }, "geometry": { "type": "Point", "coordinates": [ 40.13613992853665, -3.034741838316668 ] } },
{ "type": "Feature", "properties": { "LAYER": "Unknown Point Feature", "AREA": 0.0, "PERIMETER": 0.0, "TOWN_NAME": "Magarini", "TOWN_ID": 3, "TOWN_TYPE": "Trading Centre" }, "geometry": { "type": "Point", "coordinates": [ 40.067766319150707, -3.033852935397022 ] } },
{ "type": "Feature", "properties": { "LAYER": "Unknown Point Feature", "AREA": 0.0, "PERIMETER": 0.0, "TOWN_NAME": "Ganda", "TOWN_ID": 3, "TOWN_TYPE": "Trading Centre" }, "geometry": { "type": "Point", "coordinates": [ 40.065111919437371, -3.215062019862736 ] } },
{ "type": "Feature", "properties": { "LAYER": "Unknown Point Feature", "AREA": 0.0, "PERIMETER": 0.0, "TOWN_NAME": "Kangoni", "TOWN_ID": 4, "TOWN_TYPE": "Market Centres" }, "geometry": { "type": "Point", "coordinates": [ 36.257667312807762, -0.816990203172146 ] } },
{ "type": "Feature", "properties": { "LAYER": "Unknown Point Feature", "AREA": 0.0, "PERIMETER": 0.0, "TOWN_NAME": "Longonot", "TOWN_ID": 3, "TOWN_TYPE": "Trading Centre" }, "geometry": { "type": "Point", "coordinates": [ 36.494376915153559, -0.880729182326894 ] } },
{ "type": "Feature", "properties": { "LAYER": "Unknown Point Feature", "AREA": 0.0, "PERIMETER": 0.0, "TOWN_NAME": "Akira", "TOWN_ID": 4, "TOWN_TYPE": "Market Centres" }, "geometry": { "type": "Point", "coordinates": [ 36.369211820626212, -0.997447086130135 ] } },
{ "type": "Feature", "properties": { "LAYER": "Unknown Point Feature", "AREA": 0.0, "PERIMETER": 0.0, "TOWN_NAME": "Kikuyu", "TOWN_ID": 3, "TOWN_TYPE": "Trading Centre" }, "geometry": { "type": "Point", "coordinates": [ 36.661208037839025, -1.241166581351704 ] } },
{ "type": "Feature", "properties": { "LAYER": "Unknown Point Feature", "AREA": 0.0, "PERIMETER": 0.0, "TOWN_NAME": "Gitaru", "TOWN_ID": 4, "TOWN_TYPE": "Market Centres" }, "geometry": { "type": "Point", "coordinates": [ 36.678551077412656, -1.229781737675318 ] } },
{ "type": "Feature", "properties": { "LAYER": "Unknown Point Feature", "AREA": 0.0, "PERIMETER": 0.0, "TOWN_NAME": "Wangige", "TOWN_ID": 4, "TOWN_TYPE": "Market Centres" }, "geometry": { "type": "Point", "coordinates": [ 36.63817834611686, -1.151420323653552 ] } },
{ "type": "Feature", "properties": { "LAYER": "Unknown Point Feature", "AREA": 0.0, "PERIMETER": 0.0, "TOWN_NAME": "Karura Kanyun", "TOWN_ID": 4, "TOWN_TYPE": "Market Centres" }, "geometry": { "type": "Point", "coordinates": [ 36.727890759760179, -1.192621011716735 ] } },
{ "type": "Feature", "properties": { "LAYER": "Unknown Point Feature", "AREA": 0.0, "PERIMETER": 0.0, "TOWN_NAME": "Lower Kabete", "TOWN_ID": 4, "TOWN_TYPE": "Market Centres" }, "geometry": { "type": "Point", "coordinates": [ 36.721939821729634, -1.239221923899432 ] } },
{ "type": "Feature", "properties": { "LAYER": "Unknown Point Feature", "AREA": 0.0, "PERIMETER": 0.0, "TOWN_NAME": "Gikuni", "TOWN_ID": 4, "TOWN_TYPE": "Market Centres" }, "geometry": { "type": "Point", "coordinates": [ 36.695569084911256, -1.193036947746071 ] } },
{ "type": "Feature", "properties": { "LAYER": "Unknown Point Feature", "AREA": 0.0, "PERIMETER": 0.0, "TOWN_NAME": "Ngecha", "TOWN_ID": 4, "TOWN_TYPE": "Market Centres" }, "geometry": { "type": "Point", "coordinates": [ 36.663888701604094, -1.163357085761756 ] } },
{ "type": "Feature", "properties": { "LAYER": "Unknown Point Feature", "AREA": 0.0, "PERIMETER": 0.0, "TOWN_NAME": "Tigoni", "TOWN_ID": 3, "TOWN_TYPE": "Trading Centre" }, "geometry": { "type": "Point", "coordinates": [ 36.67242096376507, -1.1240647290668 ] } },
{ "type": "Feature", "properties": { "LAYER": "Unknown Point Feature", "AREA": 0.0, "PERIMETER": 0.0, "TOWN_NAME": "Limuru", "TOWN_ID": 3, "TOWN_TYPE": "Trading Centre" }, "geometry": { "type": "Point", "coordinates": [ 36.641797322564123, -1.106646264864291 ] } },
{ "type": "Feature", "properties": { "LAYER": "Unknown Point Feature", "AREA": 0.0, "PERIMETER": 0.0, "TOWN_NAME": "Uplands", "TOWN_ID": 3, "TOWN_TYPE": "Trading Centre" }, "geometry": { "type": "Point", "coordinates": [ 36.643540200717389, -1.037371004043443 ] } },
{ "type": "Feature", "properties": { "LAYER": "Unknown Point Feature", "AREA": 0.0, "PERIMETER": 0.0, "TOWN_NAME": "Kagwe", "TOWN_ID": 4, "TOWN_TYPE": "Market Centres" }, "geometry": { "type": "Point", "coordinates": [ 36.743459716096091, -1.001198784886186 ] } },
{ "type": "Feature", "properties": { "LAYER": "Unknown Point Feature", "AREA": 0.0, "PERIMETER": 0.0, "TOWN_NAME": "Ol Orian", "TOWN_ID": 4, "TOWN_TYPE": "Market Centres" }, "geometry": { "type": "Point", "coordinates": [ 36.597950024273729, -1.531305428505899 ] } },
{ "type": "Feature", "properties": { "LAYER": "Unknown Point Feature", "AREA": 0.0, "PERIMETER": 0.0, "TOWN_NAME": "Kwale", "TOWN_ID": 2, "TOWN_TYPE": "Township/Town" }, "geometry": { "type": "Point", "coordinates": [ 39.452016454624726, -4.173520480979051 ] } },
{ "type": "Feature", "properties": { "LAYER": "Unknown Point Feature", "AREA": 0.0, "PERIMETER": 0.0, "TOWN_NAME": "Kinango", "TOWN_ID": 3, "TOWN_TYPE": "Trading Centre" }, "geometry": { "type": "Point", "coordinates": [ 39.315508446979265, -4.13578676691735 ] } },
{ "type": "Feature", "properties": { "LAYER": "Unknown Point Feature", "AREA": 0.0, "PERIMETER": 0.0, "TOWN_NAME": "Tserezani", "TOWN_ID": 4, "TOWN_TYPE": "Market Centres" }, "geometry": { "type": "Point", "coordinates": [ 39.366550882529488, -4.223298989380815 ] } },
{ "type": "Feature", "properties": { "LAYER": "Unknown Point Feature", "AREA": 0.0, "PERIMETER": 0.0, "TOWN_NAME": "Mihirini", "TOWN_ID": 4, "TOWN_TYPE": "Market Centres" }, "geometry": { "type": "Point", "coordinates": [ 39.30635721811953, -4.218195188205381 ] } },
{ "type": "Feature", "properties": { "LAYER": "Unknown Point Feature", "AREA": 0.0, "PERIMETER": 0.0, "TOWN_NAME": "Mazola", "TOWN_ID": 4, "TOWN_TYPE": "Market Centres" }, "geometry": { "type": "Point", "coordinates": [ 39.318241367579255, -4.075022475921673 ] } },
{ "type": "Feature", "properties": { "LAYER": "Unknown Point Feature", "AREA": 0.0, "PERIMETER": 0.0, "TOWN_NAME": "Mtaa", "TOWN_ID": 4, "TOWN_TYPE": "Market Centres" }, "geometry": { "type": "Point", "coordinates": [ 39.340620540767397, -4.005103087641379 ] } },
{ "type": "Feature", "properties": { "LAYER": "Unknown Point Feature", "AREA": 0.0, "PERIMETER": 0.0, "TOWN_NAME": "Mnarani", "TOWN_ID": 4, "TOWN_TYPE": "Market Centres" }, "geometry": { "type": "Point", "coordinates": [ 39.850817682229831, -3.628151567440558 ] } },
{ "type": "Feature", "properties": { "LAYER": "Unknown Point Feature", "AREA": 0.0, "PERIMETER": 0.0, "TOWN_NAME": "Mtondia", "TOWN_ID": 4, "TOWN_TYPE": "Market Centres" }, "geometry": { "type": "Point", "coordinates": [ 39.870348065861549, -3.572567878136157 ] } },
{ "type": "Feature", "properties": { "LAYER": "Unknown Point Feature", "AREA": 0.0, "PERIMETER": 0.0, "TOWN_NAME": "Mitangoni", "TOWN_ID": 4, "TOWN_TYPE": "Market Centres" }, "geometry": { "type": "Point", "coordinates": [ 39.772554677887904, -3.689551295508398 ] } },
{ "type": "Feature", "properties": { "LAYER": "Unknown Point Feature", "AREA": 0.0, "PERIMETER": 0.0, "TOWN_NAME": "Mai Mahiu", "TOWN_ID": 4, "TOWN_TYPE": "Market Centres" }, "geometry": { "type": "Point", "coordinates": [ 36.589478372483541, -0.986931685941248 ] } },
{ "type": "Feature", "properties": { "LAYER": "Unknown Point Feature", "AREA": 0.0, "PERIMETER": 0.0, "TOWN_NAME": "Kimende", "TOWN_ID": 3, "TOWN_TYPE": "Trading Centre" }, "geometry": { "type": "Point", "coordinates": [ 36.62099580981797, -0.974216807721942 ] } },
{ "type": "Feature", "properties": { "LAYER": "Unknown Point Feature", "AREA": 0.0, "PERIMETER": 0.0, "TOWN_NAME": "Kijabe", "TOWN_ID": 3, "TOWN_TYPE": "Trading Centre" }, "geometry": { "type": "Point", "coordinates": [ 36.595331403776591, -0.939385047278949 ] } },
{ "type": "Feature", "properties": { "LAYER": "Unknown Point Feature", "AREA": 0.0, "PERIMETER": 0.0, "TOWN_NAME": "Kinale", "TOWN_ID": 3, "TOWN_TYPE": "Trading Centre" }, "geometry": { "type": "Point", "coordinates": [ 36.63205219941684, -0.900654362657541 ] } },
{ "type": "Feature", "properties": { "LAYER": "Unknown Point Feature", "AREA": 0.0, "PERIMETER": 0.0, "TOWN_NAME": "Kamae", "TOWN_ID": 4, "TOWN_TYPE": "Market Centres" }, "geometry": { "type": "Point", "coordinates": [ 36.620207184654227, -0.846838934714622 ] } },
{ "type": "Feature", "properties": { "LAYER": "Unknown Point Feature", "AREA": 0.0, "PERIMETER": 0.0, "TOWN_NAME": "Magumu", "TOWN_ID": 4, "TOWN_TYPE": "Market Centres" }, "geometry": { "type": "Point", "coordinates": [ 36.564345736116998, -0.858384088731556 ] } },
{ "type": "Feature", "properties": { "LAYER": "Unknown Point Feature", "AREA": 0.0, "PERIMETER": 0.0, "TOWN_NAME": "Heni", "TOWN_ID": 4, "TOWN_TYPE": "Market Centres" }, "geometry": { "type": "Point", "coordinates": [ 36.555686657982157, -0.779451719206907 ] } },
{ "type": "Feature", "properties": { "LAYER": "Unknown Point Feature", "AREA": 0.0, "PERIMETER": 0.0, "TOWN_NAME": "Enkorika", "TOWN_ID": 4, "TOWN_TYPE": "Market Centres" }, "geometry": { "type": "Point", "coordinates": [ 36.921284312536592, -1.963847598660992 ] } },
{ "type": "Feature", "properties": { "LAYER": "Unknown Point Feature", "AREA": 0.0, "PERIMETER": 0.0, "TOWN_NAME": "Rurie", "TOWN_ID": 4, "TOWN_TYPE": "Market Centres" }, "geometry": { "type": "Point", "coordinates": [ 36.375824996594659, -0.198505434587314 ] } },
{ "type": "Feature", "properties": { "LAYER": "Unknown Point Feature", "AREA": 0.0, "PERIMETER": 0.0, "TOWN_NAME": "Ol Joro Orok", "TOWN_ID": 3, "TOWN_TYPE": "Trading Centre" }, "geometry": { "type": "Point", "coordinates": [ 36.36383629808018, -0.068963751331727 ] } },
{ "type": "Feature", "properties": { "LAYER": "Unknown Point Feature", "AREA": 0.0, "PERIMETER": 0.0, "TOWN_NAME": "Isinya", "TOWN_ID": 3, "TOWN_TYPE": "Trading Centre" }, "geometry": { "type": "Point", "coordinates": [ 36.849062381254683, -1.674757663358263 ] } },
{ "type": "Feature", "properties": { "LAYER": "Unknown Point Feature", "AREA": 0.0, "PERIMETER": 0.0, "TOWN_NAME": "Gulanze", "TOWN_ID": 3, "TOWN_TYPE": "Trading Centre" }, "geometry": { "type": "Point", "coordinates": [ 39.206143416908617, -4.188932208223881 ] } },
{ "type": "Feature", "properties": { "LAYER": "Unknown Point Feature", "AREA": 0.0, "PERIMETER": 0.0, "TOWN_NAME": "Banga", "TOWN_ID": 4, "TOWN_TYPE": "Market Centres" }, "geometry": { "type": "Point", "coordinates": [ 39.238785442257665, -4.095298553840771 ] } },
{ "type": "Feature", "properties": { "LAYER": "Unknown Point Feature", "AREA": 0.0, "PERIMETER": 0.0, "TOWN_NAME": "Shambini", "TOWN_ID": 4, "TOWN_TYPE": "Market Centres" }, "geometry": { "type": "Point", "coordinates": [ 39.17248542584845, -4.044757440459422 ] } },
{ "type": "Feature", "properties": { "LAYER": "Unknown Point Feature", "AREA": 0.0, "PERIMETER": 0.0, "TOWN_NAME": "Gilgil", "TOWN_ID": 2, "TOWN_TYPE": "Township/Town" }, "geometry": { "type": "Point", "coordinates": [ 36.323445424032656, -0.496088702707086 ] } },
{ "type": "Feature", "properties": { "LAYER": "Unknown Point Feature", "AREA": 0.0, "PERIMETER": 0.0, "TOWN_NAME": "Kariandusi", "TOWN_ID": 4, "TOWN_TYPE": "Market Centres" }, "geometry": { "type": "Point", "coordinates": [ 36.27576003689542, -0.449271164407826 ] } },
{ "type": "Feature", "properties": { "LAYER": "Unknown Point Feature", "AREA": 0.0, "PERIMETER": 0.0, "TOWN_NAME": "Ol Kalou", "TOWN_ID": 3, "TOWN_TYPE": "Trading Centre" }, "geometry": { "type": "Point", "coordinates": [ 36.375054390479512, -0.269295467388055 ] } },
{ "type": "Feature", "properties": { "LAYER": "Unknown Point Feature", "AREA": 0.0, "PERIMETER": 0.0, "TOWN_NAME": "Miharati", "TOWN_ID": 4, "TOWN_TYPE": "Market Centres" }, "geometry": { "type": "Point", "coordinates": [ 36.490280492093952, -0.39661273594226 ] } },
{ "type": "Feature", "properties": { "LAYER": "Unknown Point Feature", "AREA": 0.0, "PERIMETER": 0.0, "TOWN_NAME": "Elangata Wuas", "TOWN_ID": 4, "TOWN_TYPE": "Market Centres" }, "geometry": { "type": "Point", "coordinates": [ 36.586666555039521, -1.888137306289644 ] } },
{ "type": "Feature", "properties": { "LAYER": "Unknown Point Feature", "AREA": 0.0, "PERIMETER": 0.0, "TOWN_NAME": "Karero", "TOWN_ID": 4, "TOWN_TYPE": "Market Centres" }, "geometry": { "type": "Point", "coordinates": [ 36.693611871021794, -1.921462716059087 ] } },
{ "type": "Feature", "properties": { "LAYER": "Unknown Point Feature", "AREA": 0.0, "PERIMETER": 0.0, "TOWN_NAME": "Lengesim", "TOWN_ID": 4, "TOWN_TYPE": "Market Centres" }, "geometry": { "type": "Point", "coordinates": [ 37.212761712158617, -2.394381251760422 ] } },
{ "type": "Feature", "properties": { "LAYER": "Unknown Point Feature", "AREA": 0.0, "PERIMETER": 0.0, "TOWN_NAME": "Emotoroki", "TOWN_ID": 4, "TOWN_TYPE": "Market Centres" }, "geometry": { "type": "Point", "coordinates": [ 37.029929016806918, -2.29380137205298 ] } },
{ "type": "Feature", "properties": { "LAYER": "Unknown Point Feature", "AREA": 0.0, "PERIMETER": 0.0, "TOWN_NAME": "Kerogoya", "TOWN_ID": 3, "TOWN_TYPE": "Trading Centre" }, "geometry": { "type": "Point", "coordinates": [ 37.282361764512082, -0.495098137543517 ] } },
{ "type": "Feature", "properties": { "LAYER": "Unknown Point Feature", "AREA": 0.0, "PERIMETER": 0.0, "TOWN_NAME": "Kianyaga", "TOWN_ID": 3, "TOWN_TYPE": "Trading Centre" }, "geometry": { "type": "Point", "coordinates": [ 37.356929640032789, -0.49017893368559 ] } },
{ "type": "Feature", "properties": { "LAYER": "Unknown Point Feature", "AREA": 0.0, "PERIMETER": 0.0, "TOWN_NAME": "Kiamutugu", "TOWN_ID": 4, "TOWN_TYPE": "Market Centres" }, "geometry": { "type": "Point", "coordinates": [ 37.391636296029809, -0.464419509946037 ] } },
{ "type": "Feature", "properties": { "LAYER": "Unknown Point Feature", "AREA": 0.0, "PERIMETER": 0.0, "TOWN_NAME": "Kibugu", "TOWN_ID": 4, "TOWN_TYPE": "Market Centres" }, "geometry": { "type": "Point", "coordinates": [ 37.434544518745717, -0.440297859716619 ] } },
{ "type": "Feature", "properties": { "LAYER": "Unknown Point Feature", "AREA": 0.0, "PERIMETER": 0.0, "TOWN_NAME": "Kairuri", "TOWN_ID": 4, "TOWN_TYPE": "Market Centres" }, "geometry": { "type": "Point", "coordinates": [ 37.469473683760285, -0.423309824316797 ] } },
{ "type": "Feature", "properties": { "LAYER": "Unknown Point Feature", "AREA": 0.0, "PERIMETER": 0.0, "TOWN_NAME": "Komboyoo", "TOWN_ID": 4, "TOWN_TYPE": "Market Centres" }, "geometry": { "type": "Point", "coordinates": [ 37.995010450721125, -2.592379740903092 ] } },
{ "type": "Feature", "properties": { "LAYER": "Unknown Point Feature", "AREA": 0.0, "PERIMETER": 0.0, "TOWN_NAME": "Utithi", "TOWN_ID": 4, "TOWN_TYPE": "Market Centres" }, "geometry": { "type": "Point", "coordinates": [ 37.997548843921258, -2.535650745428588 ] } },
{ "type": "Feature", "properties": { "LAYER": "Unknown Point Feature", "AREA": 0.0, "PERIMETER": 0.0, "TOWN_NAME": "Viragoni", "TOWN_ID": 4, "TOWN_TYPE": "Market Centres" }, "geometry": { "type": "Point", "coordinates": [ 39.530478468120698, -3.721521731207927 ] } },
{ "type": "Feature", "properties": { "LAYER": "Unknown Point Feature", "AREA": 0.0, "PERIMETER": 0.0, "TOWN_NAME": "Bamba", "TOWN_ID": 4, "TOWN_TYPE": "Market Centres" }, "geometry": { "type": "Point", "coordinates": [ 39.521790114010997, -3.537846717060992 ] } },
{ "type": "Feature", "properties": { "LAYER": "Unknown Point Feature", "AREA": 0.0, "PERIMETER": 0.0, "TOWN_NAME": "Petanguo", "TOWN_ID": 4, "TOWN_TYPE": "Market Centres" }, "geometry": { "type": "Point", "coordinates": [ 39.631196069368933, -3.534575730167314 ] } },
{ "type": "Feature", "properties": { "LAYER": "Unknown Point Feature", "AREA": 0.0, "PERIMETER": 0.0, "TOWN_NAME": "Ganze", "TOWN_ID": 4, "TOWN_TYPE": "Market Centres" }, "geometry": { "type": "Point", "coordinates": [ 39.691090141166839, -3.54138158870808 ] } },
{ "type": "Feature", "properties": { "LAYER": "Unknown Point Feature", "AREA": 0.0, "PERIMETER": 0.0, "TOWN_NAME": "Dzitsoni", "TOWN_ID": 4, "TOWN_TYPE": "Market Centres" }, "geometry": { "type": "Point", "coordinates": [ 39.714482790295364, -3.698764688270336 ] } },
{ "type": "Feature", "properties": { "LAYER": "Unknown Point Feature", "AREA": 0.0, "PERIMETER": 0.0, "TOWN_NAME": "Kitsoeni", "TOWN_ID": 4, "TOWN_TYPE": "Market Centres" }, "geometry": { "type": "Point", "coordinates": [ 39.736362983278468, -3.702664086738381 ] } },
{ "type": "Feature", "properties": { "LAYER": "Unknown Point Feature", "AREA": 0.0, "PERIMETER": 0.0, "TOWN_NAME": "Mtsengo", "TOWN_ID": 4, "TOWN_TYPE": "Market Centres" }, "geometry": { "type": "Point", "coordinates": [ 39.636439105201781, -3.71870101648254 ] } },
{ "type": "Feature", "properties": { "LAYER": "Unknown Point Feature", "AREA": 0.0, "PERIMETER": 0.0, "TOWN_NAME": "Kinarani", "TOWN_ID": 4, "TOWN_TYPE": "Market Centres" }, "geometry": { "type": "Point", "coordinates": [ 39.574800589932522, -3.729265478918827 ] } },
{ "type": "Feature", "properties": { "LAYER": "Unknown Point Feature", "AREA": 0.0, "PERIMETER": 0.0, "TOWN_NAME": "Mbuzi", "TOWN_ID": 4, "TOWN_TYPE": "Market Centres" }, "geometry": { "type": "Point", "coordinates": [ 39.728465757769087, -3.672607363386703 ] } },
{ "type": "Feature", "properties": { "LAYER": "Unknown Point Feature", "AREA": 0.0, "PERIMETER": 0.0, "TOWN_NAME": "Amukura", "TOWN_ID": 3, "TOWN_TYPE": "Trading Centre" }, "geometry": { "type": "Point", "coordinates": [ 34.272040590841456, 0.574575778399791 ] } },
{ "type": "Feature", "properties": { "LAYER": "Unknown Point Feature", "AREA": 0.0, "PERIMETER": 0.0, "TOWN_NAME": "Kwang'amor", "TOWN_ID": 4, "TOWN_TYPE": "Market Centres" }, "geometry": { "type": "Point", "coordinates": [ 34.30325704691888, 0.523063814017082 ] } },
{ "type": "Feature", "properties": { "LAYER": "Unknown Point Feature", "AREA": 0.0, "PERIMETER": 0.0, "TOWN_NAME": "Khiralere", "TOWN_ID": 4, "TOWN_TYPE": "Market Centres" }, "geometry": { "type": "Point", "coordinates": [ 34.371424210131025, 0.54410147714171 ] } },
{ "type": "Feature", "properties": { "LAYER": "Unknown Point Feature", "AREA": 0.0, "PERIMETER": 0.0, "TOWN_NAME": "Bumula", "TOWN_ID": 3, "TOWN_TYPE": "Trading Centre" }, "geometry": { "type": "Point", "coordinates": [ 34.459597213205114, 0.551740462762572 ] } },
{ "type": "Feature", "properties": { "LAYER": "Unknown Point Feature", "AREA": 0.0, "PERIMETER": 0.0, "TOWN_NAME": "Kimaeti", "TOWN_ID": 4, "TOWN_TYPE": "Market Centres" }, "geometry": { "type": "Point", "coordinates": [ 34.408319044368206, 0.606567484194929 ] } },
{ "type": "Feature", "properties": { "LAYER": "Unknown Point Feature", "AREA": 0.0, "PERIMETER": 0.0, "TOWN_NAME": "Kocholia", "TOWN_ID": 4, "TOWN_TYPE": "Market Centres" }, "geometry": { "type": "Point", "coordinates": [ 34.341738733170438, 0.621166996191509 ] } },
{ "type": "Feature", "properties": { "LAYER": "Unknown Point Feature", "AREA": 0.0, "PERIMETER": 0.0, "TOWN_NAME": "Amagoro", "TOWN_ID": 4, "TOWN_TYPE": "Market Centres" }, "geometry": { "type": "Point", "coordinates": [ 34.331142418035121, 0.632093543981059 ] } },
{ "type": "Feature", "properties": { "LAYER": "Unknown Point Feature", "AREA": 0.0, "PERIMETER": 0.0, "TOWN_NAME": "Malaba", "TOWN_ID": 3, "TOWN_TYPE": "Trading Centre" }, "geometry": { "type": "Point", "coordinates": [ 34.26957517821581, 0.63874295675093 ] } },
{ "type": "Feature", "properties": { "LAYER": "Unknown Point Feature", "AREA": 0.0, "PERIMETER": 0.0, "TOWN_NAME": "Angurai", "TOWN_ID": 4, "TOWN_TYPE": "Market Centres" }, "geometry": { "type": "Point", "coordinates": [ 34.361817478931293, 0.697195232561571 ] } },
{ "type": "Feature", "properties": { "LAYER": "Unknown Point Feature", "AREA": 0.0, "PERIMETER": 0.0, "TOWN_NAME": "Malakisi", "TOWN_ID": 3, "TOWN_TYPE": "Trading Centre" }, "geometry": { "type": "Point", "coordinates": [ 34.42235039456174, 0.676044233102017 ] } },
{ "type": "Feature", "properties": { "LAYER": "Unknown Point Feature", "AREA": 0.0, "PERIMETER": 0.0, "TOWN_NAME": "Kolonya", "TOWN_ID": 4, "TOWN_TYPE": "Market Centres" }, "geometry": { "type": "Point", "coordinates": [ 34.395670581986899, 0.709103375527026 ] } },
{ "type": "Feature", "properties": { "LAYER": "Unknown Point Feature", "AREA": 0.0, "PERIMETER": 0.0, "TOWN_NAME": "Kalait", "TOWN_ID": 4, "TOWN_TYPE": "Market Centres" }, "geometry": { "type": "Point", "coordinates": [ 34.289795736291531, 0.737348203447794 ] } },
{ "type": "Feature", "properties": { "LAYER": "Unknown Point Feature", "AREA": 0.0, "PERIMETER": 0.0, "TOWN_NAME": "Elburgon", "TOWN_ID": 2, "TOWN_TYPE": "Township/Town" }, "geometry": { "type": "Point", "coordinates": [ 35.811861928645257, -0.299618376065187 ] } },
{ "type": "Feature", "properties": { "LAYER": "Unknown Point Feature", "AREA": 0.0, "PERIMETER": 0.0, "TOWN_NAME": "Turi", "TOWN_ID": 4, "TOWN_TYPE": "Market Centres" }, "geometry": { "type": "Point", "coordinates": [ 35.760480632255138, -0.277073774874009 ] } },
{ "type": "Feature", "properties": { "LAYER": "Unknown Point Feature", "AREA": 0.0, "PERIMETER": 0.0, "TOWN_NAME": "Njoro", "TOWN_ID": 2, "TOWN_TYPE": "Township/Town" }, "geometry": { "type": "Point", "coordinates": [ 35.944144122222355, -0.329239887747369 ] } },
{ "type": "Feature", "properties": { "LAYER": "Unknown Point Feature", "AREA": 0.0, "PERIMETER": 0.0, "TOWN_NAME": "Shlapel", "TOWN_ID": 4, "TOWN_TYPE": "Market Centres" }, "geometry": { "type": "Point", "coordinates": [ 35.955398456888247, -1.083472484200371 ] } },
{ "type": "Feature", "properties": { "LAYER": "Unknown Point Feature", "AREA": 0.0, "PERIMETER": 0.0, "TOWN_NAME": "Narok", "TOWN_ID": 2, "TOWN_TYPE": "Township/Town" }, "geometry": { "type": "Point", "coordinates": [ 35.955398956558284, -1.083409231713654 ] } },
{ "type": "Feature", "properties": { "LAYER": "Unknown Point Feature", "AREA": 0.0, "PERIMETER": 0.0, "TOWN_NAME": "Ewaso Ngiro", "TOWN_ID": 4, "TOWN_TYPE": "Market Centres" }, "geometry": { "type": "Point", "coordinates": [ 35.761605032878627, -1.151682210266955 ] } },
{ "type": "Feature", "properties": { "LAYER": "Unknown Point Feature", "AREA": 0.0, "PERIMETER": 0.0, "TOWN_NAME": "Shabaltaragwa", "TOWN_ID": 4, "TOWN_TYPE": "Market Centres" }, "geometry": { "type": "Point", "coordinates": [ 35.792450653023671, -0.546414479204555 ] } },
{ "type": "Feature", "properties": { "LAYER": "Unknown Point Feature", "AREA": 0.0, "PERIMETER": 0.0, "TOWN_NAME": "Olokurto", "TOWN_ID": 4, "TOWN_TYPE": "Market Centres" }, "geometry": { "type": "Point", "coordinates": [ 35.839565205413216, -0.588468256685862 ] } },
{ "type": "Feature", "properties": { "LAYER": "Unknown Point Feature", "AREA": 0.0, "PERIMETER": 0.0, "TOWN_NAME": "Enengipire", "TOWN_ID": 4, "TOWN_TYPE": "Market Centres" }, "geometry": { "type": "Point", "coordinates": [ 35.905071607732751, -0.682105845046298 ] } },
{ "type": "Feature", "properties": { "LAYER": "Unknown Point Feature", "AREA": 0.0, "PERIMETER": 0.0, "TOWN_NAME": "Likia", "TOWN_ID": 4, "TOWN_TYPE": "Market Centres" }, "geometry": { "type": "Point", "coordinates": [ 35.961696385419891, -0.512023251204284 ] } },
{ "type": "Feature", "properties": { "LAYER": "Unknown Point Feature", "AREA": 0.0, "PERIMETER": 0.0, "TOWN_NAME": "Ongata Barrik", "TOWN_ID": 3, "TOWN_TYPE": "Trading Centre" }, "geometry": { "type": "Point", "coordinates": [ 34.773334605665802, -1.372607844794776 ] } },
{ "type": "Feature", "properties": { "LAYER": "Unknown Point Feature", "AREA": 0.0, "PERIMETER": 0.0, "TOWN_NAME": "OlDoinyo Orok", "TOWN_ID": 3, "TOWN_TYPE": "Trading Centre" }, "geometry": { "type": "Point", "coordinates": [ 34.792418709636223, -1.340425307723351 ] } },
{ "type": "Feature", "properties": { "LAYER": "Unknown Point Feature", "AREA": 0.0, "PERIMETER": 0.0, "TOWN_NAME": "Maji Moto", "TOWN_ID": 4, "TOWN_TYPE": "Market Centres" }, "geometry": { "type": "Point", "coordinates": [ 35.712662642769111, -1.336075561359137 ] } },
{ "type": "Feature", "properties": { "LAYER": "Unknown Point Feature", "AREA": 0.0, "PERIMETER": 0.0, "TOWN_NAME": "Nkorkorri", "TOWN_ID": 4, "TOWN_TYPE": "Market Centres" }, "geometry": { "type": "Point", "coordinates": [ 35.665275058185301, -1.001703322477566 ] } },
{ "type": "Feature", "properties": { "LAYER": "Unknown Point Feature", "AREA": 0.0, "PERIMETER": 0.0, "TOWN_NAME": "Lemek", "TOWN_ID": 3, "TOWN_TYPE": "Trading Centre" }, "geometry": { "type": "Point", "coordinates": [ 35.388638078586993, -1.096767982053333 ] } },
{ "type": "Feature", "properties": { "LAYER": "Unknown Point Feature", "AREA": 0.0, "PERIMETER": 0.0, "TOWN_NAME": "Kabsege", "TOWN_ID": 4, "TOWN_TYPE": "Market Centres" }, "geometry": { "type": "Point", "coordinates": [ 35.712781173792237, -0.497113226501049 ] } },
{ "type": "Feature", "properties": { "LAYER": "Unknown Point Feature", "AREA": 0.0, "PERIMETER": 0.0, "TOWN_NAME": "Mukuki", "TOWN_ID": 4, "TOWN_TYPE": "Market Centres" }, "geometry": { "type": "Point", "coordinates": [ 35.681031674977369, -0.465790978336984 ] } },
{ "type": "Feature", "properties": { "LAYER": "Unknown Point Feature", "AREA": 0.0, "PERIMETER": 0.0, "TOWN_NAME": "Keringet", "TOWN_ID": 3, "TOWN_TYPE": "Trading Centre" }, "geometry": { "type": "Point", "coordinates": [ 35.688676089159955, -0.425541352389268 ] } },
{ "type": "Feature", "properties": { "LAYER": "Unknown Point Feature", "AREA": 0.0, "PERIMETER": 0.0, "TOWN_NAME": "Chesingele", "TOWN_ID": 3, "TOWN_TYPE": "Trading Centre" }, "geometry": { "type": "Point", "coordinates": [ 35.694248860880201, -0.32828979341219 ] } },
{ "type": "Feature", "properties": { "LAYER": "Unknown Point Feature", "AREA": 0.0, "PERIMETER": 0.0, "TOWN_NAME": "Sasamua", "TOWN_ID": 4, "TOWN_TYPE": "Market Centres" }, "geometry": { "type": "Point", "coordinates": [ 35.684132065966303, -0.311083910031827 ] } },
{ "type": "Feature", "properties": { "LAYER": "Unknown Point Feature", "AREA": 0.0, "PERIMETER": 0.0, "TOWN_NAME": "Kio", "TOWN_ID": 4, "TOWN_TYPE": "Market Centres" }, "geometry": { "type": "Point", "coordinates": [ 35.517919672054617, -0.299120943330763 ] } },
{ "type": "Feature", "properties": { "LAYER": "Unknown Point Feature", "AREA": 0.0, "PERIMETER": 0.0, "TOWN_NAME": "Keusa", "TOWN_ID": 4, "TOWN_TYPE": "Market Centres" }, "geometry": { "type": "Point", "coordinates": [ 35.54998078601367, -0.294521613459012 ] } },
{ "type": "Feature", "properties": { "LAYER": "Unknown Point Feature", "AREA": 0.0, "PERIMETER": 0.0, "TOWN_NAME": "Serena Mara L", "TOWN_ID": 6, "TOWN_TYPE": "Lodges / Camps" }, "geometry": { "type": "Point", "coordinates": [ 35.02419935029571, -1.398711697018409 ] } },
{ "type": "Feature", "properties": { "LAYER": "Unknown Point Feature", "AREA": 0.0, "PERIMETER": 0.0, "TOWN_NAME": "Musiara Tente", "TOWN_ID": 6, "TOWN_TYPE": "Lodges / Camps" }, "geometry": { "type": "Point", "coordinates": [ 35.037730937773233, -1.295454528198632 ] } },
{ "type": "Feature", "properties": { "LAYER": "Unknown Point Feature", "AREA": 0.0, "PERIMETER": 0.0, "TOWN_NAME": "Rotian", "TOWN_ID": 4, "TOWN_TYPE": "Market Centres" }, "geometry": { "type": "Point", "coordinates": [ 35.910625673579112, -0.995971844822642 ] } },
{ "type": "Feature", "properties": { "LAYER": "Unknown Point Feature", "AREA": 0.0, "PERIMETER": 0.0, "TOWN_NAME": "Natalu", "TOWN_ID": 4, "TOWN_TYPE": "Market Centres" }, "geometry": { "type": "Point", "coordinates": [ 35.893860450182061, -0.79152673200955 ] } },
{ "type": "Feature", "properties": { "LAYER": "Unknown Point Feature", "AREA": 0.0, "PERIMETER": 0.0, "TOWN_NAME": "Menengai", "TOWN_ID": 4, "TOWN_TYPE": "Market Centres" }, "geometry": { "type": "Point", "coordinates": [ 35.962296883398828, -0.200625571621753 ] } },
{ "type": "Feature", "properties": { "LAYER": "Unknown Point Feature", "AREA": 0.0, "PERIMETER": 0.0, "TOWN_NAME": "Kabarak", "TOWN_ID": 3, "TOWN_TYPE": "Trading Centre" }, "geometry": { "type": "Point", "coordinates": [ 35.971811473026669, -0.169928921280284 ] } },
{ "type": "Feature", "properties": { "LAYER": "Unknown Point Feature", "AREA": 0.0, "PERIMETER": 0.0, "TOWN_NAME": "Rongai", "TOWN_ID": 3, "TOWN_TYPE": "Trading Centre" }, "geometry": { "type": "Point", "coordinates": [ 35.86165985172488, -0.170632477600189 ] } },
{ "type": "Feature", "properties": { "LAYER": "Unknown Point Feature", "AREA": 0.0, "PERIMETER": 0.0, "TOWN_NAME": "Moto", "TOWN_ID": 4, "TOWN_TYPE": "Market Centres" }, "geometry": { "type": "Point", "coordinates": [ 35.937372554177216, -0.122114815129553 ] } },
{ "type": "Feature", "properties": { "LAYER": "Unknown Point Feature", "AREA": 0.0, "PERIMETER": 0.0, "TOWN_NAME": "Athinai", "TOWN_ID": 4, "TOWN_TYPE": "Market Centres" }, "geometry": { "type": "Point", "coordinates": [ 35.960422269797718, -0.036622838474838 ] } },
{ "type": "Feature", "properties": { "LAYER": "Unknown Point Feature", "AREA": 0.0, "PERIMETER": 0.0, "TOWN_NAME": "Mogotio", "TOWN_ID": 3, "TOWN_TYPE": "Trading Centre" }, "geometry": { "type": "Point", "coordinates": [ 35.962245355072071, -0.020068885413564 ] } },
{ "type": "Feature", "properties": { "LAYER": "Unknown Point Feature", "AREA": 0.0, "PERIMETER": 0.0, "TOWN_NAME": "Esageri", "TOWN_ID": 3, "TOWN_TYPE": "Trading Centre" }, "geometry": { "type": "Point", "coordinates": [ 35.781836732523999, -0.06431017532629 ] } },
{ "type": "Feature", "properties": { "LAYER": "Unknown Point Feature", "AREA": 0.0, "PERIMETER": 0.0, "TOWN_NAME": "Sageri", "TOWN_ID": 4, "TOWN_TYPE": "Market Centres" }, "geometry": { "type": "Point", "coordinates": [ 35.86088661940407, -0.009624179757903 ] } },
{ "type": "Feature", "properties": { "LAYER": "Unknown Point Feature", "AREA": 0.0, "PERIMETER": 0.0, "TOWN_NAME": "Olenguruone", "TOWN_ID": 3, "TOWN_TYPE": "Trading Centre" }, "geometry": { "type": "Point", "coordinates": [ 35.686913269800058, -0.584052504942939 ] } },
{ "type": "Feature", "properties": { "LAYER": "Unknown Point Feature", "AREA": 0.0, "PERIMETER": 0.0, "TOWN_NAME": "Cheptwech", "TOWN_ID": 4, "TOWN_TYPE": "Market Centres" }, "geometry": { "type": "Point", "coordinates": [ 35.637323826865533, -0.59701023879532 ] } },
{ "type": "Feature", "properties": { "LAYER": "Unknown Point Feature", "AREA": 0.0, "PERIMETER": 0.0, "TOWN_NAME": "Ambusket", "TOWN_ID": 4, "TOWN_TYPE": "Market Centres" }, "geometry": { "type": "Point", "coordinates": [ 35.650387051200134, -0.626586551023117 ] } },
{ "type": "Feature", "properties": { "LAYER": "Unknown Point Feature", "AREA": 0.0, "PERIMETER": 0.0, "TOWN_NAME": "Kedowa", "TOWN_ID": 3, "TOWN_TYPE": "Trading Centre" }, "geometry": { "type": "Point", "coordinates": [ 35.560342716362918, -0.218166411049178 ] } },
{ "type": "Feature", "properties": { "LAYER": "Unknown Point Feature", "AREA": 0.0, "PERIMETER": 0.0, "TOWN_NAME": "Molo", "TOWN_ID": 3, "TOWN_TYPE": "Trading Centre" }, "geometry": { "type": "Point", "coordinates": [ 35.728847856456696, -0.241779479649625 ] } },
{ "type": "Feature", "properties": { "LAYER": "Unknown Point Feature", "AREA": 0.0, "PERIMETER": 0.0, "TOWN_NAME": "Londiani", "TOWN_ID": 2, "TOWN_TYPE": "Township/Town" }, "geometry": { "type": "Point", "coordinates": [ 35.589106028388422, -0.161035984877871 ] } },
{ "type": "Feature", "properties": { "LAYER": "Unknown Point Feature", "AREA": 0.0, "PERIMETER": 0.0, "TOWN_NAME": "Maji Mazuri", "TOWN_ID": 3, "TOWN_TYPE": "Trading Centre" }, "geometry": { "type": "Point", "coordinates": [ 35.691767319301398, -0.017407362588356 ] } },
{ "type": "Feature", "properties": { "LAYER": "Unknown Point Feature", "AREA": 0.0, "PERIMETER": 0.0, "TOWN_NAME": "Sabatia", "TOWN_ID": 3, "TOWN_TYPE": "Trading Centre" }, "geometry": { "type": "Point", "coordinates": [ 35.741325697033098, -0.026254565961717 ] } }
]
}
