Sno,SubCounty,Ward,Village,Latitude,Longitude,RuralUrban,DistancetonextstrategicBoreholekm,Totalnumberofhouseholdscurrentlyservedfromthescheme,WhatistheserviceareaforthisschemeHowmanykilometersfromheredothep,Isthisschemeusedforagricultureandirrigationbyfarmers,Howmanyfarmersusethisscheme ,Whatistheaveragesizedfarmthatusesthiswaterhectares ,Isthewaterschemeusedforlivestock,Estimatednumberofcamelsusingschemeperday,Estimatednumberofcattleusingschemeperday,Estimatednumberofhorsesdonkeysusingwaterpointperday,Estimatednumberofgoatssheepusingwaterpointperday,Isthewaterschemeusedforwatertrucking,Numberoftrucksfillingperday,Howmanytimesperweekdoesthewatertruckingoccur,Addanyothercommentsonwatertruckingdetails,ConstructionyearofthewellboreholeinEFYortheyearofrehabilitation,Boreholeorwelldepthmeters,Physicalstateofthewellborehole,TypeofPower,Productionofsystemyieldordischargemeterscubedhour,Isthereawatermeteratthewatersource,Isthewatermeterworking,Whatisthecurrentreadingofthewatermeter,Isthewaterschemecurrentlyfunctional,Pleasetakeapictureillustratingthenonfunctionalityorpartialfuncti,Maincauseofnonfunctionalityorpartialfunctionality,MaincauseofnonfunctionalityorpartialfunctionalityOtherspecify,Numberofmonthssincenonfunctional,Doestheschemehaveanyemergingproblemsthatmightleadtononfunctional,Pleasedescribetheproblemsthatmightleadtononfunctionalityinthenea,Wasthewaterschemeoutofserviceoneormoredaysinthelastmonth,Numberofdaysoutofserviceinthelastmonth,Dateoflastserviceorrepair,Howmanytimeshasthewaterschemebrokeninthelastyear,Describethefunctionalityproblemsoverthepastyear,Howmanydaysperweekdoesthepumprunonaverage,Howmanyhoursperdaydoesthepumprunonaverage,Isthisaseasonalwaterschemethatcommonlyfailsinthedryseason,Isthepumpusedlessduringwetrainyseason,Duringwetrainyseasonshowmanydaysaweekdoesthepumprunonaverage,Duringwetrainyseasonshowmanyhoursperdaydoesthepumprunonaverage,SolarPanelpowerratingWatts,SolarPanelCondition,Yearwhengeneratorwasinstalledoryearofreinstallation,Physicalstateofthegenerator,Generatorbrand,GeneratorbrandOtherspecify,Generatormodel,Generatorserialnumber,GeneratormaxAmpsstartingamps,Generatorpicture,PumpControllerManufacturer1,PumpControllerManufacturerOtherspecify,PumpControllerModelNumber,Pictureofpumpcontroller,PumpMotorModelNumber,Pumpheadmodelnumber,Typeandsizeofcasing,Wellpumpremarks,Contact1name,Contact1position,Contact1positionOtherspecify,Contact1telephonenumber,Contact2name,Contact2positionOtherspecify,Contact2telephonenumber,Isasensorinstalledatthesite,Typeofsensorinstalled,TypeofsensorinstalledOtherspecify,Managementbody,Currentmanagementstatus,Whatisthemethodofpayment1,WhatisthemethodofpaymentOtherspecify1,Whatisthemethodofpayment2,Typeoftariffsystemmostcommon,WhatisthetariffamountinKES,Isthereaspecialtariffforlivestockperanimal,WhatisthetariffpercamelKES,WhatisthetariffpercattleKES,WhatisthetariffperhorsedonkeyKES,WhatisthetariffpergoatsheepKES,Isthereatariffperinstitutionschoolshealthcentresetc,WhatisthemonthlyinstitutionaltariffKES,Numberofinstitutionssuppliedbyschemethatpayamonthlyinstitutional,Whenthisboreholeisworkingfromwheredohouseholdsprimarilygettheirw,Whenthisboreholeisworkingfromwheredohouseholdsprimarilygetthei_A,WhenthisboreholeisworkinghowmanyHOURSperdaydohouseholdstypically,Whenthisboreholeisnotworkingfromwheredohouseholdsprimarilygetthe,WhenthisboreholeisNOTworkingandhouseholdshavetouseanalternativew,Hastherebeensomewaterqualitytestingforthisschemeinthepast,Yearofmostrecentwaterqualitytestdone,Whatwastheresult,Aretherespecificcontaminantsofconcern,AretherespecificcontaminantsofconcernOtherspecify,MeasuredWaterQualityTemperature,MeasuredWaterQualitySpecificconductancemicroSiemenspercm, MeasuredWaterQualityTotalDissolvedSolidsmilligramsliter,Pleaseaddanotherrelevantnotesontheborehole,V109,V110
1,Balambla,Balambla,Hagarjariri,-0.4493582014585510,39.640532487246700,Rural,120.00,50.0,120.0,No,0.0,0.0,Yes,2000.0,0.0,0.0,400.0,Yes,2.0,2.0,No fuction,42974,0.0,Not fictional,0,0,No,No,0.000000000,No,https://api.mwater.co/v3/images/135f9d7c7a1f436ca8509628301d04af,No water,No water,Never,No,No water,No,0.0,27-Jun-19,0.0,Never exist,0.0,0.0,No,No,0.0,0.0,0,0,43643,0,0,0,0,0,0.0,https://api.mwater.co/v3/images/ceada23603284efabbbfa864a6b77f20,0,0,0,https://api.mwater.co/v3/images/79bc9a7890e14dd88ee9667e8ca706d1,0,0,8,Not fiction,Mohamed issack,0727723322,Cheirman,727723322.0000000000000,Mohamed issack,Cheirman,727723322.00000000000,No,Nil,Nil,No fuction,Nothing,Nil,Nil,Nil,2,2.0,No,0,0,0,0.0,No,0.0,0.0,Water tracking,Water tracking,2.0,Water tracking,2hours,No,No,Lack of water,No,No,No,No,No,Dry,#NULL!,
2,Balambla,Balambla,Ashahidin,-0.4493582014585510,39.640532487246700,Rural,20.00,58.0,0.0,No,0.0,0.0,No,0.0,0.0,0.0,0.0,No,0.0,0.0,They depend on water tracking drawn from saqa,43283,300.0,Not functional,No power,0,No,No,0.000000000,No,https://api.mwater.co/v3/images/5093335d8b0140c7b83e1ae1a89d54c0,Well dry,Dry,0,No,The well is dry,Yes,0.0,27-Jun-19,0.0,Well dry,0.0,0.0,No,No,0.0,0.0,No solar panel,No,43643,No generator,No,No generator,No,0,0.0,https://api.mwater.co/v3/images/9a38a85afc284807b583f34dcc16b75f,0,O,0,https://api.mwater.co/v3/images/a2926b1ff09c4200a53928687c4d00ac,0,0,0,Dry,Abdi mathey,Chairman,Chairman,725016291.0000000000000,Abdi mathey,Chairman,725016291.00000000000,No,No,O,Water users association,In place,0,0,0,0,0.0,No,0,0,0,0.0,No,0.0,0.0,Water tracking,Water tracking,0.0,Water tracking,2hrs,No,No,0,No,No,No,No,No,Dry well,#NULL!,
3,Balambla,Balambla,Ohiyo,-0.4493582014585510,39.640532487246700,Rural,15.00,30.0,0.0,No,0.0,0.0,Yes,0.0,200.0,30.0,500.0,Yes,2.0,1.0,Dry,40705,#NULL!,,,1.5,Yes,No,3922.000000000,Yes,https://api.mwater.co/v3/images/e70d6f990ca64dec8261efec0e151fd6,Broken,Non fucational,2years,Yes,Old generate,Yes,6.0,27-Jun-19,3.0,Lack of oil,8.0,8.0,Yes,Yes,8.0,4.0,5.5,Fucational,40721,,,,Lister petter,12016783.08,20.0,https://api.mwater.co/v3/images/a973f25df5de4bd0973a47cff4b03f49,No specify,No specify,No,https://api.mwater.co/v3/images/5d741a44adea4c8f9d7ffcf7bb578749,0,0,8,Good,Ali sheik makow,Operate,Operate,0.0000000000000,Ali sheik makow,Operate,0.00000000000,No,No,No installe,Water use association,In place,Cash,3,Cash,3,3.0,Yes,30,15,0,3.0,No,0.0,0.0,Water tracking,Water tracking,2.0,Water tracking,2,No,No,No,No,No,No,No,No,Generate is old and leaking need reper or replacement,#NULL!,
4,Balambla,Sankuri,Shimbirey,-0.4493582014585510,39.640532487246700,Rural,12.00,140.0,2.0,Yes,0.0,0.0,Yes,20.0,20.0,50.0,500.0,No,0.0,0.0,Less water,38165,200.0,It's good,Hybrid,2,No,No,0.000000000,Yes,https://api.mwater.co/v3/images/0f5f6a092eb9403ea646403206b073c6,The water metre is not fixed,Nothing,0,Yes,Luck of periodic servicing of generator,No,0.0,27-Jun-18,1.0,Mechanical problem,7.0,5.0,No,Yes,3.0,3.0,5.5,It's good,41482,Its good,Day liff,Day liff generator brand,Perkins,39434921,32.5,https://api.mwater.co/v3/images/252f6cb6807347998f90775d509284e5; https://api.mwater.co/v3/images/2465fec78be142a2a6d191668c130d26,Lorentz,No,Not specified,https://api.mwater.co/v3/images/cbf5448a517f45d389b471535dc2ffb1,0,0,6,Functional,Issa farah,Operator,Operator,726115639.0000000000000,Daqane,No,724782698.00000000000,Yes,Sweet sense,Sweet sense,Water users association,Water users association,Cash,Cash,Cash,Flat,2.0,Yes,10,10,0,5.0,No,0.0,0.0,Same borehole,Same borehole,2.0,Water tanks,1,No,No,No,No,No,No,No,No,The borehole is functioning,#NULL!,
5,Balambla,Saka,Saka 1,-0.1449717000000000,39.326424000000000,Rural,7.00,700.0,1.1,No,0.0,0.0,No,0.0,0.0,0.0,0.0,No,0.0,0.0,Nil,39992,10.0,No working,Generator /Lester,20,No,No,0.000000000,No,https://api.mwater.co/v3/images/9925426b2bab4c18b721a5b8da38a9e9,Mechanical problem,Mechanical problem,2years,Yes,Engineering is not fictional,Yes,2.0,28-Jun-17,1.0,engineering has mechanical problem,2.0,2.0,Yes,Yes,2.0,2.0,Generator,Generator,39992,Bad,Least/daylif,Bad,Janan/least,0,0.0,https://api.mwater.co/v3/images/1694c5362e904548a561821c76b34908; https://api.mwater.co/v3/images/07e88cc565c5475aa1fa0942807bfc0b,Daylife,Daylife,0,https://api.mwater.co/v3/images/f6928df57ab8477c95720fc3cbc4eaea,0,0,Conregt reams,0,Abdi Hussein,Operate,Operate,719643363.0000000000000,Abdullah abdi,Chairman,719643363.00000000000,No,0,0,Saka water users association,In place,Cash,Cash,Cash,Cash,300.0,No,0,0,0,0.0,Yes,10000.0,2.0,Tana river,Mechanical problem,2.0,Tana river,2,No,No,No,No,No,No,No,No,Mechanical problem and  engineering no fuction,#NULL!,
6,Balambla,Saka,Saka new,-0.1453979000000000,39.329196300000000,Rural,7.00,800.0,21.0,Yes,10.0,5.0,Yes,500.0,800.0,300.0,1000.0,No,0.0,0.0,Not done,43128,30.0,Well functioning,Solar,35,Yes,Yes,4585.000000000,Yes,https://api.mwater.co/v3/images/9b851dd47d3e4b4a82a5cf26bc73e9f5,"Nothing,its working",None,0,No,There is no problem,No,0.0,28-Jan-18,0.0,None,8.0,7.0,No,No,8.0,8.0,250,It's functional,43128,Solar,Solar,Solar,Solar,0,0.0,https://api.mwater.co/v3/images/abe54df9c1aa4b9bb36c8ad7e054ead9; https://api.mwater.co/v3/images/b5cedd9545a04c89bfbf0e35c8bc2752,Grundfos,Grundfos,22kw,https://api.mwater.co/v3/images/7fe3987b6e2b494589d5145eda8eb39a,0,0,GI 8,It's functioning,Abdi Hussein,Operator,Operator,719643363.0000000000000,Hassan Hussein,Chairman,726140801.00000000000,No,None,None,Saka Water users association,Saka water users association,Cash,Cash,Flat,Flat,300.0,Yes,15,10,0,5.0,Yes,10000.0,3.0,Same borehole,Same borehole,1.0,River Tana,1,No,No,No,No,No,No,No,No,Its fully  fuctioning,#NULL!,
7,Balambla,Sankuri,Abdisamadi borehole 2,-0.4874738254535580,39.648523305222600,Rural,#NULL!,200.0,0.5,No,0.0,0.0,No,0.0,0.0,0.0,50.0,No,0.0,0.0,Nil,43371,250.0,Good,Generator,4,Yes,Yes,18492.000000000,Yes,,Nil,Nil,Nil,No,Nil,No,0.0,28-Jun-19,1.0,Mechanical problem,1.0,6.0,Yes,No,1.0,2.0,0,0,43644,Good,Welland,Welland,Welland,20838.9000547,26.4,https://api.mwater.co/v3/images/023cddc236a4488fb47d86947266c15a,Telematics,Telematics,Nil,https://api.mwater.co/v3/images/05cf9bcc571646c2bd5155f450274a19,0,0,8,Good,Abdullah Ahmed,Operate,Operate,726456756.0000000000000,Mohamed dubow,Operate,726456756.00000000000,No,Nil,Nil,Water users association,Water users association,Cash,Cash,Falat,Cash,0.0,No,0,0,0,0.0,No,0.0,0.0,Water ban,Water ban,3.0,Water tracking,2,0,0,0,0,0,0,0,0,Very thinking is good,#NULL!,
8,Balambla,Sankuri,Balich 1,-0.4874738254535580,39.648523305222600,Rural,10.00,600.0,3.0,No,0.0,0.0,Yes,0.0,60.0,0.0,100.0,No,0.0,0.0,There is no enough water,40337,50.0,Partial fuctioning,Generator,10,No,No,0.000000000,No,https://api.mwater.co/v3/images/098af43b1d6448ef95266ce00ea9ef2a,Electrical problem,Electrical problem,6 months,Yes,Due to old generator and no yield of water,Yes,0.0,28-Jun-17,6.0,Has an electrical problem and the well dries up after short pumping time,0.0,0.0,No,Yes,7.0,0.0,2.2kw,It's good,41810,Not good,Lister,Lister,Lister letter,,16.0,https://api.mwater.co/v3/images/8879643f98574a878bf118d909f717b7,Daylife,Daylife,M/3HP,https://api.mwater.co/v3/images/a0f7fa3e4a7f499c93933451927f8eda,0,0,Reams,It's not functional,Hussein Ali Hassan,Operator,Operator,725708416.0000000000000,Yaqub farah,Chairman,725708416.00000000000,Yes,Sweet sence,Sweet sence,Water users association,Water users association,Cash,Cash,Cash,Flat,150.0,No,0,0,0,0.0,Yes,2000.0,2.0,Same borehole,Same borehole,3.0,River Tana,1hr,No,No,No,No,No,No,No,No,It's not functional because the generator has both electrical and mechanical problem,#NULL!,
9,Fafi,Bura,Garasweynow,-0.4874738254535580,39.648523305222600,Rural,20.00,160.0,2.0,No,0.0,0.0,Yes,0.0,650.0,20.0,3500.0,No,0.0,0.0,There is no water trucking,41469,150.0,It's good,Generator,12,No,No,0.000000000,Yes,https://api.mwater.co/v3/images/50253092a67d4e92b51494536c893836,It's fuctioning,It's fucntioning,0,No,None,No,0.0,14-Jul-13,0.0,None,3.0,3.0,No,No,0.0,0.0,Generator,"Generator,it's working",42550,Its fucntional,Perkins,Perkins,800,900691,40.0,https://api.mwater.co/v3/images/c231dd24e7914dc28a8aa4c68bb41808,Lovato,Lovato,Non seen,https://api.mwater.co/v3/images/c2fdf14bfef14ee3a4ac6dd5cd0cbb21,0,0,Steel 80,It's  functional,Ibrahim muhumed,Operator,Operator,740339562.0000000000000,Abukar sugow,Chairman,726120981.00000000000,No,None,None,Water users association,Water users association,Cash,Cash,Cash,Flat,5.0,Yes,0,400,0,300.0,Yes,300.0,1.0,Same borehole,Same borehole,2.0,Tana river,2,0,0,0,0,0,0,0,0,Good,#NULL!,
10,Fafi,Bura,Aliemshi,-1.3539702000000000,40.051304200000000,Rural,20.00,120.0,0.0,No,0.0,0.0,No,0.0,0.0,0.0,0.0,No,0.0,0.0,Nil,43645,150.0,It's working well,Generator,12,Yes,Yes,13658.000000000,Yes,https://api.mwater.co/v3/images/52bf6358a42341f39f8c9557a7435bcf,Lack of bettery,Lack of bettery,2,Yes,Bettery not functional,Yes,1.0,29-Jun-19,2.0,Piping problem,1.0,1.0,No,No,2.0,2.0,0,0,41819,Good,Perkins,Perkins,Dj,997470,48.0,https://api.mwater.co/v3/images/db48f0d88a7e442f99ee44ffaeb4c8f1,Daylife,Daylife,Loveto,https://api.mwater.co/v3/images/ce35e0966d054baaa941a5abb6ee9a1d,0,0,8,It's good,Muhumed oman,0714204781,Operate,714204781.0000000000000,Muhumed oman,Operate,714204781.00000000000,No,0,0,Water users association,Water users association,Cash,Cash,Cash,Cash,300.0,No,0,0,0,0.0,No,0.0,0.0,Tana river,Tana river,2.0,Tana river,2,0,0,0,0,0,0,0,0,Good,#NULL!,
11,Fafi,Bura,Jamble,-1.0089329000000000,39.915388900000000,Rural,10.00,180.0,1.0,No,0.0,0.0,Yes,0.0,30.0,10.0,50.0,No,0.0,0.0,There is no water tracking,43645,150.0,Its good,Solar,6,Yes,Yes,4369.000000000,Yes,https://api.mwater.co/v3/images/68670f6f9ca04c4ca88799956a434f98,None,None,0,No,Nothing,No,0.0,20-Jun-10,0.0,None,7.0,8.0,No,No,7.0,4.0,260,It's functional,42550,Solar,Solar,Solar,Solar,0,0.0,https://api.mwater.co/v3/images/a0eafbf64b964276a361639cc330cc63,Lorentz,Lorentz,0,https://api.mwater.co/v3/images/ea3b5e81fb0b470ca35d37c50291d409,0,0,6inch,Functional,Haret shide,Operator,Operator,717364641.0000000000000,Muse mahat,Chairman,718638505.00000000000,No,None,None,Water users association,Water users association,Cash,Cash,Cash,Flat,150.0,Yes,0,500,0,300.0,Yes,1000.0,1.0,Same borehole,Same borehole,8.0,River tana,2hrs,Not done,0,0,0,0,0,0,0,It's functioning,#NULL!,
12,Fafi,Nanigh,Nathir,-0.7069021000000000,39.828101800000000,Rural,2.00,80.0,#NULL!,No,0.0,0.0,No,0.0,0.0,0.0,0.0,No,0.0,0.0,Nil,39993,50.0,Good,Generator and solar,12,Yes,Yes,31764.000000000,Yes,https://api.mwater.co/v3/images/781d52b42b8e4a4f957c5582d0e67133,Very good,Nil,0,No,No problem,No,0.0,29-Apr-19,1.0,Mechanical problem,6.0,4.0,No,Yes,2.0,2.0,,Good,39993,Very good,Lister genset,Lister genst,Lister genst,35981,#NULL!,https://api.mwater.co/v3/images/b954f46aa9814a6481cbb62f2137ebf0,Lorent,Lorent,Lorent,https://api.mwater.co/v3/images/d3992c1f2b7940fbae98702c566a60a0,0,0,8,Good,Ali abdi,Operate,Operate,790562651.0000000000000,Yussuf nathir,Chairman,727528929.00000000000,No,0,0,Water users association,Water users association,Cash,Cash,Cash,Flat,100.0,Yes,100,50,0,10.0,No,0.0,0.0,Same borehole,Same borehole,1.0,Same borehole,1,0,0,0,0,0,0,0,0,Good,#NULL!,
13,Fafi,Nanigi,Nanigi,-0.8554170000000000,39.864692300000000,Rural,12.00,600.0,1.2,No,0.0,0.0,Yes,0.0,0.0,0.0,0.0,No,0.0,0.0,There is no water tracking,43280,150.0,Good,Generator and solar,10,No,No,0.000000000,Yes,,0,0,0,No,0,No,0.0,29-Jun-19,0.0,0,7.0,7.0,No,Yes,4.0,3.0,260,Good,39993,Lister petter,Lister petter,Lister petter,Lister petter,0,18.0,https://api.mwater.co/v3/images/0f2d7090b7574be1954a024368374f06,Daylife,Daylife,Daylife,https://api.mwater.co/v3/images/bcf00404552c4cbeac070a2c27f7b54a,0,0,Steel 6inch,Good,Abdullah kuno,Operate,Operate,719853024.0000000000000,Quresho Yussuf,Chairlady,0.00000000000,Yes,Sweetness,Sweetness,Water users association,Water users association,Cash,Cash,Cash,Flat,200.0,No,0,0,0,0.0,Yes,3000.0,3.0,Same borehole,Same borehole,2.0,Same borehole,2hours,0,0,0,0,0,0,0,0,Good,#NULL!,
14,Fafi,Nanigh,Guyo,-0.9418923000000000,39.893751100000000,Rural,10.00,250.0,#NULL!,No,0.0,0.0,No,0.0,0.0,0.0,20.0,No,0.0,0.0,Nil,40358,250.0,Good,Solar,4,No,No,0.000000000,No,,0,0,0,No,None,No,0.0,29-Jun-19,0.0,Nil,6.0,6.0,No,No,2.0,2.0,195,Good,43645,0,0,0,0,0,0.0,,Lorens,Lorens,Not seen,https://api.mwater.co/v3/images/70f2412376a1453a937bbd5491ad1427,0,0,10,Good,Roble aden,Operate,Operate,708833745.0000000000000,Nasri gedi,Chairman,715392365.00000000000,No,0,0,Water users association,Water users association,Cash,Cash,Flat,Cash,100.0,No,0,10,0,30.0,Yes,1000.0,1.0,Tana river,Tana river,1.0,Same borehole,1,No,0,0,0,0,0,0,0,Good,#NULL!,
15,Dadaab,Damajaley,Mathahgisi borehole,0.1615408000000000,40.430712600000000,Rural,12.00,300.0,2.0,No,#NULL!,#NULL!,Yes,2500.0,1500.0,1000.0,600.0,No,#NULL!,#NULL!,No stand pipe,41090,180.0,Good,Generator,22,No,No,#NULL!,Yes,https://api.mwater.co/v3/images/37901f1097b246a79dafdfe234c8e77a,Lack of proper service,,10,Yes,Old generator,Yes,3.0,30-Jun-16,1.0,,5.0,8.0,No,Yes,3.0,3.0,N/A,,41065,Good,Parkins,,Parkins 1103A33,1531901,42.0,https://api.mwater.co/v3/images/a1282bcb1ad349b9929bd96ef7e763bb,Daylif,,CM-SW1-SSD,https://api.mwater.co/v3/images/5304e0edfaf14d8482ec42dab7988478,,24,6,The well requires alternative genset and storage tank,Mohamed osman,Pump attendants,,792592123.0000000000000,Ahmed sheikh,,720906897.00000000000,No,,,Water users Association (WUA),Very poor,Cash,Cash,Cash,Cash,5.0,Yes,10,5,0,2.0,No,#NULL!,#NULL!,Communial water point,Distance tracking point(Donkey carts,3.0,Next strategic water source,24hrs,No,,,,,,,,"The borehole require storage facilliy ,water kiosks",#NULL!,
16,Dadaab,Abakayle,libahlow,0.3079969000000000,40.067694200000000,rural,2.00,300.0,2.0,No,#NULL!,#NULL!,Yes,300.0,500.0,100.0,3000.0,No,#NULL!,#NULL!,no stand pipe,41818,168.0,good,generator,22,No,No,#NULL!,Yes,https://api.mwater.co/v3/images/af3a5f4798a64ff1bdef6ad38f43e1c5,break down,Lack of proper service,12,Yes,Leaking storage tank and piping network,No,#NULL!,28-Jun-19,#NULL!,Lack of proper service,5.0,8.0,No,Yes,3.0,3.0,No,0,41818,good,perkins,dayliff,dayliff I SU25S,14032503,45.0,https://api.mwater.co/v3/images/6745bc44efd448979eb0cdbd58eff8e7,dayliff,,daylif,https://api.mwater.co/v3/images/b502f8a51e1c4a458eb7a5a541cbfa9f,,,6,,Abdirahman muktar,pump Attendant,,729483745.0000000000000,Ahmed sheikh,Sub county water Officer,720906897.00000000000,No,,,Water users Association,poor,Cash,Cash,cash,cash,5.0,Yes,10,5,0,2.0,No,#NULL!,#NULL!,Communial water point,Distance trekking Donkey carts,3.0,Next strategic water source,24,No,,,,,,,,"This borehole require Storage tank, rehabilitation of piping networks , Communism water kiosks and a standby genset",#NULL!,
17,Township,Iftin boreho,Iftin,-0.4734672000000000,39.650694200000000,Urban,1.00,2000.0,60.0,No,0.0,0.0,No,0.0,0.0,0.0,0.0,No,0.0,0.0,Good,43500,150.0,Good,Generator,10,,Yes,48074.000000000,Yes,https://api.mwater.co/v3/images/2081a7239edb4ca89fb9ab6014cd1d9c,No problem but are not using,Nil,0,No,Not,No,0.0,1-Apr-19,0.0,Lack of oil,8.0,8.0,No,Yes,4.0,4.0,0,0,43556,Good,Perkins,Perkins,Perkins,2047474,115.0,https://api.mwater.co/v3/images/5fa0afa6fd4d4b23897f3c72c460253a; https://api.mwater.co/v3/images/9e728f7cb6e44502ad8e2bf3638d157b,Daylife,Daylife,Lovett,https://api.mwater.co/v3/images/b11e4017df6345d897973c8e36c47b38,0,0,10,Good,Ibrahim Mohamed,Operate,Operate,723410713.0000000000000,Abdi Omar,Operate,0.00000000000,No,0,0,Water users association,Water users association,Cash,Cash,I don't know,I don't know,0.0,No,0,0,0,0.0,No,0.0,0.0,Same borehole,Same borehole,5.0,Same borehole,2,0,0,0,0,0,0,0,0,Good,#NULL!,
18,G/township,Iftin boreho,Iftin,-0.4743585000000000,39.654395400000000,Urban,1.00,2000.0,60.0,No,0.0,0.0,No,0.0,0.0,0.0,0.0,No,0.0,0.0,Good,43498,150.0,Good,Generator,10,Yes,Yes,7830.000000000,Yes,,0,0,0,No,Not at all,No,0.0,1-Mar-19,0.0,Not so far,5.0,8.0,No,Yes,1.0,5.0,0,0,43647,Good,Perkins,Perkins,Perkins,2047474,115.0,https://api.mwater.co/v3/images/bf196cc7990046ebae0d230e6bfd53e7,Lovett,Lovett,Daylife,https://api.mwater.co/v3/images/1d2b87e38cb94e238fd1740f13b9f036,0,0,10,Good,Ibrahim Mohamed,Operate,Operate,725730734.0000000000000,Abdi Omar,Operate,0.00000000000,No,0,0,Water users association,Water users association,Cash,Cash,Cash,Cash,0.0,No,0,0,0,0.0,No,0.0,0.0,Same borehole,Same borehole,3.0,Same borehole,1,0,0,0,0,0,0,0,0,Good,#NULL!,
19,G/Township,Iftin boreho,Iftin,-0.4743585000000000,39.654395400000000,Urban,1.00,2000.0,60.0,No,0.0,0.0,No,0.0,0.0,0.0,0.0,No,0.0,0.0,Good,43282,150.0,Good,Generat,10,Yes,Yes,156330.000000000,Yes,,0,0,0,No,Not,No,0.0,1-Jul-19,0.0,Not,5.0,6.0,Yes,Yes,3.0,3.0,Generat,0,,Good,Perkins,Perkins,Perkins,2047474,115.0,https://api.mwater.co/v3/images/4ba85adea2954876acda34406ceb574a,Daylife,Daylife,Daylife,https://api.mwater.co/v3/images/1bece93079bc440089b1c9a6cfe4d8df,0,0,10,Good,Ibrahim Mohamed,Operate,Operate,723410713.0000000000000,Abdi Omar,Operate,0.00000000000,No,0,0,Water users association,Water users association,0,Cash,Cash,Cash,0.0,No,0,0,0,0.0,No,0.0,0.0,Same borehole,Same borehole,2.0,Same borehole,1,0,0,0,0,0,0,0,0,Good,#NULL!,
20,Dadaab,Liboi,kadakso borehole,0.2071614000000000,40.594160600000000,Rural,1.00,450.0,2.0,No,#NULL!,#NULL!,Yes,400.0,300.0,300.0,2000.0,No,#NULL!,#NULL!,,42472,132.0,good,generator,14,Yes,Yes,24029.000000000,Yes,,the well source is not equipped,,36,No,,Yes,3.0,26-May-19,2.0,Startormotor become faulty,6.0,8.0,No,Yes,2.0,3.0,N/A,good,42894,good,parkins,daylif,DK32037,462351,25.0,https://api.mwater.co/v3/images/41fff3113cc9432188764b9009383e43,dayliff,,IPDP3308,https://api.mwater.co/v3/images/ca7825f7d45c4e12b5eda9adbdc9ca9a,,,6,,salad kulmiye yasin,operator,,728870112.0000000000000,Ahmed sheikh,SCWO,720906897.00000000000,No,,,Water users Assosciation,poor,Cash,,cash,cash,5.0,Yes,10,5,0,2.0,No,#NULL!,#NULL!,Water communial point,Donkey carts tracking,2.0,Next strategic borehole,24,No,,,,,,,,This settlement has 1 functional equipped and1 nonfunctional not equipped very close to each other less than  500m,#NULL!,
21,dadaab,abagayle,Ali qarsade borehole,0.2445667000000000,39.929725700000000,rural,5.00,450.0,2.0,No,#NULL!,#NULL!,Yes,1900.0,1200.0,200.0,3500.0,No,#NULL!,#NULL!,,42624,168.0,good,hybride power,14,No,,#NULL!,Yes,https://api.mwater.co/v3/images/7a82d1d4ce5d45a9a58ccf678f1d7883,Lack of service,,2,Yes,Tasters not functions sometimes,Yes,2.0,2-Jul-18,2.0,Break down,5.0,8.0,No,Yes,2.0,2.0,,good,42689,good,bakings,day liff,dk32037,462010,42.0,https://api.mwater.co/v3/images/ee1067a15ad54ace9d8f47385a76f455,dayliff,,ipdp315c/w,https://api.mwater.co/v3/images/3de8784c5daa41e9936cefc60ca6d6be,,,6,,Mohamed Sheikh abdullahi,operator,,703844194.0000000000000,,Ahmed sheikh,720906897.00000000000,No,,,Water users association,good,Cash,,,cash,5.0,Yes,10,5,0,2.0,,#NULL!,#NULL!,Communal water point,Donkey cart tracking,3.0,Next strategic borehole,24,No,,,,,,,,,#NULL!,
22,Dadaab,Abakayle,bogyar borehole,-0.0158909000000000,40.252488000000000,Rural,15.00,550.0,2.0,No,#NULL!,#NULL!,Yes,900.0,650.0,400.0,2000.0,No,#NULL!,#NULL!,,41245,180.0,good,generator,12,No,No,0.000000000,Yes,https://api.mwater.co/v3/images/0a33bdb1955c49019434ac675d8046e2,,,,No,,Yes,10.0,12-Jun-19,3.0,,6.0,8.0,No,Yes,2.0,3.0,,,41610,Not bad,parkins,,IPDP315CW,3153404346,42.0,https://api.mwater.co/v3/images/3529128b50754544a3a44971d4cfd2b6,dayliff,,idp315cw,https://api.mwater.co/v3/images/c72ae2d1ac1e4440ac8395968a8334fb,,,6,,abdirizak gedi,operator,,797312095.0000000000000,Ahmed sheikh,SCWO,720906897.00000000000,No,,,Water users Association,Fair,Cash,Cash,,cash,5.0,Yes,10,5,0,2.0,,#NULL!,#NULL!,Communal water point,,2.0,Next strategic borehole,24,,,,,,,,,,#NULL!,
23,Dadaab,Damajaley,abdisugow borehole,0.1603685000000000,40.777990600000000,Rural,23.00,700.0,2.0,No,#NULL!,#NULL!,Yes,1300.0,900.0,950.0,3500.0,No,#NULL!,#NULL!,,42941,168.0,very good,generator,12,No,No,#NULL!,Yes,,,,,No,,Yes,2.0,11-Dec-18,1.0,Pump failed,5.0,8.0,No,Yes,3.0,2.0,,good,42918,very good,Perkins,,ECP28MF,1938409,42.0,https://api.mwater.co/v3/images/5d2d0cb988c64ab9af96ff36dd9c7692,dayliff,,IDPP3161,https://api.mwater.co/v3/images/bc14b94af3294324b6e4795718b52c40,,,6,,Mohamed muktar hajir,operator,,720130410.0000000000000,Ahmed sheikh,SCWO,720906897.00000000000,No,,,Water users association,very good,Cash,,,,#NULL!,Yes,10,5,0,2.0,,#NULL!,#NULL!,Water communal point,Donkey carts tracking,3.0,Nearest strategic borehole,24,No,,,,,,,,,#NULL!,
24,G/Township,Galbelt bore,Adc,-0.4874738254535580,39.648523305222600,Urban,0.10,6000.0,5.0,Yes,1.0,2.0,No,0.0,0.0,0.0,0.0,No,0.0,0.0,Good,43526,150.0,Good,Generator,9,No,No,0.000000000,Yes,,0,0,0,No,Not,No,1.0,2-Mar-19,1.0,Mechanical problem,6.0,5.0,No,Yes,4.0,3.0,0,0,43526,Good,Perkins,Perkins,Perkins,51175,0.0,https://api.mwater.co/v3/images/cb2911e911884a599ec00dd5e8e35962,Daylife,Daylife,Daylife,https://api.mwater.co/v3/images/fe25d3a4c53b4a08926228aed3eb2dc2,0,0,10,Good,Abdirahman mathow,Operate,Operate,720021153.0000000000000,Mohamed nur,Operate,0.00000000000,No,0,0,Water users association,Water users association,Cash,Cash,Cash,Flat,0.0,No,0,0,0,0.0,No,0.0,0.0,Same borehole,Same borehole,2.0,Same borehole,2,I don't know,Don't know,0,0,0,,0,0,Good,#NULL!,
25,Dadaab,Dertu,boransis borehole,0.2960359000000000,39.840421700000000,Rural,20.00,400.0,2.0,No,#NULL!,#NULL!,Yes,1500.0,600.0,1500.0,3500.0,No,#NULL!,#NULL!,,41700,168.0,good,generator,11,No,,#NULL!,Yes,,,,,No,,Yes,1.0,22-Jul-18,0.0,,6.0,8.0,No,Yes,3.0,4.0,,,41813,good,parkins,,PJ24901500,3181081,42.0,https://api.mwater.co/v3/images/fc9b0a79402a46e28d9a224bffeb49a0,dayliff,,IPDP3041,https://api.mwater.co/v3/images/7a7021c3f1e9477485d460e021c33464,,,6,,Hassan khalif,operstor,,757190100.0000000000000,Ahmed sheikh,SCWO,720906897.00000000000,No,,,Water users association,good,Cash,,,,#NULL!,Yes,10,5,0,2.0,,#NULL!,#NULL!,Communial  water point,,3.0,Next strategic borehole,24,No,,,,,,,,,#NULL!,
26,Dadaab,Liboi,Kulan borehole 1,0.2120315000000000,40.641762200000000,Rural,1.00,480.0,2.0,No,#NULL!,#NULL!,Yes,1000.0,1200.0,500.0,3000.0,No,#NULL!,#NULL!,,42197,180.0,Not bad,generator,14,No,,#NULL!,Yes,,,,,No,,Yes,3.0,3-Jul-18,3.0,Breakdown of the stator motor pump,6.0,8.0,No,Yes,4.0,3.0,,,42949,good,parkins,,PI144G1,276487,45.0,https://api.mwater.co/v3/images/98abd1ad0d544523847872183775273d,day liff,,A403010,https://api.mwater.co/v3/images/a4050ccb0fb947e08db5e2b875a8c34d,,,6,,Ahmed sheikh,SCWO,,720906897.0000000000000,,,#NULL!,No,,,Water users association,bad,,,,,#NULL!,Yes,10,5,,#NULL!,,#NULL!,#NULL!,Communual water point,,3.0,Next strategic borehole,24,No,,,,,,,,,#NULL!,
27,Dadaab,Liboi,kulan borehole 2,0.2222340000000000,40.642160300000000,Rural,1.00,500.0,2.0,No,0.0,0.0,Yes,1000.0,500.0,150.0,3000.0,No,0.0,0.0,0,43646,168.0,good,generator,14,No,No,0.000000000,No,,,,,No,,Yes,2.0,19-May-18,2.0,Break down of the pump motor,6.0,8.0,No,Yes,3.0,2.0,,,41163,Bad,perkins,,2873K632,2819541008,42.0,https://api.mwater.co/v3/images/1472d6c5067a4bb69ec1dd0eb96d169c,Dayliff,,,https://api.mwater.co/v3/images/a676f6075a3b4078bd8ad1ef37755c71,,,6,,Ahmed sheikh,SCWO,,720906897.0000000000000,,,#NULL!,No,,,Water users association,good,Cash,,,cash,5.0,Yes,10,5,0,2.0,,#NULL!,#NULL!,Communual water point,,3.0,Next strategic borehole,24,No,,,,,,,,,#NULL!,
28,Dadaab,Dadaab,Weldoni borehole,0.0630874000000000,40.444837100000000,Rural,15.00,450.0,2.0,No,0.0,0.0,No,1000.0,100.0,100.0,3000.0,No,0.0,0.0,0,41438,132.0,Good,Generator,14,Yes,Yes,100610.000000000,Yes,,,,,No,,Yes,2.0,4-Jun-16,2.0,Break down,6.0,18.0,No,Yes,4.0,3.0,0,0,40998,Good,Parkins,,,,#NULL!,,,,,,,,,,,,,#NULL!,,,#NULL!,,,,,,,,,,#NULL!,,,,,#NULL!,,#NULL!,#NULL!,,,#NULL!,,,,,,,,,,,,#NULL!,
29,Balambla,Balambla,Hadley,-0.4874738254535580,39.648523305222600,Rural,20.00,500.0,3.0,No,0.0,0.0,No,0.0,0.0,0.0,0.0,No,0.0,0.0,Nil,43552,50.0,Not functional,Generator,10,No,No,0.000000000,No,https://api.mwater.co/v3/images/ea54a18e02394facac3e3d2134331f5c,Lack of bettery and engineering service,Lack of bettery and engineering service,2days,Yes,Lack of bettery and engineering problem,Yes,1.0,28-Mar-19,0.0,engineering has mechanical problem,2.0,2.0,Yes,Yes,0.0,0.0,0,0,42914,Broken but isn't fucational,Ganan,Ganan,Ganan,141203.23000000001,22.0,https://api.mwater.co/v3/images/101a6a2453fa41cabaa1aefc23aa1ce2,Daylife,Daylife,0,https://api.mwater.co/v3/images/1a3e58f0975f418f87fc17df0556812b,0,0,0,Good,Ahmed Abdullah,Operate,Operate,727005818.0000000000000,Siyat mohamud,Operate,727005818.00000000000,No,0,0,Hadley water users association,Hadley water users association,Cash,Cash,Cash,Falat,100.0,No,0,0,0,0.0,Yes,1000.0,1.0,Tana river,Tana river,2.0,Tana river,2,0,0,0,0,0,0,0,0,Generator has mechanical problem,#NULL!,
30,Balambla,Balich2,Balich 2,-0.4874738254535580,39.648523305222600,Rural,11.00,600.0,4.0,No,0.0,0.0,No,0.0,10.0,5.0,100.0,No,0.0,0.0,Nil,42476,50.0,Good,Solar,8,Yes,No,176699.000000000,No,https://api.mwater.co/v3/images/0618348b82be4f5b9f068e495875221c,Meter is broken,Meter is broken,2years,Yes,Requed repair,No,0.0,28-Jun-19,0.0,0,9.0,9.0,No,Yes,6.0,3.0,260,Fuctional,42549,Solar,Solar,Solar,Solar,0,0.0,https://api.mwater.co/v3/images/d3975499c3ce47fa9db9eec3b3f755c3,No specified,Not specified,No,https://api.mwater.co/v3/images/33b5304f35ba4ba292696bc0530ec9f3,0,0,Concrete reams,Fictional,Hussein Ali,Operator,Operator,725708416.0000000000000,Yakub farah,Chairman,725708416.00000000000,No,No sensor,No sensor,Water users association,Water users association,Cash,Cash,Flat,Flat,150.0,Yes,0,10,0,100.0,Yes,2000.0,2.0,Same borehole,Same borehole,2.0,River Tana,1hr,No,No,No,No,No,No,No,No,The borehole is functioning,#NULL!,
31,Fafi,Jarajila,hagarder borehole 5,0.0008087000000000,40.350858600000000,Rural,5.00,600.0,2.0,No,0.0,0.0,No,0.0,0.0,0.0,0.0,No,0.0,0.0,,35563,144.0,not bad,generator,14,No,No,0.000000000,Yes,,,,,No,,No,0.0,11-Jul-18,1.0,Lack of proper service,6.0,8.0,No,Yes,4.0,5.0,,,41012,good,parkins,,SL01846JGJ,120710004,32.0,https://api.mwater.co/v3/images/858efd4853804504905eea6b1a775ec2,dayliff,,IPDP308CW MP 204,https://api.mwater.co/v3/images/8604bd19e6474ff4b6209d28949defb5,,,6,,mohamud jumale muse,operator,,768262541.0000000000000,ahmed sheikh,SCWO,720906897.00000000000,No,,,Water usres association,good,Cash,,cash,cash,5.0,No,,,,#NULL!,,#NULL!,#NULL!,Communal water point,Donkey carts taracking,4.0,Next strategic borehole,24,No,,,,,,,,,#NULL!,
32,Dadaab,Dadaab,nyanya borehole,0.1800200000000000,40.305535000000000,Rural,5.00,400.0,2.0,No,0.0,0.0,No,0.0,0.0,0.0,0.0,No,0.0,0.0,,40017,168.0,good,generator,10,No,No,#NULL!,Yes,https://api.mwater.co/v3/images/37e72fc5f3e74532affa724e14bd3580,lack of service,,3,No,,Yes,2.0,11-Jun-19,2.0,Lack of proper service,6.0,8.0,No,Yes,4.0,5.0,,,40672,good,parkins,,PEP0901,11826,42.0,https://api.mwater.co/v3/images/055e901868654f08b72196a51151b568,dayliff,,DPE06,https://api.mwater.co/v3/images/d3045f3cf3f04ddfab0ef030cb078851,,,6,,ares abdi farah,operator,,715463856.0000000000000,ahmed sheikh,SCWO,720906897.00000000000,No,,,Watet users association,good,Cash,,,cash,5.0,No,,,,#NULL!,,#NULL!,#NULL!,Communal water point,Donkey carts tracking,4.0,Next strategic borehole,24,No,,,,,,,,,#NULL!,
33,Fafi,Jarajila,Alinjugur borehole,-0.0315291000000000,40.456443300000000,Rural,18.00,1000.0,2.0,No,0.0,0.0,Yes,900.0,600.0,600.0,2500.0,No,0.0,0.0,0,35937,120.0,Not bad,Generator,12,No,No,0.000000000,Yes,https://api.mwater.co/v3/images/5de32911c2aa462b9df67c740f3ddedc,very old and lack of proper service,,48,Yes,The engine is very old and in bad condition.,Yes,3.0,14-Jun-17,2.0,Lack of service,6.0,8.0,No,Yes,2.0,3.0,0,0,41041,Not bad,Dayliff,,ECP28-V,1730869,42.0,https://api.mwater.co/v3/images/a3d3c550e1594ac5a722c950c4d37240,dayliff,,N/A,https://api.mwater.co/v3/images/002d44fc34e34114b74a095846720ee7,,,6,,hassan mohamed yussuf,operator,,721078081.0000000000000,ahmed sheikh,SCWO,720906897.00000000000,No,,,Watet users association,bad,Cash,,,cash,5.0,Yes,10,5,0,2.0,,#NULL!,#NULL!,Communual water point,Donkey carts tracking,4.0,Next strategic borehole,24,,,,,,,,,,#NULL!,
34,Dadaab,Damajaley,Kiwanja borehole,-0.1151827000000000,40.707836900000000,Rural,10.00,500.0,2.0,No,0.0,0.0,No,2400.0,400.0,500.0,2500.0,No,0.0,0.0,0,41372,168.0,Well,Generator,14,Yes,No,63911917.000000000,Yes,https://api.mwater.co/v3/images/f22cb022344e4ee59152979714497eb3,lack of proper service,,8,Yes,Pump always fail,Yes,7.0,3-Jul-19,3.0,Break down of pump,7.0,8.0,No,Yes,4.0,5.0,0,0,41622,Good,Dayliff perkins,,PH4JBIT,141863,32.0,https://api.mwater.co/v3/images/6090dff403e54fa2ba34fe2df981619c,dayliff,,IPDP308MAPPCL,https://api.mwater.co/v3/images/9ef504dd8d98437d95e0a9037e353d64,,,8,,hassan yussuf,operator,,796877548.0000000000000,ahmed sheikh,SCWO,720906897.00000000000,No,0,,Water users association,good,Cash,,,cash,5.0,Yes,10,5,0,2.0,,#NULL!,#NULL!,Communal water association,Donkey carts tracking,3.0,Next strategic borehole,24,No,,,,,,,,,#NULL!,
35,Dadaab,Damajaley,Sheldub borehole,-0.0090744000000000,40.580211800000000,Rural,5.00,480.0,2.0,No,0.0,0.0,Yes,2000.0,500.0,200.0,3000.0,No,0.0,0.0,0,42095,264.0,Very good,Generator,14,Yes,No,3552214.000000000,Yes,https://api.mwater.co/v3/images/7d0a2dad4e6c4221bcf2b0d035d5aaa0,Lack of service,,4,No,Pump failed sometimes,No,0.0,17-Apr-19,0.0,,5.0,10.0,No,Yes,3.0,5.0,0,0,42074,Very good,Dayliff perkins,,PH41BIT,150610,32.0,https://api.mwater.co/v3/images/19fc9fb134ff407b8d16421f90d16a3b; https://api.mwater.co/v3/images/d292babe269a419a90e1252f9fb71f17,dayliff,,N/A,https://api.mwater.co/v3/images/37297cb00bd14023b370cdea736ea535,,,6,,abdi maalim dahir,operator,,727430394.0000000000000,ahmed sheikh,SCWO,720906897.00000000000,No,,,Water users association,good,Cash,,,cash,5.0,Yes,10,5,0,2.0,,#NULL!,#NULL!,Communal water point,Donkey carts tracking,4.0,Next strategic borehole,24,No,,,,,,,,,#NULL!,
36,Dadaab,Labasigale,Labasigale borehole,0.1728008000000000,40.285026000000000,Rural,5.00,550.0,2.0,No,0.0,0.0,No,0.0,0.0,0.0,0.0,No,0.0,0.0,,41457,168.0,good,generator,14,No,No,0.000000000,Yes,https://api.mwater.co/v3/images/ffc35812eb5a45c1bfa8c2967d33d440,very old and lack of proper service,,,No,,Yes,2.0,12-Apr-19,2.0,Lack of proper service,6.0,8.0,No,Yes,5.0,8.0,,,41467,good,parkins,,U048997N,2062997013,42.0,https://api.mwater.co/v3/images/4c84b1b4c4324dbfb4dd3c98e4f2df4a,dayliff,,,https://api.mwater.co/v3/images/07e074d025fd4f8e8f79b37f390623cb,,,6,,nurow abdullahi abdille,operator,,728542106.0000000000000,ahmed sheikh,SCWO,720906897.00000000000,No,,,Water users association,good,Cash,,,cash,5.0,No,,,,#NULL!,,#NULL!,#NULL!,Communual water point,Donkey carts tracking,3.0,Next strategic borehole,24,No,,,,,,,,,#NULL!,
37,Dadaab,,Saretho,-0.0235772000000000,40.134001480000000,Rural,#NULL!,1000.0,1.0,No,#NULL!,#NULL!,Yes,500.0,1000.0,200.0,5000.0,No,#NULL!,#NULL!,,2011,#NULL!,Normal,Generator,20,No,No,#NULL!,Fun,,,,,No,,No,#NULL!,#NULL!,#NULL!,,7.0,8.0,No,Yes,5.0,3.0,,,2011,Normal,Lister Petter,,Lister,,#NULL!,https://api.mwater.co/v3/images/560841a87c5a4366ab72b0db125f5170,Grundfos,,PS21k2,https://api.mwater.co/v3/images/b21d0827bae34e1f951bb4ed3ef1068a,,,,,Ibrahim Muhammad Ali,Scheme operator,,716268783.0000000000000,,,#NULL!,Yes,SweetSense,,No management organisation,,,,,Tariff per Je,3.0,Yes,10,4,0,1.0,No,#NULL!,#NULL!,community tap,,4.0,A surface water source,6,Yes,2011,Water is safe,,,,,,,#NULL!,
38,Dadaab,,Kumahumato,0.3135113600000000,40.080787990000000,Rural,#NULL!,550.0,1.0,No,#NULL!,#NULL!,Yes,0.0,0.0,0.0,1000.0,No,#NULL!,#NULL!,,2003,#NULL!,Normal,Generator,20,Yes,No,171677.000000000,Par,https://api.mwater.co/v3/images/9b96a9c30d6d40bd91f08d6e751eb23c,Generator failure,,1,No,,Yes,30.0,#NULL!,20.0,Power control panel had issues. in constantly cuts of powervwhike pumpin,2.0,2.0,No,Yes,1.0,2.0,,,2014,Poor,Other (please s,FG Wilson,PEPP4,FGWPEPP4PETH,27.0,https://api.mwater.co/v3/images/331b385e6f844bb7889b2b36f0b24f6c,,,,https://api.mwater.co/v3/images/72e9258e521b40ba97ee72b95f41bb0a,,,,,Mohammed Abdi,Scheme operator,,706158969.0000000000000,,,#NULL!,Yes,SweetSense,,No management organisation,,,,,Tariff per Je,2.0,Yes,N/A,N/A,N/A,1.0,No,#NULL!,#NULL!,Other (please specify),They Siphonvfrom the masonry tank.,4.0,A surface water source,6,Yes,Don't Know,,,,,,,,#NULL!,
39,Daadab,,Alikune,0.3458921300000000,40.017401380000000,Rural,#NULL!,480.0,1.0,No,#NULL!,#NULL!,Yes,0.0,0.0,100.0,8000.0,No,#NULL!,#NULL!,,2002,#NULL!,Normal,Generator,20,No,No,#NULL!,Fun,,,,,No,,Yes,30.0,#NULL!,5.0,,7.0,3.0,No,Yes,4.0,2.0,,,2002,Normal,Perkins,,DJ51279,U019205M,30.0,https://api.mwater.co/v3/images/6a944e7a61514c04b07ba00fc6211887,Grundfos,,V08,https://api.mwater.co/v3/images/4ffc54daf08b4cc6ac94cd0d5bd76af2,,,,,Bashir Haret,Scheme operator,,703528986.0000000000000,,,#NULL!,Yes,SweetSense,,No management organisation,,,,,Tariff per Je,5.0,Yes,N/A,N/A,N/A,1.0,No,#NULL!,#NULL!,community tap,,3.0,A surface water source,5,Yes,Don't Know,,,,,,,,#NULL!,
40,Daadab,,Udhole,0.3135980900000000,39.781871930000000,Rural,#NULL!,200.0,1.0,No,#NULL!,#NULL!,No,#NULL!,#NULL!,#NULL!,#NULL!,No,#NULL!,#NULL!,,2012,#NULL!,Normal,Generator,20,No,No,#NULL!,Par,https://api.mwater.co/v3/images/c3f307c1db0b411ab485f96958aaa248,Other (please specify),Radiator of the generator bursted.,3,No,,Yes,90.0,#NULL!,#NULL!,,3.0,1.0,No,Yes,2.0,1.0,,,2012,Poor,Other (please s,Dayliff,DAYLIFF P36S,PG13040207,64.9,https://api.mwater.co/v3/images/369ea48e7c674b29839f706d74b80db1,Grundfos,,96079927,https://api.mwater.co/v3/images/e9909492053f4e1bb1c165543ac0a0b3,,,,,Abdi Mohammed Hassan,Scheme operator,,717816990.0000000000000,Yussuf Ahmed,,703457743.00000000000,Yes,SweetSense,,No management organisation,,,,,Tariff per Je,3.0,Yes,N/A,N/A,N/A,1.0,No,#NULL!,#NULL!,household tap,,2.0,A surface water source,5,Yes,Don't Know,,,,,,,,#NULL!,
41,Lagadera,,Skanska,0.9042402800000000,39.319292520000000,Rural,#NULL!,350.0,2.0,No,#NULL!,#NULL!,No,#NULL!,#NULL!,#NULL!,#NULL!,No,#NULL!,#NULL!,,2012,#NULL!,Normal,Generator,20,Yes,Yes,92013.000000000,Fun,,,,,No,,Yes,30.0,#NULL!,#NULL!,,3.0,2.0,Yes,Yes,1.0,2.0,,,2012,Normal,Other (please s,,Dayliff,11070289,35.0,https://api.mwater.co/v3/images/e2c421be39d3484da5fb201f574d8ef1; https://api.mwater.co/v3/images/3540360af3034aa2a13d7ae463553c3e,Other (pleas,Dayliff,96079927,https://api.mwater.co/v3/images/c2a7ae8c4b1d4ac1859a261d8ff4ef7c,,,,,Yunis Omar,Scheme operator,,710719073.0000000000000,Salat Hussein,,791315763.00000000000,Yes,SweetSense,,No management organisation,,,,,Tariff per Je,3.0,Yes,N/A,N/A,N/A,1.0,No,#NULL!,#NULL!,community tap,,2.0,A surface water source,4,Yes,Don't Know,Water is safe,,,,,,,#NULL!,
42,Mbalambala,,Balich,-0.2220579700000000,39.475104290000000,Rural,#NULL!,300.0,2.0,No,#NULL!,#NULL!,No,#NULL!,#NULL!,#NULL!,#NULL!,No,#NULL!,#NULL!,,2002,#NULL!,Poor,Generator,20,No,No,#NULL!,Non,https://api.mwater.co/v3/images/8501cfcbc7ac4a74861d4a26a3ca4410,Generator failure,,1,,,Yes,30.0,#NULL!,2.0,The generator needs Mechanical servicing (The fuel pump pipe broke and n,2.0,2.0,No,No,2.0,2.0,,,2002,Doesn't function,Lister Petter,,HSL15,10023050GTR2,15.6,https://api.mwater.co/v3/images/47e88da19ebf40089d09ffc488a10d17; https://api.mwater.co/v3/images/2655d123b538408ab1bf6eaa3c6b0ec1,Other (pleas,Dayliff,DAYLIFF-M/3HP,https://api.mwater.co/v3/images/81b3947e499047a784dc1952342048c4,,,,,Hussein Ali Haji,Scheme operator,,722960372.0000000000000,,,#NULL!,Yes,SweetSense,,No management organisation,,,,,Fixed tariff,200.0,No,,,,#NULL!,No,#NULL!,#NULL!,household tap,,0.5,Other (please specify),2,Yes,Don't Know,,,,,,,,#NULL!,
43,Dadaab,,Bulls Benan,0.0528654900000000,40.313904550000000,Rural,#NULL!,120.0,2.0,No,#NULL!,#NULL!,Yes,0.0,0.0,0.0,0.0,No,#NULL!,#NULL!,,2011,#NULL!,Normal,Generator,35,Yes,Yes,16072.000000000,Fun,,,,,No,,No,#NULL!,#NULL!,#NULL!,,7.0,6.0,No,Yes,4.0,6.0,,,2011,Normal,Other (please s,Dayliff,Dayliff,,#NULL!,https://api.mwater.co/v3/images/f911fcdb336c479999dd28bd66bc7e08; https://api.mwater.co/v3/images/727644a3b1b740e6ae4f0cf4e5723a35,Other (pleas,,,https://api.mwater.co/v3/images/94099b5f97944f78b0e937a7bf48e272,,,,,Hussein Ahmed Mohammed,WASHCO Chairper,,721480055.0000000000000,,,#NULL!,Yes,SweetSense,,Water management committee,WASHCO or Utility is active,Cash,,Water Kiosk,Tariff per Je,5.0,No,,,,#NULL!,No,#NULL!,#NULL!,Other (please specify),Near water sources,4.0,Other (please specify),6,Yes,2011,Water is safe,,,,,,,#NULL!,
44,Dadaab,,Welhar,0.2143141200000000,40.151925220000000,Rural,#NULL!,250.0,10.0,No,#NULL!,#NULL!,Yes,400.0,700.0,300.0,2000.0,No,#NULL!,#NULL!,,2012,#NULL!,Normal,Generator,14,Yes,No,0.000000000,Fun,,,,,No,,No,#NULL!,#NULL!,#NULL!,,2.0,3.0,No,No,2.0,3.0,,,2012,Normal,Other (please s,Dayliff,DAYLIFF ISU25S,PG12071005,45.1,https://api.mwater.co/v3/images/b8358857b4e54f05b0a73955960e6f70; https://api.mwater.co/v3/images/12543de8c4c34d87a2e16f4e71853992,Other (pleas,Lovato,,https://api.mwater.co/v3/images/3eab35536b094ea78c3d3947c9548d21,,,,,Hassan Muslim Buduh,WASHCO Chairper,,715255731.0000000000000,,,#NULL!,Yes,SweetSense,,No management organisation,,Cash,,Cash,Tariff per Je,5.0,Yes,10,5,N/A,1.0,No,#NULL!,#NULL!,Other (please specify),Nearby water sources,0.5,A surface water source,3,Yes,2012,Don't Know,,,,,,,#NULL!,
45,Daadab,,Alikune,0.3458243600000000,40.017570720000000,Rural,#NULL!,480.0,15.0,No,#NULL!,#NULL!,Yes,5000.0,10000.0,150.0,20000.0,No,#NULL!,#NULL!,,2004,#NULL!,Normal,Generator,25,No,No,#NULL!,Fun,,,,,No,,No,#NULL!,#NULL!,2.0,,2.0,3.0,No,Yes,1.0,3.0,,,2004,Normal,Perkins,,,,#NULL!,https://api.mwater.co/v3/images/588c0b6704c34b4faab6b7b393daaef2,Grundfos,,VO8,https://api.mwater.co/v3/images/475b2cde9ba2471a95542be72bf7a0da,,,,,Bishar Hares,Scheme operator,,703528986.0000000000000,,,#NULL!,Yes,SweetSense,,Water management committee,WASHCO or Utility is active,Cash,,Cash,Tariff per Je,5.0,Yes,,10,N/A,1.0,No,#NULL!,#NULL!,Other (please specify),Trough,0.5,A surface water source,4,Yes,Don't Know,Don't Know,,,,,,,#NULL!,
46,Lagadera,,Skanska,0.9078427100000000,39.321608630000000,Rural,#NULL!,2500.0,35.0,No,#NULL!,#NULL!,Yes,2000.0,100.0,600.0,20000.0,No,#NULL!,#NULL!,,2008,#NULL!,Normal,Hybrid,35,Yes,Yes,47754.000000000,Fun,,,,,No,,No,#NULL!,#NULL!,#NULL!,,5.0,12.0,Yes,Yes,0.0,0.0,,,,,,,,,#NULL!,,Other (pleas,DAYLIFF,,https://api.mwater.co/v3/images/25cef8d385394435a624929ca198d4a1,,,,,Tunis Omar,Scheme operator,,710719073.0000000000000,,,#NULL!,Yes,SweetSense,,Water management committee,WASHCO or Utility is active,Cash,,Water Kiosk,Tariff per Je,5.0,Yes,10,3,10,1.0,No,#NULL!,#NULL!,community tap,,0.5,A surface water source,4,Yes,Don't Know,Don't Know,,,,,,,#NULL!,
47,Lagadera,,Gurufa,0.8004575100000000,39.464939840000000,Rural,#NULL!,500.0,4.0,No,#NULL!,#NULL!,Yes,10000.0,8000.0,500.0,20000.0,Yes,3.0,2.0,,2011,#NULL!,Normal,Generator,8,Yes,No,0.000000000,Fun,,,,,No,,No,#NULL!,#NULL!,#NULL!,,7.0,6.0,Yes,Yes,2.0,6.0,,,2011,Normal,Cummins,,,,#NULL!,https://api.mwater.co/v3/images/fee48f97a41149a9a501f8667f0041a6; https://api.mwater.co/v3/images/4fee5a63186e4c55872851957601d283,Other (pleas,Schneider,,https://api.mwater.co/v3/images/18e508a3e5194dd2b4c6925a52e5f107,,,,,Ali Dawood,Scheme operator,,700235950.0000000000000,,,#NULL!,Yes,SweetSense,,Water management committee,WASHCO or Utility is active,Cash,,Water Kiosk,Tariff per Je,5.0,Yes,15,6,N/A,2.0,No,#NULL!,#NULL!,community tap,,0.5,A surface water source,4,Yes,Don't Know,Don't Know,,,,,,,#NULL!,
48,Mbalambala,,Shimbiri,-0.0533493600000000,39.500080850000000,Rural,#NULL!,200.0,4.0,No,#NULL!,#NULL!,Yes,15.0,5.0,#NULL!,2.0,No,#NULL!,#NULL!,,2017,#NULL!,Normal,Hybrid,50,No,No,#NULL!,Fun,,,,,No,,No,#NULL!,#NULL!,#NULL!,,7.0,3.0,Yes,Yes,0.0,0.0,,,,,,,,,#NULL!,,Other (pleas,Dayliff,,https://api.mwater.co/v3/images/9207098dd71e48678f1dc236fd1993a6,,,,,Dakar Muhamed,Scheme operator,,724782698.0000000000000,,,#NULL!,Yes,SweetSense,,Water management committee,WASHCO or Utility is active,Cash,,Cash,Tariff per Je,5.0,Yes,15,5,0,3.0,No,#NULL!,#NULL!,Other (please specify),Nearby water sources,0.5,A surface water source,5,Yes,Don't Know,Don't Know,,,,,,,#NULL!,
49,Mbalambala,,Abdisameed,0.0503226800000000,39.655085400000000,Rural,#NULL!,300.0,8.0,No,#NULL!,#NULL!,Yes,0.0,20.0,0.0,5000.0,No,#NULL!,#NULL!,,2011,#NULL!,Normal,Generator,2.2000000000000002,No,No,#NULL!,Fun,,,,,No,,No,#NULL!,#NULL!,#NULL!,,7.0,5.0,No,Yes,5.0,5.0,,,2011,Normal,Lister Petter,,,,#NULL!,https://api.mwater.co/v3/images/467d3e228e1b4058861fd54750ef95ac; https://api.mwater.co/v3/images/174a63956f424aa9baca9c0092b9269f,Other (pleas,,Dayliff,https://api.mwater.co/v3/images/4c5d509285594a8cafac6cf9b6349c52,,,,,Adan Omar,Scheme operator,,704729071.0000000000000,,,#NULL!,Yes,SweetSense,,Water management committee,WASHCO or Utility is active,Cash,,Cash,Tariff per Je,5.0,Yes,15,7,N/A,3.0,No,#NULL!,#NULL!,community tap,,0.5,A surface water source,5,Yes,Don't Know,Don't Know,,,,,,,#NULL!,
50,Mbalambala,,Nunow,-0.1948887500000000,39.619541540000000,Rural,#NULL!,600.0,8.0,No,#NULL!,#NULL!,Yes,200.0,150.0,0.0,6000.0,No,#NULL!,#NULL!,,2012,#NULL!,Normal,Generator,25,No,No,#NULL!,Fun,,,,,No,,Yes,7.0,#NULL!,2.0,,5.0,6.0,No,Yes,4.0,6.0,,,2012,Normal,Other (please s,Dayliff,,,#NULL!,https://api.mwater.co/v3/images/0e57b8f53d164856af83ba7c1a37acf6; https://api.mwater.co/v3/images/3ea12d8e700c43f9877bb0443ede3a19,,,,https://api.mwater.co/v3/images/23930765adfc4d0f829e5d140137c40b,,,,,Ismail Abdullahi,Scheme operator,,728287297.0000000000000,,,#NULL!,Yes,SweetSense,,Water management committee,WASHCO or Utility is active,Cash,,Cash,Tariff per Je,5.0,Yes,15,10,N/A,3.0,No,#NULL!,#NULL!,community tap,,0.5,A surface water source,4,Yes,Don't Know,Don't Know,,,,,,,#NULL!,
51,Ijara,,Kitere,-1.9513513700000000,40.145936540000000,Rural,#NULL!,800.0,12.0,Yes,200.0,#NULL!,Yes,0.0,20000.0,1300.0,30000.0,No,#NULL!,#NULL!,,2009,#NULL!,Normal,Hybrid,14,No,No,#NULL!,Fun,,,,,No,,No,#NULL!,#NULL!,2.0,,7.0,6.0,Yes,Yes,7.0,6.0,,,,,,,,,#NULL!,,Lorentz,,,https://api.mwater.co/v3/images/ee1d4fa7f21843dcb1d8146b84ba7218,,,,,Omar Mailu,Other (please s,Subcounty,727509302.0000000000000,,,#NULL!,Yes,SweetSense,,Water management committee,WASHCO or Utility is active,Cash,,Cash,Tariff per Je,5.0,Yes,N/A,7,N/A,3.0,No,#NULL!,#NULL!,community tap,,0.2,Other (please specify),0.5,Yes,Don't Know,Don't Know,,,,,,Borehole is being shared by two different communities.,#NULL!,
52,Fafi,,Bura,-1.0988019400000000,39.938917160000000,Rural,#NULL!,2000.0,20.0,No,#NULL!,#NULL!,No,#NULL!,#NULL!,#NULL!,#NULL!,No,#NULL!,#NULL!,,2011,#NULL!,Normal,Utility Power,8,No,No,#NULL!,Fun,,,,,No,,No,#NULL!,#NULL!,#NULL!,,7.0,7.0,No,No,7.0,7.0,,,,,,,,,#NULL!,,Other (pleas,Normal submer,,https://api.mwater.co/v3/images/4da84ecee59b405588502e1f1d6283a5,,,,,Kimanzi,Scheme operator,,728279319.0000000000000,,,#NULL!,Yes,SweetSense,,Water management committee,WASHCO or Utility is active,"Cash,",,Cash,Fixed tariff,500.0,No,,,,#NULL!,Yes,2000.0,10.0,household tap,,0.3,A different water tap,0.4,Yes,Don't Know,Don't Know,,,,,,,#NULL!,
53,Fafi,,Nanighi,-0.8554938700000000,39.864638290000000,Rural,#NULL!,320.0,10.0,No,#NULL!,#NULL!,No,#NULL!,#NULL!,#NULL!,#NULL!,No,#NULL!,#NULL!,,2010,#NULL!,Normal,Generator,2.2000000000000002,No,No,#NULL!,Fun,,,,,No,,No,#NULL!,#NULL!,2.0,,2.0,12.0,No,Yes,1.0,12.0,,,2010,Normal,Lister Petter,,,,#NULL!,https://api.mwater.co/v3/images/28dd174d606943739c3595738ce6ea15; https://api.mwater.co/v3/images/cd14a28c60d841e8b5a6ec6f9c123a47,Other (pleas,,,https://api.mwater.co/v3/images/7388c286e4864dccb363c3aa874eb28d,,,,,Abdullahi Aden Kunow,Scheme operator,,719853024.0000000000000,,,#NULL!,Yes,SweetSense,,Water management committee,WASHCO or Utility is active,Cash,,Water Kiosk,Fixed tariff,200.0,No,,,,#NULL!,Yes,500.0,6.0,household tap,,0.5,A different water tap,1,Yes,Don't Know,Don't Know,,,,,,,#NULL!,
54,lagdera,,shant abaq,#NULL!,#NULL!,Rural,20.00,500.0,4.0,No,#NULL!,#NULL!,Yes,1000.0,5000.0,1000.0,4500.0,Yes,2.0,10.0,,2009,170.0,Normal,Generator,12,No,No,#NULL!,Fun,,,,,No,,No,#NULL!,10-Jul-05,2.0,-Lack of trained personnel /lack of capacity for the operation and maint,7.0,6.0,Yes,Yes,0.0,0.0,,,2018,Normal,Perkins,,,,18.0,,,,,,,,GI 150 mm casi,The pump is in good condition .,Ibrahim,Woreda water of,,723394560.0000000000000,,,#NULL!,Yes,SweetSense,,"Utility (e.g., WASCO)",WASHCO or Utility is active,Cash,,Cash,Tariff per Je,2.0,Yes,10,5,0,2.0,No,#NULL!,#NULL!,Other (please specify),water kiosk,1.0,Other (please specify),1,Yes,2018,Water is safe,No,,,,,,#NULL!,
55,lagdera,,baraki,#NULL!,#NULL!,Rural,30.00,2000.0,2.0,No,#NULL!,#NULL!,Yes,500.0,2000.0,1000.0,5000.0,Yes,2.0,10.0,,2011,160.0,Normal,Generator,16,No,No,#NULL!,Fun,,,,,No,,No,#NULL!,9-Jul-05,2.0,"-Over pumping 
-Lack of proper maintance for the generator. 
-there's no",7.0,6.0,Yes,Yes,0.0,0.0,,,2018,Normal,Perkins,,,,#NULL!,,Grundfos,,,,,,GI casing 150,The submersible pump is in good condition.,Ibrahim,Woreda water of,,723394560.0000000000000,,,#NULL!,Yes,SweetSense,,"Utility (e.g., WASCO)",WASHCO or Utility is active,Cash,,Cash,Fixed tariff,0.0,Yes,10,5,5,3.0,No,#NULL!,#NULL!,Other (please specify),water kiosk,1.0,A surface water source,1,No,,,No,,,,,the borehole is a strategic water supply and plays major role.,#NULL!,
56,lagdera,,gurufa,#NULL!,#NULL!,Rural,25.00,800.0,3.0,No,#NULL!,#NULL!,Yes,1500.0,5000.0,1000.0,7000.0,Yes,2.0,10.0,,2011,160.0,Normal,Hybrid,8,No,No,#NULL!,Fun,,,,,Yes,Breakdown of the solar system.,Yes,0.0,10-Jul-05,#NULL!,One generator is not functioning.  The solar system is also out of servi,7.0,8.0,Yes,Yes,20.0,0.0,,,,,,,,,#NULL!,,Grundfos,,,,,,150mm GI casin,The submersible pump is not functioning.,Ibrahim,Woreda water of,,723394560.0000000000000,water officer,,0.00000000000,Yes,SweetSense,,"Utility (e.g., WASCO)",WASHCO or Utility is active,Cash,,Cash,Fixed tariff,0.0,Yes,10,5,5,3.0,No,#NULL!,#NULL!,Other (please specify),water kioks,1.0,A surface water source,1,Yes,2018,Water is safe,Fl,,,,,,#NULL!,
57,Lagdera,,skanska 2,#NULL!,#NULL!,Rural,25.00,3500.0,6.0,No,#NULL!,#NULL!,Yes,5000.0,10000.0,1000.0,15000.0,No,#NULL!,#NULL!,,2009,250.0,Normal,Utility Power,25,No,No,#NULL!,Non,,Other (please specify),The generator was stolen,5,,,Yes,120.0,9-Jul-05,0.0,There's no standby generator in case of borehole  breakdown while the on,7.0,12.0,No,Yes,3.0,3.0,,,,,,,,,#NULL!,,,,,,,,150 MM Gi casi,The submersible pump is  working and in Good conditio,Ibrahim,Other (please s,subcounty,723394560.0000000000000,Yunis,,#NULL!,Yes,SweetSense,,"Utility (e.g., WASCO)",WASHCO or Utility is active,Cash,,Cash,Fixed tariff,10.0,Yes,10,5,5,2.0,No,#NULL!,#NULL!,community tap,,1.0,A surface water source,1,Yes,Don't Know,Water is safe,Sa,,,,,The borehole is far from the community at a distance if 26 km.  The pipes are always prone to leaks and burst.,#NULL!,
58,Dadaab,,Hamey,#NULL!,#NULL!,Rural,25.00,500.0,2.0,No,#NULL!,#NULL!,Yes,3500.0,5000.0,200.0,9000.0,No,#NULL!,#NULL!,,2011,215.0,Normal,Generator,15,No,No,#NULL!,Fun,,,,,Yes,The submersible pump always fails .  The bor,Yes,20.0,#NULL!,3.0,"The pump failed, the drawpipes were dilapidated and was replaced with ne",7.0,12.0,No,Yes,6.0,3.0,,,2018,,Perkins,,,,#NULL!,,,,,,,,150 mm Go casi,The pump is currently functional.,Ahmed sheikh,Other (please s,subcounty,720906897.0000000000000,,,#NULL!,No,,,"Utility (e.g., WASCO)",WASHCO or Utility is active,Cash,,Cash,Fixed tariff,10.0,Yes,10,5,5,2.0,No,#NULL!,#NULL!,household tap,,1.0,A surface water source,3,No,,,No,,,,,The borehole is strategic one . it's located on a border point . during draught period The herders from the neighbo,#NULL!,
59,Dadaab,,Hagarbul,-0.4636665000000000,39.633166700000000,Rural,15.00,800.0,18.0,No,#NULL!,#NULL!,Yes,9000.0,5000.0,150.0,6500.0,Yes,5.0,10.0,The borehole is situated at strategic site .,2012,255.0,Doesn't function,Hybrid,21,Yes,Yes,#NULL!,Non,,Submersible pump failure,,3,,,Yes,30.0,9-Jul-05,2.0,The submersible pump is out of service  The Draw Pipes are also Dilapida,7.0,12.0,No,Yes,5.0,4.0,,,,,,,,,#NULL!,,,,,,,,150 MM Dia. Pv,The submersible pump is not functioning.,Ahmed sheikh,Other (please s,Water Off,720906897.0000000000000,Daud,,#NULL!,No,,,"Utility (e.g., WASCO)",WASHCO or Utility is active,Cash,,Cash,Fixed tariff,5.0,Yes,10,5,5,2.0,No,#NULL!,#NULL!,community tap,,1.0,A surface water source,1,Yes,2012,Water is safe,Sa,,,,,The borehole has a functionality issues.  The water committee need to be trained on the sustainability of the water,#NULL!,
60,Balambala,Sankur,Lago,#NULL!,#NULL!,Rural,27.00,72.0,10.0,No,#NULL!,#NULL!,Yes,50000.0,5000.0,5000.0,10000.0,No,#NULL!,#NULL!,,Not Sure,230.0,Normal,Generator,8,No,No,#NULL!,Fun,,,,,Yes,"Over-heating of generator,Generator is place",Yes,6.0,#NULL!,#NULL!,"Motor burnt,engine failure",7.0,6.0,Yes,No,4.0,2.0,,,Not Sure,Normal,Perkins,,JP30,None,50.0,https://api.mwater.co/v3/images/eb3a4a6f49aa49b087d621676964ad38,Grundfos,,,,Tesla,205,6,The pump is ok but it has no controller,Abdi shacow,Other (please s,Operator,706264733.0000000000000,,,#NULL!,No,,,No management organisation,,Cash,,Cash,Tariff per Je,20.0,Yes,10,5,N/A,3.0,No,#NULL!,#NULL!,Other (please specify),From the water point at trough,1.0,A surface water source,5,Yes,Don't Know,Don't Know,Sa,,,,,"No community tap,the water quality is saline hence need further test,management is not upto date require be trained",#NULL!,
61,Modogashe,Maalimin,skanksa,0.9040168000000000,39.319264600000000,Rural,26.00,500.0,1.0,No,#NULL!,#NULL!,Yes,200.0,300.0,20.0,3000.0,No,#NULL!,#NULL!,,2012,250.0,Normal,Generator,25,Yes,Yes,98379.000000000,Fun,,,,,No,,No,#NULL!,3-Feb-36,2.0,The borehole is saline and the community are not using for domestic purp,5.0,8.0,No,Yes,0.0,0.0,,,2012,Normal,Perkins,,0,0,0.0,,,,0,,0,0,"8"" steel",The pump is functional.,Yunis,Scheme operator,,0.0000000000000,0,,0.00000000000,No,,,"Utility (e.g., WASCO)",WASHCO or Utility is not active,Cash,,Cash,Fixed tariff,500.0,Yes,10,5,2,2.0,Yes,500.0,3.0,community tap,,0.0,A surface water source,6,No,,,No,,0,0,0,,#NULL!,
62,Balambala,Balambala,Balambala,-0.0435623000000000,39.059473800000000,Rural,15.00,1000.0,6.0,No,#NULL!,#NULL!,No,#NULL!,#NULL!,#NULL!,#NULL!,No,#NULL!,#NULL!,,2018,170.0,Normal,Generator,27,Yes,Yes,7372.000000000,Fun,,,,,No,,No,#NULL!,#NULL!,#NULL!,It has no functional problem,7.0,2.0,No,No,7.0,2.0,,,2018,Normal,Perkins,,Daylif,PG1804003515,31.0,https://api.mwater.co/v3/images/433c010714f64244b759c88b15a66b72,Grundfos,,,,,,GI pipe 8 inch,We were not able to get pump information from the ope,Kalif,WASHCO Chairper,,728457562.0000000000000,,,#NULL!,No,,,"Utility (e.g., WASCO)",WASHCO or Utility is active,Cash,,Cash,Fixed tariff,600.0,No,,,,#NULL!,No,#NULL!,#NULL!,household tap,,1.0,A surface water source,1,Yes,2018,Water is safe,,,,,,,#NULL!,
63,Balambala,Balambala,Kasha,#NULL!,#NULL!,Rural,10.00,250.0,30.0,No,#NULL!,#NULL!,No,#NULL!,#NULL!,#NULL!,#NULL!,No,#NULL!,#NULL!,,2015,5.0,Poor,Generator,35,No,No,#NULL!,Non,,Other (please specify),Flood,8,,,Yes,240.0,10-Jul-05,1.0,Main cause of functionality problem is flood   it took away intake syste,6.0,3.0,No,No,6.0,3.0,,,2015,Doesn't function,Lister Petter,,Germany,04008615TR3A,25.9,https://api.mwater.co/v3/images/1cdb8474851f41afa4c68043efa2eb02,,,,,,,,,Chief,WASHCO member,,723865858.0000000000000,,,#NULL!,No,,,"Utility (e.g., WASCO)",WASHCO or Utility is active,Cash,,Cash,Tariff per Je,20.0,No,,,,#NULL!,No,#NULL!,#NULL!,community tap,,1.0,A surface water source,3,Yes,Don't Know,Water is safe,No,,,,,The system is not working now but it's on rehabilitation.,#NULL!,
64,Balambala,Danyere ward,Sikley,-0.0689545000000000,38.740628400000000,Rural,5.00,50.0,10.0,No,#NULL!,#NULL!,No,#NULL!,#NULL!,#NULL!,#NULL!,No,#NULL!,#NULL!,,2013,20.0,Doesn't function,Generator,15,No,No,#NULL!,Non,https://api.mwater.co/v3/images/54ae57cc591544f6bf64f728d55f9244,Submersible pump failure,,2510,,,Yes,2510.0,5-Jul-05,7.0,"Engine problem,Water kiosk and storage problem
Pump failure",0.0,0.0,No,No,0.0,0.0,,,2013,Doesn't function,,Unknown,,,#NULL!,https://api.mwater.co/v3/images/51dd921ab1a849f38219a1cc8e8815c1,,,,,,,,The system has been affected by flood therefore we we,Ibrahim,WASHCO Chairper,,704093555.0000000000000,,,#NULL!,No,,,No management organisation,,No Pa,,No Payment Ma,No payment,#NULL!,No,,,,#NULL!,No,#NULL!,#NULL!,community tap,,2.0,A surface water source,Don't K,Yes,2013,Water is safe,No,,,,,,#NULL!,
65,Lagdera,Baraki,Baraki,#NULL!,#NULL!,Rural,25.00,500.0,1.0,No,#NULL!,#NULL!,Yes,300.0,200.0,50.0,2000.0,No,#NULL!,#NULL!,,2000,108.0,Normal,Hybrid,10,No,No,#NULL!,Fun,,,,,No,,No,#NULL!,2-Jan-00,#NULL!,The submersible pump failed.,8.0,6.0,No,Yes,3.0,0.0,,,,,,,,,#NULL!,,Lorentz,,0,https://api.mwater.co/v3/images/e7e0784c48654895a5001368c1b34aae,0,,150 MM G.Im,The pump is functional.,0,Scheme operator,,0.0000000000000,,,0.00000000000,No,,,"Utility (e.g., WASCO)",WASHCO or Utility is not active,Cash,,Cash,Fixed tariff,0.0,Yes,5,3,0,1.0,No,#NULL!,#NULL!,community tap,,0.0,A surface water source,6,No,,,No,,,,,,#NULL!,
66,Balambala,Sankur,Shimbirey,-0.0468752000000000,39.498953300000000,Rural,35.00,150.0,2.0,No,#NULL!,#NULL!,Yes,100.0,100.0,200.0,500.0,No,#NULL!,#NULL!,,2002,280.0,Normal,Generator,10,No,No,#NULL!,Fun,,,,,Yes,Mansonary tank constructed but piping connec,No,#NULL!,30-Sep-27,#NULL!,Production is very low compare to the  demand.,5.0,2.0,Yes,Yes,2.0,1.0,,,2013,Poor,Perkins,,,,#NULL!,https://api.mwater.co/v3/images/a3c5faa7ce5241eeab59fb8e913f5e45; https://api.mwater.co/v3/images/039607e6731c41c786cb6b7f96ac90a7,,,,,,,8,We were not able to access pump information from the,Issak,Other (please s,Operator,726115639.0000000000000,,,#NULL!,Yes,SweetSense,,No management organisation,,Cash,,Cash,Tariff per Je,20.0,Yes,10,5,5,3.0,No,#NULL!,#NULL!,Other (please specify),The water is saline most of the comm,0.0,A surface water source,Don't K,Yes,Don't Know,Water is unsaf,Sa,,,,,The borehole is saline far from community,#NULL!,
67,Lagdera,Shanta Abaq,Shanta abaq,#NULL!,#NULL!,Rural,20.00,600.0,1.0,No,#NULL!,#NULL!,Yes,2000.0,2000.0,500.0,10000.0,Yes,0.0,0.0,Water trucking is being done during the wet s,2008,150.0,Normal,Generator,10,No,No,#NULL!,Fun,,,,,Yes,The pump fails. The draw pipes are always pr,Yes,5.0,#NULL!,#NULL!,The stanby genset is not working. The injector pump needs to to be repla,12.0,8.0,Yes,Yes,3.0,9.0,,,2017,Normal,Perkins,,JP 920,GV83540u9033,#NULL!,https://api.mwater.co/v3/images/bea031fac9d14e53b210aec5f5adc4e0; https://api.mwater.co/v3/images/b50c21e5d9c74ed4b240e326282e4588,Other (pleas,Dayliff,,https://api.mwater.co/v3/images/b6f9365cc9644c56967548ee7a907ce5,,,150 MM GI casi,The pump is functioning.,daud  Yussuf,Scheme operator,,714648220.0000000000000,Abdullahi Dunte,,723245258.00000000000,No,,,Water management committee,WASHCO or Utility is not active,Cash,,Cash,Tariff per cu,1500.0,Yes,15,5,0,1.0,No,#NULL!,#NULL!,Other (please specify),water pan,6.0,A surface water source,6,No,,,,,,,,,#NULL!,
68,Balambala,Danyere,Danyere,0.0195832000000000,38.739255900000000,Rural,#NULL!,130.0,50.0,No,#NULL!,#NULL!,No,#NULL!,#NULL!,#NULL!,#NULL!,No,#NULL!,#NULL!,,2015,#NULL!,Doesn't function,Unknown,0,No,No,#NULL!,Non,https://api.mwater.co/v3/images/7372ebf5b52c447d93100f805ecb3149,Other (please specify),Not operational,7,,,Yes,2510.0,#NULL!,0.0,Intake is from river source treatment plant and storage done but piping,0.0,0.0,No,No,0.0,0.0,,,,,,,,,#NULL!,,Other (pleas,,,,,,,Not yet installed,Ismail,WASHCO member,,723820503.0000000000000,,,#NULL!,No,,,No management organisation,,No Pa,,No Payment Ma,No payment,#NULL!,No,,,,#NULL!,No,#NULL!,#NULL!,Other (please specify),Nothing is working,0.0,A surface water source,2,No,,,,,,,,This a new project only piping is yet to be connected to the storage,#NULL!,
69,Balambala,Jarjara,Kone,-0.0313935000000000,38.985983400000000,Rural,10.00,100.0,30.0,No,#NULL!,#NULL!,No,#NULL!,#NULL!,#NULL!,#NULL!,No,#NULL!,#NULL!,,2018,10.0,Normal,Generator,15,No,No,#NULL!,Fun,,,,,No,,No,#NULL!,#NULL!,#NULL!,It has no functional problem,5.0,2.0,No,Yes,4.0,1.0,,,2018,Normal,Perkins,,,,#NULL!,https://api.mwater.co/v3/images/6fb80a9d7f5545a9888dcaf687557e66,,,,,,,,,Abdi,WASHCO member,,723145680.0000000000000,,,#NULL!,No,,,No management organisation,,Cash,,Cash,Tariff per Je,20.0,No,,,,#NULL!,No,#NULL!,#NULL!,community tap,,1.0,A surface water source,3,Yes,Don't Know,Water is safe,,,,,,,#NULL!,
70,Lagdera,sabena,Gurufa,#NULL!,#NULL!,Rural,20.00,300.0,1.0,No,#NULL!,#NULL!,Yes,300.0,1000.0,500.0,2500.0,No,#NULL!,#NULL!,,2007,150.0,Normal,Generator,14,No,No,#NULL!,Fun,,,,,Yes,Currently non.,Yes,0.0,9-Jul-05,2.0,The control panel failed and later replaced. The injector pump for the G,5.0,6.0,Yes,Yes,2.0,5.0,,,2017,Normal,Perkins,,,,#NULL!,https://api.mwater.co/v3/images/b9ceda9d622549bcbffe7c09c111dd79; https://api.mwater.co/v3/images/32be9dbb9c8843f1afc79027e0763898,Other (pleas,dayliff,,https://api.mwater.co/v3/images/cfa7e8a60f0f4d109c013332e05db4fb,,,,The pump is functional. There's a standby gensets on,Ali Daud,Scheme operator,,700235950.0000000000000,Abdikani,Treasurer.,723590139.00000000000,No,,,Water management committee,WASHCO or Utility is not active,Cash,,Cash,Tariff per cu,100.0,Yes,10,5,0,1.0,No,#NULL!,#NULL!,community tap,,0.0,Other (please specify),6,No,,,,,,,,This is an EDE borehole. there's a need to provide solar energy to cut the cost.,#NULL!,
71,Lagdera,Baraki ward,Afweyne,#NULL!,#NULL!,Rural,45.00,500.0,2.0,No,#NULL!,#NULL!,Yes,500.0,200.0,100.0,3000.0,No,#NULL!,#NULL!,,2013,0.0,Doesn't function,Unknown,0,No,No,#NULL!,Non,,Other (please specify),the pan embarkment has been swept a way,12,,,Yes,0.0,8-Jul-05,2.0,The Water Pan embarkment has been swept away by floods. The inlet is clo,0.0,0.0,Yes,No,0.0,0.0,,,,,,,,,#NULL!,,Other (pleas,,,,,,,,Chief,Scheme operator,,0.0000000000000,0,Area Chief,0.00000000000,No,,,"Utility (e.g., WASCO)",WASHCO or Utility is active,No Pa,,No Payment Ma,No payment,#NULL!,Yes,0,0,0,0.0,No,#NULL!,#NULL!,Other (please specify),they go to  to Baraki which is 45 km,0.0,Other (please specify),12,No,,,,,,,,,#NULL!,
72,Balambala,Balambala,Abdisamad,#NULL!,#NULL!,Rural,35.00,300.0,25.0,No,#NULL!,#NULL!,No,#NULL!,#NULL!,#NULL!,#NULL!,No,#NULL!,#NULL!,,2009,170.0,Normal,Generator,3,No,No,#NULL!,Fun,,,,,No,,No,#NULL!,#NULL!,#NULL!,"It has no fencing,distribution line and community tap",7.0,5.0,Yes,Yes,3.0,3.0,,,2008,Poor,Lister Petter,,England,,#NULL!,https://api.mwater.co/v3/images/2752e5b90d2045aab1b17154e7cb0ac5,Grundfos,,,https://api.mwater.co/v3/images/e7a8f587e31541f0a91e6a953d5ef886,,,GI 8 inch,,Mohamed,Scheme operator,,742994058.0000000000000,,,#NULL!,No,,,No management organisation,,Cash,,Cash,Tariff per Je,20.0,Yes,N/A,5,5,3.0,No,#NULL!,#NULL!,Other (please specify),At troughs,1.0,A different water tap,3,Yes,Don't Know,Water is safe,No,,,,,,#NULL!,
73,Balambala,Danyere,Block Mudey,-0.0597068000000000,38.968280000000000,Rural,10.00,150.0,30.0,No,#NULL!,#NULL!,No,#NULL!,#NULL!,#NULL!,#NULL!,No,#NULL!,#NULL!,,2015,15.0,Poor,Generator,7.5,No,No,#NULL!,Par,https://api.mwater.co/v3/images/0392f0f09f914eecbae5a3361ea4114b,Distribution pipeline or taps failure,,12,Yes,"Intake is not properly placed 
Distribution",Yes,12.0,#NULL!,3.0,"Storage problems
Pipe leakages 
Engine overheating",5.0,2.0,No,No,7.0,2.0,,,2015,Poor,Lister Petter,,England,12011439TR2A,11.0,https://api.mwater.co/v3/images/97164737d2b0413aa39957a17ad41749,Other (pleas,No pump contr,,,,,,No pump available at river source,Mohamed,WASHCO Chairper,,702704536.0000000000000,,,#NULL!,No,,,"Utility (e.g., WASCO)",WASHCO or Utility is not active,No Pa,,No Payment Ma,No payment,#NULL!,No,,,,#NULL!,No,#NULL!,#NULL!,community tap,,1.0,A surface water source,3,No,,,No,,,,,"System is a river water source with no proper intake,distribution and storage.it requires improvement and rehabilit",#NULL!,
74,,,Bula kurow,#NULL!,#NULL!,Rural,10.00,60.0,20.0,No,#NULL!,#NULL!,No,#NULL!,#NULL!,#NULL!,#NULL!,No,#NULL!,#NULL!,,2017,40.0,Normal,Generator,18,No,No,#NULL!,Fun,,,,,No,,Yes,0.0,25-Nov-32,#NULL!,No functioning problems,5.0,2.0,No,No,3.0,3.0,,,2017,Normal,Perkins,,Germany,,#NULL!,,,,,,,,,We were not able to get pump information because the,Abdullahi,WASHCO member,,710461627.0000000000000,,,#NULL!,No,,,No management organisation,,No Pa,,No Payment Ma,No payment,#NULL!,No,,,,#NULL!,No,#NULL!,#NULL!,community tap,,1.0,A different water tap,3,Yes,Don't Know,Water is safe,No,,,,,,#NULL!,
75,Lagdera,Sabena,Gurufa,#NULL!,#NULL!,Rural,17.00,300.0,1.0,No,#NULL!,#NULL!,Yes,300.0,500.0,200.0,3000.0,No,#NULL!,#NULL!,,2000,150.0,Normal,Hybrid,8,No,No,#NULL!,Fun,,,,,No,,No,#NULL!,#NULL!,#NULL!,,5.0,8.0,Yes,Yes,7.0,5.0,,,,,,,,,#NULL!,,,,,,,,"8"" steel casin",The pump is functional.,daud,Scheme operator,,717785425.0000000000000,chief,Chief,717785425.00000000000,Yes,SweetSense,,"Utility (e.g., WASCO)",WASHCO or Utility is active,Cash,,Cash,Tariff per Je,5.0,Yes,10,5,3,2.0,No,#NULL!,#NULL!,community tap,,1.0,A surface water source,8,No,,,,,,,,,#NULL!,
76,,,Skanska borehole two.,#NULL!,#NULL!,Rural,26.00,500.0,1.0,No,#NULL!,#NULL!,Yes,300.0,600.0,200.0,2500.0,No,#NULL!,#NULL!,,2013,150.0,Normal,Generator,20,No,No,#NULL!,Fun,,,,,No,,No,#NULL!,9-Jul-05,2.0,The submersible pump broke.,4.0,6.0,Yes,Yes,4.0,2.0,,,2018,Normal,Perkins,,,,#NULL!,,,,,,,,"8"" steel",The pump is working,Yunis,Scheme operator,,0.0000000000000,,,#NULL!,No,,,"Utility (e.g., WASCO)",WASHCO or Utility is active,Cash,,Cash,Fixed tariff,#NULL!,Yes,,,,#NULL!,No,#NULL!,#NULL!,community tap,,0.2,Rainwater,6,No,,,,,,,,,#NULL!,
77,Lagdera,Maalimin,Maalimin,0.3774507000000000,39.338925700000000,Rural,45.00,400.0,1.0,No,#NULL!,#NULL!,Yes,100.0,300.0,100.0,#NULL!,No,#NULL!,#NULL!,,2015,#NULL!,Poor,,20,Yes,Yes,#NULL!,Par,,Other (please specify),the water pan is fully stilted,12,Yes,The pan has alot of silted.,No,#NULL!,#NULL!,#NULL!,,0.0,0.0,No,Yes,#NULL!,#NULL!,,,,,,,,,#NULL!,,,,,,,,,,chief,Other (please s,Area Chie,0.0000000000000,,,#NULL!,No,,,"Utility (e.g., WASCO)",WASHCO or Utility is active,No Pa,,No Payment Ma,No payment,#NULL!,No,,,,#NULL!,No,#NULL!,#NULL!,Other (please specify),water trucking,8.0,Other (please specify),8,No,,,,,,,,,#NULL!,
78,Lagdera,Maalimin,Dihle,#NULL!,#NULL!,Rural,15.00,230.0,1.0,No,#NULL!,#NULL!,Yes,200.0,500.0,20.0,1000.0,No,#NULL!,#NULL!,,2015,150.0,Doesn't function,Generator,8,No,No,#NULL!,Aba,https://api.mwater.co/v3/images/109fb182019a40d597583171ddafa1aa,Generator failure,,24,,,Yes,30.0,9-Jul-05,5.0,The Genset broke down. The control panel is not functioning. The pump ho,6.0,8.0,No,Yes,6.0,3.0,,,2011,Doesn't function,Lister Petter,,,,#NULL!,https://api.mwater.co/v3/images/b23711114d344530bf695f086e08da1b,,,,,,,"6"" GI.",The pump is functional. The Genset is not working.,daud,Scheme operator,,0.0000000000000,0,,0.00000000000,No,,,"Utility (e.g., WASCO)",WASHCO or Utility is active,Cash,,Cash,Fixed tariff,500.0,Yes,10,5,0,2.0,No,#NULL!,#NULL!,community tap,,6.0,A surface water source,6,No,,,,,,,,,#NULL!,
79,Lagdera,Maalimin,Maalimin Ward,0.3739732000000000,39.346030200000000,Rural,#NULL!,400.0,1.0,No,#NULL!,#NULL!,Yes,#NULL!,100.0,500.0,3500.0,No,#NULL!,#NULL!,,2007,3.0,Normal,Unknown,20000,No,No,#NULL!,Fun,,,,,Yes,A lot of silt has been deposited. Thorough d,No,#NULL!,9-Jul-05,#NULL!,The pan needs desilting to increase the volume/ capacity.,0.0,0.0,No,No,0.0,0.0,,,,,,,,,#NULL!,,,,,,,,,,chief,Other (please s,chief,0.0000000000000,0,,0.00000000000,No,,,"Utility (e.g., WASCO)",WASHCO or Utility is active,No Pa,,No Payment Ma,No payment,#NULL!,No,,,,#NULL!,No,#NULL!,#NULL!,Other (please specify),borehole.,6.0,Other (please specify),6,No,,,No,,,,,,#NULL!,
80,Lagdera,Modogashe,Modogashe,#NULL!,#NULL!,Urban,26.00,10000.0,3.0,No,#NULL!,#NULL!,Yes,0.0,0.0,0.0,0.0,Yes,3.0,7.0,The sand dam has a good water quality.,2018,8.0,Normal,Utility Power,30,Yes,No,0.000000000,Par,,Other (please specify),infiltration gallery has been swept away,6,Yes,The area is prone to flooding. During the ra,No,#NULL!,10-Jul-05,#NULL!,The sandam is always destroyed by the heavy rains as this is a seasonal,7.0,6.0,No,Yes,6.0,6.0,,,,,,,,,#NULL!,,,,,https://api.mwater.co/v3/images/a71953bc5b504acebacf76caedc58eac,,,3.4 m diameter,This is sand dam. It's a combination of both diesel r,Abdikar ore,Other (please s,water ins,0.0000000000000,Abdikar Ore,water inspector,726952528.00000000000,No,,,"Utility (e.g., WASCO)",WASHCO or Utility is not active,Cash,,Cash,Fixed tariff,500.0,No,,,,#NULL!,Yes,1000.0,10.0,household tap,,0.0,Other (please specify),1,No,,,No,,,,,,#NULL!,
81,Modogashe,Maalimin,skanksa,0.9296470000000000,39.326819300000000,Rural,26.00,500.0,23.0,No,#NULL!,#NULL!,Yes,200.0,300.0,20.0,#NULL!,Yes,0.0,0.0,the water is saline,2007,3.0,Poor,,20,No,,#NULL!,Par,,Insufficient water at source,,,No,,Yes,0.0,#NULL!,#NULL!,"The water pan is silted up and needs desilting. The inlet ,strap and emb",0.0,0.0,No,No,0.0,0.0,,,,,,,,,#NULL!,,,,,,,,,,Ibrahim Omar,Woreda water of,,72339456.0000000000000,Area Chief,,722563936.00000000000,No,,,"Utility (e.g., WASCO)",WASHCO or Utility is active,Other,none,No Payment Ma,No payment,#NULL!,No,,,,#NULL!,No,#NULL!,#NULL!,Other (please specify),borehole that's located 45 km from t,0.0,Other (please specify),8,No,,,,,,,,,#NULL!,
82,Dadaab,Dadaab,Bulla Daidai,0.0428919000000000,40.302437000000000,Rural,1.00,300.0,1.0,No,#NULL!,#NULL!,Yes,0.0,0.0,50.0,200.0,No,#NULL!,#NULL!,,2011,156.0,Normal,Generator,20,No,,#NULL!,Fun,,,,,Yes,Alternator and fuel pump faulty This could l,Yes,2.0,#NULL!,3.0,Submersible pump replaced but the Water point has very poor service shed,7.0,8.0,No,Yes,7.0,8.0,,,2014,Normal,Perkins,,FG Wilson 25kva,Dj5150619320,18.0,https://api.mwater.co/v3/images/602ee8d0bacd487ca5ddc12659c2365c; https://api.mwater.co/v3/images/164302b6131a45398dd7110d87748c24,Grundfos,,96079927 v08,https://api.mwater.co/v3/images/699e406fecbd4cc4b3b513d711335dbb,11.8,,6,The pump is functioning well but the pump Attendants,Ahmed Sheikh,Other (please s,SCWO,720906897.0000000000000,,,#NULL!,No,,,Water management committee,WASHCO or Utility is active,Cash,,Cash,Fixed tariff,1700.0,Yes,10,0,0,2.0,Yes,1700.0,2.0,community tap,,2.0,Other (please specify),4,No,,,,,,,,Borehole needs timely service and also requires a meter,#NULL!,
83,Dadaab,Abakaile,Kamuthe,0.2444067000000000,39.929743300000000,Rural,15.00,300.0,1.0,No,#NULL!,#NULL!,Yes,5000.0,500.0,200.0,6000.0,No,#NULL!,#NULL!,,2016,168.0,Normal,Hybrid,18,Yes,Yes,49392.000000000,Fun,,,,,No,,Yes,3.0,10-Jan-00,3.0,The Generating set is new but pump attendants need Capacity building,7.0,8.0,No,Yes,5.0,4.0,,,,,,,,,#NULL!,,Other (pleas,Davis,1PDP315 C/W,https://api.mwater.co/v3/images/dd832690690a44469626d91fb4699266,11,229,GI 6,Pump attendants lacks capacity building,Ahmed sheikh,Other (please s,SCwo,720906897.0000000000000,,,#NULL!,No,,,Water management committee,WASHCO or Utility is active,Cash,,Cash,Tariff per Je,5.0,Yes,10,5,0,2.0,No,#NULL!,#NULL!,community tap,,2.0,Other (please specify),12,No,,,,,,,,,#NULL!,
84,Dadaab,Abakaile,Madina,0.4057367000000000,39.870523300000000,Rural,18.00,400.0,2.0,No,#NULL!,#NULL!,Yes,10000.0,15000.0,5000.0,20000.0,Yes,4.0,6.0,Water tracking is usually done during a break,2015,162.0,Normal,Hybrid,20,Yes,Yes,42008.000000000,Fun,,,,,Yes,The sensors controls Unit is defective and c,Yes,30.0,#NULL!,3.0,The facillity was having no much functionality problems over the year bu,7.0,8.0,No,Yes,4.0,4.0,,,,,,,,,#NULL!,,Other (pleas,Davis,Sunverter 2,https://api.mwater.co/v3/images/840b592449b84884bfc2f1945d5d4e7e,11,229,6 GI,The well pump is Okey but the generator require servi,Ahmed sheikh,Other (please s,SCWO,720906897.0000000000000,,,#NULL!,No,,,Water management committee,WASHCO or Utility is active,Cash,,Cash,Tariff per Je,5.0,Yes,10,5,N/A,1.0,No,#NULL!,#NULL!,community tap,,2.0,Other (please specify),8,No,,,,,,,,,#NULL!,
85,Dadaab,Abakaile,Marothiley,0.1597600000000000,40.090606700000000,Rural,13.00,200.0,2.0,No,#NULL!,#NULL!,Yes,1000.0,0.0,50.0,5000.0,No,#NULL!,#NULL!,,2015,140.0,Normal,Hybrid,17,Yes,Yes,51146.000000000,Fun,,,,,No,,Yes,2.0,#NULL!,3.0,Frequent Breakdown due to poor maintainance and managed by unskilled pu,7.0,8.0,No,Yes,5.0,5.0,,,,,,,,,#NULL!,,Other (pleas,Daylif,Daylif manual ch,https://api.mwater.co/v3/images/1b1a24a2788e446f8ab8c88e743cf5b4,11,17,6,Well pump requires to be attended by trained Operator,Ahmed sheikh,Other (please s,SCWO,720906897.0000000000000,,,#NULL!,No,,,Water management committee,WASHCO or Utility is active,Cash,,Cash,Tariff per Je,5.0,Yes,10,5,0,1.0,Yes,1000.0,1.0,community tap,,2.0,Other (please specify),12,No,,,,,,,,,#NULL!,
86,Dadaab,Dertu,Bahuri,0.1442975000000000,39.683322500000000,Rural,2.00,50.0,2.0,No,#NULL!,#NULL!,Yes,300.0,200.0,1000.0,1500.0,No,#NULL!,#NULL!,,2014,174.0,Normal,Hybrid,22,No,,#NULL!,Fun,,,,,,,Yes,2.0,10-Jan-00,3.0,Lack of proper maintenance,7.0,8.0,No,Yes,4.0,4.0,,,,,,,,,#NULL!,,Grundfos,,,https://api.mwater.co/v3/images/0c3e1262f1184090a086d33def337de7,11,22,6,No storage tank water pumped directly to a dug hole u,Ahmed sheikh,Other (please s,SCWO,720906897.0000000000000,,,#NULL!,Yes,SweetSense,,Water management committee,WASHCO or Utility is active,Cash,,Cash,Tariff per Je,2.0,Yes,10,2,0,1.0,No,#NULL!,#NULL!,community tap,,2.0,Other (please specify),8,No,,,,,,,,,#NULL!,
87,Dadaab,Dadaab,Dadaab Central Borehole 1,0.0550499000000000,40.308694300000000,Rural,1.00,300.0,2.0,No,#NULL!,#NULL!,No,#NULL!,#NULL!,#NULL!,#NULL!,No,#NULL!,#NULL!,,1992,108.0,Normal,Utility Power,20,No,,#NULL!,Fun,,,,,,,No,#NULL!,#NULL!,#NULL!,Generator failed as it was old and therefore had frequent breakdown. The,7.0,8.0,No,Yes,5.0,5.0,,,,,,,,,#NULL!,,,,,,11,20,GI 6,This is the only Water point using Electrical power a,Ahmed sheikh,Other (please s,SCWO for,720906897.0000000000000,,,#NULL!,No,,,Water management committee,WASHCO or Utility is active,Cash,,Cash,Fixed tariff,1700.0,No,,,,#NULL!,Yes,33000.0,2.0,household tap,,2.0,Other (please specify),4,No,,,,,,,,,#NULL!,
88,Dadaab,Abakaile,Alikune,0.3332000000000000,40.044068300000000,Rural,8.00,350.0,1.0,No,#NULL!,#NULL!,Yes,500.0,2000.0,2500.0,10000.0,No,#NULL!,#NULL!,,2002,156.0,Normal,Generator,20,No,,#NULL!,Par,https://api.mwater.co/v3/images/9c677d9a6924405b9bc491a349196159,Other (please specify),Lack of proper maintainance,12,Yes,"Storage tank leaking all sides, Rising main",Yes,2.0,10-Jul-05,4.0,The water point needs proper service to avoid frequent breakdown,7.0,8.0,No,Yes,4.0,5.0,,,,Poor,Other (please s,Daylif,Perkin,Dj51323U1262,7.0,https://api.mwater.co/v3/images/6e90fb23cc114471bde8644f074d31d4; https://api.mwater.co/v3/images/81039bd665f549329ef708697e526fdb,Grundfos,,96079927 V08,https://api.mwater.co/v3/images/031fdc1a253a41abab75b92505e642f6,11,22,Steel 6,Overall rehabilitation required Urgently,Ahmed Sheikh,Other (please s,SCWO,720906897.0000000000000,,,#NULL!,Yes,SweetSense,,Water management committee,WASHCO or Utility is active,Cash,,Cash,Tariff per Je,5.0,Yes,10,4,0,1.0,Yes,3000.0,2.0,community tap,,2.0,Other (please specify),8,No,,,,,,,,,#NULL!,
89,Dadaab,Dertu,Uthole,0.3174433000000000,39.977940000000000,Rural,25.00,300.0,1.0,No,#NULL!,#NULL!,Yes,500.0,0.0,500.0,10000.0,Yes,3.0,3.0,Water tracking helps during breakdown in dry,2011,177.0,Normal,Generator,20,No,No,#NULL!,Fun,,,,,No,,No,#NULL!,#NULL!,#NULL!,The water meter was removed by Red cross officials as per information re,7.0,8.0,No,Yes,4.0,4.0,,,2013,Normal,Perkins,,Davis,,50.0,,Grundfos,,,https://api.mwater.co/v3/images/4c6f07fb879e47f08b32920c595f35a9,11,229,GI 8,This water supply well has been Operating well but un,Ahmed sheikh,Other (please s,SCWO,720906897.0000000000000,,,#NULL!,No,,,Water management committee,WASHCO or Utility is active,Cash,,Cash,Fixed tariff,2.0,Yes,10,5,0,1.0,No,#NULL!,#NULL!,community tap,,2.0,Other (please specify),6,No,,,,,,,,,#NULL!,
90,Dadaab,Dertu,Bahuri,0.1320583000000000,39.676110000000000,Rural,26.00,630.0,2.0,No,#NULL!,#NULL!,Yes,1000.0,1000.0,3000.0,7000.0,No,#NULL!,#NULL!,,2008,198.0,Normal,Hybrid,22,No,,#NULL!,Fun,,,,,Yes,Generator is very old and is leaking oil and,Yes,2.0,31-Jan-00,4.0,Lack of proper service courses frequent breakdown,7.0,8.0,No,Yes,4.0,4.0,,,,,,,,,#NULL!,,Other (pleas,Dailiff,1PDP304 MA PP CL,https://api.mwater.co/v3/images/dec9b817550b4c1f8e87c73f2a3303a3,11,8,GI 6,The well has a very old and frequently breaks require,Ahmed sheikh,Other (please s,SCWO,720906897.0000000000000,,,#NULL!,No,,,Water management committee,WASHCO or Utility is active,Cash,,Cash,Tariff per Je,1.0,Yes,10,5,0,1.0,Yes,250.0,1.0,community tap,,2.0,Other (please specify),8,No,,,,,,,,,#NULL!,
91,Dadaab,Dertu,Bahuri Borehole 2,0.1447250000000000,39.683505300000000,Rural,2.00,100.0,2.0,No,#NULL!,#NULL!,Yes,300.0,100.0,1500.0,1000.0,No,#NULL!,#NULL!,,2014,174.0,Normal,Hybrid,18,No,,#NULL!,Fun,,,,,,,Yes,1.0,#NULL!,3.0,Lack of maintainance and timely repairs.,7.0,8.0,No,Yes,4.0,4.0,,,,,,,,,#NULL!,,Grundfos,,,,11,18,6,,Ahmed sheikh,Other (please s,SCWO,720906897.0000000000000,,,#NULL!,No,,,Water management committee,WASHCO or Utility is active,Cash,,Cash,Tariff per Je,5.0,Yes,10,5,0,2.0,No,#NULL!,#NULL!,community tap,,2.0,Other (please specify),10,No,,,,,,,,,#NULL!,
92,Dadaab,Abakaile,Kumahumato,0.1745433000000000,40.061573300000000,Rural,8.00,400.0,1.0,No,#NULL!,#NULL!,Yes,400.0,1000.0,1500.0,3000.0,Yes,3.0,3.0,Water tracking should stop as the water point,1982,#NULL!,Normal,Generator,18,No,,#NULL!,Fun,,,,,Yes,Lack of proper maintainable poor state of di,No,#NULL!,10-Jul-05,3.0,"Defective generator and pump leaking storage tank,leaking pipes,destroye",7.0,8.0,No,Yes,3.0,4.0,,,2002,Poor,Perkins,,P27p1,Dj51323u1760,38.0,https://api.mwater.co/v3/images/44c3156fec0c49e19be5bc5ebbcb6e4d; https://api.mwater.co/v3/images/32d4dc9d7def416da155d83a5d13b068,Grundfos,,PEPP4,https://api.mwater.co/v3/images/fe6e987c1f1d48be9b4db9551ea278e8,11,20,GI 6,Facillity  needs General rehabilitation,Ahmed Sheikh,Other (please s,SCWO,720906897.0000000000000,,,#NULL!,Yes,SweetSense,,Water management committee,WASHCO or Utility is active,Cash,,Cash,Tariff per Je,5.0,Yes,10,3,0,2.0,Yes,1700.0,2.0,community tap,,2.0,Other (please specify),5,No,,,,,,,,,#NULL!,
93,Dadaab,Dertu,Dertu,0.2757857000000000,39.804888500000000,Rural,2.00,5000.0,5.0,No,#NULL!,#NULL!,Yes,200.0,1000.0,3000.0,6000.0,Yes,3.0,3.0,Water tracking was stopped from this water po,2000,174.0,Normal,Generator,18,No,,#NULL!,Fun,,,,,Yes,Lack of proper maintainance due to poor mana,No,#NULL!,25-Jan-00,3.0,Poor maintainance,7.0,8.0,No,Yes,4.0,6.0,,,2014,Poor,,,Bailiff Isuzu 2,14-0292,50.0,https://api.mwater.co/v3/images/7fdc4dc0ae9545fc84e4b8133ddf6f0e; https://api.mwater.co/v3/images/2b7216857dd2490aa8d0c52ab013041f,Other (pleas,Dailiff,GD311,https://api.mwater.co/v3/images/7733171afb764625a3ad31c766834c24,11,22,,The facillity is not maintained well,Ahmed sheikh,Other (please s,SCWO,720906897.0000000000000,,,#NULL!,No,,,Water management committee,WASHCO or Utility is active,Cash,,Cash,Tariff per Je,5.0,Yes,10,3,0,2.0,Yes,3000.0,2.0,community tap,,2.0,Other (please specify),10,No,,,,,,,,The borehole water has high salinity and this increased mortality rate by 80%,#NULL!,
94,Dadaab,Damajaley,Damajaley Borehole 2,0.1039467000000000,40.788310000000000,Rural,2.00,1500.0,2.0,No,#NULL!,#NULL!,Yes,1000.0,50.0,100.0,6000.0,No,#NULL!,#NULL!,,2009,150.0,Poor,Generator,6,No,,#NULL!,Fun,,,,,No,,Yes,2.0,5-Jan-00,4.0,The facillity genset is old and the well production is low.over the past,7.0,8.0,No,Yes,5.0,5.0,,,2011,Poor,Lister Petter,,Lister,51279U301386,50.0,https://api.mwater.co/v3/images/212878a4515144668896d0e5f650a3bc; https://api.mwater.co/v3/images/2bd1883f0e384209962afc23d0080ea7,Grundfos,,,https://api.mwater.co/v3/images/de2deecefd4c4339b850dafc0856d0e7,5.5,22,GI 6,The generator is in a poor state no visible labels or,Ahmed sheikh,Other (please s,SCWO,720906897.0000000000000,,,#NULL!,No,,,Water management committee,WASHCO or Utility is active,Cash,,Cash,Tariff per Je,5.0,Yes,10,5,0,2.0,No,#NULL!,#NULL!,community tap,,2.0,Other (please specify),8,No,,,,,,,,,#NULL!,
95,Dadaab,Dadaab,Bulla banaan,0.0528883000000000,40.314033300000000,Rural,1.00,150.0,1.0,No,#NULL!,#NULL!,No,#NULL!,#NULL!,#NULL!,#NULL!,No,#NULL!,#NULL!,,2014,192.0,Normal,Generator,17,No,,#NULL!,Fun,,,,,No,,No,#NULL!,5-Jan-00,1.0,Had a defective pump which was replaced,7.0,8.0,No,Yes,3.0,3.0,,,2014,Normal,Perkins,,1004j14,518tt8250100,7.0,https://api.mwater.co/v3/images/f0445b0076ce4149907aeaebfbef1715; https://api.mwater.co/v3/images/6c1cb89ddcd0438f87a7478dd8503d3d,Grundfos,,96079927 V08,https://api.mwater.co/v3/images/dda41720087b4f1bbcc1854037fea136,11,20,GI 6,Needs timely service and a meter to determine the dis,Ahmed Sheikh,Other (please s,SCWO,720906897.0000000000000,,,#NULL!,Yes,SweetSense,,Water management committee,WASHCO or Utility is active,Cash,,Cash,Fixed tariff,1700.0,No,,,,#NULL!,No,#NULL!,#NULL!,community tap,,2.0,Other (please specify),5,No,,,,,,,,Borehole needs fencing a meter and skilled pump attendant,#NULL!,
96,Dadaab,Damajaley,Bananey Qoqar,0.0292323000000000,40.576836800000000,Rural,18.00,800.0,1.0,No,#NULL!,#NULL!,Yes,1500.0,100.0,400.0,8000.0,No,#NULL!,#NULL!,,2015,230.0,Normal,Generator,15,No,No,#NULL!,Fun,,,,,No,,No,#NULL!,#NULL!,#NULL!,Genset failure,7.0,9.0,Not,Yes,7.0,6.0,,,2015,Normal,Other (please s,Janan,PH4JBIT,15-0054,#NULL!,https://api.mwater.co/v3/images/eded90f9c303473990122b2c5240d379; https://api.mwater.co/v3/images/ded458a5fc08409db509a52f73402dcc,Grundfos,,,https://api.mwater.co/v3/images/eb14af7cfba14ad79feec7d6c2cf4f24,11,,GI 6,,Ahmed Sheikh,Other (please s,SCWO,720906897.0000000000000,Mohamed Dahir,,724626740.00000000000,No,,,Water management committee,WASHCO or Utility is active,Cash,,Cash,Tariff per Je,5.0,Yes,10,5,0,1.0,No,#NULL!,#NULL!,Other (please specify),Nrxt near water point,2.0,A different water tap,10,No,,,,,,,,,#NULL!,
97,Dadaab,Abakaile,Guro 1,0.0272727000000000,39.986524300000000,Rural,3.00,200.0,100.0,No,#NULL!,#NULL!,Yes,600.0,2000.0,200.0,5000.0,No,#NULL!,#NULL!,,2015,186.0,Normal,Generator,12,No,No,#NULL!,Fun,,,,,Yes,underground pipes are steel and the water is,Yes,14.0,26-Jul-25,#NULL!,pump breakdowns,7.0,8.0,Yes,No,3.0,6.0,,,2015,Normal,Other (please s,Welland power,Rift power,104538,40.0,https://api.mwater.co/v3/images/30ba1465137f4f89828b9667d4694b33; https://api.mwater.co/v3/images/fcabf27f386c4a288299c203d4f1ada4,,,,https://api.mwater.co/v3/images/541495f927f44740b48a488f490fd4b5,7.5,,GI 6,,Ahmed sheikh,Other (please s,SCWO,720906897.0000000000000,Abdulahi mahat,,#NULL!,No,,,"Utility (e.g., WASCO)",WASHCO or Utility is active,Cash,,Cash,Fixed tariff,5.0,Yes,10,5,0,1.0,No,#NULL!,#NULL!,community tap,,7.0,Other (please specify),10,No,,,,,,,,,#NULL!,
98,Dadaab,Abakaile,Abakaile,0.0768136000000000,40.097168100000000,Rural,7.00,500.0,2.0,No,#NULL!,#NULL!,Yes,1100.0,1000.0,100.0,2000.0,No,#NULL!,#NULL!,,2017,138.0,Normal,Generator,18,Yes,Yes,26253.000000000,Fun,,,,,No,,No,#NULL!,17-Jun-62,#NULL!,automatic oil was not functioning,7.0,5.0,No,Yes,3.0,5.0,,,2017,Normal,Perkins,,Dk3,2502/1500,60.0,https://api.mwater.co/v3/images/3decd7348f2140a9bb68c4b6964aa8e0; https://api.mwater.co/v3/images/aa0147ce98be4c8a8cfcbcdd38b4b88d,,,,https://api.mwater.co/v3/images/2f24b3b6cd7c4a0e9dae66e94d0607d3,11,,GI 6,,Ahmed Sheikh,Other (please s,SCWO,720906897.0000000000000,Muktar Ibrahim,,717229419.00000000000,Yes,SweetSense,,"Utility (e.g., WASCO)",WASHCO or Utility is active,Cash,,Cash,Fixed tariff,5.0,Yes,10,5,0,1.0,Yes,1000.0,2.0,community tap,,7.0,A surface water source,24,Yes,2017,Water is safe,,,,,,,#NULL!,
99,Dadaab,Damajaley,Sheldub,-0.4727482000000000,39.642984800000000,Rural,15.00,400.0,1.0,No,#NULL!,#NULL!,Yes,5000.0,2000.0,200.0,2000.0,No,#NULL!,#NULL!,,Not Sure,150.0,Poor,Generator,15,No,No,#NULL!,Fun,,,,,No,,No,#NULL!,#NULL!,2.0,Breakdown,7.0,8.0,Yes,No,5.0,4.0,,,Not Sure,Normal,Perkins,,4580,S043303,24.0,https://api.mwater.co/v3/images/0944251250284c00824d88ff5e77bb67,Grundfos,,Grundfos,https://api.mwater.co/v3/images/3d02197605b84186a4e8912ec993a712,,,GI 6,,Ahmed Sheikh,Other (please s,SCWO,720906897.0000000000000,Ole,,724033342.00000000000,No,,,No management organisation,,Cash,,Cash,Tariff per Je,20.0,Yes,10,5,5,5.0,No,#NULL!,#NULL!,community tap,,3.0,Other (please specify),10,No,,,,,,,,,#NULL!,
100,Dadaab,Damajaley,Damajaley Abaq,0.1146617000000000,40.755928300000000,Rural,3.00,0.0,3.0,Yes,42.0,2.0,No,#NULL!,#NULL!,#NULL!,#NULL!,No,#NULL!,#NULL!,,2011,156.0,Normal,Generator,22,No,,#NULL!,Fun,,,,,,,No,#NULL!,#NULL!,#NULL!,,7.0,8.0,No,Yes,3.0,4.0,,,2011,Normal,Perkins,,Ö,,50.0,https://api.mwater.co/v3/images/8000c1887fa74da0a46dd57dcb4d07f1; https://api.mwater.co/v3/images/ae134b7633ff4278ac8f25d4a9582027,,,,https://api.mwater.co/v3/images/1674305abfde4779ac59fcc77d664954,11,,GI 6,,Ahmed sheikh,Other (please s,SCWO,720906897.0000000000000,,,#NULL!,No,,,Water management committee,WASHCO or Utility is active,,,No Payment Ma,No payment,#NULL!,No,,,,#NULL!,No,#NULL!,#NULL!,community tap,,1.0,Other (please specify),8,No,,,,,,,,,#NULL!,
101,Dadaab,Dertu,Shubay,0.3079383000000000,39.786306700000000,Rural,2.00,200.0,1.0,No,#NULL!,#NULL!,Yes,500.0,1500.0,2500.0,6000.0,Yes,2.0,2.0,Water tracking is required only when there is,2015,168.0,Normal,Generator,18,No,,#NULL!,Fun,,,,,No,,Yes,2.0,#NULL!,3.0,,7.0,8.0,No,Yes,4.0,4.0,,,2015,Normal,Lovol,,Daylif 825G2,C94069,50.0,,Grundfos,,,https://api.mwater.co/v3/images/163c27336bfc4bb3963cd1c136388236,11,20,GI 6,Well pump is in good condition but the Lacks capacity,Ahmed Sheikh,Other (please s,SCWO,720906897.0000000000000,,,#NULL!,No,,,Water management committee,WASHCO or Utility is active,Cash,,Cash,Tariff per Je,5.0,Yes,10,5,N/A,2.0,No,#NULL!,#NULL!,community tap,,2.0,Other (please specify),10,No,,,,,,,,,#NULL!,
102,Dadaab,Damajaley,Malailey 1,0.1887740000000000,40.512268600000000,Rural,10.00,350.0,1.0,No,#NULL!,#NULL!,Yes,600.0,50.0,1500.0,1000.0,No,#NULL!,#NULL!,,2013,140.0,Normal,Generator,22,No,,#NULL!,Fun,,,,,No,,No,#NULL!,15-Jan-00,#NULL!,,7.0,8.0,No,Yes,4.0,4.0,,,2017,Normal,Other (please s,Meico power,1103A-33G,U465404B,45.0,https://api.mwater.co/v3/images/3350103b5a2c4a609c3a5a9404892116; https://api.mwater.co/v3/images/a3ed9da2cd934c17801a489b1b73aa46,Grundfos,,,https://api.mwater.co/v3/images/4dd80dfb7c4b47809bd9f36727d686d0,11,,GI 6,The well is in good condition but requires skilled op,Ahmed sheikh,Other (please s,SCWO,720906897.0000000000000,,,#NULL!,No,,,Water management committee,WASHCO or Utility is active,Cash,,Cash,Tariff per Je,5.0,Yes,10,5,0,2.0,No,#NULL!,#NULL!,community tap,,2.0,Other (please specify),8,No,,,,,,,,,#NULL!,
103,Dadaab,Dadaab,Bulla Huud,0.0623967000000000,40.310693300000000,Rural,1.00,1000.0,2.0,No,#NULL!,#NULL!,Yes,300.0,0.0,100.0,2000.0,Yes,3.0,4.0,,2001,240.0,Normal,Generator,18,No,,#NULL!,Fun,,,,,,,Yes,2.0,#NULL!,#NULL!,Serious Storage tank and waterline leaking up to now,7.0,8.0,No,Yes,4.0,4.0,,,2010,Normal,,,,,50.0,https://api.mwater.co/v3/images/599a13973f624c9aa1f5e56e92826d36; https://api.mwater.co/v3/images/1f2e22c7203c44f89a3577bb531a6a59,,,,https://api.mwater.co/v3/images/26885c961ba244759f57db91006d57f2,,,,,Ahmed sheikh,Other (please s,SCWO,720906897.0000000000000,,,#NULL!,No,,,Water management committee,WASHCO or Utility is active,Cash,,Cash,Tariff per Je,5.0,Yes,,5,0,2.0,No,#NULL!,#NULL!,community tap,,2.0,Other (please specify),10,No,,,,,,,,,#NULL!,
104,Dadaab,Dertu,Shubay,0.3079309000000000,39.786279100000000,Rural,1.00,250.0,1.0,No,#NULL!,#NULL!,Yes,400.0,1400.0,2000.0,6000.0,Yes,2.0,3.0,Water is done only during a breakdown,2011,120.0,Normal,Generator,22,Yes,No,#NULL!,Fun,,,,,No,,No,#NULL!,10-Jan-00,2.0,Poor water management by unskilled operator that led to frequent breakdo,7.0,8.0,No,Yes,3.0,4.0,,,2011,Normal,Lister Petter,,825G2,C94069,#NULL!,https://api.mwater.co/v3/images/3d381bcfd8e54840aad8c8d9cc931332; https://api.mwater.co/v3/images/0210b2d1649049318505fb21f1795888,Other (pleas,ELSTEEL LTD,227808,https://api.mwater.co/v3/images/e56bd3f616624c4eb4cb4bae56a61cbe,11,18,GI 6,,Ahmed sheikh,Other (please s,SCWO,720906897.0000000000000,,,#NULL!,No,,,Water management committee,WASHCO or Utility is active,Cash,,Cash,Fixed tariff,3.0,Yes,10,4,0,1.0,No,#NULL!,#NULL!,community tap,,1.0,Other (please specify),6,No,,,,,,,,,#NULL!,
105,Balambala,Sankuri,Ture,-0.2069982000000080,39.450941100000000,Rural,5.00,225.0,2.0,No,0.0,0.0,No,0.0,0.0,0.0,0.0,No,0.0,0.0,Nothing,44363,50.0,Good,Solar,36,No,No,0.000000000,Yes,https://api.mwater.co/v3/images/1db5829272fe4c168bff1e58b371e391,Not reported,Nil,0,Yes,The existing storage tank is small in capacity therefore a bigger tank is required most probably steel tank of 100m3,No,0.0,#NULL!,#NULL!,,#NULL!,8.0,No,Yes,5.0,4.0,Cannot be seen,Good,,,,,,,#NULL!,,,Dayliff,,https://api.mwater.co/v3/images/2e4330de6c1a456c80c40337bcd056a3,,,6mm plastic,Functional,Shueb Mohamed Ahmed,Operator,,721104487.0000000000000,Hussein dobow,Chairman,701015331.00000000000,No,,,Water user association,In place,Monthly,Cash,,Cash,300.0,No,,,,#NULL!,Yes,500.0,1.0,,,2.0,River Tana,3,No,,,,,,1,,1,#NULL!,
106,Balambala,Balambala,Kasha,-0.0908976000000042,39.103655000000000,Rural,0.50,350.0,8.0,No,#NULL!,#NULL!,,#NULL!,#NULL!,#NULL!,#NULL!,,#NULL!,#NULL!,,43147,#NULL!,,,,Yes,No,#NULL!,Yes,https://api.mwater.co/v3/images/192236b69a3242a7b107fc61122a9b91,,,,Yes,This scheme requires solar system,,#NULL!,#NULL!,#NULL!,The scheme has not experienced any breakdown,9.0,8.0,No,Yes,9.0,8.0,,,,,,,,,#NULL!,https://api.mwater.co/v3/images/f5bafa6d90ed401dbc52a7aed10413ef,,,Telemechanic,https://api.mwater.co/v3/images/172311d607e745fa883874c09f17007f,,,Plastic 6mm,Functional,Abdirahaman digale,Operator,,701692995.0000000000000,,,#NULL!,No,,,WUA,In place,Monthly,,Cash,,300.0,No,,,,#NULL!,,500.0,1.0,,,5.0,River Tana,5,No,,,,,,1,,1,#NULL!,Solar system to be put in place
107,Balambala,Balambala,Kunow,-0.0924293000000124,39.104829400000000,Rural,0.50,300.0,4.0,No,#NULL!,#NULL!,,#NULL!,#NULL!,#NULL!,#NULL!,,#NULL!,#NULL!,,43266,#NULL!,,,10,Yes,No,#NULL!,No,https://api.mwater.co/v3/images/bb22fa626d9c465f90ce4798ba3e0eee,Stopped functioning due to old,Nonfunctional,12,No,,No,#NULL!,#NULL!,#NULL!,,7.0,#NULL!,No,No,8.0,8.0,,,43256,Fair,Lister,,,,#NULL!,https://api.mwater.co/v3/images/b86a45e5509543d0afdbe5a13f0e0401; https://api.mwater.co/v3/images/f8a50dd403bf443ba8762ceb2e8786ac,,,,https://api.mwater.co/v3/images/5ce6667ebf38455c97646121978b5117,,,Plastic 6mm,Good,Abdirahaman digale,Operator,,701692995.0000000000000,,,#NULL!,,,,WUA,In place,Cash,,,,#NULL!,,,,,#NULL!,,#NULL!,#NULL!,,,#NULL!,River Tana,,,,,,,,,,,#NULL!,
108,Balambala,Saka,Saka 2,-0.1451300000000090,39.327491700000000,Rural,7.00,700.0,4.0,No,#NULL!,#NULL!,,#NULL!,#NULL!,#NULL!,#NULL!,,#NULL!,#NULL!,,43147,50.0,,Solar,35,Yes,Yes,#NULL!,Yes,https://api.mwater.co/v3/images/3007bf15f46044bc8195a7c8f5f75e47,,,,,,,#NULL!,#NULL!,#NULL!,,30.0,8.0,No,No,#NULL!,#NULL!,,Good,,No generator,,,,,#NULL!,,Dayliff,,,https://api.mwater.co/v3/images/74c0db6c181340c5be97eeb06641791f,,,Plastic 6mm,Good,Hussein kune,Treasurer,,719987654.0000000000000,Abdulahi abdi,Chairman,713727985.00000000000,Yes,Sweet sense,,Wua,In place,Cash,,,Monthly,250.0,No,,,,#NULL!,,#NULL!,#NULL!,,,0.5,River Tana,,,,,,,,,,,#NULL!,
109,Balambala,Balambala,Ohiyo,0.0946017999999895,39.211921900000000,Rural,20.00,210.0,1.0,No,#NULL!,#NULL!,Yes,50.0,200.0,20.0,400.0,No,#NULL!,#NULL!,,40225,#NULL!,,Generator,2.2,No,No,#NULL!,No,https://api.mwater.co/v3/images/1bfdb0f574984f72b99c00b22c8331e4,Submersible pump blown up,,24,Yes,A replacement borehole is required,Yes,700.0,#NULL!,0.0,The borehole as not been working for the last two years,0.0,0.0,No,,#NULL!,#NULL!,,,43624,Good,Perkins,Lister,,,45.0,https://api.mwater.co/v3/images/87ec5f0e43354f91917c3012f676d528; https://api.mwater.co/v3/images/f690f1bca69d40edb95531cd9b6852ba,,,,https://api.mwater.co/v3/images/480b73c00ba342158781549f386f477a,,,GI 6mm,Good,Alimayat,Operator,,718497058.0000000000000,Mahamud sheikh,Member,741492938.00000000000,No,,,,Not in place,Cash,,,,#NULL!,,10,2,0,1.0,No,#NULL!,1.0,,,#NULL!,Water tracking,,,,,,,,,,,#NULL!,This scheme requires a replacement borehole
110,Balambala,Snnkuri,Dololomid,-0.2441866999999950,39.491915000000000,Rural,3.00,200.0,2.0,No,#NULL!,#NULL!,,#NULL!,#NULL!,#NULL!,#NULL!,,#NULL!,#NULL!,,43877,50.0,Good,Solar,30,Yes,No,#NULL!,Yes,https://api.mwater.co/v3/images/cd473f5aa9264ad293eba05fd4994a88,Bad battery,,8,Yes,Leaking pipes and of smaller diameter Old and leaking storage tank,,#NULL!,#NULL!,#NULL!,A faulty battery has rendered the generator nonfunctional,8.0,8.0,No,,#NULL!,#NULL!,,Good,43877,Good,Dayliff,Dayliff,,,15.0,https://api.mwater.co/v3/images/a74e65eeb998479c83fa42f702a9e65f; https://api.mwater.co/v3/images/ecc5b893ab604de9bd0d1a4cfea270ea,,,Dayliff,https://api.mwater.co/v3/images/4e4c0bab6fcc47fb8de5b0d49906813c,,,,Good,Amina siyat,Treasurer,,769289365.0000000000000,Ahmed abdow,Village elder,725992595.00000000000,No,,,,,,Cash,,,#NULL!,,,300,,#NULL!,,#NULL!,#NULL!,,,5.0,River Tana,,,,,,,,,,,#NULL!,Pipeline leaking and Old storage tank
111,Balambala,Sankuri,Sankuri two,-0.3054054000000090,39.553434700000000,Rural,7.00,700.0,4.0,No,#NULL!,#NULL!,,#NULL!,#NULL!,#NULL!,#NULL!,,#NULL!,#NULL!,,,#NULL!,,,,,,#NULL!,,https://api.mwater.co/v3/images/4048d88f1a6042cb9506de36d9fff3ed,,,,,,,#NULL!,#NULL!,#NULL!,,#NULL!,#NULL!,,,#NULL!,#NULL!,,,,,,,,,#NULL!,https://api.mwater.co/v3/images/adc6caac50434ca4b9bdff18596d6a01,,,,,,,,,,,,#NULL!,,,#NULL!,,,,,,,,,,#NULL!,,,,,#NULL!,,#NULL!,#NULL!,,,#NULL!,,,,,,,,,,,,#NULL!,This is a dry borehole and therefore it's abandoned
112,Balambala,Sankuri,Balich,-0.2220300000000110,39.474368300000000,Rural,4.00,750.0,2.0,No,#NULL!,#NULL!,,#NULL!,#NULL!,#NULL!,#NULL!,,#NULL!,#NULL!,,40226,50.0,Good,Solar system,12,No,,#NULL!,,https://api.mwater.co/v3/images/26347a7122af4c078d9e3f22dddd7f71,,,,,,,#NULL!,#NULL!,#NULL!,,#NULL!,#NULL!,,,#NULL!,#NULL!,,Good,,,,,,,#NULL!,,,,,https://api.mwater.co/v3/images/69c66d5695d34176931bb9b50ad8802a,,,Plastic 6mm,Good,Hussein Ali,Operator,,722960372.0000000000000,Sahara abdi,Elder,713619929.00000000000,No,,,,,,,,,#NULL!,,,,,#NULL!,,#NULL!,2.0,,,#NULL!,River Tana,,,,,,,,,,,#NULL!,The borehole require flushing
113,Balambala,Sankuri,Sankuri,-0.3055868000000040,39.553392900000000,Rural,#NULL!,700.0,2.0,,#NULL!,#NULL!,,#NULL!,#NULL!,#NULL!,#NULL!,,#NULL!,#NULL!,,43256,50.0,Good,Solar,30,Yes,Yes,#NULL!,,https://api.mwater.co/v3/images/146a36d6fbb64d43a29b3a22ac63e0b4,,,,,,,#NULL!,#NULL!,#NULL!,,#NULL!,#NULL!,,,#NULL!,#NULL!,,,,,,,,,#NULL!,https://api.mwater.co/v3/images/df41f209293448fb92cfb79fee6c841d; https://api.mwater.co/v3/images/b094fd01215443e587b9ec6735719ced,Dayliff,,,https://api.mwater.co/v3/images/076cb63076aa48c29f48dc70d54cb4b9,,,Plastic 6mm,Good,Hassan Yusuf,Chairman,,726067398.0000000000000,Amina Hussein,Secretary,724568737.00000000000,,,,WUA,In place,Cash,,,,300.0,,,,,#NULL!,,500.0,4.0,,,#NULL!,River Tana,,,,,,,,,,,#NULL!,
114,Balambala,Saka,Daley,-0.1822853999999950,39.402114700000000,Rural,7.00,750.0,1.0,No,#NULL!,#NULL!,,#NULL!,#NULL!,#NULL!,#NULL!,,#NULL!,#NULL!,Compound fencing is needed,44244,70.0,Good,,10,No,,#NULL!,,https://api.mwater.co/v3/images/0b02336dbff9461d8666fc465602be70,,,,,The solar system is not protected,,#NULL!,#NULL!,#NULL!,,7.0,8.0,No,Yes,#NULL!,#NULL!,,Good,,,,,,,#NULL!,,Dayliff,Dayliff,,https://api.mwater.co/v3/images/410b1d717c114721bae71c08e6f7fd5f,,,Plastic 6mm,Good,Mohamed abdi gedi,Chairman,,708354719.0000000000000,Halima bashir,Treasurer,7229645519.00000000000,,,,WUA,In place,Cash,,,,20.0,,,,,#NULL!,Yes,200.0,2.0,,,#NULL!,River Tana,,,,,,,,,,,#NULL!,
115,Balambala,Saka,Mathaalibah,-0.1484001999999960,39.359012200000000,Rural,5.00,150.0,1.0,No,#NULL!,#NULL!,Yes,50.0,20.0,10.0,200.0,No,#NULL!,#NULL!,,43268,50.0,Good,Solar system,10,No,,#NULL!,,https://api.mwater.co/v3/images/41038690bd7c425fbbef37023653cf39,Submersible pump blown out,,7,Yes,The solar system is in a poor state,,210.0,#NULL!,1.0,Submersible pump replacement is required,#NULL!,#NULL!,,,#NULL!,#NULL!,,Poor,,,,,,,#NULL!,,,,,https://api.mwater.co/v3/images/3a83ffe4d7c74362aba25d6a7ab07c0e,,,,,,Omar Ibrahim,Elder,729677513.0000000000000,Ali borai,Chairman,726965777.00000000000,,,,Not available,Not yet elected,Free,Free,,,#NULL!,,,,,#NULL!,,#NULL!,#NULL!,,,#NULL!,River Tana,,,,,,,,,,,#NULL!,
116,Balambala,Saka,Saka 1,-0.1458083000000120,39.329353300000000,Rural,5.00,800.0,21.0,No,#NULL!,#NULL!,Yes,100.0,500.0,50.0,200.0,No,#NULL!,#NULL!,,42783,50.0,Good,Solar system,36,Yes,,#NULL!,Yes,https://api.mwater.co/v3/images/64938a5987004c5ba93e1cf1f242ed05,,,,,,Yes,2.0,17-Jan-22,1.0,Pipe leakages,8.0,7.0,No,,#NULL!,#NULL!,,Good,,,,,,,#NULL!,,,,Dayliff,https://api.mwater.co/v3/images/19833eeb3c9e47bebe144389bfd356e1,,,6mm plastic,Good,Hussein kune,Treasurer,,719887654.0000000000000,Abdulahi abdi,Chairman,713727985.00000000000,,,,WUA,in place,Cash,,,,300.0,Yes,10,5,1,1.0,Yes,1000.0,3.0,,,#NULL!,River Tana,,,,,,,,,,,#NULL!,
117,Balambala,Sankuri,Raya,-0.3655149000000060,39.600254100000000,Rural.,0.50,300.0,2.5,No,0.0,0.0,No,0.0,0.0,0.0,0.0,No,0.0,0.0,Nothing,43466,50.0,Good,No,Not yet tested,No,No,0.000000000,No,https://api.mwater.co/v3/images/508846088da5407ba057ebed8c64d08d,Not yet equipped,Not yet equipped,Three years,Yes,Needs to be equipped,Yes,#NULL!,#NULL!,0.0,Not yet equipped,0.0,0.0,No,,#NULL!,#NULL!,Nil,Nil,,Not available,Not available,Not available,Not available,0,#NULL!,,Not available,Not available,,,,,,,,Ibrahim Salah abdikarim,Operator,727758184.0000000000000,Mohamed ismail,Chairman,720030473.00000000000,,,,,Not in place,,,,,#NULL!,,,,,#NULL!,,#NULL!,#NULL!,,,#NULL!,,,,,,,,,,,,#NULL!,
118,Balambala,Sankuri,Balich two,-0.2227444000000010,39.474669200000000,Rural,5.00,250.0,1.0,No,#NULL!,#NULL!,,#NULL!,#NULL!,#NULL!,#NULL!,,#NULL!,#NULL!,,,#NULL!,,,,,,#NULL!,,https://api.mwater.co/v3/images/9d062731a10a420f8b3d2db26b1b61b3,Well silted up,,60,,,,#NULL!,#NULL!,#NULL!,The well silted dure to flooding,#NULL!,#NULL!,,,#NULL!,#NULL!,,,,,,,,,#NULL!,https://api.mwater.co/v3/images/82dcdedfcc8d4916ae68828c0c58d838,Dayliff,,,https://api.mwater.co/v3/images/e495bd0f07e844199ded281009c7e419,,,,,,,,#NULL!,,,#NULL!,,,,,,,,,,#NULL!,,,,,#NULL!,,#NULL!,#NULL!,,,#NULL!,,,,,,,,,,,,#NULL!,This shallow well dryed up and therefore it requires a replacement well
119,Balambala,Sankuri,Dololoweyne,-0.2701545999999940,39.508642000000000,Rural,2.00,100.0,2.0,No,#NULL!,#NULL!,,#NULL!,#NULL!,#NULL!,#NULL!,,#NULL!,#NULL!,,,50.0,Good,Solar,25,No,,#NULL!,,https://api.mwater.co/v3/images/1c4c2c6d702e4996a1003fb8e33b7d61,,,,,,,#NULL!,17-Feb-20,#NULL!,,#NULL!,#NULL!,,,#NULL!,#NULL!,,,,,Lister,,Lister,,18.0,https://api.mwater.co/v3/images/78bd543e69b3450492e4ed7c11605e22,,,,,,,Plastic 6mm,Good,Omar gaab,Chairman,,723057960.0000000000000,Gaab Mohamed,Secretary,725126083.00000000000,,,,,,,,,,#NULL!,,,,,#NULL!,,#NULL!,#NULL!,,,#NULL!,,River tana,,,,,,,,,,#NULL!,
120,,Jarajara,Kone,-0.0551810000000125,38.987142400000000,,#NULL!,#NULL!,#NULL!,,#NULL!,#NULL!,,#NULL!,#NULL!,#NULL!,#NULL!,,#NULL!,#NULL!,,,#NULL!,,,,,,#NULL!,,https://api.mwater.co/v3/images/2b9ab5b2d2d24d0196df5d6b88b22c38,,,,,,,#NULL!,#NULL!,#NULL!,,#NULL!,#NULL!,,,#NULL!,#NULL!,,,,,,,,,#NULL!,https://api.mwater.co/v3/images/73b25d5d66944463a8c5e3df28f709de; https://api.mwater.co/v3/images/e88ec074a04d40159ef2e97a3453a825; https://api.mwater.co/v3/images/0729ff0c0cf247b98d9a066f8c3e5b2c; https://api.mwater.co/v3/images/25c7deffb3fe4e5ea398a404f767e85d,,,,https://api.mwater.co/v3/images/881883df526b4ea792215bc704d2bc97,,,,,,,,#NULL!,,,#NULL!,,,,,,,,,,#NULL!,,,,,#NULL!,,#NULL!,#NULL!,,,#NULL!,,,,,,,,,,,,#NULL!,
121,DADAAB,Liboi,Liboi,0.3534966999999830,40.877040800000000,Rural,1.00,50.0,1.5,No,#NULL!,#NULL!,No,#NULL!,#NULL!,#NULL!,#NULL!,,#NULL!,#NULL!,,44608,180.0,Good but steel tank leaking,Generator,14,Yes,Yes,13211.000000000,Yes,https://api.mwater.co/v3/images/8fb40af99d2f44da8309c6d3a100dad2,Steel leaking and pump,Plate leaking,2 years,Yes,Pump failure,No,10.0,16-Feb-22,1.0,Pump failure,7.0,12.0,No,No,7.0,7.0,None,,42936,Good,Meico,,1103A-33G,,50.0,https://api.mwater.co/v3/images/24c63378ee1a43a1bf81ce5b6edb1d4f,,,DSE6010MKII,https://api.mwater.co/v3/images/bccc19d4accd43dda74977280106f074,,,"GI 6""",Borehole,,0727504385,,#NULL!,,Treasurer,#NULL!,No,,,Water Management Committee,Good,Cash,,,Fixed,1500.0,No,,,,#NULL!,Yes,1.0,3.0,Piped water,,2.0,Water vendors,5,No,,,Complaint of typhoid and pain at joints,,,1,,1,#NULL!,"Water quality testing is required 
Replacement/repair of steel tank 
Piping system 
Water meters for household and installations"
122,Dadaab,Liboi,Township,0.3523344999999980,40.873458500000000,Rural,1.50,250.0,3.0,No,#NULL!,#NULL!,No,#NULL!,#NULL!,#NULL!,#NULL!,No,#NULL!,#NULL!,,33239,180.0,Good though steel tank leaking,Hybrid,15,No,No,#NULL!,Yes,https://api.mwater.co/v3/images/91c3bab9584e4c9580e07612d29d1aa8,"Steel plate leaking ,generator mechanical failure","Generator mechanical failure ,steel plate leaking",1 year,Yes,"Tank base plate leaking might increase if not replaced urgently 
Generator injector failure",Yes,7.0,10-Jan-22,1.0,"Pump failure 
Generator injector failure",7.0,12.0,No,No,7.0,7.0,340,Good,44608,Good but had mechanical problems,,,DAYLIF ISU25S,,#NULL!,https://api.mwater.co/v3/images/ce379a2fe40c41568dea06a601fc2deb; https://api.mwater.co/v3/images/bc4fbb0a7cb14f6da01fe177e798a4ce; https://api.mwater.co/v3/images/2505850c821b441ebca4e5fa6f067b70,,,DAYLIFF,https://api.mwater.co/v3/images/4cd64a9c486742a3bd3fd4e94aa7649f,,,"6"" GI",,Hassan,0727504385,,#NULL!,,Treasurer,#NULL!,No,,,Water Management Committee,Excellent,Cash,,,Fixed,1500.0,No,,,,#NULL!,Yes,1000.0,3.0,Piped water,,2.0,Next borehole through water vendors,5,No,,,Complaint of typhoid and joint pain,,,1,,1,#NULL!,"Water quality testing is required 
Replacement/repair of steel tank 
Piping 
Water meters for household and institution"
123,Lagdera,Maalimin,Dihle,0.5472848999999830,39.280260600000000,Rural,20.00,150.0,0.2,No,#NULL!,#NULL!,,#NULL!,#NULL!,10.0,200.0,No,#NULL!,#NULL!,,40226,170.0,Good,Generator,3,No,,#NULL!,,https://api.mwater.co/v3/images/87cfd678ced74e459d420da184cfbe1a,,,,,,Yes,30.0,17-Feb-21,1.0,"The borehole discharge has reduced, to reduce the operational costs a solar system is required",#NULL!,10.0,No,Yes,5.0,6.0,,,43878,Good,,,Perkins,,30.0,https://api.mwater.co/v3/images/a7fd5b9bc1c74439ae4aa91f014e15b3; https://api.mwater.co/v3/images/da7c2eb086404a9380a2e40a333a47dc,,,,https://api.mwater.co/v3/images/1075b0a3c87d420ab000f3aa42a67dd2,,,,Good,Muhumed Ibrahim nur,Operator,,757615672.0000000000000,,,#NULL!,,,,WUA,In place,Cash,,,,5.0,,,,,#NULL!,,#NULL!,#NULL!,,,#NULL!,Water tracking,,,,,,,,,,,#NULL!,
124,Balambala,Danyere,Omar muhumed 2,0.1498338999999850,39.105378000000000,,#NULL!,#NULL!,#NULL!,,#NULL!,#NULL!,,#NULL!,#NULL!,#NULL!,#NULL!,,#NULL!,#NULL!,,,#NULL!,,,,,,#NULL!,,https://api.mwater.co/v3/images/a23ac1180d884a3db91dc4370d744d5d,Dry borehole,,,,,,#NULL!,#NULL!,#NULL!,,#NULL!,#NULL!,,,#NULL!,#NULL!,,,,,,,,,#NULL!,,,,,,,,,,,,,#NULL!,,,#NULL!,,,,,,,,,,#NULL!,,,,,#NULL!,,#NULL!,#NULL!,,,#NULL!,,,,,,,,,,,,#NULL!,This borehole is dry
125,Balambala,Danyere,Hagarjerel2,0.2962167999999890,38.757462800000000,,#NULL!,#NULL!,#NULL!,,#NULL!,#NULL!,,#NULL!,#NULL!,#NULL!,#NULL!,,#NULL!,#NULL!,,,#NULL!,,,,,,#NULL!,,https://api.mwater.co/v3/images/ec9c04f82a774f92a7ee7bb0ba1a8cc4,,,,,,,#NULL!,#NULL!,#NULL!,,#NULL!,#NULL!,,,#NULL!,#NULL!,,,,,,,,,#NULL!,,,,,,,,,,,,,#NULL!,,,#NULL!,,,,,,,,,,#NULL!,,,,,#NULL!,,#NULL!,#NULL!,,,#NULL!,,,,,,,,,,,,#NULL!,This is a dry borehole
126,Balambala,Danyere,Hagarjerel1,0.3002749999999870,38.751377300000000,,#NULL!,#NULL!,#NULL!,,#NULL!,#NULL!,,#NULL!,#NULL!,#NULL!,#NULL!,,#NULL!,#NULL!,,,#NULL!,,,,,,#NULL!,,https://api.mwater.co/v3/images/0306fe16ba1b48a497863330447f030d,,,,,,,#NULL!,#NULL!,#NULL!,,#NULL!,#NULL!,,,#NULL!,#NULL!,,,,,,,,,#NULL!,,,,,,,,,,,,,#NULL!,,,#NULL!,,,,,,,,,,#NULL!,,,,,#NULL!,,#NULL!,#NULL!,,,#NULL!,,,,,,,,,,,,#NULL!,This is a dry borehole
127,Balambala,Balambala,Shebtaad,0.1680366999999820,39.432230000000000,Rural,20.00,160.0,1.0,No,#NULL!,#NULL!,,#NULL!,200.0,#NULL!,1000.0,No,#NULL!,#NULL!,,,#NULL!,Good,Solar system and generator,,No,,#NULL!,,https://api.mwater.co/v3/images/62e6eb08ea0b49a49657e590bc11c850,,,,,,,#NULL!,#NULL!,#NULL!,Functional,7.0,8.0,,,#NULL!,#NULL!,,Good,44610,,,,,,15.0,https://api.mwater.co/v3/images/d5d3862f8c6045b2ab3846764183477e; https://api.mwater.co/v3/images/2dc769b090a043cb9193769ecfd21dac,,,,https://api.mwater.co/v3/images/5b234384e29d4b069c06c85404e97732,,,Plastic 6mm,Good,,,,#NULL!,,,#NULL!,,,,WUA,In place,Cash,,,,#NULL!,,,,,#NULL!,,#NULL!,#NULL!,,,#NULL!,Water tracking,,,,,,,,,,,#NULL!,
128,Balambala,Danyere,Omar muhumed 3,0.1455086000000020,39.111154200000000,Rural,#NULL!,#NULL!,#NULL!,,#NULL!,#NULL!,,#NULL!,#NULL!,#NULL!,#NULL!,,#NULL!,#NULL!,,,#NULL!,,,,,,#NULL!,,https://api.mwater.co/v3/images/98cd2c1fc6b54540b0a0528eb32c8f8d,,,,,,,#NULL!,#NULL!,#NULL!,,#NULL!,#NULL!,,,#NULL!,#NULL!,,,,,,,,,#NULL!,,,,,,,,,,,,,#NULL!,,,#NULL!,,,,,,,,,,#NULL!,,,,,#NULL!,,#NULL!,#NULL!,,,#NULL!,,,,,,,,,,,,#NULL!,Dry borehole
129,Balambala,Balambala,Shimbirey 1,-0.0533805000000051,39.499925200000000,,#NULL!,#NULL!,#NULL!,,#NULL!,#NULL!,,#NULL!,#NULL!,#NULL!,#NULL!,,#NULL!,#NULL!,,,#NULL!,,,,,,#NULL!,,https://api.mwater.co/v3/images/30c9404672b046dc9f496fd178c4ac2b,,,,,,,#NULL!,#NULL!,#NULL!,,#NULL!,#NULL!,,,#NULL!,#NULL!,,,,,,,,,#NULL!,https://api.mwater.co/v3/images/d33f7e5ea3eb467381c81ebf3390ffe9; https://api.mwater.co/v3/images/0d93a67d72034ccbb3490ed540179c7d,,,,https://api.mwater.co/v3/images/afd5fd12b168468e97b44bc25b10655f,,,,,,,,#NULL!,,,#NULL!,,,,,,,,,,#NULL!,,,,,#NULL!,,#NULL!,#NULL!,,,#NULL!,,,,,,,,,,,,#NULL!,Solar system and generator stolen
130,Balambala,Danyere,Dogob 1,0.2464699999999960,38.982320000000000,,#NULL!,#NULL!,#NULL!,,#NULL!,#NULL!,,#NULL!,#NULL!,#NULL!,#NULL!,,#NULL!,#NULL!,,,#NULL!,,,,,,#NULL!,,https://api.mwater.co/v3/images/d5a77675a80d44fa8bee113e59bb86a6,,,,,,,#NULL!,#NULL!,#NULL!,,#NULL!,#NULL!,,,#NULL!,#NULL!,,,,,,,,,#NULL!,,,,,,,,,,,,,#NULL!,,,#NULL!,,,,,,,,,,#NULL!,,,,,#NULL!,,#NULL!,#NULL!,,,#NULL!,,,,,,,,,,,,#NULL!,Dry borehole
131,Balambala,Danyere,Dogob 2,0.2264116999999900,38.994926700000000,,#NULL!,#NULL!,#NULL!,,#NULL!,#NULL!,,#NULL!,#NULL!,#NULL!,#NULL!,,#NULL!,#NULL!,,,#NULL!,,,,,,#NULL!,,https://api.mwater.co/v3/images/1fbd455ca133488d959b5ff8bc9f650b,,,,,,,#NULL!,#NULL!,#NULL!,,#NULL!,#NULL!,,,#NULL!,#NULL!,,,,,,,,,#NULL!,,,,,,,,,,,,,#NULL!,,,#NULL!,,,,,,,,,,#NULL!,,,,,#NULL!,,#NULL!,#NULL!,,,#NULL!,,,,,,,,,,,,#NULL!,Dry borehole
132,Balambala,Danyere,Dujis 1,0.2473532999999950,39.412051700000000,Rural,#NULL!,#NULL!,#NULL!,,#NULL!,#NULL!,,#NULL!,#NULL!,#NULL!,#NULL!,,#NULL!,#NULL!,,,#NULL!,,,,,,#NULL!,,https://api.mwater.co/v3/images/e1a16c9395314e5e959805cdf2088149,,,,,,,#NULL!,#NULL!,#NULL!,,#NULL!,#NULL!,,,#NULL!,#NULL!,,,,,,,,,#NULL!,https://api.mwater.co/v3/images/0745f60ab3a545049b12468494c5bcd9; https://api.mwater.co/v3/images/331565c3d43e40479ad5d17d15098176,,,,https://api.mwater.co/v3/images/a4bb43138a4045728826ea5b1bf98b3f,,,,,,,,#NULL!,,,#NULL!,,,,,,,,,,#NULL!,,,,,#NULL!,,#NULL!,#NULL!,,,#NULL!,,,,,,,,,,,,#NULL!,Solar system and generator stolen
133,Balambala,Balambala,Dujis 2,0.2475296999999820,39.409538700000000,Rural,#NULL!,#NULL!,#NULL!,,#NULL!,#NULL!,,#NULL!,#NULL!,#NULL!,#NULL!,,#NULL!,#NULL!,,,#NULL!,,,,,,#NULL!,,https://api.mwater.co/v3/images/dc49b4fa12a94ef68762e2298d1997eb,,,,,,,#NULL!,#NULL!,#NULL!,,#NULL!,#NULL!,,,#NULL!,#NULL!,,,,,,,,,#NULL!,https://api.mwater.co/v3/images/1e6b54bbca434e06b0cd14c0c409db20; https://api.mwater.co/v3/images/803e99773bc84d9d92e20abe1fe1ad98,,,,,,,,,,,,#NULL!,,,#NULL!,,,,,,,,,,#NULL!,,,,,#NULL!,,#NULL!,#NULL!,,,#NULL!,,,,,,,,,,,,#NULL!,Vandalized and abandoned
134,Balambala,Danyere,Libhlow,0.1863479000000030,38.889535500000000,Rural,60.00,200.0,1.0,No,#NULL!,#NULL!,,#NULL!,#NULL!,#NULL!,#NULL!,,#NULL!,#NULL!,,44245,50.0,Good,Solar system and generator,35,Yes,Yes,110067.000000000,Yes,https://api.mwater.co/v3/images/d62f143dcd0a459787b830f25be67bf5,,,,,,,#NULL!,#NULL!,#NULL!,,7.0,7.0,No,Yes,4.0,5.0,,Good,44245,,,,,,#NULL!,https://api.mwater.co/v3/images/ad9341d3112448998681c6eaab7346d4; https://api.mwater.co/v3/images/ce301134545a46688021049ff95d0f95,,,,https://api.mwater.co/v3/images/412a4bd2f9fb49dea14c477cc4f47649,,,Plastic 8mm,Good,Miktar Aden,Operator,,797710165.0000000000000,Omar kune,Chief,726394306.00000000000,No,,,WUA,In place,Cash,,,,5.0,,5,,,#NULL!,,#NULL!,#NULL!,,,#NULL!,Water tracking or hand dug well,,,,,,,,,,,#NULL!,Water kiosks to be added
135,Balambala,Jarajara,Jarajara,-0.0469336000000068,39.013404500000000,Rural,7.00,250.0,#NULL!,No,#NULL!,#NULL!,,#NULL!,#NULL!,#NULL!,#NULL!,,#NULL!,#NULL!,,,#NULL!,,Generator,,No,,#NULL!,,https://api.mwater.co/v3/images/0048b2286555403ba0fcf7eed5f3aa1a,,,,,,,#NULL!,#NULL!,#NULL!,,#NULL!,#NULL!,,,#NULL!,#NULL!,,,,Poor,,Lister,,,15.0,https://api.mwater.co/v3/images/be23af109906468aa434bbb01dc53948; https://api.mwater.co/v3/images/fe4c3d23afd44d61ba954aae323fd8d6,,,,https://api.mwater.co/v3/images/d0cc1784af0040ef83d0d9ccb3f39e44,,,Shallow well,Good,Osman Farah Saal,Operator,,724733827.0000000000000,Mohamed Nur yunis,Chairman,725006552.00000000000,Yes,Sweet sense,,WUA,In place cash,,,,,5.0,,,,,#NULL!,,#NULL!,#NULL!,,,#NULL!,River Tana,,,,,,,,,,,#NULL!,Solar system is required
136,Balambala,Danyere,Omar muhumed,0.1600666999999940,39.094846700000000,,#NULL!,#NULL!,#NULL!,,#NULL!,#NULL!,,#NULL!,#NULL!,#NULL!,#NULL!,,#NULL!,#NULL!,,,#NULL!,,,,,,#NULL!,,https://api.mwater.co/v3/images/8a88825a721a40439df363d32c2feec0,,,,,,,#NULL!,#NULL!,#NULL!,,#NULL!,#NULL!,,,#NULL!,#NULL!,,,,,,,,,#NULL!,,,,,,,,,,,,,#NULL!,,,#NULL!,,,,,,,,,,#NULL!,,,,,#NULL!,,#NULL!,#NULL!,,,#NULL!,,,,,,,,,,,,#NULL!,Dry borehole
137,Balambala,Balambala,Balambala 1,-0.0781152000000181,39.089221200000000,,#NULL!,#NULL!,#NULL!,,#NULL!,#NULL!,,#NULL!,#NULL!,#NULL!,#NULL!,,#NULL!,#NULL!,,,#NULL!,,,,,,#NULL!,,https://api.mwater.co/v3/images/c7fb05af18714ac8ad725e8a64900068,,,,,,,#NULL!,#NULL!,#NULL!,,#NULL!,#NULL!,,,#NULL!,#NULL!,,,,,,,,,#NULL!,,,,,,,,,,,,,#NULL!,,,#NULL!,,,,,,,,,,#NULL!,,,,,#NULL!,,#NULL!,#NULL!,,,#NULL!,,,,,,,,,,,,#NULL!,Abandoned due to drying up
138,Balambala,Jarajara,Kone,-0.0552080000000048,38.987291600000000,Rural,7.00,180.0,4.0,No,#NULL!,#NULL!,,#NULL!,#NULL!,#NULL!,#NULL!,,#NULL!,#NULL!,,,#NULL!,,,,Yes,Yes,3236.000000000,,https://api.mwater.co/v3/images/d89772158e2e4091b3a193bba7ec5457,,,,,,,#NULL!,7-Aug-20,0.0,The borehole operated without any breakdown,7.0,8.0,No,Yes,3.0,2.0,,Good,44610,,,,,,30.0,https://api.mwater.co/v3/images/a4ae1cdafba84bc9838915a10c777f94; https://api.mwater.co/v3/images/e467a167e424424a93b2746bd43e7bb3,,Dayliff,,https://api.mwater.co/v3/images/08bfec4909f9478787ecbd126343df16,,,Plastic 6',Good,Aden Mao abdi,Operator,,7005800415.0000000000000,Jimaale Mohamed,Chairman,708848947.00000000000,No,,,WUA,In place,Cash,,,,#NULL!,,,,5,#NULL!,,#NULL!,#NULL!,,,#NULL!,,,,,,,,,,,,#NULL!,Needs more kiosks and an elevated steel tank
139,Balambala,Sankuri,Nunow new borehole,-0.1947695000000050,39.619734300000000,Rural,30.00,#NULL!,#NULL!,,#NULL!,#NULL!,,#NULL!,#NULL!,#NULL!,#NULL!,,#NULL!,#NULL!,,,#NULL!,,,,,,#NULL!,,https://api.mwater.co/v3/images/6a34074ae70b4ab59dbdbfe5e2d27b69,,,,,,,#NULL!,#NULL!,#NULL!,,#NULL!,#NULL!,,,#NULL!,#NULL!,,,,,,,,,#NULL!,,,,,,,,,,,,,#NULL!,,,#NULL!,,,,,,,,,,#NULL!,,,,,#NULL!,,#NULL!,#NULL!,,,#NULL!,,,,,,,,,,,,#NULL!,This is a new borehole and has not been equipped
140,Balambala,Sankuri,Nunow old borehole,-0.1947317000000030,39.619731700000000,Rural,#NULL!,#NULL!,#NULL!,,#NULL!,#NULL!,,#NULL!,#NULL!,#NULL!,#NULL!,,#NULL!,#NULL!,,,#NULL!,,,,,,#NULL!,,https://api.mwater.co/v3/images/9a7046ae42394375a30277cce31769e5,,,,,,,#NULL!,#NULL!,#NULL!,,#NULL!,#NULL!,,,#NULL!,#NULL!,,,,,,,,,#NULL!,https://api.mwater.co/v3/images/30511a4df83142e49415fdb045404424; https://api.mwater.co/v3/images/e8e1deb8819d45b4893e3ccac7b73ec5,,,,https://api.mwater.co/v3/images/7f537ebbd849487bbef61cb58c5c90d9,,,,,,,,#NULL!,,,#NULL!,,,,,,,,,,#NULL!,,,,,#NULL!,,#NULL!,#NULL!,,,#NULL!,,,,,,,,,,,,#NULL!,Dry and abandoned
141,Balambala,Sankuri,Shimbirey 2,-0.0243876000000171,39.495556300000000,Rural,30.00,260.0,1.0,No,#NULL!,#NULL!,Yes,100.0,200.0,20.0,300.0,No,#NULL!,#NULL!,,43238,250.0,Good,Generator,16,No,,#NULL!,Yes,https://api.mwater.co/v3/images/19bf0b9c2c38464497ed09bfabe0cc0c,,,,,,No,#NULL!,#NULL!,#NULL!,,7.0,8.0,No,Yes,0.0,0.0,,,43514,Good,Dayliff,,,,30.0,https://api.mwater.co/v3/images/5bd7fe7d6256441d9cadad51b5fdc6ec,,,,https://api.mwater.co/v3/images/49a5227cea1843608b74c93c8bc87ff3,,,Plastic 6',Good,,,,#NULL!,,,#NULL!,,,,Wua,In place,,Cash,,,#NULL!,Yes,15,10,0,2.0,No,#NULL!,#NULL!,,Water tracking,#NULL!,,,,,,,,,,,,#NULL!,There's need for a solar system to be constructed to reduce operation costs
142,Balambala,Sankuri,Abdisamad 5,0.0490862999999896,39.648495800000000,,#NULL!,#NULL!,#NULL!,,#NULL!,#NULL!,,#NULL!,#NULL!,#NULL!,#NULL!,,#NULL!,#NULL!,,,#NULL!,,,,,,#NULL!,,https://api.mwater.co/v3/images/d8a5844cfb5b487a8b6e88343c4e4480,,,,,,,#NULL!,#NULL!,#NULL!,,#NULL!,#NULL!,,,#NULL!,#NULL!,,,,,,,,,#NULL!,,,,,,,,,,,,,#NULL!,,,#NULL!,,,,,,,,,,#NULL!,,,,,#NULL!,,#NULL!,#NULL!,,,#NULL!,,,,,,,,,,,,#NULL!,Dry and abandoned
143,Balambala,Sankuri,Abdisamad 4,0.0502425999999994,39.655100800000000,Rural,1.00,270.0,0.5,No,#NULL!,#NULL!,Yes,50.0,100.0,8.0,200.0,,#NULL!,#NULL!,,40222,190.0,Good,Generator,3,No,,#NULL!,Yes,https://api.mwater.co/v3/images/2963cd3c757d403bbb8f1ffcefed9c90,,,,,,,#NULL!,#NULL!,#NULL!,,7.0,12.0,No,,#NULL!,#NULL!,,,40228,Lister,,,,,13.0,https://api.mwater.co/v3/images/a19e73318ad74482bde992c48b0589af; https://api.mwater.co/v3/images/ea9fdd277cd34fe3a7a2b73f90af959e,,,,https://api.mwater.co/v3/images/e85ce1f4ce6d4a43b6dd2e8cfec20098,,,Plastic 6',Good,,,,#NULL!,,,#NULL!,,,,Solar system is required to reduce operation costs,,,,,,#NULL!,,,,,#NULL!,,#NULL!,#NULL!,,,#NULL!,,,,,,,,,,,,#NULL!,Solar system is required to reduce operation costs
144,Balambala,Sankuri,Abdisamad  3,0.0507416999999857,39.654356700000000,Rural,#NULL!,#NULL!,#NULL!,,#NULL!,#NULL!,,#NULL!,#NULL!,#NULL!,#NULL!,,#NULL!,#NULL!,,,#NULL!,,,,,,#NULL!,,https://api.mwater.co/v3/images/60bdb040aaff49a6a2baac8aaa7be4d3,,,,,,,#NULL!,#NULL!,#NULL!,,#NULL!,#NULL!,,,#NULL!,#NULL!,,,,,,,,,#NULL!,,,,,,,,,,,,,#NULL!,,,#NULL!,,,,,,,,,,#NULL!,,,,,#NULL!,,#NULL!,#NULL!,,,#NULL!,,,,,,,,,,,,#NULL!,The borehole dry and abandoned
145,Balambala,Sankuri,Abdisamad 2,0.0593163999999930,39.655496400000000,,#NULL!,#NULL!,#NULL!,,#NULL!,#NULL!,,#NULL!,#NULL!,#NULL!,#NULL!,,#NULL!,#NULL!,,,#NULL!,,,,,,#NULL!,,https://api.mwater.co/v3/images/77a70850257c4381a2e3b44b3f1d0bb7,,,,,,,#NULL!,#NULL!,#NULL!,,#NULL!,#NULL!,,,#NULL!,#NULL!,,,,No generator,,,,,#NULL!,,,,,,,,,,,,,#NULL!,,,#NULL!,,,,,,,,,,#NULL!,,,,,#NULL!,,#NULL!,#NULL!,,,#NULL!,,,,,,,,,,,,#NULL!,The borehole dried up and abandoned
146,Balambala,Sankuri,Abdisamad  1,0.0605529999999946,39.656182500000000,Rural,7.00,130.0,1.0,No,#NULL!,#NULL!,Yes,50.0,100.0,10.0,200.0,No,#NULL!,#NULL!,,43150,190.0,Good,Solar system,4,No,,#NULL!,Yes,https://api.mwater.co/v3/images/c29da69d3f5b409ca9101ba6a32bcbf0,,,,,,No,#NULL!,#NULL!,#NULL!,,7.0,8.0,No,,#NULL!,#NULL!,,Good,46809,Good,,Dayliff,,,30.0,https://api.mwater.co/v3/images/106e1285cdac42418b36b915abc8652a; https://api.mwater.co/v3/images/94ed2234423e4fd58d68c49e19941421,,,Dayliff,https://api.mwater.co/v3/images/8dd0ada4d23c426b99ba8deb66e21d1c,,,Plastic 6',Good,,,,#NULL!,,,#NULL!,No,,,WUA,In place,Cash,Cash,,,#NULL!,Yes,15,5,0,2.0,No,#NULL!,#NULL!,,,3.0,Water trucking,,,,,,,,,,,#NULL!,There are three generations that requires rehabilitation
147,Lagdera,Baraki,Baraki 7,0.6536364000000030,39.578719400000000,Rural,#NULL!,#NULL!,#NULL!,,#NULL!,#NULL!,,#NULL!,#NULL!,#NULL!,#NULL!,,#NULL!,#NULL!,,,#NULL!,,,,,,#NULL!,,https://api.mwater.co/v3/images/874bf151441b4c21b1840f62583a01e2,,,,,,,#NULL!,#NULL!,#NULL!,,#NULL!,#NULL!,,,#NULL!,#NULL!,,,,,,,,,#NULL!,,,,,,,,,,,,,#NULL!,,,#NULL!,,,,,,,,,,#NULL!,,,,,#NULL!,,#NULL!,#NULL!,,,#NULL!,,,,,,,,,,,,#NULL!,Drilled and not equipped
148,Lagdera,Santa abaq,Santa abaq 1,0.4630703000000050,39.742942000000000,Rural,#NULL!,#NULL!,#NULL!,,#NULL!,#NULL!,,#NULL!,#NULL!,#NULL!,#NULL!,,#NULL!,#NULL!,,44611,250.0,Good,Solar system,,No,,#NULL!,No,https://api.mwater.co/v3/images/e8c9f3b3514d4db9a1abb2366ab6bb11,,,,,,,#NULL!,#NULL!,#NULL!,,#NULL!,#NULL!,,,#NULL!,#NULL!,,,,No generator,,,,,#NULL!,,,,,https://api.mwater.co/v3/images/c2bf55417534438ca6d3b3e29d4837e7,,,,,,,,#NULL!,,,#NULL!,,,,,,,,,,#NULL!,,,,,#NULL!,,#NULL!,#NULL!,,,#NULL!,,,,,,,,,,,,#NULL!,Solar system damaged
149,Lagdera,Santa abaq,Santa abaq 2,0.4580097999999820,39.747618300000000,Rural,7.00,1500.0,2.0,No,#NULL!,#NULL!,Yes,70.0,200.0,30.0,200.0,No,#NULL!,#NULL!,,43464,190.0,Good,Generator,16,No,,#NULL!,Yes,https://api.mwater.co/v3/images/e97c3c8e86fd4768a4c4f82113305ea5,,,,,,No,#NULL!,#NULL!,#NULL!,,7.0,12.0,No,Yes,4.0,5.0,,,44914,,,,,,#NULL!,https://api.mwater.co/v3/images/18d4b21e70484a54a6f8ca86b778b9b1; https://api.mwater.co/v3/images/3b0755ab9fd94a7ead3b4e4273be6f69; https://api.mwater.co/v3/images/b86a268a7b104303b9b6bfa5f95a31ed,,,,https://api.mwater.co/v3/images/a7df0c5e7bfb492e89a85eb31f5a84a9,,,,,,,,#NULL!,,,#NULL!,,,,,,,,,,#NULL!,,,,,#NULL!,,#NULL!,#NULL!,,,#NULL!,,,,,,,,,,,,#NULL!,
150,Lagdera,Baraki,Ahmed Tukale,0.3518582999999900,39.756756700000000,Rural,8.00,180.0,1.0,No,#NULL!,#NULL!,Yes,50.0,100.0,20.0,100.0,No,#NULL!,#NULL!,,43880,250.0,Good,Generator,25,No,,#NULL!,Yes,https://api.mwater.co/v3/images/e6066c590e984e92835f133d8a18e2d6,,,,,,,#NULL!,#NULL!,#NULL!,,40.0,8.0,No,Yes,4.0,5.0,,,43915,Good,Perkins,,,,#NULL!,https://api.mwater.co/v3/images/b9f0c23ccf4a45eab9122d52be289732; https://api.mwater.co/v3/images/50ab20e5368a4206a07d9dc3fdc88b84,,,,https://api.mwater.co/v3/images/9d2c7f75a87d405c837a8bd4e3d3bf4b,,,Plastic 6',Good,Dahir bare,Chairman,,794276547.0000000000000,Daktar haji,Operator,705424417.00000000000,No,,,Not yet elected,Not in place,Cash,,,,#NULL!,Yes,15,0,0,1.0,No,#NULL!,0.0,,,1.0,Next strategic borehole,,,,,,,,,,,#NULL!,The borehole require solar system to reduce operation costs
151,Lagdera,Baraki,Baraki 6,0.6526649999999880,39.578457700000000,Rural,#NULL!,#NULL!,#NULL!,,#NULL!,#NULL!,,#NULL!,#NULL!,#NULL!,#NULL!,,#NULL!,#NULL!,,,#NULL!,,,,,,#NULL!,,https://api.mwater.co/v3/images/b6c4b993c72040238c4b3e43b7737112,,,,,,,#NULL!,#NULL!,#NULL!,,#NULL!,#NULL!,,,#NULL!,#NULL!,,,,,,,,,#NULL!,,,,,,,,,,,,,#NULL!,,,#NULL!,,,,,,,,,,#NULL!,,,,,#NULL!,,#NULL!,#NULL!,,,#NULL!,,,,,,,,,,,,#NULL!,The borehole is drilled but not equipped
152,Balambala,Lagdera,Baraki 5,0.6576833000000020,39.588765000000000,Rural,#NULL!,#NULL!,#NULL!,,#NULL!,#NULL!,,#NULL!,#NULL!,#NULL!,#NULL!,,#NULL!,#NULL!,,,#NULL!,,,,,,#NULL!,,https://api.mwater.co/v3/images/e8667f6dda22471d869b49b572d1a419,,,,,,,#NULL!,#NULL!,#NULL!,,#NULL!,#NULL!,,,#NULL!,#NULL!,,,,,,,,,#NULL!,,,,,,,,,,,,,#NULL!,,,#NULL!,,,,,,,,,,#NULL!,,,,,#NULL!,,#NULL!,#NULL!,,,#NULL!,,,,,,,,,,,,#NULL!,The borehole is drilled and not equipped
153,Lagdera,Baraki,Baraki 4,0.6540033000000050,39.586816700000000,Rural,#NULL!,#NULL!,#NULL!,,#NULL!,#NULL!,,#NULL!,#NULL!,#NULL!,#NULL!,,#NULL!,#NULL!,,,#NULL!,,,,,,#NULL!,,https://api.mwater.co/v3/images/cd8481bbd43d461eb090d8a7338c543a,,,,,,,#NULL!,#NULL!,#NULL!,,#NULL!,#NULL!,,,#NULL!,#NULL!,,,,,,,,,#NULL!,,,,,,,,,,,,,#NULL!,,,#NULL!,,,,,,,,,,#NULL!,,,,,#NULL!,,#NULL!,#NULL!,,,#NULL!,,,,,,,,,,,,#NULL!,Borehole drilled and not equipped
154,Lagdera,Baraki,Baraki 3,0.6633678999999830,39.585726500000000,Rural,#NULL!,#NULL!,#NULL!,,#NULL!,#NULL!,,#NULL!,#NULL!,#NULL!,#NULL!,,#NULL!,#NULL!,,,#NULL!,,,,,,#NULL!,,https://api.mwater.co/v3/images/0d947d98c12844b5b419215dc1be3bc9,,,,,,,#NULL!,#NULL!,#NULL!,,#NULL!,#NULL!,,,#NULL!,#NULL!,,,,,,,,,#NULL!,,,,,,,,,,,,,#NULL!,,,#NULL!,,,,,,,,,,#NULL!,,,,,#NULL!,,#NULL!,#NULL!,,,#NULL!,,,,,,,,,,,,#NULL!,Borehole drilled and not equipped
155,Lagdera,Baraki,Baraki 1,0.6542433999999850,39.580300800000000,Rural,28.00,600.0,0.5,No,#NULL!,#NULL!,Yes,70.0,200.0,0.0,#NULL!,Yes,3.0,7.0,Continuous,40228,#NULL!,,,,No,,#NULL!,Yes,https://api.mwater.co/v3/images/c8d7d1097c2a4957b7256bd869ab6fca,,,,,,,#NULL!,#NULL!,0.0,,10.0,16.0,No,No,#NULL!,#NULL!,,,43880,,,,,,#NULL!,,,Grundfos,,https://api.mwater.co/v3/images/d44d20a2979b4b5dbe762b79e31bc38a,,,"Plastic 6""",Good,Nur abdi,Chairman,,723914154.0000000000000,Maulid Aden,Operator,728303699.00000000000,Yes,Stolen,Sweet sense,WUA,Place,Cash,,,,#NULL!,,15,10,0,2.0,,#NULL!,#NULL!,,,#NULL!,,,,,,,,,,,,#NULL!,
156,Lagdera,Baraki,Baraki 2,0.6542553999999950,39.580297300000000,Rural,28.00,280.0,1.0,No,#NULL!,#NULL!,Yes,50.0,150.0,20.0,300.0,,#NULL!,#NULL!,,40105,170.0,Good,Generator,16,No,,#NULL!,Yes,https://api.mwater.co/v3/images/f9dfab536ce740478d250bf80e3f0549,,,,,,,#NULL!,#NULL!,#NULL!,,7.0,13.0,No,Yes,4.0,4.0,,,43887,Good,Perkins,,,,30.0,https://api.mwater.co/v3/images/d2cbb93da95f4c449d7c98fdf1f3f9f7; https://api.mwater.co/v3/images/38782862d03a426880bbce36a4fc867b; https://api.mwater.co/v3/images/0005b2e420a045bea7e48339aafb5c88; https://api.mwater.co/v3/images/e106ad81e7414c1dbfe9c3ca8d8b0707; https://api.mwater.co/v3/images/7bcf11de0c694fca93e21f40cb93fc38; https://api.mwater.co/v3/images/26f7b95bcf874c1cbe8a430303b88f59,,,,https://api.mwater.co/v3/images/8b78d486c6684cdeae4273083e0daaa4,,,,Good,Nur abdi,Operator,,720142368.0000000000000,Abdulahi daud,Cash collector,748051401.00000000000,,,,WUA,In place,Cash,,,,#NULL!,Yes,15,10,0,2.0,,#NULL!,#NULL!,,,#NULL!,Nearest strategic borehole,,,,,,,,,,,#NULL!,
157,DADAAB,Abakaile,Gurrow,0.0275804999999858,39.986347500000000,Rural,1.00,150.0,0.5,No,#NULL!,#NULL!,Yes,1000.0,500.0,50.0,1000.0,No,#NULL!,#NULL!,,41501,200.0,Good,Generator,12,No,No,#NULL!,Yes,https://api.mwater.co/v3/images/2e18679d53fc44db9fa444e3622f87ce,Elevated tank about to collapse,,,Yes,Elevated tank about to collapse,No,#NULL!,16-Apr-22,1.0,Pump failure,7.0,12.0,Yes,Yes,3.0,6.0,,,43695,Good,Perkins,,Dayliff,,40.0,https://api.mwater.co/v3/images/c9ddd3d85df54d33b101d2a6a2f977ca,,,,https://api.mwater.co/v3/images/b5877c18096e47ef97a2490cd66eb44c,,,"GI 6""",Good,,,,#NULL!,,,#NULL!,,,,Poor management not registered required to formed officially,Poor,Cash,Per jerrican=5ksh,Cash,No,5.0,Yes,10,10,0,5.0,No,#NULL!,0.0,Water kiosk,,2.0,Water vendors,24,No,,,,,,1,,1,#NULL!,
158,DADAAB,Liboi,Dobale,0.3497659999999940,40.864689200000000,Rural,1.00,1.5,jarirot,No,#NULL!,#NULL!,,50.0,100.0,50.0,30.0,Yes,2.0,3.0,,40431,220.0,Good,Hybrid,17,No,No,#NULL!,Yes,,,,,Yes,"No proper facility 
Number of people had connection are many but have got no water because of lack of proper water storage",No,#NULL!,15-Mar-21,0.0,No proper storage facility,7.0,12.0,Yes,No,10.0,#NULL!,330,Good,40228,Good,,,,,#NULL!,https://api.mwater.co/v3/images/e4593b31dcfc4faaacfacf0304910039,,,,https://api.mwater.co/v3/images/a3969e2f042b47cca784bc76f05434a0,,,,,Hassan,Operator,,708940063.0000000000000,,,#NULL!,No,,,Water Committee,Weak,Cash,1500,,1500,1500.0,Yes,10,10,0,5.0,Yes,1000.0,0.0,Piped water,,1.0,Vendors,12,,,,,,,1,,1,#NULL!,
159,DADAAB,Liboi East B,Liboi East,0.3552150000000010,40.878445200000000,Rural,1.00,0.0,0.5,No,#NULL!,#NULL!,Yes,2000.0,1500.0,150.0,5000.0,Yes,2.0,5.0,,42078,180.0,Good,Generator,12,No,No,#NULL!,Yes,https://api.mwater.co/v3/images/6dcd5fd120544cfda339e1ad0d538020,,,None,No,No fencing,No,#NULL!,15-Jan-22,2.0,Pump failure,7.0,12.0,Yes,Yes,6.0,#NULL!,,,42005,Good,Dayliff,,ISUZU,,#NULL!,https://api.mwater.co/v3/images/cb342f502ad144b699c4c56c233a81a4,,,,https://api.mwater.co/v3/images/1f864e8b9c3d4247aba1e1f741fe5809,,,,,,,,#NULL!,,,#NULL!,No,,,Water Committee,Good,Cash,,Cash,Cash,#NULL!,Yes,10,10,0,5.0,No,#NULL!,#NULL!,,Trough,6.0,Vendors,,,,,,,,1,,1,#NULL!,
160,DADAAB,Liboi,Kadaqso,0.2044446999999870,40.594113700000000,Rural,3.00,250.0,0.8,No,#NULL!,#NULL!,Yes,1000.0,500.0,100.0,2500.0,No,#NULL!,#NULL!,,42867,230.0,Good,Generator,15,No,,#NULL!,Yes,,,,,Yes,Water kiosk,No,#NULL!,8-Jan-22,0.0,,7.0,6.0,Yes,Yes,4.0,#NULL!,,,42936,Good,Daylight,,ISUZU,,40.0,https://api.mwater.co/v3/images/d6dec6344e4b48d1959685fbc4125cab,,,,,,,,,,,,#NULL!,,,#NULL!,No,,,Water Committee,Weak,Cash,,,Fixed,#NULL!,Yes,10,10,0,5.0,Yes,1000.0,1.0,Water kiosk,,3.0,Water pan or Vendors,,,,,,,,1,,1,#NULL!,
161,,,Ziwani bh 3,-0.4707189000000170,39.636453500000000,Urban,#NULL!,#NULL!,#NULL!,,#NULL!,#NULL!,,#NULL!,#NULL!,#NULL!,#NULL!,,#NULL!,#NULL!,,,#NULL!,,,,,,#NULL!,,https://api.mwater.co/v3/images/be7c39c0287744e0ba1677c1be3c901d,,,,,Blown pump and motor of size 18.5kw,,#NULL!,#NULL!,#NULL!,,#NULL!,#NULL!,,,#NULL!,#NULL!,,,,,,,,,#NULL!,,,,,,,,,,,,,#NULL!,,,#NULL!,,,,,,,,,,#NULL!,,,,,#NULL!,,#NULL!,#NULL!,,,#NULL!,,,,,,,,,,,,#NULL!,
162,Township,Iftin,Iftin 1,-0.5018823000000000,39.653642200000000,Urban,0.02,300.0,2.5,No,#NULL!,#NULL!,No,#NULL!,#NULL!,#NULL!,#NULL!,No,#NULL!,#NULL!,,43416,45.0,,Hybrid,50,Yes,Yes,44641.000000000,Yes,,,,,Yes,Flooding,Yes,3.0,3-Jan-22,2.0,"Blown up of motor 
Risk of flooding
Generator broken down especially radiator",7.0,17.0,No,No,7.0,7.0,,Good,43416,Operatnal but needs service,Parkins,,,,#NULL!,https://api.mwater.co/v3/images/a8c64453b7354998811fd6609420a6ac; https://api.mwater.co/v3/images/d302140a137a47f8b0b550cb2dc651c4,,,,https://api.mwater.co/v3/images/48ea5057421f4fe992f710b9830d3f94,,,,,,,,#NULL!,,,#NULL!,No,,,GAWASCO,Good,Paybill,Bank,,,1700.0,,,,,#NULL!,,#NULL!,20.0,Individual connections,,#NULL!,Water vendors,,Yes,2019,Save portable water,No,,Normal,,,1,#NULL!,"Fenced
Climate proof
Bush clearing needed."
163,DADAAB,Liboi,Maleley 1,0.1889717999999990,40.512288400000000,Rural,2.00,300.0,1.0,No,#NULL!,#NULL!,Yes,1500.0,1000.0,100.0,3000.0,No,#NULL!,#NULL!,,39864,180.0,Good,Hybrid,14,No,No,#NULL!,Yes,,,Pump failure,,Yes,Scheme is not fenced,,#NULL!,#NULL!,2.0,"Pump failure 
Generator had mechanical failure",7.0,8.0,Yes,Yes,5.0,4.0,330w,,43570,Good,Dayliff,,ISUZU,,#NULL!,https://api.mwater.co/v3/images/1cdb2fb201ce4d35819d26788eba5cdd,,,,https://api.mwater.co/v3/images/9c784312d0924e0f85e0f56f84fd627d,,,"GI 6""",Motor size 7.5kw,,,,#NULL!,,,#NULL!,No,,,Water Committee,Poor,Cash,,,Fixed,#NULL!,Yes,10,10,0,5.0,No,1000.0,1.0,Water kiosk,,2.0,Vendors and water pans,12,No,,,,,,1,,1,#NULL!,
164,Lagdera,Baraki,Rigdam,0.6442450000000030,39.504950000000000,Rural,10.00,180.0,1.0,No,#NULL!,#NULL!,Yes,20.0,100.0,10.0,200.0,No,#NULL!,#NULL!,,43516,250.0,Good,Generator and solar system,12,No,,#NULL!,Yes,https://api.mwater.co/v3/images/ef6153149bd4491d9d46dd795c150f09,,,,,,,#NULL!,#NULL!,#NULL!,,7.0,8.0,No,Yes,0.0,0.0,,Good,43881,Good,Perkins,Dayliff,,,15.0,https://api.mwater.co/v3/images/790444916ff747239aba660398291bb3; https://api.mwater.co/v3/images/b8ee164b678d4e8385af90a573b26e39,Dayliff,,,https://api.mwater.co/v3/images/5a3e3cd45e054012be6827a722f6fc5f,,,,Good,Siyat garat,Chairman,,723914154.0000000000000,Maulid Aden,Operator,728303697.00000000000,No,,,Not selected,,Cash,,,,#NULL!,Yes,10,5,0,1.0,No,#NULL!,#NULL!,,,#NULL!,Water trucking or next strategic borehole,,,,,,,,,,,#NULL!,Water kiosks needed
165,Lagdera,Maalimin,Elan,0.7377745999999940,39.364181500000000,Rural,10.00,0.0,0.0,No,#NULL!,#NULL!,,#NULL!,#NULL!,#NULL!,#NULL!,,#NULL!,#NULL!,,,190.0,Good,Generator,16,No,,#NULL!,No,https://api.mwater.co/v3/images/e4939075aeba43329a9a2671fd09996d,Faulty generator,,,,,,#NULL!,#NULL!,#NULL!,,#NULL!,#NULL!,,,#NULL!,#NULL!,,,,,,,,,#NULL!,https://api.mwater.co/v3/images/4ab5e68704ef43f296f30e5754acc48f; https://api.mwater.co/v3/images/1c26102445154619b794c2a5701a2bfa,,,,https://api.mwater.co/v3/images/0d298e74260f45a7a4fa4d0777fb9c51,,,,Good,,,,#NULL!,,,#NULL!,,,,,,,,,,#NULL!,,,,,#NULL!,,#NULL!,#NULL!,,,#NULL!,,,,,,,,,,,,#NULL!,Has not been working for over 5 years
166,Lagdera,Sabena,Bula hagar,0.8124599999999820,39.400290000000000,Rural,7.00,160.0,1.0,No,#NULL!,#NULL!,Yes,100.0,200.0,8.0,200.0,No,#NULL!,#NULL!,,43881,250.0,Good,Solar system and generator,16,No,,#NULL!,,https://api.mwater.co/v3/images/85a8ffdbe0d948b587fcdb66163f535a,,,,,,,#NULL!,#NULL!,#NULL!,,40.0,8.0,No,Yes,3.0,2.0,,Good,43889,Good,Perkins,,,,30.0,https://api.mwater.co/v3/images/284735e792b94d48abf2ade9c90833f4; https://api.mwater.co/v3/images/60319d9526114e908a1482fb2027e474,Dayliff,,,https://api.mwater.co/v3/images/54cf72f40b5f4846a535de413b90c590,,,Plastic 6,Good,Khalif Farah,Chairman,,723177733.0000000000000,Diney Farah,Operator,793877300.00000000000,Yes,Sweetsense,,Not yet elected,Not in place,Cash,,,,#NULL!,,15,10,0,2.0,No,#NULL!,#NULL!,,,#NULL!,Water trucking or next strategic borehole,,,,,,,,,,,#NULL!,
167,DADAAB,Liboi,Maleley 2,0.2032728999999930,40.525798800000000,Rural,1.00,280.0,0.8,No,#NULL!,#NULL!,Yes,2000.0,1500.0,100.0,3000.0,No,#NULL!,#NULL!,,40594,180.0,Good,Hybrid,15,Yes,Yes,4432.000000000,Yes,https://api.mwater.co/v3/images/6f8d853e0a174b20908766842943907f,Generator mechanical failure,,24,Yes,Casing had a hole which allow materials to fall in the borehole resulted difficulties in retrieval of the drop pipes and pump,,#NULL!,10-Sep-21,1.0,"Casing had a hole which allow materials to fall in the borehole resulted difficulties in retrieval of the drop pipes and pump 
Pump failure 
Generator mechanical failure",7.0,12.0,Yes,Yes,4.0,6.0,330,Good,43651,Good,,,,,#NULL!,https://api.mwater.co/v3/images/b27fc4695c7e45648b8e3d20fbdd969d; https://api.mwater.co/v3/images/65f0a23ad4df47dca16bfd937cb74c58,,,,https://api.mwater.co/v3/images/330fd97c19fa4736ac65498898f95380,,,"GI 6""",Motor size.5kw,,,,#NULL!,,,#NULL!,No,,,Water Committee,Good,Cash,,,Fixed,#NULL!,Yes,10,10,0,5.0,Yes,1000.0,1.0,Water kiosk,,2.0,Vendors and pans,12,,,,,,,1,,1,#NULL!,
168,Lagdera,Sabena,Gurufa 2,0.8009681999999950,39.465609900000000,Rural,7.00,#NULL!,#NULL!,No,#NULL!,#NULL!,,#NULL!,#NULL!,#NULL!,#NULL!,,#NULL!,#NULL!,,,#NULL!,,,,,,#NULL!,,https://api.mwater.co/v3/images/b5a19f608e374c578683b8e4e93ff07e,,,,,,,#NULL!,#NULL!,#NULL!,,#NULL!,#NULL!,,,#NULL!,#NULL!,,,,,,,,,#NULL!,https://api.mwater.co/v3/images/292049b0ed9f45bd86333c991ff69f0a; https://api.mwater.co/v3/images/c20a3f652c4a49be947132eaed2334e9,,,,,,,,,,,,#NULL!,,,#NULL!,,,,,,,,,,#NULL!,,,,,#NULL!,,#NULL!,#NULL!,,,#NULL!,,,,,,,,,,,,#NULL!,The borehole has not been in use for more than six months due to blown up submersible pump and faulty injector pump
169,Lagdera,Sabena,Gurufa 1,0.8007439999999910,39.465040300000000,Rural,7.00,500.0,1.0,No,#NULL!,#NULL!,Yes,#NULL!,#NULL!,20.0,100.0,,#NULL!,#NULL!,,40229,180.0,Good,Solar system and generator,12,No,,#NULL!,Yes,https://api.mwater.co/v3/images/7f54ff63d50c40839eab55195af4fbd2,,,,,,,#NULL!,#NULL!,#NULL!,,40.0,8.0,No,,#NULL!,#NULL!,,Good,43151,Good but requires servicing,Perkins,,,,30.0,https://api.mwater.co/v3/images/703b72e37864463ca06993e34306ed2d; https://api.mwater.co/v3/images/553b74ca25b04a4cbbcc1fc73773461b,,Dayliff,,https://api.mwater.co/v3/images/176587488678447c9119c60141fa8627,,,Plastic and generator,Good,Abdirahaman Rashi,Chief,,70388789.0000000000000,Diney Farah,Operator,793877300.00000000000,Yes,Sweetsense and it's vandalized,,WUA,In place,Cash,,,,#NULL!,,,,,#NULL!,Yes,580.0,2.0,,,#NULL!,Next strategic borehole,,,,,,,,,,,#NULL!,Repair of generator and water kiosks
170,Lagdera,Sabena,Skanska 1,0.9066946999999990,39.313874300000000,Rural,0.00,2500.0,8.0,No,#NULL!,#NULL!,No,#NULL!,#NULL!,#NULL!,#NULL!,,#NULL!,#NULL!,,39639,#NULL!,Not good,Solar system and generator,,No,,#NULL!,,https://api.mwater.co/v3/images/5eae07fc4f214666bea83d86d288f89f,,,,,,,#NULL!,#NULL!,#NULL!,,#NULL!,#NULL!,,,#NULL!,#NULL!,,,,,,,,,#NULL!,https://api.mwater.co/v3/images/6eefc6fc0d5c42e2b7f4a67f66b91e55,,,Dayliff,https://api.mwater.co/v3/images/ca50aad6e8f6458a92af16459202122c,,,Plastic 6',,,,,#NULL!,,,#NULL!,,,,,,,,,,#NULL!,,,,,#NULL!,,#NULL!,#NULL!,,,#NULL!,,,,,,,,,,,,#NULL!,Dry borehole
171,Lagdera,Maalimin,Skanska 4,0.9078122999999880,39.321538000000000,Rural,40.00,300.0,3.0,No,#NULL!,#NULL!,Yes,100.0,200.0,30.0,500.0,No,#NULL!,#NULL!,,38768,220.0,Good,Generator,36,Yes,No,#NULL!,Yes,https://api.mwater.co/v3/images/01200885a0bd4fa398ca6b4bd674d727,,,,,,,#NULL!,#NULL!,#NULL!,,#NULL!,#NULL!,,,#NULL!,#NULL!,,,39133,Poor,Perkins,Dayliff,,,45.0,https://api.mwater.co/v3/images/160c28decb734e33bb677cebc7b5240f; https://api.mwater.co/v3/images/dce9183e5eda416aba56a8bbbe253108,,,,https://api.mwater.co/v3/images/6dbd5af24d74484c98da82a1c0564741,,,Plastic 6',Good,Salat Hussein,Operator,,70791315763.0000000000000,Yunis Omar,Operator,710719073.00000000000,Yes,Sweetsense,,Not yet elected,Not in place,Cash,,,,#NULL!,Yes,15,10,0,2.0,No,#NULL!,#NULL!,,,#NULL!,,,,,,,,,,,,#NULL!,Generator to be replaced
172,DADAAB,Damajaley,Mathahgisi,0.1610928999999880,40.429899800000000,Rural,20.00,350.0,1.0,No,#NULL!,#NULL!,Yes,3500.0,1500.0,30.0,5000.0,No,#NULL!,#NULL!,,41044,190.0,Good,Hy,14,No,,#NULL!,Yes,,,,,No,,No,#NULL!,20-Feb-22,1.0,Pump failure,7.0,12.0,Yes,Yes,5.0,6.0,330,Good,41688,Poor,,,,,#NULL!,https://api.mwater.co/v3/images/29aed1f6965a4a9f93e5e0bf5be359a6,,,,https://api.mwater.co/v3/images/4ed6d25cf03648e48f278f5c3eba640f,,,"GI 6""",Motor size 11kw,,,,#NULL!,,,#NULL!,,,,No management run by area chief information as received from the public,Poor,Cash,,,Fixed,#NULL!,Yes,10,10,0,5.0,Yes,1000.0,1.0,Water kiosk,,2.0,Vendors and pans,12,,,,,,,1,,1,#NULL!,
173,Lagdera,Maalimin,Skanska2,0.9042050000000060,39.319448300000000,Rural,#NULL!,#NULL!,#NULL!,,#NULL!,#NULL!,,#NULL!,#NULL!,#NULL!,#NULL!,,#NULL!,#NULL!,,,#NULL!,,,,,,#NULL!,,https://api.mwater.co/v3/images/23f852e604e647a98231c22cd22bc093,,,,,,,#NULL!,#NULL!,#NULL!,,#NULL!,#NULL!,,,#NULL!,#NULL!,,,,,,,,,#NULL!,,,,,,,,,,,,,#NULL!,,,#NULL!,,,,,,,,,,#NULL!,,,,,#NULL!,,#NULL!,#NULL!,,,#NULL!,,,,,,,,,,,,#NULL!,"This borehole has not been in use for the three years due to lack of generator and KPLC has not reinstated the power, the submersible pump ise blown up"
174,Lagdera,Maalimin,Skanska 3,0.9012399999999870,39.326085000000000,Rural,#NULL!,#NULL!,#NULL!,,#NULL!,#NULL!,,#NULL!,#NULL!,#NULL!,#NULL!,,#NULL!,#NULL!,,,#NULL!,,,,,,#NULL!,,https://api.mwater.co/v3/images/4166177de02e4041b9fd60b5499d6a93,,,,,,,#NULL!,#NULL!,#NULL!,,#NULL!,#NULL!,,,#NULL!,#NULL!,,,,,,,,,#NULL!,https://api.mwater.co/v3/images/c47c4db287c0453a88abbf65e2337bde; https://api.mwater.co/v3/images/562acf6c33c841b98aa9575c077837d3; https://api.mwater.co/v3/images/9aa143f613414c3daa34d19150491068,,,,https://api.mwater.co/v3/images/1d6d44d90eb44251b945cf2ae9474d60,,,,,,,,#NULL!,,,#NULL!,,,,,,,,,,#NULL!,,,,,#NULL!,,#NULL!,#NULL!,,,#NULL!,,,,,,,,,,,,#NULL!,The water from this borehole is saline and is not used
175,Lagdera,Modogashe,Modogashe,0.7288598000000060,39.174533700000000,Urban,#NULL!,#NULL!,#NULL!,,#NULL!,#NULL!,,#NULL!,#NULL!,#NULL!,#NULL!,,#NULL!,#NULL!,,,#NULL!,,,,,,#NULL!,,https://api.mwater.co/v3/images/6fd7318f90594f7db393250bcb7e5144,,,,,,,#NULL!,#NULL!,#NULL!,,#NULL!,#NULL!,,,#NULL!,#NULL!,,,,,,,,,#NULL!,https://api.mwater.co/v3/images/d1fb676b10df4134996517cf8dad1ac3; https://api.mwater.co/v3/images/b86cb5a78b9f4b7dbe3078b6467438b4,,,,https://api.mwater.co/v3/images/72da462b52a5440abc97e1ac54213b80,,,,,,,,#NULL!,,,#NULL!,,,,,,,,,,#NULL!,,,,,#NULL!,,#NULL!,#NULL!,,,#NULL!,,,,,,,,,,,,#NULL!,This shallow well is not operational since the gallery has no water people are drawing water from hand dug wells
176,Balambala,Danyere,Danyere 2,0.0049039999999891,38.738350500000000,Rural,#NULL!,500.0,1.0,No,#NULL!,#NULL!,No,#NULL!,#NULL!,#NULL!,#NULL!,No,#NULL!,#NULL!,,44247,80.0,Good,Solar system,25,Yes,No,7116.000000000,Yes,https://api.mwater.co/v3/images/3f8fdcd394c8432ba3c35e37389bf0fa,,,,,,,#NULL!,#NULL!,#NULL!,,#NULL!,#NULL!,No,,#NULL!,#NULL!,,Good,,,,,,,#NULL!,,,Dayliff,,https://api.mwater.co/v3/images/3a21c6a1cf904fb7b474a8ea38d1d979,,,Plastic 6'',Good,Aden Hussein,Operator,,746195211.0000000000000,,,#NULL!,,,,Not yet elected,,Free,,,,#NULL!,,,,,#NULL!,,#NULL!,#NULL!,,,#NULL!,,,,,,,,,,,,#NULL!,
177,Balambala,Danyere,Danyere 1,0.0050437000000020,38.738695900000000,Rural,60.00,300.0,1.0,No,#NULL!,#NULL!,No,#NULL!,#NULL!,#NULL!,#NULL!,,#NULL!,#NULL!,,44247,50.0,Good,Solar system,12,Yes,Yes,1175.000000000,Yes,https://api.mwater.co/v3/images/c0c050e50ed54c89b648d65a0c9756ed,,,,,,,#NULL!,#NULL!,#NULL!,,7.0,7.0,No,,#NULL!,#NULL!,,Good,,,,,,,#NULL!,,,,Dayliff,https://api.mwater.co/v3/images/dc5b611aa17647ab9bca5ea448dd92b5,,,Plastic 6'',Good,,,,#NULL!,,,#NULL!,,,,Not yet elected,Not in place,Free,,,,#NULL!,,,,,#NULL!,,#NULL!,#NULL!,,,#NULL!,,,,,,,,,,,,#NULL!,Community to be sensitized on the importance of having a water management committee
178,Balambala,Balambala,Balambala 2,-0.0779053000000125,39.089405100000000,Urban,7.00,2500.0,8.0,No,#NULL!,#NULL!,No,#NULL!,#NULL!,#NULL!,#NULL!,,#NULL!,#NULL!,,44429,50.0,Good,Solar system and generator,25,No,,#NULL!,Yes,https://api.mwater.co/v3/images/26aed77e17aa4fdfa8a08ee7f2d92da5,,,,,,No,#NULL!,#NULL!,#NULL!,,7.0,8.0,No,No,#NULL!,#NULL!,,Good,43140,Good,Perkins,,,,30.0,https://api.mwater.co/v3/images/966cf67d0ae241fcbd604634d070f56e,,,,https://api.mwater.co/v3/images/5ffce27d7387468aa972a15e2d3451be,,,,,,,,#NULL!,,,#NULL!,,,,,,,,,,#NULL!,,,,,#NULL!,,#NULL!,#NULL!,,,#NULL!,,,,,,,,,,,,#NULL!,
179,DADAAB,Damajaley,Homojo,-0.0198193000000145,40.948840500000000,Rural,6.00,250.0,500.0,No,#NULL!,#NULL!,Yes,2500.0,1200.0,100.0,5000.0,Yes,3.0,15.0,,42784,220.0,Good,Generator,14,No,,#NULL!,No,https://api.mwater.co/v3/images/1dcd8b9bacb746f9911a2e707e11850a,Pump failure,Frequent pump failure,1,Yes,Frequent pump failure,Yes,14.0,10-Aug-20,2.0,Frequent pump failure,7.0,10.0,Yes,Yes,6.0,6.0,,,43850,Good,,,,,#NULL!,,,,,https://api.mwater.co/v3/images/0de673f2d6b84cadb93589e21201bd23,,,"GI 6""",7.5kw,Sanyare,Chairman,,712094045.0000000000000,,,#NULL!,No,,,No management officially formed,Poor,Cash,,,,#NULL!,Yes,1,10,0,5.0,No,#NULL!,0.0,Water kiosk,,2.0,Vendors,12,,,,,,,1,,1,#NULL!,"The borehole has been drilled and equipped 2017 since then there is frequent pump failure.
Even now breakdown is reported I therefore recommend assessment to know exactly the course of frequent breakdown like camera inspection be done."
180,DADAAB,Damajaley,Barkin,-0.1145295000000030,40.786943100000000,Rural,15.00,250.0,1.0,,#NULL!,#NULL!,Yes,3000.0,1500.0,100.0,5000.0,No,#NULL!,#NULL!,,42876,220.0,Good,Generator,13,No,No,#NULL!,Yes,,"Tank leakages, water kiosk dilapidated",,12,Yes,"Pump failure 
Water kiosk dilapidated 
Plastic tank leaking",Yes,14.0,11-Jan-21,2.0,Pump failure,7.0,12.0,Yes,Yes,5.0,6.0,,,43628,Poor,,,,,#NULL!,,,,,https://api.mwater.co/v3/images/58771439a5df457e83ffe0acf6066043,,,"GI 6""","Motor size 7.5kw ,Generator 31kva",GAMEY,Chairman,,726929677.0000000000000,,,#NULL!,No,,,No management officially formed,Weak,Cash,,,,#NULL!,Yes,10,10,0,5.0,No,#NULL!,#NULL!,Tap stand,,3.0,Vendors,12,,,,,,,1,,1,#NULL!,"No official management committee formed 
There is frequent pump failure"
181,DADAAB,Damajaley,Kiwanjayarey,-0.1151903000000000,40.707869200000000,Rural,15.00,280.0,1.0,No,#NULL!,#NULL!,Yes,3000.0,2000.0,50.0,3000.0,No,#NULL!,#NULL!,,42174,180.0,Good,Generator,14,No,No,#NULL!,Yes,,"Pump failure,plastic tank leaking",,12,Yes,"Pump failure 
Raised platform rusted 
Water kiosk dilapidated",Yes,14.0,15-Jan-22,3.0,"Pump failure 
Drop pipes leaking",7.0,12.0,Yes,Yes,5.0,6.0,,,42237,Generator,,,,,#NULL!,,,,,,,,"GI 6""","motor size 7.5kw,Generator 31kva",,,,#NULL!,,,#NULL!,No,,,No management officially formed,Weak,Cash,,,,#NULL!,Yes,10,10,0,5.0,No,#NULL!,#NULL!,Water kiosk,,3.0,Vendors,12,,,,,,,1,,1,#NULL!,
182,Township,Iftin,Abdiluge,-0.4272140000000130,39.721147800000000,Rural,#NULL!,#NULL!,#NULL!,,#NULL!,#NULL!,,#NULL!,#NULL!,#NULL!,#NULL!,,#NULL!,#NULL!,,,#NULL!,,,,,,#NULL!,,https://api.mwater.co/v3/images/e4815a826e2f416596b17ddf28803103,,,,,,,#NULL!,#NULL!,#NULL!,,#NULL!,#NULL!,,,#NULL!,#NULL!,,,,,,,,,#NULL!,https://api.mwater.co/v3/images/f8d8fd3e112849cfb73d2a4f23798f8a,,,,https://api.mwater.co/v3/images/d5c989773f3a4a8893cc82ffa46bcd5a,,,,,Hajabo mahamud abdille,Chairlady,,708269825.0000000000000,,,#NULL!,,,,,,,,,,#NULL!,,,,,#NULL!,,#NULL!,#NULL!,,,#NULL!,,,,,,,,,,,,#NULL!,"This borehole has never been used, some solar panels were stolen and others are with me chairlady,"
183,Township,Iftin,Iftin 3,-0.5017602000000030,39.653636100000000,Urban,#NULL!,#NULL!,#NULL!,No,#NULL!,#NULL!,,#NULL!,#NULL!,#NULL!,#NULL!,,#NULL!,#NULL!,,,50.0,Good,Generator/solar system,60,Yes,Yes,46130.000000000,Yes,https://api.mwater.co/v3/images/8f2cf3adee8745e1963abf039772f4fa,,,,,,,#NULL!,#NULL!,#NULL!,,#NULL!,#NULL!,,,#NULL!,#NULL!,,,,,,,,,#NULL!,https://api.mwater.co/v3/images/56ba0fb59cc341d79149a36eb46e1acc,,,,https://api.mwater.co/v3/images/14eaa1b9d50d46ce8a809a1547ae54b9,,,,,,,,#NULL!,,,#NULL!,,,,,,,,,,#NULL!,,,,,#NULL!,,#NULL!,#NULL!,,,#NULL!,,,,,,,,,,,,#NULL!,This borehole is sharing the same generator with borehole 2
184,Balambala,Sankuri,Lago,-0.2015673000000070,39.864168200000000,Rural,#NULL!,#NULL!,#NULL!,,#NULL!,#NULL!,,#NULL!,#NULL!,#NULL!,#NULL!,,#NULL!,#NULL!,,,#NULL!,,,,,,#NULL!,,,,,,,,,#NULL!,#NULL!,#NULL!,,#NULL!,#NULL!,,,#NULL!,#NULL!,,,,,,,,,#NULL!,https://api.mwater.co/v3/images/000d2d7c8bb7464b937a9b1f39d7e809,,,,https://api.mwater.co/v3/images/0674ba818e2f41418a8113b8ecd64413,,,,,,,,#NULL!,,,#NULL!,,,,,,,,,,#NULL!,,,,,#NULL!,,#NULL!,#NULL!,,,#NULL!,,,,,,,,,,,,#NULL!,
185,Balambala,Sankuri,Lago,-0.2056446000000020,39.867307300000000,Rural,20.00,600.0,0.5,No,#NULL!,#NULL!,Yes,50.0,100.0,20.0,2.0,No,#NULL!,#NULL!,,39866,200.0,Good,Generator,16,No,,#NULL!,,https://api.mwater.co/v3/images/12857a3363744edfa206dbc77dbd5304,,,,,,,#NULL!,#NULL!,#NULL!,,#NULL!,#NULL!,,,#NULL!,#NULL!,,,,Poor,,,,,#NULL!,https://api.mwater.co/v3/images/0a89a9cf2f49429b979f79ee0b6fd652; https://api.mwater.co/v3/images/670182abacba4f9189f79b3a539ba16c,,,,https://api.mwater.co/v3/images/1a548af1bd744ed7b62669ba9135c053,,,,Good,Hussein Omar,Chairman,,727700321.0000000000000,,,#NULL!,,Sweetsense,,WUA,In place,Cash,,,,#NULL!,Yes,,,,#NULL!,,#NULL!,#NULL!,,,#NULL!,,,,,,,,,,,,#NULL!,"Exhaust broken, air cleaner needed solar system not functioning"
186,Township,Iftin,Iftin 2,-0.5015215000000180,39.653599500000000,Urban,#NULL!,#NULL!,#NULL!,No,#NULL!,#NULL!,,#NULL!,#NULL!,#NULL!,#NULL!,No,#NULL!,#NULL!,,,50.0,Good,Generator/solar system,60,Yes,Yes,62268.000000000,Yes,https://api.mwater.co/v3/images/fee2328bbaa149e3b4bbacbd1848a93a,,,,,,,#NULL!,#NULL!,#NULL!,,#NULL!,#NULL!,,,#NULL!,#NULL!,,,,Good,,,,,#NULL!,https://api.mwater.co/v3/images/655a52bfdcc84f2fa1783ad20cd51bc3,,,,,,,,,,,,#NULL!,,,#NULL!,,,,GAWASCO,,,,,,#NULL!,,,,,#NULL!,,#NULL!,#NULL!,,,#NULL!,,,,,,,,,,,,#NULL!,
187,Township,Iftin,Iftin 1,-0.5014715999999960,39.653862700000000,Urban,#NULL!,#NULL!,#NULL!,,#NULL!,#NULL!,,#NULL!,#NULL!,#NULL!,#NULL!,,#NULL!,#NULL!,,,#NULL!,,,,,,#NULL!,,https://api.mwater.co/v3/images/1d97dc67279345aaa15a4f88a7f3db0a,,,,,,,#NULL!,#NULL!,#NULL!,,#NULL!,#NULL!,,,#NULL!,#NULL!,,,,,,,,,#NULL!,,,,,,,,,,,,,#NULL!,,,#NULL!,,,,,,,,,,#NULL!,,,,,#NULL!,,#NULL!,#NULL!,,,#NULL!,,,,,,,,,,,,#NULL!,This borehole is dry and abandoned
188,DADAAB,Damajaley,Rahole,-0.1184462000000140,40.838319900000000,Rural,20.00,50.0,0.3,No,#NULL!,#NULL!,Yes,1000.0,500.0,50.0,1500.0,No,#NULL!,#NULL!,,44461,220.0,Good,Generator,12,No,,#NULL!,Yes,,,,,Yes,"No proper fence 
No proper storage facilities 
Troughs not enough 
No records from the borehole",No,#NULL!,10-Jan-22,#NULL!,None,7.0,8.0,Yes,Yes,5.0,4.0,,,44843,Good,,,,,#NULL!,https://api.mwater.co/v3/images/64b8583d4a114e71b3f26836215a65a1,,,,https://api.mwater.co/v3/images/8f5e6c8e5e3b42e49e9c02fac7c32cd6,,,"GI 6""","Motor size 5.5kw,Generator 20kva",,,,#NULL!,,,#NULL!,,,,No management officially formed,Poor,Cash,,,,#NULL!,Yes,10,10,0,5.0,No,#NULL!,#NULL!,Troughs or tap stand,,2.0,Vendors or water pans,24,,,,,,,1,,1,#NULL!,
189,DADAAB,Liboi,Maka,0.0020844999999854,40.988493100000000,Rural,10.00,150.0,0.5,No,#NULL!,#NULL!,Yes,1500.0,500.0,50.0,3000.0,No,#NULL!,#NULL!,,44429,220.0,Good,Generator,10,No,No,#NULL!,Yes,,,,,Yes,"No fencing 
No proper storage facility 
Not metered",No,#NULL!,14-Jan-22,0.0,,5.0,4.0,Yes,Yes,4.0,3.0,,,44487,Good,,,,,#NULL!,https://api.mwater.co/v3/images/4d4234c2a70d46b5b8634c684cb181db,,,,https://api.mwater.co/v3/images/0ed2dc8e72f544f4a8a1d721f14afb5b,,,"GI 6""",No records but we contacted chairlady to bring the records,Hawo,Chairlady,,723820498.0000000000000,,,#NULL!,No,,,No management officially formed,Weak,Cash,,,,#NULL!,Yes,10,10,0,5.0,No,#NULL!,#NULL!,Tape stand,,2.0,Vendors,12,,,,,,,1,,1,#NULL!,
190,DADAAB,Damajaley,Hamey,-0.1201793000000070,40.901036100000000,Rural,20.00,1500.0,2500.0,No,#NULL!,#NULL!,Yes,10000.0,5000.0,200.0,10000.0,Yes,3.0,21.0,,40760,230.0,Good,Hybrid,15,No,No,#NULL!,Yes,,Drop pipes leaking,,1,Yes,Poor management requires overhaul of current management,Yes,10.0,10-Sep-21,2.0,"Pump failure 
Drop pipes leaking 
Existing masonry tank leaking",7.0,12.0,Yes,Yes,5.0,6.0,330,,43692,Poor,,,,,#NULL!,https://api.mwater.co/v3/images/59b4141ab2184a6589a1cf1b3e4ef013,,,,https://api.mwater.co/v3/images/fe3942c1022d46629ac565cd1f02a7b3,,,,,,,,#NULL!,,,#NULL!,,,,No management committee officially formed,Poor,Cash,,,,#NULL!,Yes,10,10,0,5.0,Yes,1000.0,1.0,Tape stand and pipe connected to some households,Tape stand,2.0,Vendors or water pans,,,,,,,,1,,1,#NULL!,"Poor management by individuals manning the water point as water Committee 
No fencing of the water point"
191,DADAAB,Damajaley,Aden santur,0.1048265999999920,40.938846100000000,Rural,15.00,150.0,0.5,No,#NULL!,#NULL!,Yes,3000.0,1000.0,50.0,3000.0,No,#NULL!,#NULL!,,44423,220.0,Good,Generator,14,Yes,Yes,#NULL!,Yes,https://api.mwater.co/v3/images/1fab57ef6f9b40d29bf8dceb2fb2275c,,,,Yes,"No fencing 
No proper storage facility 
Trough not enough",No,#NULL!,21-Jan-22,#NULL!,,6.0,8.0,Yes,Yes,5.0,6.0,,,41223,Good,,,,,#NULL!,https://api.mwater.co/v3/images/395ad8b45011470ba839ff7533d5b85f; https://api.mwater.co/v3/images/0509795a5ff6437098ca616cd2b17625,,,,https://api.mwater.co/v3/images/59e7284c2d2346698412b17ef8cb84a9,,,"GI 6""","Fresh water,motor size 7.5,Generator 30kva",Ali Dumal,Elder,+254720242152,#NULL!,,,#NULL!,No,,,No management officially formed,Good,Cash,,,Fixed,#NULL!,Yes,10,10,0,5.0,,#NULL!,#NULL!,Tap stand,,2.0,Vendors,12,,,,,,,1,,1,#NULL!,"They require formation of management committee 
They require infrastructure support"
192,DADAAB,Damajaley,Shebtaad,0.1554584999999970,40.669342700000000,Rural,25.00,250.0,1.0,No,#NULL!,#NULL!,Yes,2000.0,800.0,100.0,2000.0,Yes,2.0,14.0,,44392,220.0,Good,Generator,15,No,No,#NULL!,Yes,,,,,No,,No,#NULL!,20-Dec-21,#NULL!,,5.0,4.0,Yes,Yes,5.0,4.0,No,,44457,Good,,,,,#NULL!,https://api.mwater.co/v3/images/3d4eae994a434168b96e8608050c64f5; https://api.mwater.co/v3/images/8aca58f446aa475d8fe93f4b5c1b3954,,,,https://api.mwater.co/v3/images/4261062a3df549c9a992702a88a369c8,,,"GI 6"" motor size 7.5kw",motor size 7.5kw,,,,#NULL!,,,#NULL!,No,,,No management officially formed,Weak,Cash,,,Fixed,#NULL!,Yes,10,10,0,5.0,No,#NULL!,#NULL!,Water kiosk,,1.0,Vendors,12,,,,,,,1,,1,#NULL!,"They require formation of water committee and training of operators 
They require fencing 
Water quality testing"
193,DADAAB,Damajaley,Qod qod,0.1037190000000050,40.683009300000000,Rural,20.00,150.0,0.5,No,#NULL!,#NULL!,Yes,3000.0,1500.0,100.0,5000.0,Yes,1.0,4.0,,44545,220.0,Good,Generator,16,Yes,,3322.000000000,Yes,,,,,Yes,"No fencing done 
No permanent water storage",No,#NULL!,5-Jan-22,#NULL!,,5.0,2.0,Yes,Yes,4.0,#NULL!,No,,44571,Good,,,,,#NULL!,https://api.mwater.co/v3/images/2b182435bb764a209713e516f7cc0cb0,,,,https://api.mwater.co/v3/images/baf5aca70bf742e6a93b2ef5be5b4bdc,,,"GI 6""",Motor size 7.5kw,,,,#NULL!,,,#NULL!,No,,,No management officially formed,Poor,Cash,,,Fixed,#NULL!,Yes,10,10,0,5.0,No,#NULL!,#NULL!,Tap stand,,3.0,Vendors,12,,,,,,,1,,1,#NULL!,"Most of this boreholes were drilled recently are located in security prone area
No official documents from them though we communicated to community members to submit any relevant documents from those boreholes"
194,DADAAB,Damajaley,Towfiq,0.1284111999999890,40.556236000000000,Rural,20.00,100.0,0.0,,#NULL!,#NULL!,,#NULL!,#NULL!,#NULL!,#NULL!,,#NULL!,#NULL!,,,#NULL!,,,,,,#NULL!,,,,,,,,,#NULL!,#NULL!,#NULL!,,#NULL!,#NULL!,,,#NULL!,#NULL!,,,,,,,,,#NULL!,,,,,,,,,,,,,#NULL!,,,#NULL!,,,,,,,,,,#NULL!,,,,,#NULL!,,#NULL!,#NULL!,,,#NULL!,,,,,,,,,,,,#NULL!,Newly drilled but not equipped for use
195,DADAAB,Dertu,Hagarbul,0.0414489000000040,40.011841800000000,Rural,25.00,1300.0,18.0,No,#NULL!,#NULL!,Yes,3000.0,2500.0,100.0,3000.0,Yes,4.0,25.0,Water trucking done for human and livestock separately,41105,230.0,Good,Hybrid,30,No,No,#NULL!,Yes,https://api.mwater.co/v3/images/13afd6b534e34185acd9ddb8fd1fced2,Surface pump failure,"Masonry tank leaking, steel tank leaking and too many leakages and burst along the pipe line",12,Yes,"Poor management and irresponsible community members 
Turned water point center for only livestock keeper to feed their animals",Yes,30.0,5-Dec-21,3.0,"Surface pump failure 
Generator had mechanical failure 
Drop pipes leaking",7.0,12.0,Yes,Yes,5.0,8.0,330,Good,44022,Poor,,,,,#NULL!,https://api.mwater.co/v3/images/6f40a85401d64ef58195f30f56f04847; https://api.mwater.co/v3/images/bda77fc00384418eb93ec32bca010bd7,,,,,,,"GI 8""","Motor size 18.5kw,Generator 70kva",,,,#NULL!,,,#NULL!,Yes,,,No management,Poor,Cash,,Cash,Fixed,#NULL!,Yes,10,10,0,5.0,No,#NULL!,#NULL!,At troughs with animals,,4.0,Vendors and water pans,12,,,,,,,1,,1,#NULL!,
196,DADAAB,Abakaile,Abakaile,0.0758373000000033,40.097204400000000,Rural,15.00,350.0,1.0,No,#NULL!,#NULL!,Yes,1000.0,500.0,50.0,2000.0,Yes,2.0,14.0,,42596,180.0,Good,Generator,14,No,No,#NULL!,Yes,https://api.mwater.co/v3/images/8c46b7b3f34d4c64b6f2bc05ce2732e0,,,,Yes,Burst and leakages,No,#NULL!,25-Dec-21,1.0,Pump failure,7.0,8.0,Yes,Yes,6.0,#NULL!,,,42776,Good,,,,,#NULL!,https://api.mwater.co/v3/images/92fac62a0e9949acaf4093f63c3c930d,,,,,,,"GI 6""",Motor size 11kw,,,,#NULL!,,,#NULL!,Yes,,,Water management,Good,Cash,,,Fixed,#NULL!,Yes,10,10,0,5.0,No,#NULL!,#NULL!,Water kiosk,,2.0,Vendors,12,,,,,,,1,,1,#NULL!,
197,Fafi,Bura,Wearable,-0.6754270000000180,39.819614400000000,Rural,10.00,250.0,0.0,No,#NULL!,#NULL!,No,30.0,100.0,50.0,1000.0,No,#NULL!,#NULL!,,43694,40.0,Good,Generator,7,No,No,#NULL!,No,https://api.mwater.co/v3/images/5d0bb094bc554aaebd4632baaf4decb7,,,3,Yes,"Borehole has low production 
Generator had mechanical problems 
No proper storage facilities",Yes,#NULL!,15-Jan-22,3.0,"Low production 
Generator mechanical failure 
No fencing 
No proper storage tank",#NULL!,#NULL!,,,#NULL!,#NULL!,,,,,,,,,#NULL!,https://api.mwater.co/v3/images/e8b19a57a63047f99913991caa532f1c,,,,,,,,,,,,#NULL!,,,#NULL!,,,,,,,,,,#NULL!,,,,,#NULL!,,#NULL!,#NULL!,,,#NULL!,,,,,,,,,,,,#NULL!,
198,Fafi,Bura,Abaqdera,-0.7770452000000180,39.851593600000000,Rural,15.00,150.0,2.5,No,#NULL!,#NULL!,Yes,50.0,100.0,20.0,500.0,No,#NULL!,#NULL!,,42232,100.0,Good,Hybrid,10,Yes,No,#NULL!,Yes,,,,,,,No,#NULL!,10-Dec-21,0.0,,4.0,6.0,Yes,Yes,4.0,5.0,200,,43698,Good,,,,,#NULL!,https://api.mwater.co/v3/images/7f3afc3144c14f6c9ff587a2cbbb4a86,,,,https://api.mwater.co/v3/images/17acbba6a71b430a867234e05d40051d,,,,,Idris Falir,Operator,,718999435.0000000000000,Abdi ISMAIL,Watchman,724952119.00000000000,No,,,Water management,Good,Cash,,,Fixed,#NULL!,Yes,10,10,0,5.0,Yes,#NULL!,#NULL!,Water kiosk,,2.0,,Vendors and river,,,,,,,1,,1,#NULL!,
199,Fafi,,Harjab,-0.7982625000000010,40.014927600000000,Rural,25.00,150.0,1.0,No,#NULL!,#NULL!,Yes,2000.0,1500.0,100.0,2000.0,Yes,2.0,15.0,During extreme drought water trucking is done for both human and livestock population,43886,220.0,Good,Generator,14,No,No,#NULL!,Yes,,,,,No,,No,#NULL!,5-Dec-21,0.0,,7.0,8.0,Yes,Yes,4.0,4.0,,,43575,Good,,,,,#NULL!,,,,,,,,"GI 6""",,,,,#NULL!,,,#NULL!,,,,,,,,,,#NULL!,,,,,#NULL!,,#NULL!,#NULL!,Water kiosk,,2.0,Vendors and pans,,,,,,,,1,,1,#NULL!,
200,Township,,Iftin 3,-0.5016791000000150,39.653721500000000,Urban,#NULL!,#NULL!,#NULL!,,#NULL!,#NULL!,,#NULL!,#NULL!,#NULL!,#NULL!,,#NULL!,#NULL!,,,#NULL!,,,,,No,#NULL!,No,https://api.mwater.co/v3/images/a840a1770b2647e9add8c143d881c377,Pump and motor blown up.,Pump size 18.5kw,15,,,,#NULL!,#NULL!,#NULL!,,#NULL!,#NULL!,,,#NULL!,#NULL!,,,,,,,,,#NULL!,,,,,,,,,,,,,#NULL!,,,#NULL!,,,,,,,,,,#NULL!,,,,,#NULL!,,#NULL!,#NULL!,,,#NULL!,,,,,,,,,,,,#NULL!,
201,Township,,ADC BH 2,-0.4209856000000140,39.618045400000000,Urban,#NULL!,#NULL!,#NULL!,,#NULL!,#NULL!,,#NULL!,#NULL!,#NULL!,#NULL!,,#NULL!,#NULL!,,,#NULL!,,,,,,#NULL!,No,https://api.mwater.co/v3/images/9360a189317743e694b97aa1c4ac2ba0,,Not equiped,5,Yes,Floods,,#NULL!,#NULL!,#NULL!,,#NULL!,#NULL!,,,#NULL!,#NULL!,,,,,,,,,#NULL!,,,,,,,,,,,,,#NULL!,,,#NULL!,,,,,,,,,,#NULL!,,,,,#NULL!,,#NULL!,#NULL!,,,#NULL!,,,,,,,,,,,,#NULL!,
202,Township,Galbet,ADC BH1,-0.4206215000000140,39.618160200000000,Urban,20.00,2100.0,#NULL!,,#NULL!,#NULL!,,#NULL!,#NULL!,#NULL!,#NULL!,,#NULL!,#NULL!,,44484,40.0,,Diesel,45,Yes,Yes,#NULL!,Yes,https://api.mwater.co/v3/images/2e8f109a07e6490f9c95a06167846217,,,,,Floods,Yes,7.0,#NULL!,#NULL!,,7.0,24.0,No,No,#NULL!,#NULL!,,,44484,Good,Parkin,,,,#NULL!,https://api.mwater.co/v3/images/ab3dd2a84f214d0ca77bb22f03d94667; https://api.mwater.co/v3/images/e18f09813b314a59b34596575eda1288,,,,,,,,,Mohamed abdi noor,Operator,Bashir osman,720562497.0000000000000,Bashir osman,,795596841.00000000000,,,,,,,,,,#NULL!,,,,,#NULL!,,#NULL!,#NULL!,,,#NULL!,,,,,,,,,,,,#NULL!,
203,Township,,Zidane bh 4,-0.4705778000000090,39.636564000000000,Urban,50.00,800.0,#NULL!,No,#NULL!,#NULL!,,#NULL!,#NULL!,#NULL!,#NULL!,No,#NULL!,#NULL!,,39203,40.0,,Electricity,30,No,,#NULL!,,,,,,,,No,#NULL!,5-May-21,2.0,Pump blown up as a result of power fluctuations,7.0,24.0,,,#NULL!,#NULL!,No solar power,,,,,,,,#NULL!,,,,,,,,,,,,,#NULL!,,,#NULL!,,,,,,,,,,#NULL!,,,,,#NULL!,,#NULL!,#NULL!,,,#NULL!,,,,,,,,,,,,#NULL!,
204,Township,,Ziwani bh1,-0.4716053999999980,39.635785100000000,Urban,#NULL!,#NULL!,#NULL!,,#NULL!,#NULL!,,#NULL!,#NULL!,#NULL!,#NULL!,,#NULL!,#NULL!,,,#NULL!,,,,,,#NULL!,,,,,,,,,#NULL!,#NULL!,#NULL!,,#NULL!,#NULL!,,,#NULL!,#NULL!,,,,,,,,,#NULL!,,,,,,,,,,,,,#NULL!,,,#NULL!,,,,,,,,,,#NULL!,,,,,#NULL!,,#NULL!,#NULL!,,,#NULL!,,,,,,,,,,,,#NULL!,
205,Township,,Iftin 2,-0.5016461999999970,39.653528600000000,Urban,#NULL!,#NULL!,#NULL!,,#NULL!,#NULL!,,#NULL!,#NULL!,#NULL!,#NULL!,,#NULL!,#NULL!,,,#NULL!,,,,,,59654.000000000,,,,,,,,,#NULL!,#NULL!,#NULL!,,#NULL!,#NULL!,,,#NULL!,#NULL!,,,,,,,,,#NULL!,,,,,,,,,,,,,#NULL!,,,#NULL!,,,,,,,,,,#NULL!,,,,,#NULL!,,#NULL!,#NULL!,,,#NULL!,,,,,,,,,,,,#NULL!,Does not have flood proofing
206,Township,,Ziwani bh 2,-0.4715793000000120,39.636401900000000,Urban,#NULL!,#NULL!,#NULL!,,#NULL!,#NULL!,,#NULL!,#NULL!,#NULL!,#NULL!,,#NULL!,#NULL!,,,40.0,,,,,Yes,#NULL!,No,https://api.mwater.co/v3/images/dc75d3b5b1d1469aaa4866181728be2f,Vandalism,,3,,,,#NULL!,#NULL!,#NULL!,,#NULL!,#NULL!,,,#NULL!,#NULL!,,,,,,,,,#NULL!,,,,,,,,,,,,,#NULL!,,,#NULL!,,,,,,,,,,#NULL!,,,,,#NULL!,,#NULL!,#NULL!,,,#NULL!,,,,,,,,,,,,#NULL!,
207,Fafi,Nanighi,Kamithey,-0.7337894000000050,39.831794800000000,Rural,15.00,300.0,1.5,No,#NULL!,#NULL!,No,#NULL!,#NULL!,#NULL!,#NULL!,No,#NULL!,#NULL!,,42840,40.0,Good,Solar,18,Yes,No,#NULL!,Yes,,,,,,,,#NULL!,#NULL!,#NULL!,"Cleaning of solar panels 
Pipe burst repairs",5.0,6.0,Yes,Yes,5.0,6.0,280,Good,,,,,,,#NULL!,https://api.mwater.co/v3/images/67a6416ba7584c69ac99b79124f0242e,,,,,,,"GI 6""",,,,,#NULL!,,,#NULL!,,,,,,,,,,#NULL!,,,,,#NULL!,Yes,1000.0,1.0,Water kiosk and piping system connected to some households,,2.0,River,,,,,,,,1,,1,#NULL!,
