logo,consent_note,Do_I_have_your_consent_to_proc,survey_date,county,subcounty,ward,village,_2d_School,school_services,school_services/day_school,school_services/boarding_school,school_services/mixed_day,school_type,school_type/ecde,school_type/primary,school_type/special_unit,school_type/jss,gps,_gps_latitude,_gps_longitude,_gps_altitude,_gps_precision,classess,sessions_perday,sessions_perday_001,sessions_perday_002,sessions_perday_003,male_pupils,female_pupils,male_pwd,female_pwd,male_teachers,female_teachers,male_non_teaching_staff,female_non_teaching_staff,num_staff,num_pupils,teacher_stud_ratio,teacher_stud_ratio_note,_1_Are_any_of_the_fo_thin_500m_of_the_HCF_header,Houses_Dwellings,Institutional_buildi_hes_state_buildings,Pedestrian_paths,Roads_for_vehicles,_2_Are_any_of_the_fo_0m_away_from_the_HCF_header,Solid_waste_sites,Open_defacation,Livestock,Traditional_latrines,other_contamination,other_contamination_txt,_3_What_is_the_main_cture_within_the_HCF,_4_Choose_the_optio_area_around_the_HCF,_4b_Access_to_the_HCF,_4b_Access_to_the_HCF/pedestrian_paths,_4b_Access_to_the_HCF/road_for_light_vehicles,_4b_Access_to_the_HCF/road_for_trucks,_5_Is_there_free_space_on_with,free_space_photo,free_space_photo_URL,free_space_photo_001,free_space_photo_001_URL,_6_In_general_are_bu_sing_WASH_structures,_7_Is_the_perimeter_the_facility_secure,_8_Does_the_facility_show_sign,_9_Indicate_the_stru_that_are_vandalised,_9_Indicate_the_stru_that_are_vandalised/toilets___latrines,_9_Indicate_the_stru_that_are_vandalised/water_taps,_9_Indicate_the_stru_that_are_vandalised/handwashing_points,_9_Indicate_the_stru_that_are_vandalised/waste_management_facilities,_9_Indicate_the_stru_that_are_vandalised/fence,_9_Indicate_the_stru_that_are_vandalised/main_building,vandal_photo,vandal_photo_URL,vandal_photo1,vandal_photo1_URL,hf_has_water,main_water_source,other_water_source,_3_Is_drinking_water_ilable_in_the_school,water_past_two_weeks,_5_Is_drinking_water_hout_the_school_year,_3_Where_is_the_main_for_the_HCF_located,nearby_latrines,vol_supplied,_7_What_is_the_daily_volume_of,_8_Does_the_HCF_do_anything_to,_8b_What_method_of_treatment_i,_8c_Specify_other_me_ment_at_the_facility,_9_Is_the_HCF_s_main_s_for_drinking_water,_11_Are_water_quality_tests_do,_9b_Indicate_which_o_the_water_tested_for_header,E_coli,Arsenic,Lead,other_water_test,other_test_txt,_9c_Take_a_photo_of_er_test_if_possible,_9c_Take_a_photo_of_er_test_if_possible_URL,_1_Are_there_water_storage_fac,_1_What_is_the_current_water_s,_2_What_is_the_type_of_storage,_2_What_is_the_type_of_storage/concrete_tank,_2_What_is_the_type_of_storage/plastic_tank,_2_What_is_the_type_of_storage/metal_tank,_2_What_is_the_type_of_storage/cistern,_2_What_is_the_type_of_storage/other,_3b_Please_specify_o_ype_of_water_storage,_4_What_is_the_state_of_water_storage,_2_How_long_does_it_take_to_fi,_3_Is_sufficient_wat_throughout_the_year,drinking_water_points,distribution_points,distribution_points/occupational_therapy,distribution_points/preventive_health,distribution_points/training___capacity_development_rooms,distribution_points/caregiver_facilities,distribution_points/staff_rooms,distribution_points/other,_4b_Please_specify_o_distribution_points,_5_How_many_drinking_water_dis,_6_Is_drinking_water_d_mobility_or_vision,_7_Is_drinking_water_ildren_at_the_school,_7_Are_the_water_poi_for_use_by_all_users,_8_Are_the_water_points_easy_to_clean,state_distribution_point,photo_1,photo_1_URL,photo_2,photo_2_URL,photo_3,photo_3_URL,photo_4,photo_4_URL,photo_5,photo_5_URL,has_toilet,tot_drop_holes,_3_Where_are_the_toilets_located,_3_Where_are_the_toilets_located/within_the_health_facility__on_premise,_3_Where_are_the_toilets_located/outside_building__but_not_on_premise,_3_Where_are_the_toilets_located/off_premise,usable_toilets,_5_Are_the_toilets_separated_f,_6_How_many_toilets_are_commun,_7_Are_the_toilets_separated_f,male_drop_holes,male_urinals,male_urinals_001,fem_drop_holes,male_staff_drop_holes,female_staff_drop_holes,num_drop_holes,num_drop_hole_diff,_6_Is_there_at_least_d_mobility_or_vision,_6_Is_there_at_least_d_mobilit,_7_Are_most_toilets_for_use_by_all_users,_8_Is_there_currentl_onal_toilet_lighting,_9_In_general_how_clean_are_the_toilets,_18_When_are_pupils_ool_toilets_latrines,_10_Are_most_of_the_ts_in_good_condition,_11_What_type_of_toi_acility_for_patients,_11_What_type_of_toi_acility_for_patients/flush___pour_flush_toilet_to_sewer_conne,_11_What_type_of_toi_acility_for_patients/pit_latrine_with_slab,_11_What_type_of_toi_acility_for_patients/composting_toilet,_11_What_type_of_toi_acility_for_patients/pit_latrine_without_slab_open_pit,_11_What_type_of_toi_acility_for_patients/bucket,_11_What_type_of_toi_acility_for_patients/hanging_toilet_latrine,_11_What_type_of_toi_acility_for_patients/none,_20b_Please_specify_other_latrine_type,_12_Are_there_any_vi_cracks_in_the_toilet,_13_Is_there_any_faeces_overflow,_9_Is_anal_cleansing_practiced,_10_What_are_the_anal_cleansin,_10_What_are_the_anal_cleansin/toilet_paper,_10_What_are_the_anal_cleansin/water,_10_What_are_the_anal_cleansin/old_newspaper_or_paper,_10_What_are_the_anal_cleansin/leaves,_10_What_are_the_anal_cleansin/others,_10b_Please_specify_r_cleansing_material,_14_Is_there_surface_drainage_in_the_HCF,_15_Is_there_standin_he_HCF_when_it_rains,emptying_services,_2_Did_the_latrines_lready_need_emptying,_3_Are_latrines_or_s_d_when_they_fill_up,_4_Can_a_faecal_slud_latrine_to_empty_it,_5_Is_there_a_cover_ludge_emptier_tanker,_6_Are_there_faecal_ices_in_the_HCF_area,_7_How_far_is_the_fecal_sludge,disposal_fecal_sludge,photo_drophole,photo_drophole_URL,photo_toilet,photo_toilet_URL,photo_septic,photo_septic_URL,photo_drainage,photo_drainage_URL,_2_Is_there_a_functional_handw,_3_How_many_handwashing_facili,_4_What_kind_of_handwashing_fa,_4_What_kind_of_handwashing_fa/permanent__concrete_metal__sta,_4_What_kind_of_handwashing_fa/tank_with_multiple_taps,_4_What_kind_of_handwashing_fa/container_with_tap__veronica_b,_4_What_kind_of_handwashing_fa/single_pipe_tap,_4_What_kind_of_handwashing_fa/tippy_tap,_4_What_kind_of_handwashing_fa/other,_3c_Please_specify_o_handwashing_facility,_2_Are_both_soap_and_ndwashing_facilities,_3_Where_are_handwashing_facil,_3_Where_are_handwashing_facil/toilets,_3_Where_are_handwashing_facil/food_preparation_area,_3_Where_are_handwashing_facil/food_consumption_area,_3_Where_are_handwashing_facil/classrooms,_3_Where_are_handwashing_facil/school_yard,_3_Where_are_handwashing_facil/others,_3b_Please_specify_o_cilities_are_located,_5_Are_handwashing_f_d_mobility_or_vision,_5_Are_handwashing_f_d_mobilit,_6_In_general_are_h_for_use_by_all_users,_7_Are_handwashing_f_erally_easy_to_clean,handwash_condition,_9_Are_promotional_m_nd_hygiene_available,handhygiene_photo,handhygiene_photo_URL,handhygiene_photo2,handhygiene_photo2_URL,handhygiene_photo3,handhygiene_photo3_URL,_1_Does_the_school_have_a_priv,has_mhh_infra_header,Tap,Hook_for_bag,Full_length_mirror,Waste_bin,Others_001,_3_Are_soap_and_wate_rivate_space_for_MHH,_4_Are_there_covered_ls_in_girls_toilets,_4_Are_there_disposal_mechanis,_5_Are_there_any_the_following,_5_Are_there_any_the_following/simple_burning_chamber__incine,_5_Are_there_any_the_following/open_burning,_5_Are_there_any_the_following/onsite_burial,_5_Are_there_any_the_following/public_solid_waste_collection,_5_Are_there_any_the_following/disposing_latrine,_5_Are_there_any_the_following/other,_6b_Please_specify_o_r_disposal_mechanism,_7_Are_promotional_m_about_MHM_available,_8_Is_there_anyone_a_g_a_female_teacher,_9_Take_a_photo_of_t_e_MHH_infrastructure,_9_Take_a_photo_of_t_e_MHH_infrastructure_URL,_9_Take_a_photo_of_t_e_MHH_infrastructure_001,_9_Take_a_photo_of_t_e_MHH_infrastructure_001_URL,_9_Take_a_photo_of_t_e_MHH_infrastructure_002,_9_Take_a_photo_of_t_e_MHH_infrastructure_002_URL,_4_Are_cleaning_protocols_avai,_2_Have_all_staff_re_ng_received_training,_2b_Are_there_cleaning_equipme,_4_How_is_solid_wast_e_school_disposed_of_header,Collected_by_the_municipal_waste_system,Burned_on_premises,Buried_and_covered_on_premises,Openly_dumped_on_premises,has_electricity,_2_What_kind_of_electrical_sys,_2_What_kind_of_electrical_sys/standalone_solar,_2_What_kind_of_electrical_sys/national_power_grid,_2_What_kind_of_electrical_sys/diesel_generator,_2_What_kind_of_electrical_sys/other,_2b_Please_specify_o_er_electrical_system,_3_Does_the_HCF_have_a_gas_supply,_1_Indicate_whether_ver_affected_the_HCF_header,Earthquake,Drought,Forest_fires,Floods,Strong_winds_Storm,Extreme_heat,Sea_level_rise,Saltwater_intrusion,bandit_attacks,conflict,mining_activity,other_issue_affecting_school,other_issue_affecting_school_txt,_2_Is_the_quality_of_hazards_in_the_area,_3_Does_the_HCF_have_r_programme_in_force,_4_Is_the_quality_of_Ebola_and_Cholera,wash_budget,_2_How_much_budget_does_the_HC,_3_Who_is_responsible_for_clea,_3b_Please_specify_o_n_of_WASH_facilities,_4_Who_is_responsible_for_moni,_4b_Please_specify_o_n_of_WASH_facilities,_5_Who_is_responsible_restocki,_5b_Please_specify_o_ocking_WASH_supplies,_5_Who_is_responsible_restocki_001,_6b_Please_specify_o_ity_of_WASH_supplies,_5_Who_is_responsible_restocki_002,_7b_Please_specify_o_H_facilities_repairs,_8_Indicate_whether_upply_are_in_the_HCF_header,Checklists_to_suppor_s_and_service_levels,Problem_solving_orientation,Operational_duties,Infrastructure_manuals_for_O_M,Preventive_maintenance_checklists,Spare_parts_manageme_and_stock_management,Staff_trained_in_WAS_infrastructure_SOPs,_9_Are_there_cleaning_protocol,_9b_Are_staff_traine_e_cleaning_protocols,_10_Is_there_cleaning_equipmen,_11_Take_a_photo_of_cleaning_equipment,_11_Take_a_photo_of_cleaning_equipment_URL,_9_Does_the_HCF_have_luation_M_E_system,_10_Do_these_include_indicators_of_WASH,_11_Can_the_HCF_get_at_they_need_locally,relevant_personnel
,,yes,2025-05-24 00:00:00,ke_0_3,ke_1_15,ke_2_72,Madina,Tumaini,day_school,1,0,0,ecde primary jss,1,1,0,1,-0.4234912 39.6443731 131.0 4.131,-0.4234912,39.6443731,131,4.131,17,5,7,,8,639,673,3,0,11,10,2,2,21,1312,62,,,yes,yes,yes,yes,,yes,no,yes,no,no,,sandy,fair_condition,pedestrian_paths,1,0,0,yes,1748074357587.jpg,https://kf.kobotoolbox.org/api/v2/assets/aJh328C2e3SvoptDpoEUxb/data/484895883/attachments/attoJmovvhJ8oAniUtcWn35p/,1748074404407.jpg,https://kf.kobotoolbox.org/api/v2/assets/aJh328C2e3SvoptDpoEUxb/data/484895883/attachments/attuSstyWVNQLpQh8yDSBLtY/,broken,no,yes,water_taps handwashing_points toilets___latrines fence waste_management_facilities,1,1,1,1,1,0,1748074753883.jpg,https://kf.kobotoolbox.org/api/v2/assets/aJh328C2e3SvoptDpoEUxb/data/484895883/attachments/attccJoizXh2ffjpsf2PQVvU/,1748074897691.jpg,https://kf.kobotoolbox.org/api/v2/assets/aJh328C2e3SvoptDpoEUxb/data/484895883/attachments/attURvsVo8evT4j7fjYfqYuW/,no,,,,,,,,,,,,,,,,,,,,,,,yes,15000,plastic_tank,0,1,0,0,0,,point_good_condition,,no,3,preventive_health,0,1,0,0,0,0,,3,yes,yes,yes,yes,point_good_condition,1748075054067.jpg,https://kf.kobotoolbox.org/api/v2/assets/aJh328C2e3SvoptDpoEUxb/data/484895883/attachments/attTyZuSVFFj2Q7pvS66Dmu3/,1748075070723.jpg,https://kf.kobotoolbox.org/api/v2/assets/aJh328C2e3SvoptDpoEUxb/data/484895883/attachments/attRhJfJXYzfkX88teaKqr73/,1748075093563.jpg,https://kf.kobotoolbox.org/api/v2/assets/aJh328C2e3SvoptDpoEUxb/data/484895883/attachments/attzeguv9YJkx7E2MLBaksn6/,1748075111165.jpg,https://kf.kobotoolbox.org/api/v2/assets/aJh328C2e3SvoptDpoEUxb/data/484895883/attachments/attEkScmPFUDyjWjkAQuNAwM/,,,yes,5,within_the_health_facility__on_premise,1,0,0,10,yes,,yes,2,0,0,2,1,0,5,,no,no,yes,no,somewhat_clean,at_all_times_during_the_school_day,point_good_condition,pit_latrine_with_slab,0,1,0,0,0,0,0,,yes,no,yes,toilet_paper water,1,1,0,0,0,,no,no,no,no,yes,yes,,yes,0,don_t_know,1748075531413.jpg,https://kf.kobotoolbox.org/api/v2/assets/aJh328C2e3SvoptDpoEUxb/data/484895883/attachments/attgWASXb3nfA5KUzNk44Kuz/,1748075576613.jpg,https://kf.kobotoolbox.org/api/v2/assets/aJh328C2e3SvoptDpoEUxb/data/484895883/attachments/attuDkL9dRV9VW7FKaGFgfXS/,,,1748075698968.jpg,https://kf.kobotoolbox.org/api/v2/assets/aJh328C2e3SvoptDpoEUxb/data/484895883/attachments/attuxFhiLAzcfoZnDr55kGaw/,yes,2,container_with_tap__veronica_b,0,0,1,0,0,0,,water_only,classrooms,0,0,0,1,0,0,,yes,yes,yes,yes,needs_repair,yes,1748075895098.jpg,https://kf.kobotoolbox.org/api/v2/assets/aJh328C2e3SvoptDpoEUxb/data/484895883/attachments/att9f6kuYo3dizFNGyPCUuXX/,1748076089695.jpg,https://kf.kobotoolbox.org/api/v2/assets/aJh328C2e3SvoptDpoEUxb/data/484895883/attachments/attsKLnkaUyvjgZTos6JSbZS/,,,no,,,,,,,,no,no,,,,,,,,,no,yes,,,,,,,no,,,,,,,,yes,national_power_grid,0,1,0,0,,no,,,,,yes,yes,,,,,,,,,yes,yes,yes,yes,30000,clubs,,clubs,,clubs,,clubs,,clubs,,,yes,,,,,,,yes,no,yes,1748076408490.jpg,https://kf.kobotoolbox.org/api/v2/assets/aJh328C2e3SvoptDpoEUxb/data/484895883/attachments/att79JWvEbNZznoCDuQmipzr/,yes,yes,no,
,,yes,2025-05-24 00:00:00,ke_0_3,ke_1_15,ke_2_75,Bula college,Boystown primary and junior school,day_school,1,0,0,ecde primary jss,1,1,0,1,-0.44462 39.656096 134.90000915527344 49.435001373291016,-0.44462,39.656096,134.9000091552734,49.43500137329102,24,6,7,,8,624,561,0,0,11,15,2,3,26,1185,46,,,yes,yes,no,yes,,no,no,yes,no,yes,The sewage site is just near by,sandy,fair_condition,pedestrian_paths,1,0,0,no,,,,,poor_condition_bldg,partial,no,,,,,,,,,,,,no,,,,,,,,,,,,,,,,,,,,,,,yes,26000,plastic_tank,0,1,0,0,0,,point_good_condition,,no,6,other,0,0,0,0,0,1,Distributed across the school compound,6,yes,yes,yes,yes,needs_repair,17480748154835723804454836489852-11_20_39.jpg,https://kf.kobotoolbox.org/api/v2/assets/aJh328C2e3SvoptDpoEUxb/data/484897452/attachments/attwSgxFRSaNccZCEB2eaJYJ/,17480749504101801063674149829463-11_22_56.jpg,https://kf.kobotoolbox.org/api/v2/assets/aJh328C2e3SvoptDpoEUxb/data/484897452/attachments/attrWkMN3Lk6ygH9mPNmwUpt/,17480749991006145287253118837495-11_23_25.jpg,https://kf.kobotoolbox.org/api/v2/assets/aJh328C2e3SvoptDpoEUxb/data/484897452/attachments/attSR4SbJCQFATzpvrGn6cLY/,17480750830221894047208914779238-11_24_50.jpg,https://kf.kobotoolbox.org/api/v2/assets/aJh328C2e3SvoptDpoEUxb/data/484897452/attachments/att4tGMyRYG5f3hocqaNjxoV/,17480751436725608076619173466845-11_25_52.jpg,https://kf.kobotoolbox.org/api/v2/assets/aJh328C2e3SvoptDpoEUxb/data/484897452/attachments/attZaZYXYwPZgf6H3hHVnu9a/,yes,6,outside_building__but_not_on_premise,0,1,0,20,yes,,yes,6,0,0,0,0,0,6,,yes,yes,yes,no,clean,at_all_times_during_the_school_day,needs_repair,pit_latrine_with_slab,0,1,0,0,0,0,0,,yes,yes,yes,water,0,1,0,0,0,,no,no,no,no,yes,no,,no,,,17480755906611366937384994540638-11_33_18.jpg,https://kf.kobotoolbox.org/api/v2/assets/aJh328C2e3SvoptDpoEUxb/data/484897452/attachments/attj7kuJS99QNp8g7bKoTF6V/,17480756136045424436492819521596-11_33_40.jpg,https://kf.kobotoolbox.org/api/v2/assets/aJh328C2e3SvoptDpoEUxb/data/484897452/attachments/attz4qp7uVBvgGsBKVHyFY9P/,17480757047549036794263903094606-11_35_15.jpg,https://kf.kobotoolbox.org/api/v2/assets/aJh328C2e3SvoptDpoEUxb/data/484897452/attachments/attdXjLDoa2pvR6P562q5Efn/,1748075731335177376087659067185-11_36_0.jpg,https://kf.kobotoolbox.org/api/v2/assets/aJh328C2e3SvoptDpoEUxb/data/484897452/attachments/attekAwQKSsZd23KG4Ddqm88/,no__there_are_handwashing_facilities_nea,,,,,,,,,,,,,,,,,,,,,,,,no,,,,,,,yes,,yes,,,yes,,no,yes,yes,disposing_latrine,0,0,0,0,1,0,,no,yes,,,,,17480761472744948058749413284626-11_42_35.jpg,https://kf.kobotoolbox.org/api/v2/assets/aJh328C2e3SvoptDpoEUxb/data/484897452/attachments/attpzPQtSjHdB7o9Z93YJ96r/,no,,,,,,,,yes,national_power_grid,0,1,0,0,,no,,no,yes,no,yes,yes,no,no,no,no,no,no,,,no,yes,no,yes,10000,pupils,,teacher,,teachers,,non_teaching_staff,,teachers,,,no,yes,yes,no,no,no,yes,yes,yes,yes,17480766369543564692272954962998-11_50_43.jpg,https://kf.kobotoolbox.org/api/v2/assets/aJh328C2e3SvoptDpoEUxb/data/484897452/attachments/attDuAZTx6gWNa5SvkqpQHoN/,no,,no,
,,yes,2025-05-24 00:00:00,ke_0_3,ke_1_17,ke_2_84,Jilango,Jilango comprehensive,mixed_day,0,0,1,ecde primary special_unit jss,1,1,1,1,0.552623 39.720318 0 0,0.552623,39.720318,0,0,9,5,7,5,,196,194,14,6,8,2,4,2,10,390,39,,,yes,yes,yes,yes,,yes,yes,yes,yes,,,sandy,good_condition,pedestrian_paths road_for_light_vehicles road_for_trucks,1,1,1,yes,17480796914694467168655289806580-12_41_59.jpg,https://kf.kobotoolbox.org/api/v2/assets/aJh328C2e3SvoptDpoEUxb/data/484921325/attachments/attLxacLoYXeqV7efcYWsA3d/,17480797250325779021530611854622-12_42_29.jpg,https://kf.kobotoolbox.org/api/v2/assets/aJh328C2e3SvoptDpoEUxb/data/484921325/attachments/attoPAKndoj8TsFjwMfjXSqG/,broken,partial,yes,toilets___latrines fence,1,0,0,0,1,0,,,,,no,,,,,,,,,,,,,,,,,,,,,,,no,,,,,,,,,,,no,0,,,,,,,,,,,,,,,,,,,,,,,,,yes,4,within_the_health_facility__on_premise,1,0,0,,yes,,yes,2,1,2,2,1,1,6,2,no,no,no,no,somewhat_clean,at_all_times_during_the_school_day,needs_repair,pit_latrine_with_slab,0,1,0,0,0,0,0,,yes,yes,no,,,,,,,,no,no,yes,no,no,no,no,no,,,17480798705313201118449602992409-12_44_46.jpg,https://kf.kobotoolbox.org/api/v2/assets/aJh328C2e3SvoptDpoEUxb/data/484921325/attachments/atttR9yXM5nYNgmiASSpFA6T/,,,17480799204864333676211614325827-12_45_30.jpg,https://kf.kobotoolbox.org/api/v2/assets/aJh328C2e3SvoptDpoEUxb/data/484921325/attachments/attLhGFKN3iEKZ94AAzVzXva/,17480800356302171571267274041402-12_47_23.jpg,https://kf.kobotoolbox.org/api/v2/assets/aJh328C2e3SvoptDpoEUxb/data/484921325/attachments/att84UTvExaBHEkRoFdvrCcU/,no__there_are_handwashing_facilities_nea,,,,,,,,,,,,,,,,,,,,,,,,no,,,,,,,no,,,,,,,,no,no,,,,,,,,,no,yes,,,,,,,no,,,,,,,,no,,,,,,,no,,no,yes,no,yes,yes,yes,no,no,no,no,no,,,no,no,no,no,,tod,,teacher,,teachers,,teachers,,teachers,,,no,no,no,no,no,no,no,no,,,,,yes,yes,no,
,,yes,2025-05-24 00:00:00,ke_0_3,ke_1_15,ke_2_75,Bula mzuri,BULA MZURI PRIMARY SCHOOL,day_school,1,0,0,ecde primary jss,1,1,0,1,-0.46241 39.67399 143.10000610351562 38.104000091552734,-0.46241,39.67399,143.1000061035156,38.10400009155273,16,6,7,,8,447,323,0,0,13,6,2,1,19,770,41,,,yes,yes,yes,yes,,yes,yes,yes,yes,,,sandy,fair_condition,pedestrian_paths,1,0,0,yes,17480787981374090082458518376907-12_26_46.jpg,https://kf.kobotoolbox.org/api/v2/assets/aJh328C2e3SvoptDpoEUxb/data/484930890/attachments/attGFBpMkVYCnND6iRnRPuXj/,17480788161332917706158537641396-12_27_6.jpg,https://kf.kobotoolbox.org/api/v2/assets/aJh328C2e3SvoptDpoEUxb/data/484930890/attachments/attBaMqGmDLeEZq5Nvt9uC42/,poor_condition_bldg,no,yes,fence,0,0,0,0,1,0,17480790170931787424507621934274-12_30_30.jpg,https://kf.kobotoolbox.org/api/v2/assets/aJh328C2e3SvoptDpoEUxb/data/484930890/attachments/att9XfvDqPhd7PDvxWngsyuv/,17480790373107813336652929316646-12_30_46.jpg,https://kf.kobotoolbox.org/api/v2/assets/aJh328C2e3SvoptDpoEUxb/data/484930890/attachments/atth5yncL8Tbir7dBFsQ2oKe/,no,,,,,,,,,,,,,,,,,,,,,,,yes,10000,plastic_tank,0,1,0,0,0,,point_good_condition,,no,1,other,0,0,0,0,0,1,At the school compound,1,yes,yes,yes,yes,point_good_condition,17480793624791497709767603613596-12_36_18.jpg,https://kf.kobotoolbox.org/api/v2/assets/aJh328C2e3SvoptDpoEUxb/data/484930890/attachments/attQMVVg7fhtmMdFwwsBLgtE/,17480793862094787160969283664753-12_36_36.jpg,https://kf.kobotoolbox.org/api/v2/assets/aJh328C2e3SvoptDpoEUxb/data/484930890/attachments/attAcXffQpjvXP5399sEonnv/,17480794160761836374256559694182-12_37_2.jpg,https://kf.kobotoolbox.org/api/v2/assets/aJh328C2e3SvoptDpoEUxb/data/484930890/attachments/attXXRqPkB8wceuvrM8vuzNq/,1748079458209460139691907506111-12_37_44.jpg,https://kf.kobotoolbox.org/api/v2/assets/aJh328C2e3SvoptDpoEUxb/data/484930890/attachments/att4uH66zVXDjqiVZHKmRmRr/,17480795012852993695184995345289-12_38_27.jpg,https://kf.kobotoolbox.org/api/v2/assets/aJh328C2e3SvoptDpoEUxb/data/484930890/attachments/attP26ku8HMwqvUgozWtEwQD/,yes,8,within_the_health_facility__on_premise,1,0,0,8,yes,,yes,4,0,0,2,1,1,8,,no,yes,yes,no,somewhat_clean,at_all_times_during_the_school_day,needs_repair,flush___pour_flush_toilet_to_sewer_conne pit_latrine_with_slab,1,1,0,0,0,0,0,,no,,yes,water,0,1,0,0,0,,no,no,yes,no,yes,yes,yes,no,,,17480803438465145836546210996884-12_52_30.jpg,https://kf.kobotoolbox.org/api/v2/assets/aJh328C2e3SvoptDpoEUxb/data/484930890/attachments/att4TS6uownfAhafvtDiHGGD/,1748080357739709982919894933407-12_52_42.jpg,https://kf.kobotoolbox.org/api/v2/assets/aJh328C2e3SvoptDpoEUxb/data/484930890/attachments/attmhtEyP6CXkZXQ2UoF246A/,17480803729304259905684511891160-12_52_58.jpg,https://kf.kobotoolbox.org/api/v2/assets/aJh328C2e3SvoptDpoEUxb/data/484930890/attachments/attmkbgHxACjQcyxJj99SqML/,17480803820493478214495479131200-12_53_6.jpg,https://kf.kobotoolbox.org/api/v2/assets/aJh328C2e3SvoptDpoEUxb/data/484930890/attachments/atthfbXanuxGcmWYUavyAxHz/,yes,3,tank_with_multiple_taps,0,1,0,0,0,0,,water_only,toilets school_yard,1,0,0,0,1,0,,no,yes,yes,yes,point_good_condition,yes,17480806541582353906869808234917-12_57_39.jpg,https://kf.kobotoolbox.org/api/v2/assets/aJh328C2e3SvoptDpoEUxb/data/484930890/attachments/attijoYDcGQTUptQxovrMd6N/,17480807478705002276197677120570-12_59_16.jpg,https://kf.kobotoolbox.org/api/v2/assets/aJh328C2e3SvoptDpoEUxb/data/484930890/attachments/attWXbsm4eqyMHnwRk9hFk73/,17480807635601058984622489863030-12_59_47.jpg,https://kf.kobotoolbox.org/api/v2/assets/aJh328C2e3SvoptDpoEUxb/data/484930890/attachments/attgi8W4jmbTMy7rad3d4YBT/,no,,,,,,,,no,no,,,,,,,,,no,yes,,,,,,,no,,,,,,,,yes,national_power_grid,0,1,0,0,,no,,no,yes,no,yes,yes,yes,no,no,no,yes,no,,,yes,yes,no,yes,10000,tod,,teacher,,teachers,,non_teaching_staff,,teachers,,,no,yes,yes,yes,yes,no,yes,yes,yes,yes,1748081354129479989935368718395-13_9_19.jpg,https://kf.kobotoolbox.org/api/v2/assets/aJh328C2e3SvoptDpoEUxb/data/484930890/attachments/attiEHsUNqfA6S6fjWjy3eFM/,yes,yes,no,
,,yes,,ke_0_3,ke_1_17,ke_2_82,Ahmed tukale,Ahmed Tukale,day_school,1,0,0,ecde primary,1,1,0,0,0.367664 39.69731 167.31910705566406 3.5355339059327373,0.367664,39.69731,167.3191070556641,3.535533905932737,7,7,8,,,239,135,1,0,7,0,2,3,7,374,53,,,yes,yes,yes,yes,,yes,no,yes,no,no,,sandy,poor_condition,pedestrian_paths,1,0,0,yes,image-13_20_25.jpg,https://kf.kobotoolbox.org/api/v2/assets/aJh328C2e3SvoptDpoEUxb/data/484942905/attachments/attTCnMzgtSi3S7mkDRB5WCo/,image-13_20_44.jpg,https://kf.kobotoolbox.org/api/v2/assets/aJh328C2e3SvoptDpoEUxb/data/484942905/attachments/attzQ3uNa7s8vcZrsdYQ2VDe/,poor_condition_bldg,no,no,,,,,,,,,,,,no,,,,,,,,,,,,,,,,,,,,,,,no,,,,,,,,,,,no,0,,,,,,,,,,,,,,,,,,,,,,,,,no,,,,,,,,,,,,,,,,0,,,,,,,,,,,,,,,,,,,,,,,,,,,,,,no,,,,,no,,,,,,,,,,,no__there_are_handwashing_facilities_nea,,,,,,,,,,,,,,,,,,,,,,,,no,,,,,,,no,,,,,,,,no,no,,,,,,,,,no,no,,,,,,,no,,,,,,,,yes,standalone_solar,1,0,0,0,,no,,no,yes,no,no,no,no,no,no,no,no,no,no,,no,no,no,yes,35000,pupils,,tod,,teachers,,teachers,,teachers,,,no,no,no,no,no,no,no,yes,no,no,,,no,,no,
,,yes,2025-05-24 00:00:00,ke_0_3,ke_1_17,ke_2_84,Faryar,Faryar primary,day_school,1,0,0,ecde primary,1,1,0,0,,,,,,2,5,7,,,52,40,5,4,2,0,0,0,2,92,46,,,yes,no,yes,yes,,no,yes,yes,yes,,,loamy_soil,poor_condition,pedestrian_paths road_for_light_vehicles road_for_trucks,1,1,1,yes,1748087016457560722301005350100-14_43_50.jpg,https://kf.kobotoolbox.org/api/v2/assets/aJh328C2e3SvoptDpoEUxb/data/484990792/attachments/attKt9wxso8o4P5T49dX3n7f/,17480870550401043010951785924995-14_44_24.jpg,https://kf.kobotoolbox.org/api/v2/assets/aJh328C2e3SvoptDpoEUxb/data/484990792/attachments/attcM9XoEVgaoCbwCFcLbK3u/,poor_condition_bldg,no,yes,toilets___latrines,1,0,0,0,0,0,17480872868492193621890134680369-14_48_18.jpg,https://kf.kobotoolbox.org/api/v2/assets/aJh328C2e3SvoptDpoEUxb/data/484990792/attachments/attiVPTGydJshqpULgD88bTz/,17480873733631619455206458230969-14_50_37.jpg,https://kf.kobotoolbox.org/api/v2/assets/aJh328C2e3SvoptDpoEUxb/data/484990792/attachments/att744yDP43VAp99gg5PZ5P6/,no,,,,,,,,,,,,,,,,,,,,,,,no,,,,,,,,,,,no,0,,,,,,,,,,,,,,,,,,,,,,,,,no,,,,,,,,,,,,,,,,0,,,,,,,,,,,,,,,,,,,,,,,,,,,,,,no,,,,,no,,,,,,,,,,,no__there_are_handwashing_facilities_nea,,,,,,,,,,,,,,,,,,,,,,,,no,,,,,,,no,,,,,,,,no,no,,,,,,,,,no,no,,,,,,,no,,,,,,,,no,,,,,,,no,,no,yes,no,yes,yes,yes,no,no,no,no,no,,,no,no,no,no,,pupils,,teacher,,teachers,,teachers,,teachers,,,no,no,no,no,no,no,no,no,,,,,no,,no,
,,yes,2025-05-24 00:00:00,ke_0_3,ke_1_17,ke_2_84,Geylab,GEYLAB  primary,day_school,1,0,0,ecde primary jss,1,1,0,1,0.585831 39.361382 213 9,0.585831,39.361382,213,9,9,6,7,,9,165,139,5,4,5,2,1,1,7,304,43,,,yes,yes,yes,no,,no,no,yes,yes,no,,sandy,fair_condition,pedestrian_paths road_for_light_vehicles,1,1,0,yes,17480866153983215768106984389924-14_37_15.jpg,https://kf.kobotoolbox.org/api/v2/assets/aJh328C2e3SvoptDpoEUxb/data/484992040/attachments/att4mmYhkDUjoYniWX9aDgGo/,17480866408682565076861402652304-14_37_24.jpg,https://kf.kobotoolbox.org/api/v2/assets/aJh328C2e3SvoptDpoEUxb/data/484992040/attachments/attLt3SCp95HFZrYCFfHoK7R/,poor_condition_bldg,partial,no,,,,,,,,,,,,no,,,,,,,,,,,,,,,,,,,,,,,yes,5000,plastic_tank,0,1,0,0,0,,point_good_condition,,no,0,,,,,,,,,,,,,,,,,,,,,,,,,yes,2,within_the_health_facility__on_premise,1,0,0,3,yes,,yes,1,0,0,1,1,1,4,2,no,no,no,no,somewhat_clean,at_all_times_during_the_school_day,point_good_condition,pit_latrine_with_slab,0,1,0,0,0,0,0,,yes,no,yes,water leaves,0,1,0,1,0,,no,no,no,no,no,yes,,no,,,17480880309422956776745248556811-15_0_36.jpg,https://kf.kobotoolbox.org/api/v2/assets/aJh328C2e3SvoptDpoEUxb/data/484992040/attachments/attxMHzELFZAFhh4JcG7fonv/,17480880416544867536099903417641-15_0_50.jpg,https://kf.kobotoolbox.org/api/v2/assets/aJh328C2e3SvoptDpoEUxb/data/484992040/attachments/atthhLxmAM3ew3pkoXnjZgNZ/,17480880603082101050654327916458-15_1_4.jpg,https://kf.kobotoolbox.org/api/v2/assets/aJh328C2e3SvoptDpoEUxb/data/484992040/attachments/attAxaTes6iYpku9gSazbc27/,17480880686598564736001023140831-15_1_12.jpg,https://kf.kobotoolbox.org/api/v2/assets/aJh328C2e3SvoptDpoEUxb/data/484992040/attachments/attgkbvBLHnJeZprM433YmnX/,yes,1,container_with_tap__veronica_b,0,0,1,0,0,0,,yes__water_and_soap,others,0,0,0,0,0,1,Outside classroom,yes,no,yes,yes,point_good_condition,no,17480882292181234216065385343427-15_3_54.jpg,https://kf.kobotoolbox.org/api/v2/assets/aJh328C2e3SvoptDpoEUxb/data/484992040/attachments/attH66TutyvnpfefhF8mCqeE/,1748088236382390908769239539564-15_4_0.jpg,https://kf.kobotoolbox.org/api/v2/assets/aJh328C2e3SvoptDpoEUxb/data/484992040/attachments/attfxUt7VfoVdAvGUV3ZSZgX/,17480882428081214461338739910606-15_4_18.jpg,https://kf.kobotoolbox.org/api/v2/assets/aJh328C2e3SvoptDpoEUxb/data/484992040/attachments/attTVRFDUMV8BJTXGJLmvff7/,no,,,,,,,,no,no,,,,,,,,,no,yes,,,,,,,yes,yes,yes,,no,yes,no,no,no,,,,,,,no,,no,yes,no,no,yes,yes,no,yes,no,yes,no,no,,yes,no,no,no,,tod,,teacher,,teachers,,teachers,,teachers,,,yes,yes,yes,yes,yes,no,yes,no,,,,,no,,yes,yes
,,yes,2025-05-24 00:00:00,ke_0_3,ke_1_15,ke_2_75,Bula college,Bula college comprehensive school,day_school,1,0,0,ecde primary jss,1,1,0,1,-0.449886 39.664038 141.40000915527344 72.9000015258789,-0.449886,39.664038,141.4000091552734,72.9000015258789,14,6,7,,8,302,311,0,0,7,7,1,1,14,613,44,,,yes,yes,yes,yes,,no,no,no,no,,,sandy,fair_condition,pedestrian_paths,1,0,0,yes,17480979039276283917679636579408-17_45_13.jpg,https://kf.kobotoolbox.org/api/v2/assets/aJh328C2e3SvoptDpoEUxb/data/485168741/attachments/attYoHhz7dzBKANDh4ZZ45eB/,17480979416252463142712771459370-17_45_52.jpg,https://kf.kobotoolbox.org/api/v2/assets/aJh328C2e3SvoptDpoEUxb/data/485168741/attachments/attDMpjcYq2S2n7JtRyLh9XL/,poor_condition_bldg,no,yes,toilets___latrines fence,1,0,0,0,1,0,17480981150104332364229070169285-17_49_0.jpg,https://kf.kobotoolbox.org/api/v2/assets/aJh328C2e3SvoptDpoEUxb/data/485168741/attachments/attQW6j22pk3fxLj5uQTYowi/,174809815395317999938289241056-17_49_26.jpg,https://kf.kobotoolbox.org/api/v2/assets/aJh328C2e3SvoptDpoEUxb/data/485168741/attachments/attvNcQc8HuwsKDcawTc3LeK/,yes,piped_water,,yes,yes,mostly__unavailable___30_days,on_site,yes,no,,yes,chlorination,,yes,yes,,don_t_know,don_t_know,don_t_know,don_t_know,,17480983966004279865887961057986-17_53_23.jpg,https://kf.kobotoolbox.org/api/v2/assets/aJh328C2e3SvoptDpoEUxb/data/485168741/attachments/attdfFypCAMshPHxNxvUUpv8/,yes,10000,plastic_tank,0,1,0,0,0,,point_good_condition,0,yes,2,occupational_therapy staff_rooms,1,0,0,0,1,0,,2,yes,yes,yes,yes,needs_repair,17480986722892090303832714968145-17_58_0.jpg,https://kf.kobotoolbox.org/api/v2/assets/aJh328C2e3SvoptDpoEUxb/data/485168741/attachments/attsvH7565hd6WB576ywJuBD/,17480986859848962814379756193500-17_58_30.jpg,https://kf.kobotoolbox.org/api/v2/assets/aJh328C2e3SvoptDpoEUxb/data/485168741/attachments/attnxFEKBTiz7oZE9BoTd5mg/,17480987724138558876377742084812-17_59_43.jpg,https://kf.kobotoolbox.org/api/v2/assets/aJh328C2e3SvoptDpoEUxb/data/485168741/attachments/attM3hjMBYJMtRrVdFchYgif/,17480987970327663028575595418836-18_0_7.jpg,https://kf.kobotoolbox.org/api/v2/assets/aJh328C2e3SvoptDpoEUxb/data/485168741/attachments/attJvms3kjdPtzZ57oSSZVwS/,17480988385671766119703685661026-18_1_2.jpg,https://kf.kobotoolbox.org/api/v2/assets/aJh328C2e3SvoptDpoEUxb/data/485168741/attachments/atty9DxjgbBbEwjztx3Nd2dm/,yes,12,within_the_health_facility__on_premise,1,0,0,10,yes,,yes,5,0,0,4,1,1,11,,yes,yes,yes,no,somewhat_clean,at_all_times_during_the_school_day,point_good_condition,pit_latrine_with_slab,0,1,0,0,0,0,0,,yes,yes,yes,water,0,1,0,0,0,,no,no,yes,no,yes,yes,yes,no,,,17480993219125352991946311704665-18_8_50.jpg,https://kf.kobotoolbox.org/api/v2/assets/aJh328C2e3SvoptDpoEUxb/data/485168741/attachments/attzNvNv58qGySzCgs2wHqhi/,17480993351832878297087592815718-18_9_0.jpg,https://kf.kobotoolbox.org/api/v2/assets/aJh328C2e3SvoptDpoEUxb/data/485168741/attachments/atte3mMiANLcWWqYActzNWW4/,17480996647096336983216371884921-18_14_32.jpg,https://kf.kobotoolbox.org/api/v2/assets/aJh328C2e3SvoptDpoEUxb/data/485168741/attachments/attgghbJk7VuY7Uy4C7Xsiqs/,17480997594618276059069903216087-18_16_3.jpg,https://kf.kobotoolbox.org/api/v2/assets/aJh328C2e3SvoptDpoEUxb/data/485168741/attachments/attQLyf6ErToc2EcMVjnT7HK/,no__there_are_handwashing_facilities_nea,,,,,,,,,,,,,,,,,,,,,,,,no,,,,,,,no,,,,,,,,no,no,,,,,,,,,no,no,,,,,,,no,,,,,,,,yes,national_power_grid,0,1,0,0,,no,,,yes,,yes,yes,yes,,,,yes,,,,yes,yes,no,yes,10000,tod,,teacher,,teachers,,non_teaching_staff,,teachers,,,,yes,yes,yes,,,yes,no,,,,,yes,yes,no,
,,yes,2025-05-24 00:00:00,ke_0_3,ke_1_17,ke_2_84,Denka,Denka primary,day_school,1,0,0,ecde primary,1,1,0,0,,,,,,2,5,7,,,32,28,1,2,1,0,0,0,1,60,60,,,yes,no,yes,,,no,yes,yes,yes,,,sandy,poor_condition,pedestrian_paths,1,0,0,yes,17480966953916795094553273832411-17_25_5.jpg,https://kf.kobotoolbox.org/api/v2/assets/aJh328C2e3SvoptDpoEUxb/data/485179815/attachments/attYymaCk7cTuijWcwtFRbYe/,17480967089712983259577477903550-17_25_17.jpg,https://kf.kobotoolbox.org/api/v2/assets/aJh328C2e3SvoptDpoEUxb/data/485179815/attachments/attCC7xrSZCTPPNkWYivUjRH/,poor_condition_bldg,no,no,,,,,,,,,,,,no,,,,,,,,,,,,,,,,,,,,,,,no,,,,,,,,,,,no,0,,,,,,,,,,,,,,,,,,,,,,,,,no,,,,,,,,,,,,,,,,0,,,,,,,,,,,,,,,,,,,,,,,,,,,,,,no,,,,,no,,,,,,,,,,,no__there_are_handwashing_facilities_nea,,,,,,,,,,,,,,,,,,,,,,,,no,,,,,,,no,,,,,,,,no,no,,,,,,,,,no,no,,,,,,,no,,,,,,,,no,,,,,,,no,,no,yes,no,no,no,yes,no,no,no,no,no,,,no,no,no,no,,teachers,,teacher,,teachers,,teachers,,teachers,,,no,no,no,no,no,no,no,no,,,,,no,,no,
,,yes,2025-05-25 00:00:00,ke_0_3,ke_1_17,ke_2_84,Shabadullah,Shabadula primary school,day_school,1,0,0,ecde primary,1,1,0,0,0.5740932 39.3215937 224.95416259765625 4.842,0.5740932,39.3215937,224.9541625976562,4.842,6,5,7,,,171,62,5,6,3,0,2,1,3,233,78,,,yes,no,yes,yes,,no,yes,yes,yes,,,sandy,fair_condition,road_for_trucks pedestrian_paths road_for_light_vehicles,1,1,1,yes,1748085403924.jpg,https://kf.kobotoolbox.org/api/v2/assets/aJh328C2e3SvoptDpoEUxb/data/485286529/attachments/attCPSM9t4j9Syvp5i5VEfCR/,,,broken,no,no,,,,,,,,,,,,no,,,,,,,,,,,,,,,,,,,,,,,yes,10000,plastic_tank,0,1,0,0,0,,point_good_condition,,no,0,,,,,,,,,,,,,,,,,,,,,,,,,yes,4,outside_building__but_not_on_premise,0,1,0,2,no,2,yes,,0,,,2,0,2,,no,no,yes,no,somewhat_clean,at_all_times_during_the_school_day,point_good_condition,pit_latrine_with_slab,0,1,0,0,0,0,0,,yes,no,yes,water,0,1,0,0,0,,yes,yes,no,no,yes,yes,,no,,,1748085911004.jpg,https://kf.kobotoolbox.org/api/v2/assets/aJh328C2e3SvoptDpoEUxb/data/485286529/attachments/attC8wYemc86V7bGqzPmxmTJ/,1748085927390.jpg,https://kf.kobotoolbox.org/api/v2/assets/aJh328C2e3SvoptDpoEUxb/data/485286529/attachments/attx4nSMq2aNSDyN4qXNWS7K/,,,,,no__there_are_handwashing_facilities_nea,,,,,,,,,,,,,,,,,,,,,,,,no,,,,,,,no,,,,,,,,no,no,,,,,,,,,no,no,,,,,,,no,,,,,,,,no,,,,,,,no,,no,yes,no,no,yes,yes,no,no,no,no,no,,,yes,no,no,no,,teachers,,teacher,,teachers,,others,Community,teachers,,,,no,no,no,no,no,no,no,,,,,no,,yes,yes
,,yes,2025-05-25 00:00:00,ke_0_3,ke_1_17,ke_2_82,Aqal arr,Aqal arr,day_school,1,0,0,ecde primary,1,1,0,0,0.600295 39.721211 176.3442039489746 3.5635598139328946,0.600295,39.721211,176.3442039489746,3.563559813932895,4,5,8,,,55,45,2,1,2,0,1,1,2,100,50,,,yes,no,yes,no,,no,yes,yes,no,no,,sandy,poor_condition,pedestrian_paths,1,0,0,yes,image-7_54_53.jpg,https://kf.kobotoolbox.org/api/v2/assets/aJh328C2e3SvoptDpoEUxb/data/485489128/attachments/attqLuLnWA36ZV2LLZM68iTn/,image-7_55_3.jpg,https://kf.kobotoolbox.org/api/v2/assets/aJh328C2e3SvoptDpoEUxb/data/485489128/attachments/attieiZWok57yvurmWnwaCNM/,,no,yes,main_building,0,0,0,0,0,1,image-7_56_4.jpg,https://kf.kobotoolbox.org/api/v2/assets/aJh328C2e3SvoptDpoEUxb/data/485489128/attachments/attz2iEAfgZBVtdNFr5QNntm/,image-7_57_56.jpg,https://kf.kobotoolbox.org/api/v2/assets/aJh328C2e3SvoptDpoEUxb/data/485489128/attachments/att6KxJxWBz42JJbsZb5UncN/,no,,,,,,,,,,,,,,,,,,,,,,,no,,,,,,,,,,,no,0,,,,,,,,,,,,,,,,,,,,,,,,,yes,2,outside_building__but_not_on_premise,0,1,0,2,no,2,no,,,,,,,0,,no,no,no,no,not_clean,at_all_times_during_the_school_day,point_good_condition,pit_latrine_with_slab,0,1,0,0,0,0,0,,no,no,yes,water,0,1,0,0,0,,,no,no,no,no,no,,no,,,image-8_1_59.jpg,https://kf.kobotoolbox.org/api/v2/assets/aJh328C2e3SvoptDpoEUxb/data/485489128/attachments/attc9RPuJDJDXj23Ds2d627e/,image-8_2_14.jpg,https://kf.kobotoolbox.org/api/v2/assets/aJh328C2e3SvoptDpoEUxb/data/485489128/attachments/attnbNuNA8BHQgHJJB6qXYDk/,,,image-8_2_26.jpg,https://kf.kobotoolbox.org/api/v2/assets/aJh328C2e3SvoptDpoEUxb/data/485489128/attachments/attkqgmkXxgH4vviFpmNRdxf/,no__there_are_handwashing_facilities_nea,,,,,,,,,,,,,,,,,,,,,,,,no,,,,,,,no,,,,,,,,no,no,,,,,,,,,no,,,,,,,,no,,,,,,,,no,,,,,,,no,,no,yes,no,no,yes,no,no,no,no,no,no,no,,no,no,no,no,,teachers,,teacher,,teachers,,non_teaching_staff,,teachers,,,no,no,no,no,no,no,no,no,,,,,no,,no,
,,yes,2025-05-25 00:00:00,ke_0_3,ke_1_17,ke_2_84,Hagare,Hagare primary school,day_school,1,0,0,primary ecde,1,1,0,0,0.534479 39.1300448 267.7119140625 4.727,0.534479,39.1300448,267.7119140625,4.727,4,5,7,,,222,91,4,5,2,0,2,1,2,313,157,,,no,no,yes,yes,,no,yes,yes,yes,,,sandy,good_condition,pedestrian_paths road_for_light_vehicles road_for_trucks,1,1,1,yes,1748097479582.jpg,https://kf.kobotoolbox.org/api/v2/assets/aJh328C2e3SvoptDpoEUxb/data/485492510/attachments/attTrQ82ySVGgxbz5LDPgD6J/,1748097492816.jpg,https://kf.kobotoolbox.org/api/v2/assets/aJh328C2e3SvoptDpoEUxb/data/485492510/attachments/attkHmVZJgkvHTRghomZZvTC/,good_condition_bldg,no,no,,,,,,,,,,,,sometimes,tanker,,no,no,no,500m_or_further,no,yes,60,no,,,don_t_know,no,,,,,,,,,yes,5000,plastic_tank,0,1,0,0,0,,point_good_condition,,no,1,other,0,0,0,0,0,1,Direct from tank,1,no,no,yes,no,point_good_condition,1748097752767.jpg,https://kf.kobotoolbox.org/api/v2/assets/aJh328C2e3SvoptDpoEUxb/data/485492510/attachments/attAHRGPj4Yb25RUa6cGpnaP/,1748097769132.jpg,https://kf.kobotoolbox.org/api/v2/assets/aJh328C2e3SvoptDpoEUxb/data/485492510/attachments/att76nzjcRpNnisQQUkhF25H/,,,,,,,yes,2,outside_building__but_not_on_premise,0,1,0,2,yes,,no,1,,0,1,,,2,,no,no,yes,no,somewhat_clean,at_all_times_during_the_school_day,point_good_condition,flush___pour_flush_toilet_to_sewer_conne,1,0,0,0,0,0,0,,no,yes,yes,water,0,1,0,0,0,,no,no,no,no,yes,yes,,no,,,1748098167401.jpg,https://kf.kobotoolbox.org/api/v2/assets/aJh328C2e3SvoptDpoEUxb/data/485492510/attachments/attLEzwpDoZKBHmjnvbgwdmY/,1748098185055.jpg,https://kf.kobotoolbox.org/api/v2/assets/aJh328C2e3SvoptDpoEUxb/data/485492510/attachments/atthNsrXuW7Cct7RVFdkKzaB/,1748098198857.jpg,https://kf.kobotoolbox.org/api/v2/assets/aJh328C2e3SvoptDpoEUxb/data/485492510/attachments/att9a9UKkyXEwz3t9Eb3fAee/,1748098213474.jpg,https://kf.kobotoolbox.org/api/v2/assets/aJh328C2e3SvoptDpoEUxb/data/485492510/attachments/att7wAZkeZsD3WjADpUwqhBZ/,no__there_are_handwashing_facilities_nea,,,,,,,,,,,,,,,,,,,,,,,,no,,,,,,,no,,,,,,,,no,no,,,,,,,,,no,no,,,,,,,no,,,,,,,,no,,,,,,,no,,no,yes,no,no,yes,yes,no,no,no,no,no,,,yes,no,no,no,,pupils,,teacher,,teachers,,non_teaching_staff,,teachers,,,no,no,no,no,no,no,no,no,,,,,no,,yes,yes
,,yes,2025-05-25 00:00:00,ke_0_3,ke_1_17,ke_2_84,Janju,Janju primary,day_school,1,0,0,ecde primary jss,1,1,0,1,0.6674652 39.040301 0 0,0.6674652,39.040301,0,0,8,5,8,,9,140,150,3,1,6,0,1,1,6,290,48,,,yes,yes,yes,yes,,yes,yes,yes,yes,,,sandy,poor_condition,pedestrian_paths road_for_light_vehicles,1,1,0,yes,17481533344295253872277530240118-9_9_6.jpg,https://kf.kobotoolbox.org/api/v2/assets/aJh328C2e3SvoptDpoEUxb/data/485507194/attachments/attQHK6hTV7YR7Diib2C3bWL/,17481533500898366143251650177276-9_9_16.jpg,https://kf.kobotoolbox.org/api/v2/assets/aJh328C2e3SvoptDpoEUxb/data/485507194/attachments/attALk9gQrfmd9SXw2tHorKA/,poor_condition_bldg,no,yes,toilets___latrines,1,0,0,0,0,0,17481543889261143547593801900232-9_26_36.jpg,https://kf.kobotoolbox.org/api/v2/assets/aJh328C2e3SvoptDpoEUxb/data/485507194/attachments/attBnLNsQtQZZhagDKn97t3E/,17481544838265152742824335965787-9_28_11.jpg,https://kf.kobotoolbox.org/api/v2/assets/aJh328C2e3SvoptDpoEUxb/data/485507194/attachments/attFLKSiZACyQ8bDBNY29cXE/,no,,,,,,,,,,,,,,,,,,,,,,,no,,,,,,,,,,,no,0,,,,,,,,,,,,,,,,,,,,,,,,,yes,2,within_the_health_facility__on_premise,1,0,0,,yes,,yes,2,2,0,2,2,0,6,4,no,no,no,no,somewhat_clean,at_all_times_during_the_school_day,damaged,pit_latrine_with_slab,0,1,0,0,0,0,0,,yes,yes,no,,,,,,,,no,no,no,no,no,no,,no,,,17481545950383759451416847551528-9_30_4.jpg,https://kf.kobotoolbox.org/api/v2/assets/aJh328C2e3SvoptDpoEUxb/data/485507194/attachments/atttgW9wxV2kqFPEGGtce79p/,17481546125018303512058284779215-9_30_18.jpg,https://kf.kobotoolbox.org/api/v2/assets/aJh328C2e3SvoptDpoEUxb/data/485507194/attachments/attRv7zmXq7jPGBGY6Tw5coo/,17481546238774243662649143871224-9_30_30.jpg,https://kf.kobotoolbox.org/api/v2/assets/aJh328C2e3SvoptDpoEUxb/data/485507194/attachments/attqBhEfbkaaxwEBm5qt4JuA/,,,yes,3,container_with_tap__veronica_b,0,0,1,0,0,0,,water_only,toilets food_preparation_area food_consumption_area school_yard,1,1,1,0,1,0,,yes,yes,yes,yes,point_good_condition,yes,17481541984607973625701765793217-9_23_28.jpg,https://kf.kobotoolbox.org/api/v2/assets/aJh328C2e3SvoptDpoEUxb/data/485507194/attachments/attNMNaNBF8hhkCQ7Wu6KNGM/,17481542242481254804409613931174-9_23_52.jpg,https://kf.kobotoolbox.org/api/v2/assets/aJh328C2e3SvoptDpoEUxb/data/485507194/attachments/atttR38rqYSYef59DXyaQbyY/,17481542370816419946425183193247-9_24_4.jpg,https://kf.kobotoolbox.org/api/v2/assets/aJh328C2e3SvoptDpoEUxb/data/485507194/attachments/attoQJdmPgZRS2m5LhLabvKB/,no,,,,,,,,no,no,,,,,,,,,no,no,,,,,,,no,,,,,,,,no,,,,,,,no,,no,yes,no,yes,yes,yes,no,yes,yes,yes,no,,,no,yes,no,no,,tod,,tod,,teachers,,teachers,,teachers,,,no,no,yes,no,no,no,no,no,,,,,yes,yes,yes,no
,,yes,2025-05-25 00:00:00,ke_0_3,ke_1_17,ke_2_84,Bulla athey,Bulla they ecd centre,day_school,1,0,0,ecde primary,1,1,0,0,,,,,,0,5,7,,,41,40,2,2,2,0,1,1,2,81,41,,,yes,no,yes,yes,,yes,yes,yes,yes,,,sandy,poor_condition,pedestrian_paths road_for_light_vehicles road_for_trucks,1,1,1,yes,17481569800131772116344714205978-10_9_48.jpg,https://kf.kobotoolbox.org/api/v2/assets/aJh328C2e3SvoptDpoEUxb/data/485518015/attachments/att6SJQbgqxqsJaFbiX46eY5/,17481569934492654423341886672798-10_9_59.jpg,https://kf.kobotoolbox.org/api/v2/assets/aJh328C2e3SvoptDpoEUxb/data/485518015/attachments/attQcMYFMipEB9eLjxShKAtc/,poor_condition_bldg,no,no,,,,,,,,,,,,no,,,,,,,,,,,,,,,,,,,,,,,no,,,,,,,,,,,no,0,,,,,,,,,,,,,,,,,,,,,,,,,no,,,,,,,,,,,,,,,,0,,,,,,,,,,,,,,,,,,,,,,,,,,,,,,no,,,,,no,,,,,,,,,,,no__there_are_handwashing_facilities_nea,,,,,,,,,,,,,,,,,,,,,,,,no,,,,,,,no,,,,,,,,no,no,,,,,,,,,no,no,,,,,,,no,,,,,,,,no,,,,,,,no,,no,yes,yes,yes,yes,yes,,yes,yes,yes,,,,no,no,no,no,,tod,,tod,,tod,,tod,,tod,,,no,no,no,no,no,no,no,no,,,,,no,,no,
,,yes,2025-05-25 00:00:00,ke_0_3,ke_1_15,ke_2_72,Madina,Yathrib,day_school,1,0,0,ecde primary jss,1,1,0,1,-0.4247634 39.6527988 137.0 4.668,-0.4247634,39.6527988,137,4.668,35,5,7,,8,802,685,20,23,13,25,3,2,38,1487,39,,,yes,yes,yes,yes,,no,no,no,yes,no,,sandy,good_condition,pedestrian_paths,1,0,0,yes,1748155034321.jpg,https://kf.kobotoolbox.org/api/v2/assets/aJh328C2e3SvoptDpoEUxb/data/485518939/attachments/attj9WH9u6JNz8sCnwKPJFNG/,1748155085644.jpg,https://kf.kobotoolbox.org/api/v2/assets/aJh328C2e3SvoptDpoEUxb/data/485518939/attachments/attUFyaJFHzZaB6UGT9P8SpF/,good_condition_bldg,yes,no,,,,,,,,,,,,yes,piped_water,,yes,yes,yes,on_site,yes,yes,100,no,,,yes,no,,,,,,,,,yes,60000,concrete_tank plastic_tank,1,1,0,0,0,,point_good_condition,2,no,6,preventive_health,0,1,0,0,0,0,,6,yes,yes,yes,yes,point_good_condition,1748155616050.jpg,https://kf.kobotoolbox.org/api/v2/assets/aJh328C2e3SvoptDpoEUxb/data/485518939/attachments/attZxhGqjiAsnPodbb43tFaJ/,,,1748155638120.jpg,https://kf.kobotoolbox.org/api/v2/assets/aJh328C2e3SvoptDpoEUxb/data/485518939/attachments/attkvVnwzUa58jeALGV6j8v3/,1748155673683.jpg,https://kf.kobotoolbox.org/api/v2/assets/aJh328C2e3SvoptDpoEUxb/data/485518939/attachments/attcubisQnkhHjyXeFvAN3Us/,,,yes,28,within_the_health_facility__on_premise,1,0,0,28,yes,,yes,10,0,0,14,2,2,28,,yes,yes,yes,no,clean,at_all_times_during_the_school_day,needs_repair,pit_latrine_with_slab,0,1,0,0,0,0,0,,no,no,yes,toilet_paper water,1,1,0,0,0,,no,yes,no,yes,yes,no,,no,,,1748156416010.jpg,https://kf.kobotoolbox.org/api/v2/assets/aJh328C2e3SvoptDpoEUxb/data/485518939/attachments/attwezerzBWWtZk8W5vuHv7w/,,,,,1748156471077.jpg,https://kf.kobotoolbox.org/api/v2/assets/aJh328C2e3SvoptDpoEUxb/data/485518939/attachments/attMKVecwr8p4pJJ7oQuKku6/,yes,3,container_with_tap__veronica_b,0,0,1,0,0,0,,water_only,classrooms,0,0,0,1,0,0,,yes,yes,yes,yes,point_good_condition,yes,1748156634483.jpg,https://kf.kobotoolbox.org/api/v2/assets/aJh328C2e3SvoptDpoEUxb/data/485518939/attachments/attZUE8HoBWBPWwi33sjQpDo/,1748156679512.jpg,https://kf.kobotoolbox.org/api/v2/assets/aJh328C2e3SvoptDpoEUxb/data/485518939/attachments/attczruk6g8fdTzU8zaPxXw4/,1748156689163.jpg,https://kf.kobotoolbox.org/api/v2/assets/aJh328C2e3SvoptDpoEUxb/data/485518939/attachments/att8QfVcuPNHtpyp4BPBRCQ7/,no,,,,,,,,yes,no,,,,,,,,,no,yes,,,,,,,yes,no,yes,,yes,yes,,,yes,national_power_grid,0,1,0,0,,no,,,,,yes,,,,,,,,,,no,no,no,no,,pupils,,tod,,teachers,,tod,,teachers,,,no,no,no,no,no,no,no,yes,yes,yes,1748157319051.jpg,https://kf.kobotoolbox.org/api/v2/assets/aJh328C2e3SvoptDpoEUxb/data/485518939/attachments/attWLZLCKAA8jCcqafvVLnbF/,no,,no,
,,yes,2025-05-25 00:00:00,ke_0_3,ke_1_17,ke_2_84,Barkuke,Barkuke primary school,day_school,1,0,0,ecde primary jss,1,1,0,1,0.660905 39.016737 263.1 9.100000381469727,0.660905,39.016737,263.1,9.100000381469727,12,5,7,,9,271,194,10,5,7,2,1,1,9,465,52,,,yes,no,yes,no,,yes,yes,yes,yes,,,sandy,fair_condition,pedestrian_paths,1,0,0,yes,17481599295566432591389168951707-10_58_55.jpg,https://kf.kobotoolbox.org/api/v2/assets/aJh328C2e3SvoptDpoEUxb/data/485531927/attachments/attWsQH5j7aFzDBUD3gBQUgC/,17481599383978605614409441132696-10_59_5.jpg,https://kf.kobotoolbox.org/api/v2/assets/aJh328C2e3SvoptDpoEUxb/data/485531927/attachments/attEMy6KZy97uoChxkiVBsdp/,broken,partial,yes,toilets___latrines fence,1,0,0,0,1,0,,,,,no,,,,,,,,,,,,,,,,,,,,,,,yes,8000,plastic_tank,0,1,0,0,0,,point_good_condition,,no,0,,,,,,,,,,,,,,,,,,,,,,,,,yes,10,within_the_health_facility__on_premise,1,0,0,,yes,,yes,4,0,4,6,2,0,12,2,no,no,no,no,somewhat_clean,at_all_times_during_the_school_day,needs_repair,pit_latrine_with_slab,0,1,0,0,0,0,0,,yes,yes,no,,,,,,,,no,yes,no,no,no,no,,no,,,17481598081133303750430108330965-10_56_58.jpg,https://kf.kobotoolbox.org/api/v2/assets/aJh328C2e3SvoptDpoEUxb/data/485531927/attachments/attsh6XTq7qoTgXzUyYitfH3/,1748159789794658934237759121801-10_56_44.jpg,https://kf.kobotoolbox.org/api/v2/assets/aJh328C2e3SvoptDpoEUxb/data/485531927/attachments/att2npDZWk5kBcqZr4hQ4mbT/,17481598277907987411616974714237-10_57_13.jpg,https://kf.kobotoolbox.org/api/v2/assets/aJh328C2e3SvoptDpoEUxb/data/485531927/attachments/attXDeaMFwnbwDKzQqGC2nzJ/,17481598441711032541390139719858-10_57_29.jpg,https://kf.kobotoolbox.org/api/v2/assets/aJh328C2e3SvoptDpoEUxb/data/485531927/attachments/att9ZVE86MSch88sujANgcWr/,yes,6,tank_with_multiple_taps,0,1,0,0,0,0,,yes__water_and_soap,toilets food_consumption_area,1,0,1,0,0,0,,yes,yes,yes,yes,point_good_condition,yes,17481597007892633723845105612834-10_55_8.jpg,https://kf.kobotoolbox.org/api/v2/assets/aJh328C2e3SvoptDpoEUxb/data/485531927/attachments/atty2V5RAkxBu6vqzxNL9DjS/,17481597123983488116388896936440-10_55_21.jpg,https://kf.kobotoolbox.org/api/v2/assets/aJh328C2e3SvoptDpoEUxb/data/485531927/attachments/att2rEbCoEfwwuhkWJgo7qPi/,17481597281576808947271605848678-10_55_33.jpg,https://kf.kobotoolbox.org/api/v2/assets/aJh328C2e3SvoptDpoEUxb/data/485531927/attachments/attmJwHixsqzEoaCfmtRaoWW/,no,,,,,,,,no,no,,,,,,,,,no,yes,,,,,,,no,,,,,,,,no,,,,,,,no,,no,yes,no,yes,yes,yes,,yes,no,no,,,,no,no,no,no,,tod,,tod,,teachers,,teachers,,teachers,,,no,yes,yes,no,no,no,yes,no,,,,,no,,yes,yes
,,yes,2025-05-25 00:00:00,ke_0_3,ke_1_12,ke_2_56,Dujis,Dujis primary school,day_school,1,0,0,ecde primary jss,1,1,0,1,0.2481524 39.3940171 226.89999999999998 4.52,0.2481524,39.3940171,226.9,4.52,9,2,4,,4,120,180,8,5,6,1,1,1,7,300,43,,,yes,yes,yes,yes,,yes,yes,yes,no,,,sandy,fair_condition,road_for_light_vehicles,0,1,0,yes,1748159171312.jpg,https://kf.kobotoolbox.org/api/v2/assets/aJh328C2e3SvoptDpoEUxb/data/485535188/attachments/attJqvu42t63dxdmUHCkzfg9/,,,broken,no,yes,toilets___latrines main_building,1,0,0,0,0,1,1748159350845.jpg,https://kf.kobotoolbox.org/api/v2/assets/aJh328C2e3SvoptDpoEUxb/data/485535188/attachments/attiigzFqKHLamxwQV5xCjFE/,,,no,,,,,,,,,,,,,,,,,,,,,,,no,,,,,,,,,,,no,1,staff_rooms,0,0,0,0,1,0,,0,no,no,no,no,damaged,1748159638662.jpg,https://kf.kobotoolbox.org/api/v2/assets/aJh328C2e3SvoptDpoEUxb/data/485535188/attachments/attYvmWgPYhdu8zjNGM4uywj/,,,1748159667257.jpg,https://kf.kobotoolbox.org/api/v2/assets/aJh328C2e3SvoptDpoEUxb/data/485535188/attachments/att4B4HKFPz2H6JrNcSkfotA/,,,1748159686266.jpg,https://kf.kobotoolbox.org/api/v2/assets/aJh328C2e3SvoptDpoEUxb/data/485535188/attachments/attzXxDAX8bfH2HNUnWauCfi/,yes,2,off_premise,0,0,1,2,no,2,no,,,,,,,0,,no,no,no,no,somewhat_clean,at_all_times_during_the_school_day,needs_repair,pit_latrine_with_slab,0,1,0,0,0,0,0,,yes,no,no,,,,,,,,no,no,no,no,no,no,,no,,,1748160000302.jpg,https://kf.kobotoolbox.org/api/v2/assets/aJh328C2e3SvoptDpoEUxb/data/485535188/attachments/attYZrVsELRHXfSRGSMnqkiX/,1748160029205.jpg,https://kf.kobotoolbox.org/api/v2/assets/aJh328C2e3SvoptDpoEUxb/data/485535188/attachments/att2dCb7Bq2ds25wKqMp9jBd/,,,1748160095709.jpg,https://kf.kobotoolbox.org/api/v2/assets/aJh328C2e3SvoptDpoEUxb/data/485535188/attachments/attFYURqt7hDpQB2BPj4zbC4/,no__there_are_handwashing_facilities_nea,,,,,,,,,,,,,,,,,,,,,,,,no,,,,,,,no,,,,,,,,no,no,,,,,,,,,no,no,,,,,,,no,,,,,,,,no,,,,,,,no,,no,yes,no,no,yes,yes,no,no,no,yes,no,,,no,yes,no,no,,pupils,,teacher,,teachers,,teachers,,teachers,,,no,yes,no,no,no,no,yes,yes,yes,no,,,yes,yes,no,
,,yes,2025-05-25 00:00:00,ke_0_3,ke_1_15,ke_2_72,Bulla ADC ,ADC primary ,day_school,1,0,0,ecde primary jss,1,1,0,1,-0.4227797 39.6371311 123.0 4.842,-0.4227797,39.6371311,123,4.842,18,5,7,,8,553,522,18,12,7,9,2,2,16,1075,67,,,yes,yes,yes,yes,,no,no,no,no,no,,sandy,good_condition,road_for_trucks pedestrian_paths,1,0,1,yes,1748159332784.jpg,https://kf.kobotoolbox.org/api/v2/assets/aJh328C2e3SvoptDpoEUxb/data/485538748/attachments/attvjDYnmRPAoTbdsD9zxfMU/,1748159359042.jpg,https://kf.kobotoolbox.org/api/v2/assets/aJh328C2e3SvoptDpoEUxb/data/485538748/attachments/att9Gr3T74cA5f9qKSAwDnxB/,broken,no,no,,,,,,,,,,,,yes,piped_water,,yes,yes,yes,on_site,yes,no,,no,,,yes,yes,,yes,,,,,,,yes,30000,plastic_tank concrete_tank,1,1,0,0,0,,point_good_condition,2,yes,3,preventive_health,0,1,0,0,0,0,,3,yes,yes,yes,yes,point_good_condition,1748159877618.jpg,https://kf.kobotoolbox.org/api/v2/assets/aJh328C2e3SvoptDpoEUxb/data/485538748/attachments/attSSpScehggyJrXUdRWm8Ns/,1748159906895.jpg,https://kf.kobotoolbox.org/api/v2/assets/aJh328C2e3SvoptDpoEUxb/data/485538748/attachments/attJuqjuKQbGNmhbVvmyUgYK/,,,1748159926342.jpg,https://kf.kobotoolbox.org/api/v2/assets/aJh328C2e3SvoptDpoEUxb/data/485538748/attachments/att482K4nzjTxkLgVqfPdeEz/,,,yes,11,within_the_health_facility__on_premise,1,0,0,10,yes,,yes,4,0,0,3,2,2,11,,no,no,no,no,clean,at_all_times_during_the_school_day,point_good_condition,pit_latrine_with_slab,0,1,0,0,0,0,0,,yes,no,yes,toilet_paper water,1,1,0,0,0,,no,no,no,no,no,no,,no,,,1748160425757.jpg,https://kf.kobotoolbox.org/api/v2/assets/aJh328C2e3SvoptDpoEUxb/data/485538748/attachments/att72Hh6Py27tusySNkbS4TW/,1748160438840.jpg,https://kf.kobotoolbox.org/api/v2/assets/aJh328C2e3SvoptDpoEUxb/data/485538748/attachments/attBYjdjBiLiw2GwkADVXvwF/,,,1748160464304.jpg,https://kf.kobotoolbox.org/api/v2/assets/aJh328C2e3SvoptDpoEUxb/data/485538748/attachments/attHrLY4BPSXwzX8L4gWL95Y/,yes,3,container_with_tap__veronica_b,0,0,1,0,0,0,,water_only,classrooms,0,0,0,1,0,0,,yes,yes,yes,yes,point_good_condition,yes,1748160785717.jpg,https://kf.kobotoolbox.org/api/v2/assets/aJh328C2e3SvoptDpoEUxb/data/485538748/attachments/attbrQhtPzuvT69RBphsBjjV/,,,1748160809389.jpg,https://kf.kobotoolbox.org/api/v2/assets/aJh328C2e3SvoptDpoEUxb/data/485538748/attachments/attods95awc7kmJuJ4pcrSoS/,no,,,,,,,,no,no,,,,,,,,,yes,yes,,,,,,,yes,no,yes,,,yes,,,no,,,,,,,no,,,,,yes,,,,,,,,,,no,no,no,no,,tod,,tod,,teachers,,tod,,teachers,,,,,,,,,,yes,yes,yes,1748161273978.jpg,https://kf.kobotoolbox.org/api/v2/assets/aJh328C2e3SvoptDpoEUxb/data/485538748/attachments/attijVuQjRHpQckzem4Y4EYD/,no,,no,
,,yes,2025-05-25 00:00:00,ke_0_3,ke_1_17,ke_2_81,Mohamed saad,Mohamed saad,day_school,1,0,0,ecde primary,1,1,0,0,0.63299 38.964752 276.7 5.599999904632568,0.63299,38.964752,276.7,5.599999904632568,2,5,7,,,45,50,2,1,1,0,0,0,1,95,95,,,yes,no,yes,yes,,no,yes,yes,yes,,,sandy,poor_condition,pedestrian_paths,1,0,0,yes,17481624288913141317039597176755-11_40_37.jpg,https://kf.kobotoolbox.org/api/v2/assets/aJh328C2e3SvoptDpoEUxb/data/485546744/attachments/attwHNzw2K4NGow7kRSFBpbR/,17481624415254918697178279223542-11_40_51.jpg,https://kf.kobotoolbox.org/api/v2/assets/aJh328C2e3SvoptDpoEUxb/data/485546744/attachments/att4ZmVDPHvwjGYEu5Ytzv5b/,poor_condition_bldg,no,no,,,,,,,,,,,,no,,,,,,,,,,,,,,,,,,,,,,,no,,,,,,,,,,,no,0,,,,,,,,,,,,,,,,,,,,,,,,,yes,1,within_the_health_facility__on_premise,1,0,0,,no,1,no,,,,,,,0,,no,no,no,no,somewhat_clean,at_all_times_during_the_school_day,point_good_condition,pit_latrine_with_slab,0,1,0,0,0,0,0,,no,yes,no,,,,,,,,no,no,no,no,no,no,,no,,,17481626942251686489781640933004-11_45_2.jpg,https://kf.kobotoolbox.org/api/v2/assets/aJh328C2e3SvoptDpoEUxb/data/485546744/attachments/attzjwj2isbXo9muX736GaWC/,17481627063918511469992438031834-11_45_12.jpg,https://kf.kobotoolbox.org/api/v2/assets/aJh328C2e3SvoptDpoEUxb/data/485546744/attachments/attdCCNYQCzn7PYf27wM4fkB/,17481627189394949881213008386408-11_45_26.jpg,https://kf.kobotoolbox.org/api/v2/assets/aJh328C2e3SvoptDpoEUxb/data/485546744/attachments/attBVbDbRoppXziPD4pJHtMY/,17481627424887449089572363018803-11_45_49.jpg,https://kf.kobotoolbox.org/api/v2/assets/aJh328C2e3SvoptDpoEUxb/data/485546744/attachments/attPJAGhwG2YZ4FfJj8ngsLF/,no__there_are_handwashing_facilities_nea,,,,,,,,,,,,,,,,,,,,,,,,no,,,,,,,no,,,,,,,,no,no,,,,,,,,,no,no,,,,,,,no,,,,,,,,no,,,,,,,no,,no,yes,no,yes,yes,yes,,no,no,yes,,,,no,no,no,no,,tod,,tod,,teachers,,teachers,,tod,,,no,no,no,no,no,no,no,no,,,,,no,,no,
,,yes,2025-05-25 00:00:00,ke_0_3,ke_1_15,ke_2_73,Jarirot,Jarirot comprehensive school,day_school,1,0,0,ecde primary jss,1,1,0,1,-0.560413 39.711623 0 4199.9990234375,-0.560413,39.711623,0,4199.9990234375,12,6,7,,8,154,190,0,0,11,0,1,2,11,344,31,,,yes,no,yes,yes,,no,no,yes,yes,,,rocky,fair_condition,pedestrian_paths road_for_light_vehicles,1,1,0,yes,1748160356161639568569026562447-11_6_3.jpg,https://kf.kobotoolbox.org/api/v2/assets/aJh328C2e3SvoptDpoEUxb/data/485547924/attachments/attqevpGjrixaGWW3sSUjVCS/,17481603714089021988682968756222-11_6_20.jpg,https://kf.kobotoolbox.org/api/v2/assets/aJh328C2e3SvoptDpoEUxb/data/485547924/attachments/attqUouSzuWU7RBjRT8ntqRC/,broken,no,yes,toilets___latrines water_taps handwashing_points waste_management_facilities main_building,1,1,1,1,0,1,17481606477773798581590693594954-11_11_2.jpg,https://kf.kobotoolbox.org/api/v2/assets/aJh328C2e3SvoptDpoEUxb/data/485547924/attachments/attoWA957BjYqbFBYPwD7jfP/,17481606824535290700841884646644-11_11_28.jpg,https://kf.kobotoolbox.org/api/v2/assets/aJh328C2e3SvoptDpoEUxb/data/485547924/attachments/attV43ttSohcibNE5ZeAxawY/,yes,piped_water,,yes,yes,yes,500m_or_further,yes,no,,no,,,yes,no,,,,,,,,,yes,40000,concrete_tank plastic_tank,1,1,0,0,0,,point_good_condition,2,yes,1,staff_rooms,0,0,0,0,1,0,,1,yes,yes,yes,no,point_good_condition,17481615176524652177830210617761-11_25_37.jpg,https://kf.kobotoolbox.org/api/v2/assets/aJh328C2e3SvoptDpoEUxb/data/485547924/attachments/attmseqFN8bFPByHRASgBTsg/,17481615525946090717662437227696-11_26_1.jpg,https://kf.kobotoolbox.org/api/v2/assets/aJh328C2e3SvoptDpoEUxb/data/485547924/attachments/att78jCcuKF9y2VRqUYuvsyz/,1748161564805578089902554976434-11_26_11.jpg,https://kf.kobotoolbox.org/api/v2/assets/aJh328C2e3SvoptDpoEUxb/data/485547924/attachments/attJongbQv7xWk7kn4zPSxgC/,17481615930551913812652908897420-11_26_44.jpg,https://kf.kobotoolbox.org/api/v2/assets/aJh328C2e3SvoptDpoEUxb/data/485547924/attachments/att6SGQBw8VvAwdoM3DHkNJp/,17481616189105503777098273320651-11_27_8.jpg,https://kf.kobotoolbox.org/api/v2/assets/aJh328C2e3SvoptDpoEUxb/data/485547924/attachments/atto4oqQ5gAxaqyznuCCDaCt/,yes,10,within_the_health_facility__on_premise,1,0,0,8,yes,,yes,5,0,0,3,1,1,10,,yes,yes,yes,no,somewhat_clean,at_all_times_during_the_school_day,point_good_condition,pit_latrine_with_slab,0,1,0,0,0,0,0,,yes,no,yes,water,0,1,0,0,0,,no,no,no,no,yes,no,,no,,,17481620993413581710217589426299-11_35_29.jpg,https://kf.kobotoolbox.org/api/v2/assets/aJh328C2e3SvoptDpoEUxb/data/485547924/attachments/attdGBb8fYMhnn2RB87UYntn/,17481621318062625858069225990408-11_35_40.jpg,https://kf.kobotoolbox.org/api/v2/assets/aJh328C2e3SvoptDpoEUxb/data/485547924/attachments/attKCBQeJZQsndvs4ATUqP5D/,17481621673128487322598639095304-11_36_14.jpg,https://kf.kobotoolbox.org/api/v2/assets/aJh328C2e3SvoptDpoEUxb/data/485547924/attachments/atttPPLJfAAfTJ2dLrWFnpKQ/,17481622307022931908521552744102-11_37_42.jpg,https://kf.kobotoolbox.org/api/v2/assets/aJh328C2e3SvoptDpoEUxb/data/485547924/attachments/attJiQMKQ7WP9LPTXBKapZqW/,yes,1,permanent__concrete_metal__sta,1,0,0,0,0,0,,water_only,school_yard,0,0,0,0,1,0,,yes,yes,yes,yes,point_good_condition,yes,17481625154418325849829066368211-11_42_2.jpg,https://kf.kobotoolbox.org/api/v2/assets/aJh328C2e3SvoptDpoEUxb/data/485547924/attachments/attEiMZQLQG5b58xJGTar8Eg/,17481625466224789695580550091180-11_42_36.jpg,https://kf.kobotoolbox.org/api/v2/assets/aJh328C2e3SvoptDpoEUxb/data/485547924/attachments/attVRDVRuQXW4pPu9EwKHJvz/,17481626641993127137820326276129-11_44_34.jpg,https://kf.kobotoolbox.org/api/v2/assets/aJh328C2e3SvoptDpoEUxb/data/485547924/attachments/attb5WpKLfY544VrfbMW9FRM/,no,,,,,,,,yes,yes,open_burning,0,1,0,0,0,0,,no,no,,,,,,,yes,yes,yes,,no,yes,no,no,yes,national_power_grid,0,1,0,0,,no,,no,yes,no,yes,no,yes,no,no,yes,yes,no,,,yes,yes,no,yes,10000,tod,,teacher,,teachers,,non_teaching_staff,,teachers,,,no,yes,yes,yes,no,yes,yes,yes,yes,no,,,yes,yes,no,
,,yes,2025-05-25 00:00:00,ke_0_3,ke_1_15,ke_2_74,Township ,Ap goodwish,day_school,1,0,0,ecde primary jss,1,1,0,1,-0.4526395 39.6419571 119.80000305175781 4.912,-0.4526395,39.6419571,119.8000030517578,4.912,12,5,7,,8,409,364,0,0,4,13,0,1,17,773,45,,,yes,yes,yes,yes,,no,yes,no,no,no,,sandy,good_condition,road_for_trucks pedestrian_paths,1,0,1,no,,,,,broken,yes,no,,,,,,,,,,,,yes,piped_water,,yes,yes,yes,on_site,yes,no,,no,,,no,no,,,,,,,,,yes,20000,plastic_tank,0,1,0,0,0,,point_good_condition,2,yes,4,preventive_health,0,1,0,0,0,0,,4,yes,yes,yes,yes,point_good_condition,1748164025316.jpg,https://kf.kobotoolbox.org/api/v2/assets/aJh328C2e3SvoptDpoEUxb/data/485556815/attachments/att6tM5KJBXeM7V38jMDwroQ/,,,,,,,,,yes,6,within_the_health_facility__on_premise,1,0,0,5,yes,,yes,2,0,0,3,0,1,6,,no,no,no,no,somewhat_clean,at_all_times_during_the_school_day,point_good_condition,pit_latrine_with_slab,0,1,0,0,0,0,0,,no,no,yes,toilet_paper water,1,1,0,0,0,,no,yes,no,no,no,no,,no,,,1748164433516.jpg,https://kf.kobotoolbox.org/api/v2/assets/aJh328C2e3SvoptDpoEUxb/data/485556815/attachments/attUouJyWHf5AYBf6Xw3oDmN/,1748164447534.jpg,https://kf.kobotoolbox.org/api/v2/assets/aJh328C2e3SvoptDpoEUxb/data/485556815/attachments/attmtrp8acuRP6EuuSUa3FDk/,1748164486210.jpg,https://kf.kobotoolbox.org/api/v2/assets/aJh328C2e3SvoptDpoEUxb/data/485556815/attachments/atthjaWrjELdNoj6pm5fytCb/,,,no__there_are_handwashing_facilities_nea,,,,,,,,,,,,,,,,,,,,,,,,no,,,,,,,no,,,,,,,,no,no,,,,,,,,,no,yes,,,,,,,no,,,,,,,,yes,national_power_grid,0,1,0,0,,no,,no,no,no,no,no,no,no,no,no,no,no,no,,yes,no,no,no,,pupils,,tod,,teachers,,teachers,,teachers,,,no,no,no,no,no,no,no,yes,yes,yes,1748164819923.jpg,https://kf.kobotoolbox.org/api/v2/assets/aJh328C2e3SvoptDpoEUxb/data/485556815/attachments/att6ZjwyPxjhCcztresxXWj6/,no,,no,
,,yes,2025-05-25 00:00:00,ke_0_3,ke_1_17,ke_2_85,Gurufa,Gurufa pri and junior,mixed_day,0,0,1,ecde primary jss,1,1,0,1,0.80129 39.458414 194.66772270202637 3.5355339059327373,0.80129,39.458414,194.6677227020264,3.535533905932737,18,6,7,,7,229,238,1,0,7,5,2,3,12,467,39,,,yes,yes,yes,yes,,yes,yes,yes,yes,no,,clay,fair_condition,pedestrian_paths road_for_light_vehicles road_for_trucks,1,1,1,yes,image-11_47_0.jpg,https://kf.kobotoolbox.org/api/v2/assets/aJh328C2e3SvoptDpoEUxb/data/485559031/attachments/att2YqNWM65JDR6tB4qdP7vd/,image-11_47_7.jpg,https://kf.kobotoolbox.org/api/v2/assets/aJh328C2e3SvoptDpoEUxb/data/485559031/attachments/attznN5iSve4ZhZUMaokPiFR/,broken,partial,no,,,,,,,,,,,,yes,piped_water,,yes,yes,yes,500m_or_further,no,yes,2000,yes,ultraviolet_disinfection,,don_t_know,don_t_know,,,,,,,,,yes,20000,plastic_tank,0,1,0,0,0,,point_good_condition,1,yes,2,preventive_health other,0,1,0,0,0,1,Offices,2,yes,yes,yes,yes,point_good_condition,image-11_53_52.jpg,https://kf.kobotoolbox.org/api/v2/assets/aJh328C2e3SvoptDpoEUxb/data/485559031/attachments/att2TUbPVXdzP5ePMn7Z8CZm/,image-11_54_7.jpg,https://kf.kobotoolbox.org/api/v2/assets/aJh328C2e3SvoptDpoEUxb/data/485559031/attachments/attLTQeJWbkDYuXbqaJENP9n/,image-11_54_30.jpg,https://kf.kobotoolbox.org/api/v2/assets/aJh328C2e3SvoptDpoEUxb/data/485559031/attachments/att2dix9TfMjWw9UJGJhcBXL/,image-11_55_14.jpg,https://kf.kobotoolbox.org/api/v2/assets/aJh328C2e3SvoptDpoEUxb/data/485559031/attachments/attFWPWbhGgfCDUft4M2APEp/,image-11_54_53.jpg,https://kf.kobotoolbox.org/api/v2/assets/aJh328C2e3SvoptDpoEUxb/data/485559031/attachments/att59cWihjDmmekWFC2Xt7a9/,yes,9,outside_building__but_not_on_premise,0,1,0,9,yes,,yes,3,0,0,4,1,1,9,,no,no,yes,no,clean,at_all_times_during_the_school_day,point_good_condition,pit_latrine_with_slab,0,1,0,0,0,0,0,,no,no,yes,water,0,1,0,0,0,,no,yes,no,no,no,no,,no,,,image-12_2_10.jpg,https://kf.kobotoolbox.org/api/v2/assets/aJh328C2e3SvoptDpoEUxb/data/485559031/attachments/att2QxLX9y9LuE3XmaFBvasV/,image-12_2_31.jpg,https://kf.kobotoolbox.org/api/v2/assets/aJh328C2e3SvoptDpoEUxb/data/485559031/attachments/attJqymT2yKeURMt8ytD7Dsp/,image-12_2_43.jpg,https://kf.kobotoolbox.org/api/v2/assets/aJh328C2e3SvoptDpoEUxb/data/485559031/attachments/attNVseKdQnhVMwWZDyhGAHJ/,image-12_3_13.jpg,https://kf.kobotoolbox.org/api/v2/assets/aJh328C2e3SvoptDpoEUxb/data/485559031/attachments/attULUFPWzyFC468kERjeN5E/,yes,4,container_with_tap__veronica_b,0,0,1,0,0,0,,neither_water_nor_soap,toilets,1,0,0,0,0,0,,yes,yes,yes,yes,point_good_condition,no,image-12_6_28.jpg,https://kf.kobotoolbox.org/api/v2/assets/aJh328C2e3SvoptDpoEUxb/data/485559031/attachments/attMz39CCPoUKuhEPEBYjvym/,image-12_6_36.jpg,https://kf.kobotoolbox.org/api/v2/assets/aJh328C2e3SvoptDpoEUxb/data/485559031/attachments/attFof9ch9m8SfVMNEJcrH3p/,,,no,,,,,,,,no,no,,,,,,,,,no,yes,,,,,,,no,,,,,,,,yes,standalone_solar,1,0,0,0,,no,,no,yes,no,yes,yes,yes,no,no,no,no,no,no,,yes,no,yes,no,,pupils,,tod,,teachers,,non_teaching_staff,,teachers,,,no,no,no,no,no,no,no,yes,yes,no,,,yes,yes,no,
,,yes,2025-05-25 00:00:00,ke_0_3,ke_1_17,ke_2_81,Bulo,Bulo primary,mixed_day,0,0,1,ecde primary jss,1,1,0,1,0.631003 38.941436 378.6 84.5,0.631003,38.941436,378.6,84.5,8,5,7,,9,68,80,2,2,5,0,1,1,5,148,30,,,yes,no,yes,yes,,yes,yes,yes,yes,,,sandy,poor_condition,pedestrian_paths,1,0,0,yes,17481653991534407016394461645470-12_30_6.jpg,https://kf.kobotoolbox.org/api/v2/assets/aJh328C2e3SvoptDpoEUxb/data/485560621/attachments/attGViY6fcfpvUDHvpM2sbWQ/,17481654203306752399110714687418-12_30_28.jpg,https://kf.kobotoolbox.org/api/v2/assets/aJh328C2e3SvoptDpoEUxb/data/485560621/attachments/attEwnVkM4aeZAE8kwZSNZZq/,broken,partial,yes,toilets___latrines handwashing_points fence,1,0,1,0,1,0,17481653172744893614748412669435-12_28_49.jpg,https://kf.kobotoolbox.org/api/v2/assets/aJh328C2e3SvoptDpoEUxb/data/485560621/attachments/attRmzMmopjmBYCsmXgHZHHj/,17481653413411618377269534438693-12_29_8.jpg,https://kf.kobotoolbox.org/api/v2/assets/aJh328C2e3SvoptDpoEUxb/data/485560621/attachments/attPMvU9Ra9hLtZrfbTSm654/,no,,,,,,,,,,,,,,,,,,,,,,,no,,,,,,,,,,,no,0,,,,,,,,,,,,,,,,,,,,,,,,,yes,4,within_the_health_facility__on_premise,1,0,0,,no,4,no,,,,,,,0,,no,no,no,no,somewhat_clean,at_all_times_during_the_school_day,needs_repair,pit_latrine_with_slab,0,1,0,0,0,0,0,,yes,yes,no,,,,,,,,no,no,no,no,no,no,,no,,,17481654862774404606147233784412-12_31_35.jpg,https://kf.kobotoolbox.org/api/v2/assets/aJh328C2e3SvoptDpoEUxb/data/485560621/attachments/attpLhCKT7isz88HbnNpjGmN/,17481655123862268926539625375577-12_32_0.jpg,https://kf.kobotoolbox.org/api/v2/assets/aJh328C2e3SvoptDpoEUxb/data/485560621/attachments/attDnPFK4S3ShxkRxKTcRgxN/,17481655236405976558291849526541-12_32_11.jpg,https://kf.kobotoolbox.org/api/v2/assets/aJh328C2e3SvoptDpoEUxb/data/485560621/attachments/attEXsDqLAYYouAmPAzMSavi/,,,no__there_are_handwashing_facilities_nea,,,,,,,,,,,,,,,,,,,,,,,,no,,,,,,,no,,,,,,,,no,no,,,,,,,,,no,no,,,,,,,no,,,,,,,,no,,,,,,,no,,no,yes,no,yes,yes,yes,,yes,no,no,,,,no,no,no,no,,tod,,tod,,teachers,,teachers,,teachers,,,no,no,no,,no,no,no,no,,,,,no,,no,
,,yes,2025-05-25 00:00:00,ke_0_3,ke_1_15,ke_2_73,Bula Adey,Bula Adey primary school,day_school,1,0,0,ecde primary,1,1,0,0,-0.61259 39.782156 0 2799.9990234375,-0.61259,39.782156,0,2799.9990234375,2,6,7,,,32,38,1,0,3,0,1,1,3,70,23,,,no,no,no,yes,,no,no,no,no,,,sandy,fair_condition,pedestrian_paths road_for_light_vehicles,1,1,0,yes,17481660177423116731265590937937-12_40_25.jpg,https://kf.kobotoolbox.org/api/v2/assets/aJh328C2e3SvoptDpoEUxb/data/485567823/attachments/attu8EvSDPQ5rZm9vfPUZtb4/,17481660410884142850795371168019-12_40_45.jpg,https://kf.kobotoolbox.org/api/v2/assets/aJh328C2e3SvoptDpoEUxb/data/485567823/attachments/attY7cYzrJZgx38Gr3Hqco6g/,broken,no,no,,,,,,,,,,,,no,,,,,,,,,,,,,,,,,,,,,,,yes,10000,plastic_tank,0,1,0,0,0,,point_good_condition,,no,1,other,0,0,0,0,0,1,Between the classroom and the office,1,yes,yes,yes,yes,point_good_condition,17481662583191644339682389103559-12_44_24.jpg,https://kf.kobotoolbox.org/api/v2/assets/aJh328C2e3SvoptDpoEUxb/data/485567823/attachments/attFtfoVGu8eYKwFSQk7sC7C/,17481662672861986424373143051792-12_44_32.jpg,https://kf.kobotoolbox.org/api/v2/assets/aJh328C2e3SvoptDpoEUxb/data/485567823/attachments/att7B68BkcoCUbqhqV2e5w93/,17481662752547364505207556758629-12_44_39.jpg,https://kf.kobotoolbox.org/api/v2/assets/aJh328C2e3SvoptDpoEUxb/data/485567823/attachments/attrEphuf9WfUehxsjXh8aHo/,1748166283493605335367814200617-12_44_49.jpg,https://kf.kobotoolbox.org/api/v2/assets/aJh328C2e3SvoptDpoEUxb/data/485567823/attachments/att2dx6jmCMgfZeyTfYvFgNF/,17481662913836791815590331668048-12_44_56.jpg,https://kf.kobotoolbox.org/api/v2/assets/aJh328C2e3SvoptDpoEUxb/data/485567823/attachments/att92kYcaguWcJmpzUyfT8xe/,yes,2,within_the_health_facility__on_premise,1,0,0,1,no,1,yes,,0,,,0,0,0,,no,no,yes,no,somewhat_clean,at_all_times_during_the_school_day,point_good_condition,pit_latrine_with_slab,0,1,0,0,0,0,0,,no,no,yes,water,0,1,0,0,0,,no,no,no,no,no,no,,no,,,17481665629738073717352553755988-12_49_27.jpg,https://kf.kobotoolbox.org/api/v2/assets/aJh328C2e3SvoptDpoEUxb/data/485567823/attachments/att6omtUZrUAXE6fSrDcGmXj/,17481665699261289357932246870970-12_49_36.jpg,https://kf.kobotoolbox.org/api/v2/assets/aJh328C2e3SvoptDpoEUxb/data/485567823/attachments/attprvUXrKCnzAeCxDQz5bHy/,17481665897935809147925277735456-12_49_53.jpg,https://kf.kobotoolbox.org/api/v2/assets/aJh328C2e3SvoptDpoEUxb/data/485567823/attachments/attMo5zETB9rfWLobRp9qQSx/,17481665958901166145699030787555-12_50_2.jpg,https://kf.kobotoolbox.org/api/v2/assets/aJh328C2e3SvoptDpoEUxb/data/485567823/attachments/attkLEZFXDvtkZcbhFY66jQv/,no__there_are_handwashing_facilities_nea,,,,,,,,,,,,,,,,,,,,,,,,no,,,,,,,no,,,,,,,,no,no,,,,,,,,,no,no,,,,,,,no,,,,,,,,no,,,,,,,no,,no,yes,no,no,yes,yes,no,no,no,no,no,,,yes,no,no,yes,10000,tod,,teacher,,teachers,,non_teaching_staff,,teachers,,,no,no,no,no,no,no,no,no,,,,,no,,no,
,,yes,2025-05-25 00:00:00,ke_0_3,ke_1_17,ke_2_85,Hagar,Hagar primary school,day_school,1,0,0,ecde primary,1,1,0,0,0.801098 39.45818 195.39959716796875 5054.336060522974,0.801098,39.45818,195.3995971679688,5054.336060522974,5,6,7,,,126,110,0,0,3,0,1,2,3,236,79,,,no,no,yes,no,,yes,yes,no,yes,no,,sandy,poor_condition,pedestrian_paths,1,0,0,yes,image-13_9_15.jpg,https://kf.kobotoolbox.org/api/v2/assets/aJh328C2e3SvoptDpoEUxb/data/485575597/attachments/attKAt7gcPxnYc7Gk7AWzPwU/,image-13_9_23.jpg,https://kf.kobotoolbox.org/api/v2/assets/aJh328C2e3SvoptDpoEUxb/data/485575597/attachments/attZ9AqhitdX4qViZixbsdKM/,,no,yes,toilets___latrines,1,0,0,0,0,0,image-13_11_56.jpg,https://kf.kobotoolbox.org/api/v2/assets/aJh328C2e3SvoptDpoEUxb/data/485575597/attachments/attjuagqBX9S6JUQnWpsPrkJ/,image-13_12_13.jpg,https://kf.kobotoolbox.org/api/v2/assets/aJh328C2e3SvoptDpoEUxb/data/485575597/attachments/atteR5LKZa3CuJBjrtvXqN5g/,no,,,,,,,,,,,,,,,,,,,,,,,no,,,,,,,,,,,no,0,,,,,,,,,,,,,,,,,,,,,,,,,yes,2,outside_building__but_not_on_premise,0,1,0,0,no,0,no,,,,,,,0,,no,no,no,no,not_clean,at_all_times_during_the_school_day,needs_repair,pit_latrine_with_slab,0,1,0,0,0,0,0,,yes,no,yes,water,0,1,0,0,0,,no,no,no,no,no,no,,no,,,image-13_14_31.jpg,https://kf.kobotoolbox.org/api/v2/assets/aJh328C2e3SvoptDpoEUxb/data/485575597/attachments/attF8B3TCtiFowHP7Eu7uFHo/,image-13_14_37.jpg,https://kf.kobotoolbox.org/api/v2/assets/aJh328C2e3SvoptDpoEUxb/data/485575597/attachments/attL2k7EN6nHy9iAXLn2XsVz/,,,image-13_14_48.jpg,https://kf.kobotoolbox.org/api/v2/assets/aJh328C2e3SvoptDpoEUxb/data/485575597/attachments/attgBX4qSGD4ri6uu5w7yw26/,no__there_are_handwashing_facilities_nea,,,,,,,,,,,,,,,,,,,,,,,,no,,,,,,,no,,,,,,,,no,no,,,,,,,,,no,no,,,,,,,no,,,,,,,,no,,,,,,,no,,no,yes,no,yes,yes,yes,no,no,no,no,no,no,,no,no,no,no,,pupils,,teacher,,teachers,,non_teaching_staff,,teachers,,,no,no,no,no,no,no,no,no,,,,,no,,no,
,,yes,2025-05-25 00:00:00,ke_0_3,ke_1_12,ke_2_60,LAGO,LAGOS PRIMARY SCHOOL,day_school,1,0,0,ecde primary,1,1,0,0,-0.205991 39.870055 0 0,-0.205991,39.870055,0,0,6,8,5,,,158,126,2,0,3,0,2,3,3,284,95,,,yes,no,yes,yes,,no,yes,yes,yes,yes,Sometimes water can be contaminated by the animals since the same is open,sandy,fair_condition,pedestrian_paths,1,0,0,yes,JPEG_20250525_104357_8971124465560059163-10_44_30.jpg,https://kf.kobotoolbox.org/api/v2/assets/aJh328C2e3SvoptDpoEUxb/data/485586277/attachments/att5hpX5k4njy79Mj3b5cGMQ/,JPEG_20250525_104438_404488201047896367-10_44_59.jpg,https://kf.kobotoolbox.org/api/v2/assets/aJh328C2e3SvoptDpoEUxb/data/485586277/attachments/attYb8ahxNSHc47wwSQKPTsQ/,poor_condition_bldg,no,yes,toilets___latrines handwashing_points main_building,1,0,1,0,0,1,JPEG_20250525_111237_3849313982790406344-11_12_54.jpg,https://kf.kobotoolbox.org/api/v2/assets/aJh328C2e3SvoptDpoEUxb/data/485586277/attachments/attMZkv2Mcy3UunMFASrutcx/,JPEG_20250525_111450_5815337084924778808-11_15_1.jpg,https://kf.kobotoolbox.org/api/v2/assets/aJh328C2e3SvoptDpoEUxb/data/485586277/attachments/attH3ZdbMoSvQ8CmwQWTVYJr/,no,,,,,,,,,,,,,,,,,,,,,,,yes,23000,concrete_tank plastic_tank,1,1,0,0,0,,needs_repair,,no,6,other,0,0,0,0,0,1,Neutral point,1,yes,yes,yes,yes,point_good_condition,JPEG_20250525_110805_260917201509608162-11_8_13.jpg,https://kf.kobotoolbox.org/api/v2/assets/aJh328C2e3SvoptDpoEUxb/data/485586277/attachments/attJ8GqhFRZE6t7ej29AFYN4/,JPEG_20250525_110819_6032683089117864827-11_8_27.jpg,https://kf.kobotoolbox.org/api/v2/assets/aJh328C2e3SvoptDpoEUxb/data/485586277/attachments/attNbjpXVRHyb8yBue8dF5ty/,JPEG_20250525_110831_6501285964849390282-11_8_39.jpg,https://kf.kobotoolbox.org/api/v2/assets/aJh328C2e3SvoptDpoEUxb/data/485586277/attachments/attnJNZSqTx8Tdoe8egrxDeF/,JPEG_20250525_111603_8563731014609106385-11_16_19.jpg,https://kf.kobotoolbox.org/api/v2/assets/aJh328C2e3SvoptDpoEUxb/data/485586277/attachments/att5CAUa4EDqHguJkzWfWCVK/,JPEG_20250525_111630_2796680000837664249-11_16_44.jpg,https://kf.kobotoolbox.org/api/v2/assets/aJh328C2e3SvoptDpoEUxb/data/485586277/attachments/attRtKh7UAyexRLBHkc9sNAT/,yes,2,within_the_health_facility__on_premise,1,0,0,2,yes,,no,1,,0,1,,,2,,no,no,no,no,clean,at_all_times_during_the_school_day,needs_repair,pit_latrine_without_slab_open_pit,0,0,0,1,0,0,0,,yes,no,yes,water,0,1,0,0,0,,no,no,no,no,no,no,,no,,,JPEG_20250525_110422_1879868181308943113-11_4_35.jpg,https://kf.kobotoolbox.org/api/v2/assets/aJh328C2e3SvoptDpoEUxb/data/485586277/attachments/attY365SGzeS5N6vJakkfYem/,JPEG_20250525_110500_2222670313200210358-11_5_56.jpg,https://kf.kobotoolbox.org/api/v2/assets/aJh328C2e3SvoptDpoEUxb/data/485586277/attachments/attgKTa9ZwhYpbUFVUHXcAjj/,JPEG_20250525_111012_5634850424348284367-11_10_23.jpg,https://kf.kobotoolbox.org/api/v2/assets/aJh328C2e3SvoptDpoEUxb/data/485586277/attachments/atti5w29PwDyUZA4UKxKpx2A/,JPEG_20250525_111143_6809447555407970961-11_11_53.jpg,https://kf.kobotoolbox.org/api/v2/assets/aJh328C2e3SvoptDpoEUxb/data/485586277/attachments/attKd3DX44CK7LYV9eUCZAEE/,yes,1,single_pipe_tap,0,0,0,1,0,0,,neither_water_nor_soap,food_consumption_area classrooms,0,0,1,1,0,0,,no,yes,yes,yes,needs_repair,no,JPEG_20250525_110148_6630014654620706204-11_1_57.jpg,https://kf.kobotoolbox.org/api/v2/assets/aJh328C2e3SvoptDpoEUxb/data/485586277/attachments/attkBjqtAaz9dHYoZx8Np5iR/,JPEG_20250525_110223_5878685805355874758-11_2_39.jpg,https://kf.kobotoolbox.org/api/v2/assets/aJh328C2e3SvoptDpoEUxb/data/485586277/attachments/atta4gddrcmaugFG4AUSj98L/,JPEG_20250525_110259_8029712174214202706-11_3_15.jpg,https://kf.kobotoolbox.org/api/v2/assets/aJh328C2e3SvoptDpoEUxb/data/485586277/attachments/attt29rmzBBCugVU8pSM5eX2/,no,,,,,,,,no,no,,,,,,,,,no,no,,,,,,,yes,yes,yes,,no,yes,no,no,no,,,,,,,no,,no,yes,no,yes,yes,yes,no,yes,no,no,no,,,no,yes,no,no,,teachers,,tod,,tod,,tod,,teachers,,,no,yes,yes,no,yes,no,no,yes,no,yes,JPEG_20250525_110055_5507532322476764572-11_1_25.jpg,https://kf.kobotoolbox.org/api/v2/assets/aJh328C2e3SvoptDpoEUxb/data/485586277/attachments/attb7C65wKT2J3fGVsjMtaYE/,yes,yes,no,
,,yes,2025-05-25 00:00:00,ke_0_3,ke_1_12,ke_2_56,Abdigab,Abdigab,day_school,1,0,0,ecde primary,1,1,0,0,0.0727985 39.2757418 295.90000000000003 2.971,0.0727985,39.2757418,295.9,2.971,4,5,6,,,80,60,0,2,3,0,1,1,3,140,47,,,yes,no,yes,yes,,yes,yes,yes,no,,,sandy,fair_condition,road_for_light_vehicles,0,1,0,yes,1748168579328.jpg,https://kf.kobotoolbox.org/api/v2/assets/aJh328C2e3SvoptDpoEUxb/data/485588162/attachments/attQsiPc95WCHS22Ds7ZQHBg/,,,broken,no,no,,,,,,,,,,,,yes,tanker,,yes,yes,mostly__unavailable___30_days,on_site,no,yes,10000,yes,chlorination,,don_t_know,don_t_know,,,,,,,,,yes,10000,plastic_tank concrete_tank,1,1,0,0,0,,point_good_condition,,no,1,preventive_health,0,1,0,0,0,0,,1,yes,yes,yes,yes,point_good_condition,1748169036710.jpg,https://kf.kobotoolbox.org/api/v2/assets/aJh328C2e3SvoptDpoEUxb/data/485588162/attachments/attydexkR7YskvDcpNH4mwCm/,1748169061679.jpg,https://kf.kobotoolbox.org/api/v2/assets/aJh328C2e3SvoptDpoEUxb/data/485588162/attachments/attsPqWqZ549WeTtCRjqrwRe/,,,,,1748169089053.jpg,https://kf.kobotoolbox.org/api/v2/assets/aJh328C2e3SvoptDpoEUxb/data/485588162/attachments/attyD846awxyYuGsEYUw6iMX/,yes,4,within_the_health_facility__on_premise,1,0,0,4,yes,,yes,2,0,0,2,1,1,6,2,yes,no,yes,yes,somewhat_clean,at_all_times_during_the_school_day,point_good_condition,pit_latrine_with_slab,0,1,0,0,0,0,0,,no,no,no,,,,,,,,no,no,no,no,no,no,,no,,,1748169502254.jpg,https://kf.kobotoolbox.org/api/v2/assets/aJh328C2e3SvoptDpoEUxb/data/485588162/attachments/attBXcezvnQpsiD9EEPye9gX/,1748169522963.jpg,https://kf.kobotoolbox.org/api/v2/assets/aJh328C2e3SvoptDpoEUxb/data/485588162/attachments/attmT467xtC6XgZWChYCTN6S/,,,,,no__there_are_handwashing_facilities_nea,,,,,,,,,,,,,,,,,,,,,,,,yes,,,,,,,no,,,,,,,,no,no,,,,,,,,,no,no,,,,,,,no,,,,,,,,no,,,,,,,no,,no,no,no,no,yes,no,no,no,no,no,no,no,,yes,no,no,no,,teachers,,teacher,,teachers,,teachers,,teachers,,,no,yes,yes,no,no,no,no,no,,,,,no,,no,
,,yes,2025-05-25 00:00:00,ke_0_3,ke_1_17,ke_2_84,Madina,Madina primary,mixed_day,0,0,1,ecde primary jss,1,1,0,1,0.590432 38.835693 321.4 8,0.590432,38.835693,321.4,8,9,5,7,,8,164,195,4,5,8,2,4,2,10,359,36,,,yes,yes,yes,yes,,yes,yes,yes,yes,,,sandy,fair_condition,pedestrian_paths road_for_light_vehicles,1,1,0,yes,17481696721342411331605947699275-13_41_22.jpg,https://kf.kobotoolbox.org/api/v2/assets/aJh328C2e3SvoptDpoEUxb/data/485588414/attachments/attsRB3NcEMtsJaFGz9TWR5Q/,17481696934108817126618115710445-13_41_41.jpg,https://kf.kobotoolbox.org/api/v2/assets/aJh328C2e3SvoptDpoEUxb/data/485588414/attachments/attADurcSAETxRs7xYMJGg2M/,broken,yes,no,,,,,,,,,,,,no,,,,,,,,,,,,,,,,,,,,,,,yes,10000,plastic_tank,0,1,0,0,0,,point_good_condition,,no,0,,,,,,,,,,,,,,,,,,,,,,,,,yes,12,within_the_health_facility__on_premise,1,0,0,,yes,,yes,4,0,0,2,2,2,10,,yes,no,no,no,somewhat_clean,at_all_times_during_the_school_day,needs_repair,pit_latrine_with_slab,0,1,0,0,0,0,0,,no,no,no,,,,,,,,no,no,no,no,no,no,,no,,,17481698572983423615285842933675-13_44_32.jpg,https://kf.kobotoolbox.org/api/v2/assets/aJh328C2e3SvoptDpoEUxb/data/485588414/attachments/att9mXN9dWzqERJNr2CHYstG/,17481698756148101157367337609570-13_44_43.jpg,https://kf.kobotoolbox.org/api/v2/assets/aJh328C2e3SvoptDpoEUxb/data/485588414/attachments/att7zAsTDp2JuCL6pXhpUfB7/,17481698880519082820865032181346-13_44_55.jpg,https://kf.kobotoolbox.org/api/v2/assets/aJh328C2e3SvoptDpoEUxb/data/485588414/attachments/att9sc3zGWwtfqoV89BwmJFN/,17481699026681453328958117664995-13_45_9.jpg,https://kf.kobotoolbox.org/api/v2/assets/aJh328C2e3SvoptDpoEUxb/data/485588414/attachments/att36jyJiQsMW2HpitDW3dTT/,yes,5,tank_with_multiple_taps,0,1,0,0,0,0,,water_only,toilets,1,0,0,0,0,0,,yes,yes,yes,yes,point_good_condition,no,17481702317036444697837289161370-13_50_38.jpg,https://kf.kobotoolbox.org/api/v2/assets/aJh328C2e3SvoptDpoEUxb/data/485588414/attachments/att6UQUVvY2uhUAzmJfcZbmK/,17481702410608257463281967240177-13_50_47.jpg,https://kf.kobotoolbox.org/api/v2/assets/aJh328C2e3SvoptDpoEUxb/data/485588414/attachments/attxNYKnYzw5xmL9jpsr4Aag/,17481702512529220348270401045306-13_50_58.jpg,https://kf.kobotoolbox.org/api/v2/assets/aJh328C2e3SvoptDpoEUxb/data/485588414/attachments/attKozTf2rsFzqi6Ni8vRbd9/,no,,,,,,,,no,no,,,,,,,,,no,yes,,,,,,,no,,,,,,,,no,,,,,,,no,,no,yes,no,yes,yes,yes,,,no,yes,,,,no,no,no,no,,tod,,teacher,,teachers,,teachers,,teachers,,,no,no,no,,no,no,no,no,,,,,no,,yes,yes
,,yes,2025-05-25 00:00:00,ke_0_3,ke_1_17,ke_2_85,Gunjia,Gunjia primary school,day_school,1,0,0,ecde primary,1,1,0,0,0.857231 39.380392 202.59827041625977 3.5355339059327373,0.857231,39.380392,202.5982704162598,3.535533905932737,0,6,8,,,28,27,2,0,1,1,1,1,2,55,28,,,no,yes,yes,no,,yes,yes,yes,no,,,sandy,poor_condition,pedestrian_paths,1,0,0,yes,image-13_55_21.jpg,https://kf.kobotoolbox.org/api/v2/assets/aJh328C2e3SvoptDpoEUxb/data/485592195/attachments/attmDYAFKnbXCRUJ68N5TXep/,image-13_55_31.jpg,https://kf.kobotoolbox.org/api/v2/assets/aJh328C2e3SvoptDpoEUxb/data/485592195/attachments/att5uhWkVZSjA3Xsvws2ZFqa/,,no,no,,,,,,,,,,,,no,,,,,,,,,,,,,,,,,,,,,,,no,,,,,,,,,,,no,0,,,,,,,,,,,,,,,,,,,,,,,,,no,,,,,,,,,,,,,,,,0,,,,,,,,,,,,,,,,,,,,,,,,,,,,,,no,,,,,no,,,,,,,,,,,no__there_are_handwashing_facilities_nea,,,,,,,,,,,,,,,,,,,,,,,,no,,,,,,,no,,,,,,,,no,no,,,,,,,,,no,no,,,,,,,no,,,,,,,,no,,,,,,,no,,no,yes,no,yes,yes,yes,no,no,no,no,no,no,,no,no,no,no,,teachers,,teacher,,teachers,,teachers,,teachers,,,no,no,no,no,no,no,,no,,,,,no,,no,
,,yes,2025-05-25 00:00:00,ke_0_3,ke_1_15,ke_2_73,Korakora village,Korakora primary and junior school,day_school,1,0,0,ecde primary jss,1,1,0,1,-0.604451 39.772177 0 3400,-0.604451,39.772177,0,3400,9,6,7,,8,150,100,0,0,7,2,2,1,9,250,28,,,yes,yes,yes,yes,,no,no,no,no,,,rocky,fair_condition,pedestrian_paths road_for_light_vehicles,1,1,0,yes,17481687095168909784915712162159-13_25_21.jpg,https://kf.kobotoolbox.org/api/v2/assets/aJh328C2e3SvoptDpoEUxb/data/485595255/attachments/attUotivCutVHh8cEqhb5gY4/,17481687235016541623001521557983-13_25_27.jpg,https://kf.kobotoolbox.org/api/v2/assets/aJh328C2e3SvoptDpoEUxb/data/485595255/attachments/atthEitvq88Modog6qy3gvi9/,broken,no,yes,toilets___latrines,1,0,0,0,0,0,17481688084075328827664263983178-13_26_56.jpg,https://kf.kobotoolbox.org/api/v2/assets/aJh328C2e3SvoptDpoEUxb/data/485595255/attachments/att982qUAHZhGNSL88sTJFaR/,17481688348206018109326165257751-13_27_29.jpg,https://kf.kobotoolbox.org/api/v2/assets/aJh328C2e3SvoptDpoEUxb/data/485595255/attachments/att7qw6cEeD6X5b4dsYCSGBD/,yes,piped_water,,yes,yes,mostly__unavailable___30_days,on_site,no,no,,no,,,yes,no,,,,,,,,,yes,10000,plastic_tank,0,1,0,0,0,,point_good_condition,3,no,1,preventive_health staff_rooms,0,1,0,0,1,0,,1,yes,yes,yes,yes,point_good_condition,17481706136061883443110159608448-13_57_2.jpg,https://kf.kobotoolbox.org/api/v2/assets/aJh328C2e3SvoptDpoEUxb/data/485595255/attachments/attBfRkoZxcR584BtrqgtsTn/,17481706274271993339280261788108-13_57_13.jpg,https://kf.kobotoolbox.org/api/v2/assets/aJh328C2e3SvoptDpoEUxb/data/485595255/attachments/attMLrEbm6ihg7Rqik6PXqMr/,17481706397875088116469226448829-13_57_48.jpg,https://kf.kobotoolbox.org/api/v2/assets/aJh328C2e3SvoptDpoEUxb/data/485595255/attachments/attbo9jWEr7kTQwpnQbJETvL/,17481706719287852279099585340520-13_58_2.jpg,https://kf.kobotoolbox.org/api/v2/assets/aJh328C2e3SvoptDpoEUxb/data/485595255/attachments/attMqhQ63csE2N2cAVVyE48a/,17481706857412099842877840219249-13_58_13.jpg,https://kf.kobotoolbox.org/api/v2/assets/aJh328C2e3SvoptDpoEUxb/data/485595255/attachments/attX2EPNp3zQvy7zJBVjMF4y/,yes,10,within_the_health_facility__on_premise,1,0,0,2,no,1,yes,,0,,,1,0,1,,no,no,no,no,somewhat_clean,at_all_times_during_the_school_day,needs_repair,pit_latrine_with_slab,0,1,0,0,0,0,0,,yes,no,yes,water,0,1,0,0,0,,no,no,no,no,no,no,,no,,,17481709261532422257453165119591-14_2_12.jpg,https://kf.kobotoolbox.org/api/v2/assets/aJh328C2e3SvoptDpoEUxb/data/485595255/attachments/attxdYY7dTf9y6qtmp7FZxkr/,17481709456956851208756906887408-14_2_29.jpg,https://kf.kobotoolbox.org/api/v2/assets/aJh328C2e3SvoptDpoEUxb/data/485595255/attachments/attEXTiYqSov4jXLMiR6umbC/,17481709553431985646283629592547-14_2_43.jpg,https://kf.kobotoolbox.org/api/v2/assets/aJh328C2e3SvoptDpoEUxb/data/485595255/attachments/attUEi6KHKiKArcnAJ6apERz/,17481709722744036941063176114406-14_3_1.jpg,https://kf.kobotoolbox.org/api/v2/assets/aJh328C2e3SvoptDpoEUxb/data/485595255/attachments/attGHHMiB5CVLzPdoDLhLMS9/,no__there_are_handwashing_facilities_nea,,,,,,,,,,,,,,,,,,,,,,,,no,,,,,,,no,,,,,,,,no,no,,,,,,,,,no,no,,,,,,,no,,,,,,,,yes,national_power_grid,0,1,0,0,,no,,no,yes,no,yes,yes,yes,no,no,yes,yes,no,,,yes,no,no,yes,10000,tod,,teacher,,teachers,,non_teaching_staff,,teachers,,,yes,yes,yes,no,no,no,no,no,,,,,yes,no,no,
,,yes,2025-05-25 00:00:00,ke_0_3,ke_1_12,ke_2_56,Ohio,Ohio primary School ,day_school,1,0,0,ecde primary jss,1,1,0,1,0.0941378 39.2132983 292.40000000000003 5.0,0.0941378,39.2132983,292.4,5,10,5,7,,8,182,155,0,0,7,0,2,2,7,337,48,,,yes,yes,yes,yes,,no,yes,yes,no,,,sandy,fair_condition,road_for_light_vehicles,0,1,0,yes,1748171846742.jpg,https://kf.kobotoolbox.org/api/v2/assets/aJh328C2e3SvoptDpoEUxb/data/485609024/attachments/attPwf3UJU3GpJqBs6pee3J9/,,,broken,no,no,,,,,,,,,,,,sometimes,surface_water__river__dam__lak,,yes,no,mostly__unavailable___30_days,up_to_500m,yes,no,,no,,,don_t_know,don_t_know,,,,,,,,,yes,30000,plastic_tank,0,1,0,0,0,,point_good_condition,,no,0,,,,,,,,,,,,,,,,,,,,,,,,,yes,12,outside_building__but_not_on_premise,0,1,0,6,yes,,yes,4,0,0,4,2,0,10,,yes,no,no,no,somewhat_clean,at_all_times_during_the_school_day,point_good_condition,pit_latrine_with_slab,0,1,0,0,0,0,0,,no,no,no,,,,,,,,yes,no,no,no,no,no,,no,,,1748172555101.jpg,https://kf.kobotoolbox.org/api/v2/assets/aJh328C2e3SvoptDpoEUxb/data/485609024/attachments/atttofYFHYqqwKwKWng4KYen/,1748172568791.jpg,https://kf.kobotoolbox.org/api/v2/assets/aJh328C2e3SvoptDpoEUxb/data/485609024/attachments/attuZRKqYxS88WBxFjyYt4cX/,,,,,no__there_are_handwashing_facilities_nea,,,,,,,,,,,,,,,,,,,,,,,,no,,,,,,,no,,,,,,,,no,no,,,,,,,,,no,no,,,,,,,no,,,,,,,,no,,,,,,,no,,no,yes,no,no,yes,yes,no,no,no,yes,no,,,no,no,no,no,,teachers,,teacher,,teachers,,teachers,,teachers,,,no,yes,yes,no,no,no,yes,no,,,,,yes,yes,no,
,,yes,2025-05-25 00:00:00,ke_0_3,ke_1_15,ke_2_73,Bula bakari,Bula Bakari primary,day_school,1,0,0,ecde,1,0,0,0,-0.592954 39.754146 0 4099.9990234375,-0.592954,39.754146,0,4099.9990234375,2,6,,,,20,28,0,0,1,0,0,1,1,48,48,,,yes,,yes,no,,no,no,no,no,,,sandy,poor_condition,pedestrian_paths,1,0,0,yes,17481726743099222658672547640399-14_31_19.jpg,https://kf.kobotoolbox.org/api/v2/assets/aJh328C2e3SvoptDpoEUxb/data/485610242/attachments/attKzLzTRvkrPHsx4hUTqn4L/,17481726840271142804105398613901-14_31_34.jpg,https://kf.kobotoolbox.org/api/v2/assets/aJh328C2e3SvoptDpoEUxb/data/485610242/attachments/attJC46iF5vxM2jghy4Rfneb/,poor_condition_bldg,no,yes,main_building,0,0,0,0,0,1,17481727420201844089908823377849-14_32_28.jpg,https://kf.kobotoolbox.org/api/v2/assets/aJh328C2e3SvoptDpoEUxb/data/485610242/attachments/attGnzZh9feVwGMfBLtPRNfR/,17481727552757923142317732202084-14_32_44.jpg,https://kf.kobotoolbox.org/api/v2/assets/aJh328C2e3SvoptDpoEUxb/data/485610242/attachments/att4ejkZZPkMiwo6gsWHMZj8/,no,,,,,,,,,,,,,,,,,,,,,,,no,,,,,,,,,,,no,0,,,,,,,,,,,,,,,,,,,,,,,,,no,,,,,,,,,,,,,,,,0,,,,,,,,,,,,,,,,,,,,,,,,,,,,,,no,,,,,no,,,,,,,,,,,no__there_are_handwashing_facilities_nea,,,,,,,,,,,,,,,,,,,,,,,,no,,,,,,,no,,,,,,,,no,no,,,,,,,,,no,no,,,,,,,no,,,,,,,,no,,,,,,,no,,no,yes,no,yes,yes,yes,no,no,yes,yes,no,,,no,no,no,no,,other,"No headteacher,the school is managed by an ecde teacher employed by the county government of garissa",others,The ecde teacher,others,Parents contribution,others,Parent contribution,others,Parent involvement,,no,no,no,no,no,no,no,no,,,,,no,,no,
,,yes,2025-05-25 00:00:00,ke_0_3,ke_1_12,ke_2_60,MODIKA,MODIKA PRIMARY SCHOOL,day_school,1,0,0,ecde primary jss,1,1,0,1,-0.379594 39.712912 212.00892185717396 100,-0.379594,39.712912,212.008921857174,100,10,6,7,,8,726,730,3,5,7,8,2,2,15,1456,97,,,yes,yes,no,yes,,yes,yes,yes,no,,,sandy,fair_condition,road_for_light_vehicles,0,1,0,yes,17481693234025423730173659471506-13_35_31.jpg,https://kf.kobotoolbox.org/api/v2/assets/aJh328C2e3SvoptDpoEUxb/data/485611260/attachments/attNJ7hgJMLbcsUmPsYy747R/,17481693351431682787111959621753-13_35_39.jpg,https://kf.kobotoolbox.org/api/v2/assets/aJh328C2e3SvoptDpoEUxb/data/485611260/attachments/attrhntDM9FBHKwnozKqiuCc/,broken,partial,no,,,,,,,,,,,,sometimes,tanker,,no,yes,no,500m_or_further,yes,yes,5000,yes,boiling,,yes,yes,,don_t_know,don_t_know,don_t_know,,,,,yes,,concrete_tank plastic_tank,1,1,0,0,0,,needs_repair,,yes,5,occupational_therapy preventive_health training___capacity_development_rooms,1,1,1,0,0,0,,3,yes,yes,yes,yes,point_good_condition,17481685163648980155492971790926-13_22_8.jpg,https://kf.kobotoolbox.org/api/v2/assets/aJh328C2e3SvoptDpoEUxb/data/485611260/attachments/attEHbzSUtaJadh69BAMzRje/,17481690490093547167384117250254-13_30_55.jpg,https://kf.kobotoolbox.org/api/v2/assets/aJh328C2e3SvoptDpoEUxb/data/485611260/attachments/attg5sY8HiPht4TH2ZQihbuw/,17481690810558098317196390384490-13_31_35.jpg,https://kf.kobotoolbox.org/api/v2/assets/aJh328C2e3SvoptDpoEUxb/data/485611260/attachments/attXg4Msbb4HTv3F3Tk4B3NP/,17481690988258831593159990069659-13_32_11.jpg,https://kf.kobotoolbox.org/api/v2/assets/aJh328C2e3SvoptDpoEUxb/data/485611260/attachments/att9b9gdT4ewgvT3BHeTWTVm/,17481691379053162913726647281832-13_32_21.jpg,https://kf.kobotoolbox.org/api/v2/assets/aJh328C2e3SvoptDpoEUxb/data/485611260/attachments/attivoSWQXJCXT2duHsVDhN5/,yes,10,within_the_health_facility__on_premise,1,0,0,,yes,,yes,5,0,1,0,1,1,7,,yes,yes,yes,yes,clean,at_all_times_during_the_school_day,point_good_condition,pit_latrine_with_slab,0,1,0,0,0,0,0,,yes,no,yes,water,0,1,0,0,0,,yes,yes,yes,no,no,no,yes,no,,,1748169172750824981027186577488-13_32_59.jpg,https://kf.kobotoolbox.org/api/v2/assets/aJh328C2e3SvoptDpoEUxb/data/485611260/attachments/att54eT363euRmcfVntSNVBj/,17481691813943795500606570718220-13_33_7.jpg,https://kf.kobotoolbox.org/api/v2/assets/aJh328C2e3SvoptDpoEUxb/data/485611260/attachments/attwby7vRxW5YxBV3wKvnvnT/,17481695896188751989816850960446-13_39_55.jpg,https://kf.kobotoolbox.org/api/v2/assets/aJh328C2e3SvoptDpoEUxb/data/485611260/attachments/attQwhVytFThNu5RCPEiA2Rx/,17481695983797688805267287713368-13_40_5.jpg,https://kf.kobotoolbox.org/api/v2/assets/aJh328C2e3SvoptDpoEUxb/data/485611260/attachments/attL23JtjjFchjhs2zkFQ2hx/,yes,1,single_pipe_tap,0,0,0,1,0,0,,neither_water_nor_soap,food_preparation_area,0,1,0,0,0,0,,no,yes,yes,yes,needs_repair,no,,,,,,,no,,,,,,,,yes,no,,,,,,,,,no,no,,,,,,,no,,,,,,,,no,,,,,,,,,no,yes,no,yes,yes,yes,no,yes,no,no,no,no,,no,yes,no,yes,,teachers,,tod,,tod,,teachers,,teachers,,,no,yes,yes,no,yes,no,no,yes,no,no,,,yes,yes,no,
,,yes,2025-05-25 00:00:00,ke_0_3,ke_1_17,ke_2_81,Sarta,Sarta primary,day_school,1,0,0,ecde primary,1,1,0,0,0.577425 38.813733 338.59999999999997 8,0.577425,38.813733,338.6,8,7,5,7,,,129,104,2,2,2,0,1,1,2,233,117,,,yes,no,yes,yes,,yes,yes,yes,yes,,,sandy,poor_condition,pedestrian_paths road_for_light_vehicles,1,1,0,yes,17481739832335604587380224453277-14_53_19.jpg,https://kf.kobotoolbox.org/api/v2/assets/aJh328C2e3SvoptDpoEUxb/data/485627156/attachments/attRPyxMsY8dBDvgpShbPAMx/,17481740035791226108013923014452-14_53_29.jpg,https://kf.kobotoolbox.org/api/v2/assets/aJh328C2e3SvoptDpoEUxb/data/485627156/attachments/attanDEN52dwh2yHXgxkfWdB/,poor_condition_bldg,no,yes,toilets___latrines,1,0,0,0,0,0,174817470067966599075469895698-15_5_8.jpg,https://kf.kobotoolbox.org/api/v2/assets/aJh328C2e3SvoptDpoEUxb/data/485627156/attachments/attYUhPQTSPrUz55EXipRQBX/,17481747258254807568923947296335-15_5_35.jpg,https://kf.kobotoolbox.org/api/v2/assets/aJh328C2e3SvoptDpoEUxb/data/485627156/attachments/attSqNwT3T3QPLZARyQ7sx5A/,no,,,,,,,,,,,,,,,,,,,,,,,no,,,,,,,,,,,no,0,,,,,,,,,,,,,,,,,,,,,,,,,yes,2,within_the_health_facility__on_premise,1,0,0,,yes,,no,1,,0,1,,,2,,yes,no,no,no,somewhat_clean,at_all_times_during_the_school_day,needs_repair,pit_latrine_with_slab,0,1,0,0,0,0,0,,yes,yes,no,,,,,,,,no,no,no,no,no,no,,no,,,17481746102378874152920162760189-15_3_41.jpg,https://kf.kobotoolbox.org/api/v2/assets/aJh328C2e3SvoptDpoEUxb/data/485627156/attachments/atthipCrn6maqMwesBjjdGQs/,1748174645143171635438239875878-15_4_11.jpg,https://kf.kobotoolbox.org/api/v2/assets/aJh328C2e3SvoptDpoEUxb/data/485627156/attachments/attbcrXYZjXfXZ2oGe59XcdP/,17481746548601406286771221767629-15_4_22.jpg,https://kf.kobotoolbox.org/api/v2/assets/aJh328C2e3SvoptDpoEUxb/data/485627156/attachments/attBHVCaRkY3sMhSgei2VFHP/,17481746675963207524846191940107-15_4_33.jpg,https://kf.kobotoolbox.org/api/v2/assets/aJh328C2e3SvoptDpoEUxb/data/485627156/attachments/attkmbBCNcPNBAYFQVsbJ7Kr/,yes,2,container_with_tap__veronica_b,0,0,1,0,0,0,,water_only,food_consumption_area,0,0,1,0,0,0,,yes,yes,yes,yes,point_good_condition,no,17481744879161942253749571589416-15_1_35.jpg,https://kf.kobotoolbox.org/api/v2/assets/aJh328C2e3SvoptDpoEUxb/data/485627156/attachments/atthnHxSNTKmz4gCQBpaAvvo/,17481744993894348955263151060688-15_1_45.jpg,https://kf.kobotoolbox.org/api/v2/assets/aJh328C2e3SvoptDpoEUxb/data/485627156/attachments/attZ6Xjt8AGcnND5nVyuMxw4/,1748174508391851844589773133501-15_1_59.jpg,https://kf.kobotoolbox.org/api/v2/assets/aJh328C2e3SvoptDpoEUxb/data/485627156/attachments/attUaGW2JdUoRPtjQswRYp92/,no,,,,,,,,no,no,,,,,,,,,no,no,,,,,,,no,,,,,,,,no,,,,,,,no,,no,yes,no,yes,yes,yes,no,no,no,no,,,,no,no,no,no,,tod,,tod,,teachers,,teachers,,teachers,,,no,no,no,no,no,no,no,no,,,,,no,,no,
,,yes,2025-05-25 00:00:00,ke_0_3,ke_1_15,ke_2_73,Bula Rahma,Bula Rahma primary school,day_school,1,0,0,ecde primary,1,1,0,0,-0.604451 39.772177 0 3400,-0.604451,39.772177,0,3400,9,6,7,,,110,90,0,0,4,0,1,1,4,200,50,,,yes,,yes,,no,no,no,no,no,,,sandy,fair_condition,pedestrian_paths,1,0,0,yes,17481749900243043171355064669320-15_9_55.jpg,https://kf.kobotoolbox.org/api/v2/assets/aJh328C2e3SvoptDpoEUxb/data/485639984/attachments/attN63XsmPdg7QuVRkGYb7h8/,17481749986391967351948018559614-15_10_3.jpg,https://kf.kobotoolbox.org/api/v2/assets/aJh328C2e3SvoptDpoEUxb/data/485639984/attachments/attkzF8Vf9rPPweDFzfkD78S/,good_condition_bldg,no,no,,,,,,,,,,,,no,,,,,,,,,,,,,,,,,,,,,,,yes,10000,plastic_tank,0,1,0,0,0,,point_good_condition,,no,1,occupational_therapy staff_rooms,1,0,0,0,1,0,,1,yes,yes,yes,yes,point_good_condition,1748175158332963330421512565719-15_12_43.jpg,https://kf.kobotoolbox.org/api/v2/assets/aJh328C2e3SvoptDpoEUxb/data/485639984/attachments/atttCnBD95TAcLkm4oLL3vhG/,1748175165784350793385836158841-15_12_49.jpg,https://kf.kobotoolbox.org/api/v2/assets/aJh328C2e3SvoptDpoEUxb/data/485639984/attachments/attUQ7sHr2rfQcmpWDshydu3/,17481751747327323468648738699688-15_13_1.jpg,https://kf.kobotoolbox.org/api/v2/assets/aJh328C2e3SvoptDpoEUxb/data/485639984/attachments/attXU9iHjx4YtaA3DhGS62Jh/,1748175183526765638649047076751-15_13_17.jpg,https://kf.kobotoolbox.org/api/v2/assets/aJh328C2e3SvoptDpoEUxb/data/485639984/attachments/atthFAKoyGL5HVcefSKzfvg6/,1748175200871366657031208662051-15_13_34.jpg,https://kf.kobotoolbox.org/api/v2/assets/aJh328C2e3SvoptDpoEUxb/data/485639984/attachments/attxchy6tqLkyc9cSnq982QN/,yes,2,outside_building__but_not_on_premise,0,1,0,2,no,2,no,,,,,,,0,,no,no,yes,no,clean,at_all_times_during_the_school_day,point_good_condition,pit_latrine_with_slab,0,1,0,0,0,0,0,,no,no,yes,water,0,1,0,0,0,,no,no,no,no,no,no,,no,,,17481753891521120874128018296357-15_16_34.jpg,https://kf.kobotoolbox.org/api/v2/assets/aJh328C2e3SvoptDpoEUxb/data/485639984/attachments/attX4ossfiVAEBsMMF6Bodz2/,17481754066256410508321078632962-15_16_52.jpg,https://kf.kobotoolbox.org/api/v2/assets/aJh328C2e3SvoptDpoEUxb/data/485639984/attachments/attwwyr6yNc5p5xuCXi2wTeD/,17481754149781826081131954761772-15_17_0.jpg,https://kf.kobotoolbox.org/api/v2/assets/aJh328C2e3SvoptDpoEUxb/data/485639984/attachments/attpSW4KMYbX77zmiwCGPLmt/,17481754254953143441850127227489-15_17_21.jpg,https://kf.kobotoolbox.org/api/v2/assets/aJh328C2e3SvoptDpoEUxb/data/485639984/attachments/atthqqKj5DWZZmZiPrjKj8YA/,no__there_are_handwashing_facilities_nea,,,,,,,,,,,,,,,,,,,,,,,,no,,,,,,,no,,,,,,,,no,no,,,,,,,,,no,no,,,,,,,no,,,,,,,,no,,,,,,,no,,no,yes,no,yes,yes,yes,no,no,no,yes,no,,,yes,no,no,yes,10000,teachers,,teacher,,teachers,,non_teaching_staff,,teachers,,,no,yes,yes,yes,no,no,yes,no,,,,,yes,no,no,
,,yes,2025-05-25 00:00:00,ke_0_3,ke_1_17,ke_2_81,Tokojo,Tokojo primary,day_school mixed_day,1,0,1,ecde primary jss,1,1,0,1,0.523242 38.771592 872.2 15.800000190734863,0.523242,38.771592,872.2,15.80000019073486,9,5,7,,9,305,240,2,2,8,1,2,1,9,545,61,,,yes,no,yes,yes,,yes,yes,yes,yes,,,sandy,poor_condition,pedestrian_paths,1,0,0,yes,17481763876612092293779543710533-15_33_17.jpg,https://kf.kobotoolbox.org/api/v2/assets/aJh328C2e3SvoptDpoEUxb/data/485652659/attachments/attLi8KmK8kZNtRWNVxGAFt2/,17481764032681654976211823780733-15_33_30.jpg,https://kf.kobotoolbox.org/api/v2/assets/aJh328C2e3SvoptDpoEUxb/data/485652659/attachments/attxCWvPNqspaKXzhpcsJth9/,good_condition_bldg,yes,no,,,,,,,,,,,,no,,,,,,,,,,,,,,,,,,,,,,,no,,,,,,,,,,,no,0,,,,,,,,,,,,,,,,,,,,,,,,,yes,4,within_the_health_facility__on_premise,1,0,0,,yes,,yes,2,0,0,2,1,0,5,1,no,no,no,no,somewhat_clean,at_all_times_during_the_school_day,point_good_condition,pit_latrine_with_slab,0,1,0,0,0,0,0,,no,no,no,,,,,,,,no,no,no,no,no,no,,no,,,17481768635151565779624148079264-15_41_11.jpg,https://kf.kobotoolbox.org/api/v2/assets/aJh328C2e3SvoptDpoEUxb/data/485652659/attachments/attX9TaywWhhBGLgBkufDg6c/,17481768748712299477356268073777-15_41_23.jpg,https://kf.kobotoolbox.org/api/v2/assets/aJh328C2e3SvoptDpoEUxb/data/485652659/attachments/attVqpP6eMNr8VDfL29gzbKi/,,,17481768865245691808329204623154-15_41_35.jpg,https://kf.kobotoolbox.org/api/v2/assets/aJh328C2e3SvoptDpoEUxb/data/485652659/attachments/att4mwqw7nRhxPgdw5RXi3th/,yes,3,container_with_tap__veronica_b,0,0,1,0,0,0,,water_only,food_consumption_area,0,0,1,0,0,0,,yes,yes,yes,yes,point_good_condition,no,17481766740046539635176740165723-15_38_1.jpg,https://kf.kobotoolbox.org/api/v2/assets/aJh328C2e3SvoptDpoEUxb/data/485652659/attachments/attCtaHC2Wy8xNkMtMFXBppf/,17481766841146085239613555282380-15_38_11.jpg,https://kf.kobotoolbox.org/api/v2/assets/aJh328C2e3SvoptDpoEUxb/data/485652659/attachments/att5h3DSAzqt4FKgavNTQRqv/,17481766954035317954464795977224-15_38_22.jpg,https://kf.kobotoolbox.org/api/v2/assets/aJh328C2e3SvoptDpoEUxb/data/485652659/attachments/attTE7Cgqu4iVKH3ukWbL9jC/,no,,,,,,,,no,no,,,,,,,,,no,no,,,,,,,no,,,,,,,,no,,,,,,,no,,no,yes,no,yes,yes,yes,,no,no,yes,,,,no,no,no,no,,teachers,,teacher,,teachers,,teachers,,teachers,,,no,no,no,no,no,no,no,no,,,,,no,,no,
,,yes,2025-05-25 00:00:00,ke_0_3,ke_1_17,ke_2_81,Hadun,Hadun,day_school,1,0,0,ecde primary,1,1,0,0,0.522963 38.711372 389.7 4.800000190734863,0.522963,38.711372,389.7,4.800000190734863,6,5,7,,,78,76,2,2,3,0,1,1,3,154,51,,,yes,no,yes,yes,,no,yes,yes,yes,,,sandy,poor_condition,pedestrian_paths road_for_light_vehicles,1,1,0,yes,17481779411657084705557813798413-15_59_12.jpg,https://kf.kobotoolbox.org/api/v2/assets/aJh328C2e3SvoptDpoEUxb/data/485673538/attachments/attmNrNaaRE5ujfHzCqZe2vn/,17481779550362101392334412919854-15_59_22.jpg,https://kf.kobotoolbox.org/api/v2/assets/aJh328C2e3SvoptDpoEUxb/data/485673538/attachments/attyGAYf7AjAaQmcFMVURDsM/,poor_condition_bldg,no,no,,,,,,,,,,,,no,,,,,,,,,,,,,,,,,,,,,,,no,,,,,,,,,,,no,0,,,,,,,,,,,,,,,,,,,,,,,,,yes,2,within_the_health_facility__on_premise,1,0,0,,no,2,no,,,,,,,0,,no,no,no,no,somewhat_clean,at_all_times_during_the_school_day,needs_repair,pit_latrine_with_slab,0,1,0,0,0,0,0,,no,yes,no,,,,,,,,no,no,no,no,no,no,,no,,,17481780745433340825635040802045-16_1_21.jpg,https://kf.kobotoolbox.org/api/v2/assets/aJh328C2e3SvoptDpoEUxb/data/485673538/attachments/attVy43gUrUznERbgLkkgxMs/,1748178085571993714926867183629-16_1_32.jpg,https://kf.kobotoolbox.org/api/v2/assets/aJh328C2e3SvoptDpoEUxb/data/485673538/attachments/attqzi8LsbWCqH5xGsL7NCZr/,17481780965765608103248965379182-16_1_42.jpg,https://kf.kobotoolbox.org/api/v2/assets/aJh328C2e3SvoptDpoEUxb/data/485673538/attachments/atti3gwtcetps4jszmqFWFkt/,17481781048965049839073157987319-16_1_49.jpg,https://kf.kobotoolbox.org/api/v2/assets/aJh328C2e3SvoptDpoEUxb/data/485673538/attachments/attP5xzAsbGAQWMG2xKxcBXw/,no__there_are_handwashing_facilities_nea,,,,,,,,,,,,,,,,,,,,,,,,no,,,,,,,no,,,,,,,,no,no,,,,,,,,,no,no,,,,,,,no,,,,,,,,no,,,,,,,no,,no,yes,no,no,yes,yes,,no,no,no,,,,no,no,no,no,,teachers,,teacher,,teachers,,teachers,,teachers,,,no,no,no,no,no,no,no,no,,,,,no,,no,
,,yes,2025-05-25 00:00:00,ke_0_3,ke_1_15,ke_2_73,Bula argi,Bula argi comprehensive school,day_school,1,0,0,ecde primary jss,1,1,0,1,-0.499995 39.673586 0 2200,-0.499995,39.673586,0,2200,19,6,7,,8,153,112,0,0,9,6,1,1,15,265,18,,,yes,yes,yes,yes,,no,no,no,no,,,loamy_soil,fair_condition,pedestrian_paths road_for_light_vehicles,1,1,0,yes,1748178087619162365840219352096-16_1_32.jpg,https://kf.kobotoolbox.org/api/v2/assets/aJh328C2e3SvoptDpoEUxb/data/485679912/attachments/attcNXqVbdWhQpkvpiREUKDw/,17481780956428139398381549211246-16_1_39.jpg,https://kf.kobotoolbox.org/api/v2/assets/aJh328C2e3SvoptDpoEUxb/data/485679912/attachments/attixcvsR9dE3JutUrZypRVB/,broken,no,yes,toilets___latrines main_building,1,0,0,0,0,1,1748178146634849774396780768396-16_2_35.jpg,https://kf.kobotoolbox.org/api/v2/assets/aJh328C2e3SvoptDpoEUxb/data/485679912/attachments/attYeMGabNYBMAu7BWpiXmNv/,17481781817843254668347637824322-16_3_12.jpg,https://kf.kobotoolbox.org/api/v2/assets/aJh328C2e3SvoptDpoEUxb/data/485679912/attachments/attSz9U4BsB74Sffj7ru4iJy/,yes,piped_water,,no,no,mostly__unavailable___30_days,500m_or_further,no,no,,no,,,yes,no,,,,,,,,,yes,10000,plastic_tank,0,1,0,0,0,,point_good_condition,3,no,2,other,0,0,0,0,0,1,Infront of the classrooms,2,yes,yes,yes,yes,point_good_condition,17481784036922837088469291324366-16_6_52.jpg,https://kf.kobotoolbox.org/api/v2/assets/aJh328C2e3SvoptDpoEUxb/data/485679912/attachments/attG2S3G7CKTR8qwaNj7usU7/,17481784173317381606030725618274-16_7_2.jpg,https://kf.kobotoolbox.org/api/v2/assets/aJh328C2e3SvoptDpoEUxb/data/485679912/attachments/attG7D34FEZh94oNYSRcuKZH/,17481784258201742131747713373691-16_7_10.jpg,https://kf.kobotoolbox.org/api/v2/assets/aJh328C2e3SvoptDpoEUxb/data/485679912/attachments/att4b572NfwBoBkV8tvjEVJX/,17481784337113514341514569941501-16_7_20.jpg,https://kf.kobotoolbox.org/api/v2/assets/aJh328C2e3SvoptDpoEUxb/data/485679912/attachments/attjiVfXmFB2BfF3JYpH5hP6/,17481784424976142604539126004468-16_7_32.jpg,https://kf.kobotoolbox.org/api/v2/assets/aJh328C2e3SvoptDpoEUxb/data/485679912/attachments/attEVdxCxg3VnNZCdHjvf5HY/,yes,7,off_premise,0,0,1,5,no,5,yes,,0,,,0,1,1,,no,no,yes,no,somewhat_clean,at_all_times_during_the_school_day,point_good_condition,pit_latrine_with_slab,0,1,0,0,0,0,0,,no,no,yes,water,0,1,0,0,0,,no,no,no,no,no,no,,no,,,17481785972227985989277417706477-16_10_1.jpg,https://kf.kobotoolbox.org/api/v2/assets/aJh328C2e3SvoptDpoEUxb/data/485679912/attachments/atth7esCBYkcoLuosSgu8sT2/,17481786040662005591014559766157-16_10_11.jpg,https://kf.kobotoolbox.org/api/v2/assets/aJh328C2e3SvoptDpoEUxb/data/485679912/attachments/attMMGdbkJKf7pRi4VetxMBc/,17481786157542393866963636140102-16_10_22.jpg,https://kf.kobotoolbox.org/api/v2/assets/aJh328C2e3SvoptDpoEUxb/data/485679912/attachments/attep5R3cXH3tXy8WtzEstE8/,1748178627983637453696250634441-16_11_19.jpg,https://kf.kobotoolbox.org/api/v2/assets/aJh328C2e3SvoptDpoEUxb/data/485679912/attachments/atthzRvRZ7dZcGL7ApZZ9mSd/,no__there_are_handwashing_facilities_nea,,,,,,,,,,,,,,,,,,,,,,,,no,,,,,,,no,,,,,,,,no,no,,,,,,,,,no,no,,,,,,,yes,no,no,,no,,,no,yes,national_power_grid,0,1,0,0,,no,,no,yes,no,yes,yes,yes,yes,no,yes,yes,no,,,yes,no,no,yes,10000,teachers,,teacher,,teachers,,non_teaching_staff,,teachers,,,,yes,no,yes,no,no,yes,no,,,,,yes,yes,no,
,,yes,2025-05-25 00:00:00,ke_0_3,ke_1_12,ke_2_56,Kuno,Kuno Bparding Primary School,mixed_day,0,0,1,ecde primary jss,1,1,0,1,-0.0597847 39.114158 178.00001525878906 5.0,-0.0597847,39.114158,178.0000152587891,5,12,5,7,,8,425,205,0,0,11,5,6,2,16,630,39,,,yes,yes,yes,yes,,yes,yes,yes,no,,,sandy,fair_condition,road_for_light_vehicles,0,1,0,yes,1748177337790.jpg,https://kf.kobotoolbox.org/api/v2/assets/aJh328C2e3SvoptDpoEUxb/data/485682231/attachments/att3nStPVHFANrNaXrUGzKGu/,1748177353730.jpg,https://kf.kobotoolbox.org/api/v2/assets/aJh328C2e3SvoptDpoEUxb/data/485682231/attachments/attzVCuJm7NfarasaJC9M53c/,broken,yes,no,,,,,,,,,,,,yes,piped_water,,yes,yes,yes,on_site,no,no,,yes,chlorination,,don_t_know,no,,,,,,,,,yes,30000,plastic_tank,0,1,0,0,0,,point_good_condition,3,yes,7,preventive_health,0,1,0,0,0,0,,5,yes,yes,yes,yes,point_good_condition,1748177638889.jpg,https://kf.kobotoolbox.org/api/v2/assets/aJh328C2e3SvoptDpoEUxb/data/485682231/attachments/att9AQTq6oeBY7q28RX3ijAN/,1748177657173.jpg,https://kf.kobotoolbox.org/api/v2/assets/aJh328C2e3SvoptDpoEUxb/data/485682231/attachments/attnLwHAfS42RewQw3VVC8A6/,,,1748177673240.jpg,https://kf.kobotoolbox.org/api/v2/assets/aJh328C2e3SvoptDpoEUxb/data/485682231/attachments/attc7nrZRoazWSxDDTHRe9cR/,,,yes,16,outside_building__but_not_on_premise,0,1,0,3,yes,,yes,5,0,0,6,2,2,15,,yes,yes,yes,yes,clean,at_all_times_during_the_school_day,point_good_condition,pit_latrine_with_slab,0,1,0,0,0,0,0,,no,no,yes,water,0,1,0,0,0,,yes,no,no,yes,yes,no,,no,,,1748178415461.jpg,https://kf.kobotoolbox.org/api/v2/assets/aJh328C2e3SvoptDpoEUxb/data/485682231/attachments/attkyrqwmzv96UaggFzCiM8W/,1748178427168.jpg,https://kf.kobotoolbox.org/api/v2/assets/aJh328C2e3SvoptDpoEUxb/data/485682231/attachments/attYxt7TJ7Wjs54twFeuVPJT/,1748178442916.jpg,https://kf.kobotoolbox.org/api/v2/assets/aJh328C2e3SvoptDpoEUxb/data/485682231/attachments/attzi5vgxmU5oY4eG6eXXuny/,1748178457760.jpg,https://kf.kobotoolbox.org/api/v2/assets/aJh328C2e3SvoptDpoEUxb/data/485682231/attachments/att283FJDeN2wcSfXtecHXe3/,yes,4,tank_with_multiple_taps,0,1,0,0,0,0,,water_only,food_preparation_area classrooms,0,1,0,1,0,0,,yes,no,yes,yes,point_good_condition,no,1748178570834.jpg,https://kf.kobotoolbox.org/api/v2/assets/aJh328C2e3SvoptDpoEUxb/data/485682231/attachments/att8pGqA2eXzrwQtf5mmZB3Z/,,,1748178585089.jpg,https://kf.kobotoolbox.org/api/v2/assets/aJh328C2e3SvoptDpoEUxb/data/485682231/attachments/attyWzCRGG2ZS4hjK6MAWsym/,no,,,,,,,,no,no,,,,,,,,,yes,yes,,,,,,,yes,yes,yes,,no,yes,yes,no,yes,national_power_grid,0,1,0,0,,no,,no,yes,no,no,yes,yes,no,no,no,no,no,,,yes,yes,yes,no,,tod,,teacher,,teachers,,teachers,,teachers,,,,yes,yes,yes,no,no,yes,yes,yes,no,,,yes,yes,yes,yes
,,yes,2025-05-25 00:00:00,ke_0_3,ke_1_17,ke_2_81,Banane,Banane primary,mixed_day,0,0,1,ecde primary jss,1,1,0,1,0.505575 38.66124 332 11.600000381469727,0.505575,38.66124,332,11.60000038146973,10,5,7,,8,371,302,15,16,7,4,2,1,11,673,61,,,yes,yes,yes,yes,,yes,yes,yes,yes,,,sandy,fair_condition,pedestrian_paths,1,0,0,yes,17481805685704069330184335378567-16_42_59.jpg,https://kf.kobotoolbox.org/api/v2/assets/aJh328C2e3SvoptDpoEUxb/data/485718677/attachments/attXcPuQyXrfXVrBwhPNG9c3/,1748180583006268383425800400620-16_43_12.jpg,https://kf.kobotoolbox.org/api/v2/assets/aJh328C2e3SvoptDpoEUxb/data/485718677/attachments/att5iMuzRpWCVZqhdxygw5ta/,good_condition_bldg,partial,yes,toilets___latrines,1,0,0,0,0,0,17481810043247046336219696276320-16_50_9.jpg,https://kf.kobotoolbox.org/api/v2/assets/aJh328C2e3SvoptDpoEUxb/data/485718677/attachments/attQZvcb3CvUmDAoo3Ufcybs/,17481810116408312713234524118620-16_50_18.jpg,https://kf.kobotoolbox.org/api/v2/assets/aJh328C2e3SvoptDpoEUxb/data/485718677/attachments/attMyS5zzcavfA8UwBZkLqFK/,no,,,,,,,,,,,,,,,,,,,,,,,no,,,,,,,,,,,no,0,,,,,,,,,,,,,,,,,,,,,,,,,yes,8,within_the_health_facility__on_premise,1,0,0,,yes,,yes,2,0,0,6,1,1,10,2,yes,yes,yes,no,clean,at_all_times_during_the_school_day,point_good_condition,pit_latrine_with_slab,0,1,0,0,0,0,0,,no,no,no,,,,,,,,no,no,no,no,yes,no,,no,,,17481807379842329909013595983181-16_45_44.jpg,https://kf.kobotoolbox.org/api/v2/assets/aJh328C2e3SvoptDpoEUxb/data/485718677/attachments/attrR3LRe2cTFg2X2U9BzxBr/,17481807615711873755255081675109-16_46_9.jpg,https://kf.kobotoolbox.org/api/v2/assets/aJh328C2e3SvoptDpoEUxb/data/485718677/attachments/attwziZefVvg9hXhpFj7vK52/,17481807769974679086788258067873-16_46_24.jpg,https://kf.kobotoolbox.org/api/v2/assets/aJh328C2e3SvoptDpoEUxb/data/485718677/attachments/attYzZM8gAVkUiETGMiK3pFG/,17481807923871610426349679005663-16_46_40.jpg,https://kf.kobotoolbox.org/api/v2/assets/aJh328C2e3SvoptDpoEUxb/data/485718677/attachments/attUFcWPeiJVFL97GdSBwGn7/,no__there_are_handwashing_facilities_nea,,,,,,,,,,,,,,,,,,,,,,,,no,,,,,,,yes,,no,no,no,no,,yes,yes,yes,disposing_latrine,0,0,0,0,1,0,,yes,yes,17481811026748697962333390315626-16_51_47.jpg,https://kf.kobotoolbox.org/api/v2/assets/aJh328C2e3SvoptDpoEUxb/data/485718677/attachments/attc4q6RjkD5irpqQ8b9UZeP/,17481811136368105880944990793383-16_51_58.jpg,https://kf.kobotoolbox.org/api/v2/assets/aJh328C2e3SvoptDpoEUxb/data/485718677/attachments/attWWKfCmYigJAjNxGVfhvYx/,17481811205847887089989117143077-16_52_11.jpg,https://kf.kobotoolbox.org/api/v2/assets/aJh328C2e3SvoptDpoEUxb/data/485718677/attachments/attQDjMesfRZcF2jATsnxVeN/,yes,yes,yes,,no,no,no,no,yes,national_power_grid,0,1,0,0,,no,,no,yes,no,no,yes,no,,yes,no,yes,,,,no,yes,no,no,,teachers,,teacher,,teachers,,teachers,,teachers,,,no,no,no,no,no,no,no,yes,yes,yes,17481812712512400578106182033073-16_54_41.jpg,https://kf.kobotoolbox.org/api/v2/assets/aJh328C2e3SvoptDpoEUxb/data/485718677/attachments/attKhRYg6LmonzuXLf2XSUdk/,no,,yes,yes
,,yes,2025-05-25 00:00:00,ke_0_3,ke_1_17,ke_2_85,Charon,Charon primary school,day_school,1,0,0,ecde primary,1,1,0,0,0.927291 39.330206 212.73883438110352 57.50295420941958,0.927291,39.330206,212.7388343811035,57.50295420941958,2,6,5,,,120,89,0,0,3,0,1,1,3,209,70,,,,,,,,,,,,,,,,,,,,yes,image-17_5_11.jpg,https://kf.kobotoolbox.org/api/v2/assets/aJh328C2e3SvoptDpoEUxb/data/485741400/attachments/attkm5DoFwTXvqGYSN5PXqQR/,image-17_5_18.jpg,https://kf.kobotoolbox.org/api/v2/assets/aJh328C2e3SvoptDpoEUxb/data/485741400/attachments/attTdBw9v487bDyM53tSqrDa/,,no,yes,main_building,0,0,0,0,0,1,image-17_5_51.jpg,https://kf.kobotoolbox.org/api/v2/assets/aJh328C2e3SvoptDpoEUxb/data/485741400/attachments/attn4EksSFhhKzeAeQNtqySX/,,,no,,,,,,,,,,,,,,,,,,,,,,,no,,,,,,,,,,,no,0,,,,,,,,,,,,,,,,,,,,,,,,,yes,2,outside_building__but_not_on_premise,0,1,0,2,no,0,no,,,,,,,0,,no,no,no,no,clean,at_all_times_during_the_school_day,point_good_condition,pit_latrine_with_slab,0,1,0,0,0,0,0,,no,no,yes,water,0,1,0,0,0,,no,yes,no,no,no,no,,no,,,image-17_12_11.jpg,https://kf.kobotoolbox.org/api/v2/assets/aJh328C2e3SvoptDpoEUxb/data/485741400/attachments/attPCXzWMUn6PKfEQNoJfoHo/,image-17_13_43.jpg,https://kf.kobotoolbox.org/api/v2/assets/aJh328C2e3SvoptDpoEUxb/data/485741400/attachments/att8WnNViiwEzxDga2VkL2f2/,image-17_13_0.jpg,https://kf.kobotoolbox.org/api/v2/assets/aJh328C2e3SvoptDpoEUxb/data/485741400/attachments/attHvxyDdA2SmmcKqhUsyLx9/,image-17_13_14.jpg,https://kf.kobotoolbox.org/api/v2/assets/aJh328C2e3SvoptDpoEUxb/data/485741400/attachments/attHqFpRAH3ay4Uhry8VD7Yz/,no__there_are_handwashing_facilities_nea,,,,,,,,,,,,,,,,,,,,,,,,no,,,,,,,no,,,,,,,,no,no,,,,,,,,,no,no,,,,,,,no,,,,,,,,no,,,,,,,no,,no,yes,no,yes,no,no,no,no,no,no,no,no,,no,no,no,no,,teachers,,teacher,,teachers,,teachers,,teachers,,,no,no,no,no,no,no,no,no,,,,,no,,no,
,,yes,2025-05-26 00:00:00,ke_0_3,ke_1_12,ke_2_56,Shabtacaad,Shebtaacaad,day_school,1,0,0,primary ecde,1,1,0,0,0.1605559 39.4364707 241.09999999999997 3.82,0.1605559,39.4364707,241.1,3.82,6,4,7,,,110,70,4,1,5,1,1,1,6,180,30,,,yes,no,yes,yes,,no,no,yes,yes,,,sandy,fair_condition,road_for_light_vehicles,0,1,0,yes,1748164898207.jpg,https://kf.kobotoolbox.org/api/v2/assets/aJh328C2e3SvoptDpoEUxb/data/486138304/attachments/attFsMNRriHk8fuZhwzT49z3/,1748164912322.jpg,https://kf.kobotoolbox.org/api/v2/assets/aJh328C2e3SvoptDpoEUxb/data/486138304/attachments/att6L69vbHL552B7BYRmDNPJ/,broken,no,yes,main_building,0,0,0,0,0,1,1748165087872.jpg,https://kf.kobotoolbox.org/api/v2/assets/aJh328C2e3SvoptDpoEUxb/data/486138304/attachments/attXU4DLER35YHFn4tiS8P5y/,,,no,,,,,,,,,,,,,,,,,,,,,,,no,,,,,,,,,,,no,0,,,,,,,,,,,,,,,,,,,,,,,,,yes,6,within_the_health_facility__on_premise,1,0,0,4,yes,,yes,4,0,0,2,2,0,8,2,yes,yes,yes,no,somewhat_clean,at_all_times_during_the_school_day,needs_repair,pit_latrine_with_slab,0,1,0,0,0,0,0,,no,no,no,,,,,,,,no,yes,no,no,no,no,,no,,,1748165481968.jpg,https://kf.kobotoolbox.org/api/v2/assets/aJh328C2e3SvoptDpoEUxb/data/486138304/attachments/att5azt6ohsoksdMgW4WTayL/,,,,,,,no__there_are_handwashing_facilities_nea,,,,,,,,,,,,,,,,,,,,,,,,no,,,,,,,no,,,,,,,,no,no,,,,,,,,,no,no,,,,,,,no,,,,,,,,no,,,,,,,no,,no,yes,no,no,yes,yes,no,no,no,no,no,no,,no,no,no,no,,teachers,,teacher,,teachers,,teachers,,teachers,,,no,no,no,no,no,no,no,no,,,,,no,,no,
,,yes,2025-05-25 00:00:00,ke_0_3,ke_1_17,ke_2_81,Lafageri,LAFAGERI PRIMARY,day_school,1,0,0,ecde primary,1,1,0,0,0.445206 38.6917101 467.0 4.916,0.445206,38.6917101,467,4.916,2,5,6,,,80,43,4,1,2,0,1,0,2,123,62,,,yes,no,yes,yes,,no,yes,yes,no,,,sandy,fair_condition,pedestrian_paths,1,0,0,yes,1748180462100.jpg,https://kf.kobotoolbox.org/api/v2/assets/aJh328C2e3SvoptDpoEUxb/data/486163775/attachments/att7gx2ZNMQ5rLNBr4gkyw7U/,1748180472388.jpg,https://kf.kobotoolbox.org/api/v2/assets/aJh328C2e3SvoptDpoEUxb/data/486163775/attachments/attmqQSwQaQnFMLmjQ7TfRXz/,poor_condition_bldg,no,no,,,,,,,,,,,,no,,,,,,,,,,,,,,,,,,,,,,,yes,5000,plastic_tank,0,1,0,0,0,,point_good_condition,,no,0,,,,,,,,,,,,,,,,,,,,,,,,,yes,1,within_the_health_facility__on_premise,1,0,0,1,no,1,no,,,,,,,0,,no,no,no,no,somewhat_clean,at_all_times_during_the_school_day,point_good_condition,pit_latrine_without_slab_open_pit,0,0,0,1,0,0,0,,yes,no,no,,,,,,,,no,no,no,no,no,yes,,no,,,1748180694522.jpg,https://kf.kobotoolbox.org/api/v2/assets/aJh328C2e3SvoptDpoEUxb/data/486163775/attachments/attGbTGtRqdBhp5JEfSeHi9q/,1748180703183.jpg,https://kf.kobotoolbox.org/api/v2/assets/aJh328C2e3SvoptDpoEUxb/data/486163775/attachments/attkJYQ8atCyHYZjCp2eP767/,1748180715854.jpg,https://kf.kobotoolbox.org/api/v2/assets/aJh328C2e3SvoptDpoEUxb/data/486163775/attachments/attCZXqRpu3uHs3r9ogS4UzC/,1748180724665.jpg,https://kf.kobotoolbox.org/api/v2/assets/aJh328C2e3SvoptDpoEUxb/data/486163775/attachments/attr4ztzY83UnmQeBtoCNWoq/,no__there_are_handwashing_facilities_nea,,,,,,,,,,,,,,,,,,,,,,,,no,,,,,,,no,,,,,,,,no,no,,,,,,,,,no,no,,,,,,,no,,,,,,,,no,,,,,,,no,,no,yes,no,no,yes,yes,no,no,no,yes,no,no,,no,no,no,no,,teachers,,teacher,,teachers,,teachers,,teachers,,,no,yes,yes,no,no,no,no,yes,yes,no,,,no,,no,
,,yes,2025-05-26 00:00:00,ke_0_3,ke_1_12,ke_2_56, Buradansa,Buradansa primary ,day_school,1,0,0,ecde primary jss,1,1,0,1,-0.0433755 39.0873444 208.0 4.9,-0.0433755,39.0873444,208,4.9,11,5,7,,8,139,111,0,0,10,1,1,2,11,250,23,,,yes,yes,yes,yes,,no,no,yes,yes,,,sandy,fair_condition,pedestrian_paths road_for_light_vehicles road_for_trucks,1,1,1,yes,1748232659856.jpg,https://kf.kobotoolbox.org/api/v2/assets/aJh328C2e3SvoptDpoEUxb/data/486167995/attachments/attGQE6inaXm9stUuFvtntd3/,1748232675381.jpg,https://kf.kobotoolbox.org/api/v2/assets/aJh328C2e3SvoptDpoEUxb/data/486167995/attachments/att3A6HjM3gJGFYk5WiiG2Fs/,broken,no,no,,,,,,,,,,,,yes,piped_water,,yes,yes,yes,up_to_500m,yes,no,,no,,,no,no,,,,,,,,,yes,12000,plastic_tank,0,1,0,0,0,,needs_repair,1,yes,1,preventive_health,0,1,0,0,0,0,,1,yes,yes,yes,yes,needs_repair,1748233222085.jpg,https://kf.kobotoolbox.org/api/v2/assets/aJh328C2e3SvoptDpoEUxb/data/486167995/attachments/att2XCQ6SDELkYupiGNUAxfs/,1748233258469.jpg,https://kf.kobotoolbox.org/api/v2/assets/aJh328C2e3SvoptDpoEUxb/data/486167995/attachments/attZtyTrHWfqn5ptm7oG3n2w/,1748233313941.jpg,https://kf.kobotoolbox.org/api/v2/assets/aJh328C2e3SvoptDpoEUxb/data/486167995/attachments/attPgU62ZMFia8k7B4ynm3Vh/,,,,,yes,6,within_the_health_facility__on_premise,1,0,0,4,yes,,yes,2,0,0,0,1,1,4,,no,no,yes,no,clean,at_all_times_during_the_school_day,point_good_condition,pit_latrine_with_slab,0,1,0,0,0,0,0,,yes,yes,no,,,,,,,,no,no,no,no,no,no,,no,,,1748233548516.jpg,https://kf.kobotoolbox.org/api/v2/assets/aJh328C2e3SvoptDpoEUxb/data/486167995/attachments/attcdVsyWwuhcorBz44rXBwZ/,1748233577433.jpg,https://kf.kobotoolbox.org/api/v2/assets/aJh328C2e3SvoptDpoEUxb/data/486167995/attachments/attAuyqeHaQLnG9xHtDuk5uy/,1748233597369.jpg,https://kf.kobotoolbox.org/api/v2/assets/aJh328C2e3SvoptDpoEUxb/data/486167995/attachments/attjvMqeKcWj578pdVZgvhRY/,,,no__there_are_handwashing_facilities_nea,,,,,,,,,,,,,,,,,,,,,,,,no,,,,,,,no,,,,,,,,no,no,,,,,,,,,no,yes,,,,,,,no,,,,,,,,yes,national_power_grid,0,1,0,0,,no,,no,yes,no,no,yes,no,no,no,,,,,,no,no,no,no,,tod,,teacher,,teachers,,teachers,,teachers,,,no,no,yes,yes,no,no,no,yes,no,no,,,no,,no,
,,yes,2025-05-26 00:00:00,ke_0_3,ke_1_12,ke_2_56,Bulahagar,Bulahagar,day_school,1,0,0,ecde,1,0,0,0,-0.0229835 39.0620737 196.4 3.966,-0.0229835,39.0620737,196.4,3.966,2,5,,,,17,18,0,0,1,0,1,1,1,35,35,,,yes,yes,yes,yes,,no,no,yes,yes,,,sandy,good_condition,road_for_light_vehicles,0,1,0,yes,1748237330215.jpg,https://kf.kobotoolbox.org/api/v2/assets/aJh328C2e3SvoptDpoEUxb/data/486170865/attachments/att6MPgpPivq9mKwVYaiBJC6/,1748237343902.jpg,https://kf.kobotoolbox.org/api/v2/assets/aJh328C2e3SvoptDpoEUxb/data/486170865/attachments/att2JzLZR2J74W4vrcPtuB3w/,good_condition_bldg,no,yes,main_building,0,0,0,0,0,1,1748237410167.jpg,https://kf.kobotoolbox.org/api/v2/assets/aJh328C2e3SvoptDpoEUxb/data/486170865/attachments/attmkea8yDuRy4F7zbW6yLUa/,,,no,,,,,,,,,,,,,,,,,,,,,,,no,,,,,,,,,,,no,0,,,,,,,,,,,,,,,,,,,,,,,,,no,,,,,,,,,,,,,,,,0,,,,,,,,,,,,,,,,,,,,,,,,,,,,,,no,,,,,no,,,,,,,,,,,no__there_are_handwashing_facilities_nea,,,,,,,,,,,,,,,,,,,,,,,,no,,,,,,,no,,,,,,,,no,no,,,,,,,,,no,no,,,,,,,no,,,,,,,,no,,,,,,,no,,no,yes,no,no,yes,no,no,no,no,no,no,no,,no,no,no,no,,tod,,teacher,,teachers,,teachers,,teachers,,,yes,yes,no,no,no,no,no,yes,no,no,,,no,,no,
,,yes,2025-05-26 00:00:00,ke_0_3,ke_1_12,ke_2_56,Balambala,Balambala boarding primary School,mixed_day,0,0,1,ecde primary jss,1,1,0,1,-0.0415276 39.0576981 137.9 4.904,-0.0415276,39.0576981,137.9,4.904,18,5,7,,8,385,322,22,17,8,6,2,1,14,707,51,,,yes,no,yes,yes,,no,no,yes,no,,,sandy,fair_condition,road_for_light_vehicles,0,1,0,yes,1748236363352.jpg,https://kf.kobotoolbox.org/api/v2/assets/aJh328C2e3SvoptDpoEUxb/data/486179477/attachments/att8MFAkb4DdXND2qjNwEjES/,,,broken,no,no,,,,,,,,,,,,yes,piped_water,,yes,yes,yes,up_to_500m,no,no,,no,,,don_t_know,don_t_know,,,,,,,,,yes,90000,concrete_tank plastic_tank,1,1,0,0,0,,point_good_condition,3,yes,3,preventive_health staff_rooms,0,1,0,0,1,0,,3,yes,yes,yes,yes,point_good_condition,1748236836940.jpg,https://kf.kobotoolbox.org/api/v2/assets/aJh328C2e3SvoptDpoEUxb/data/486179477/attachments/atttYdT3F3x8ncsFHESfWBXQ/,1748236875240.jpg,https://kf.kobotoolbox.org/api/v2/assets/aJh328C2e3SvoptDpoEUxb/data/486179477/attachments/attT3JQD7uFuqEfrp5a38AnT/,1748236909229.jpg,https://kf.kobotoolbox.org/api/v2/assets/aJh328C2e3SvoptDpoEUxb/data/486179477/attachments/attb7REQVzFNnGzCVZGkXUy9/,,,,,yes,25,within_the_health_facility__on_premise,1,0,0,25,yes,,yes,12,0,0,13,2,1,28,3,no,no,yes,no,clean,at_all_times_during_the_school_day,point_good_condition,pit_latrine_with_slab,0,1,0,0,0,0,0,,no,no,yes,water toilet_paper,1,1,0,0,0,,yes,no,no,no,yes,yes,,no,,,1748237457510.jpg,https://kf.kobotoolbox.org/api/v2/assets/aJh328C2e3SvoptDpoEUxb/data/486179477/attachments/attAB2qZYsfpc8v8bSyRbyV9/,1748237526124.jpg,https://kf.kobotoolbox.org/api/v2/assets/aJh328C2e3SvoptDpoEUxb/data/486179477/attachments/attgjpwsiPCTdQ6fWZmEFT5T/,1748237541498.jpg,https://kf.kobotoolbox.org/api/v2/assets/aJh328C2e3SvoptDpoEUxb/data/486179477/attachments/attN6jg4EKyP9zDnNfUmNB8w/,,,yes,3,tank_with_multiple_taps,0,1,0,0,0,0,,yes__water_and_soap,toilets food_preparation_area food_consumption_area,1,1,1,0,0,0,,yes,yes,yes,yes,point_good_condition,no,1748237825154.jpg,https://kf.kobotoolbox.org/api/v2/assets/aJh328C2e3SvoptDpoEUxb/data/486179477/attachments/attNxG6bRWKfMHdUBugpj9t8/,,,1748237859399.jpg,https://kf.kobotoolbox.org/api/v2/assets/aJh328C2e3SvoptDpoEUxb/data/486179477/attachments/attkvmFJjQQF3GZTHxMWsKeL/,yes,,no,no,no,no,,no,no,yes,open_burning,0,1,0,0,0,0,,no,yes,,,,,,,no,,,,,,,,yes,national_power_grid,0,1,0,0,,no,,no,yes,no,no,yes,yes,no,no,no,no,no,,,yes,yes,yes,no,,teachers,,teacher,,teachers,,teachers,,teachers,,,no,yes,yes,no,no,no,yes,yes,yes,yes,1748238399100.jpg,https://kf.kobotoolbox.org/api/v2/assets/aJh328C2e3SvoptDpoEUxb/data/486179477/attachments/attU2s8qRyPZ38tdbbk7Wxdy/,yes,yes,yes,yes
,,yes,2025-05-26 00:00:00,ke_0_3,ke_1_17,ke_2_84,Barfin,Barfin primary,day_school,1,0,0,ecde primary jss,1,1,0,1,,,,,,8,5,8,,9,112,69,1,2,1,3,1,2,4,181,45,,,yes,no,yes,yes,,yes,yes,yes,yes,,,sandy,poor_condition,pedestrian_paths road_for_light_vehicles,1,1,0,yes,17482380660333963756391861465112-8_41_16.jpg,https://kf.kobotoolbox.org/api/v2/assets/aJh328C2e3SvoptDpoEUxb/data/486180051/attachments/attuCRybwSF7SLkJrRWnbEay/,17482380791133143183362654880915-8_41_25.jpg,https://kf.kobotoolbox.org/api/v2/assets/aJh328C2e3SvoptDpoEUxb/data/486180051/attachments/att4NBpECYSa2H9HrD2uR576/,poor_condition_bldg,no,yes,toilets___latrines main_building,1,0,0,0,0,1,17482386908743722372270160212239-8_51_41.jpg,https://kf.kobotoolbox.org/api/v2/assets/aJh328C2e3SvoptDpoEUxb/data/486180051/attachments/attzFZ6khcKdPyqyqCCpDVzM/,174823875425187551659878430358-8_52_47.jpg,https://kf.kobotoolbox.org/api/v2/assets/aJh328C2e3SvoptDpoEUxb/data/486180051/attachments/attVYU55t5XDcaLVD7WtyAuv/,no,,,,,,,,,,,,,,,,,,,,,,,no,,,,,,,,,,,no,0,,,,,,,,,,,,,,,,,,,,,,,,,yes,6,within_the_health_facility__on_premise,1,0,0,,,,yes,,0,,,0,1,1,,no,no,no,no,somewhat_clean,at_all_times_during_the_school_day,needs_repair,pit_latrine_with_slab,0,1,0,0,0,0,0,,yes,yes,no,,,,,,,,no,no,no,no,no,no,,no,,,17482388238824122057543906586247-8_53_54.jpg,https://kf.kobotoolbox.org/api/v2/assets/aJh328C2e3SvoptDpoEUxb/data/486180051/attachments/attpiumcqRxuDpt9y2FZLBN3/,17482388476925615908988595204158-8_54_16.jpg,https://kf.kobotoolbox.org/api/v2/assets/aJh328C2e3SvoptDpoEUxb/data/486180051/attachments/attiswVUJVPzEFvZnFR9N69N/,17482388603413072611921385208169-8_54_25.jpg,https://kf.kobotoolbox.org/api/v2/assets/aJh328C2e3SvoptDpoEUxb/data/486180051/attachments/attdqpE3E5pG5UAUQuZAxZkj/,17482388703958468903654901143738-8_54_38.jpg,https://kf.kobotoolbox.org/api/v2/assets/aJh328C2e3SvoptDpoEUxb/data/486180051/attachments/attTwhrAP7RQLWBUwNeRW45j/,yes,1,tank_with_multiple_taps,0,1,0,0,0,0,,water_only,school_yard,0,0,0,0,1,0,,yes,yes,yes,no,point_good_condition,no,1748238988176873383648445368711-8_56_37.jpg,https://kf.kobotoolbox.org/api/v2/assets/aJh328C2e3SvoptDpoEUxb/data/486180051/attachments/attSbfgsELQ5iFXhHzQVRVdT/,17482390008284831644921038206640-8_56_47.jpg,https://kf.kobotoolbox.org/api/v2/assets/aJh328C2e3SvoptDpoEUxb/data/486180051/attachments/attjMQVrUEeXWxvApGEsURVQ/,17482390213826565548847464941928-8_57_8.jpg,https://kf.kobotoolbox.org/api/v2/assets/aJh328C2e3SvoptDpoEUxb/data/486180051/attachments/attc7kqjJ8DUxKf8VqQ9EojP/,no,,,,,,,,no,no,,,,,,,,,no,no,,,,,,,no,,,,,,,,no,,,,,,,no,,no,yes,no,no,yes,yes,,no,no,no,no,,,no,no,no,no,,teachers,,teacher,,teachers,,teachers,,teachers,,,no,no,no,no,no,no,no,no,,,,,no,,no,
,,yes,2025-05-26 00:00:00,ke_0_3,ke_1_17,ke_2_80,Daresalaam ,Daresalaam primary school ,day_school,1,0,0,ecde primary,1,1,0,0,0.3085211 39.3693051 220.21514892578125 4.729,0.3085211,39.3693051,220.2151489257812,4.729,6,5,7,,,98,49,1,1,5,1,1,2,6,147,25,,,yes,yes,yes,yes,,yes,no,no,yes,,,sandy,fair_condition,pedestrian_paths road_for_light_vehicles road_for_trucks,1,1,1,yes,1748238875201.jpg,https://kf.kobotoolbox.org/api/v2/assets/aJh328C2e3SvoptDpoEUxb/data/486187907/attachments/attfRW7MC5NMcUSorhTydsuo/,1748238905979.jpg,https://kf.kobotoolbox.org/api/v2/assets/aJh328C2e3SvoptDpoEUxb/data/486187907/attachments/attyYqgjbqXGDqkCduirooxk/,good_condition_bldg,partial,no,,,,,,,,,,,,sometimes,tanker,,no,yes,mostly__unavailable___30_days,500m_or_further,no,yes,10000,no,,,no,no,,,,,,,,,yes,15000,concrete_tank plastic_tank,1,1,0,0,0,,point_good_condition,,no,0,,,,,,,,,,,,,,,,,,,,,,,,,yes,4,off_premise,0,0,1,2,yes,,no,2,,0,2,,,4,,no,no,yes,no,somewhat_clean,at_all_times_during_the_school_day,point_good_condition,pit_latrine_with_slab,0,1,0,0,0,0,0,,yes,no,yes,water,0,1,0,0,0,,no,yes,no,no,no,yes,,no,,,1748239797224.jpg,https://kf.kobotoolbox.org/api/v2/assets/aJh328C2e3SvoptDpoEUxb/data/486187907/attachments/att5A6eWek6jZTPxyZtdGTTt/,1748239845737.jpg,https://kf.kobotoolbox.org/api/v2/assets/aJh328C2e3SvoptDpoEUxb/data/486187907/attachments/attD3ehWmYU6Fr8QcC3mXGfh/,,,,,no__there_are_handwashing_facilities_nea,,,,,,,,,,,,,,,,,,,,,,,,no,,,,,,,no,,,,,,,,no,no,,,,,,,,,no,no,,,,,,,no,,,,,,,,no,,,,,,,no,,no,no,no,no,no,no,no,no,no,no,no,no,,yes,no,no,no,,pupils,,teacher,,teachers,,teachers,,teachers,,,no,no,no,no,no,no,no,no,,,,,no,,no,
,,yes,2025-05-26 00:00:00,ke_0_3,ke_1_15,ke_2_74,Jaribu,Jaribu,day_school,1,0,0,ecde primary jss,1,1,0,1,-0.4479636 39.6388409 119.0 3.911,-0.4479636,39.6388409,119,3.911,36,5,7,,8,1154,889,0,0,13,26,2,1,39,2043,52,,,no,no,no,no,,no,yes,no,no,no,,sandy,good_condition,pedestrian_paths road_for_trucks,1,0,1,yes,1748238290750.jpg,https://kf.kobotoolbox.org/api/v2/assets/aJh328C2e3SvoptDpoEUxb/data/486188221/attachments/attqEBz9RBaCQou4MCNSjeuR/,,,good_condition_bldg,yes,no,,,,,,,,,,,,yes,piped_water,,yes,yes,yes,on_site,yes,no,,no,,,yes,no,,,,,,,,,yes,30000,plastic_tank,0,1,0,0,0,,damaged,2,yes,4,preventive_health,0,1,0,0,0,0,,3,yes,yes,yes,yes,point_good_condition,1748238727903.jpg,https://kf.kobotoolbox.org/api/v2/assets/aJh328C2e3SvoptDpoEUxb/data/486188221/attachments/attUqQjoWVYcJ3kVfLkMLpjo/,1748238761290.jpg,https://kf.kobotoolbox.org/api/v2/assets/aJh328C2e3SvoptDpoEUxb/data/486188221/attachments/attprS68PXnSoP9sUiDANuTS/,1748238820327.jpg,https://kf.kobotoolbox.org/api/v2/assets/aJh328C2e3SvoptDpoEUxb/data/486188221/attachments/attAuqSMaJv3LnupxXVvqUmz/,1748238847580.jpg,https://kf.kobotoolbox.org/api/v2/assets/aJh328C2e3SvoptDpoEUxb/data/486188221/attachments/attRYfXq78SMvxGiAFDnBUZZ/,1748238970930.jpg,https://kf.kobotoolbox.org/api/v2/assets/aJh328C2e3SvoptDpoEUxb/data/486188221/attachments/attjAr3fW7Aj9QqFTdWUyLVb/,yes,13,within_the_health_facility__on_premise,1,0,0,13,no,10,yes,,0,,,2,1,3,,no,no,no,no,somewhat_clean,at_all_times_during_the_school_day,point_good_condition,pit_latrine_with_slab,0,1,0,0,0,0,0,,yes,no,yes,toilet_paper water,1,1,0,0,0,,no,no,no,no,no,no,,no,,,1748239589616.jpg,https://kf.kobotoolbox.org/api/v2/assets/aJh328C2e3SvoptDpoEUxb/data/486188221/attachments/atth8mofUimZwnhrJwoCPcCX/,1748239609313.jpg,https://kf.kobotoolbox.org/api/v2/assets/aJh328C2e3SvoptDpoEUxb/data/486188221/attachments/attVoH5NJB8SYhyF5fX9n9k2/,1748239623279.jpg,https://kf.kobotoolbox.org/api/v2/assets/aJh328C2e3SvoptDpoEUxb/data/486188221/attachments/attHqtdJ7mfgniqRd4DNvCti/,1748239766644.jpg,https://kf.kobotoolbox.org/api/v2/assets/aJh328C2e3SvoptDpoEUxb/data/486188221/attachments/att6mF388Sb295KxGCphjGp3/,yes,2,container_with_tap__veronica_b,0,0,1,0,0,0,,water_only,classrooms,0,0,0,1,0,0,,yes,yes,yes,yes,needs_repair,no,1748239991508.jpg,https://kf.kobotoolbox.org/api/v2/assets/aJh328C2e3SvoptDpoEUxb/data/486188221/attachments/attsM6prQ4N8TC4Hk5imSDJj/,1748240002632.jpg,https://kf.kobotoolbox.org/api/v2/assets/aJh328C2e3SvoptDpoEUxb/data/486188221/attachments/attrKSSdhdkTkifgYzkq4M5G/,,,no,,,,,,,,no,no,,,,,,,,,no,yes,,,,,,,yes,yes,no,,no,yes,no,no,yes,national_power_grid,0,1,0,0,,no,,no,no,no,yes,no,no,no,no,no,yes,no,no,,no,no,no,no,,tod,,tod,,teachers,,teachers,,teachers,,,no,no,no,no,no,no,no,yes,yes,yes,1748240345250.jpg,https://kf.kobotoolbox.org/api/v2/assets/aJh328C2e3SvoptDpoEUxb/data/486188221/attachments/attcxM76sn6KVpvfTkzeVQD6/,no,,no,
,,yes,2025-05-26 00:00:00,ke_0_3,ke_1_17,ke_2_84,Leheley,Leheley,day_school,1,0,0,ecde,1,0,0,0,,,,,,4,,,,,,,,,,,,,,,NaN,,,,,,,,,,,,,,sandy,poor_condition,pedestrian_paths road_for_light_vehicles road_for_trucks,1,1,1,yes,17482408587068013101550793670116-9_27_46.jpg,https://kf.kobotoolbox.org/api/v2/assets/aJh328C2e3SvoptDpoEUxb/data/486192533/attachments/att6FJWeHNLmZLNQ8pyR3dUt/,17482408698875801902854446601824-9_28_0.jpg,https://kf.kobotoolbox.org/api/v2/assets/aJh328C2e3SvoptDpoEUxb/data/486192533/attachments/attPFvjK7wisa8qSUYDgMEVk/,poor_condition_bldg,no,no,,,,,,,,,,,,no,,,,,,,,,,,,,,,,,,,,,,,no,,,,,,,,,,,no,0,,,,,,,,,,,,,,,,,,,,,,,,,no,,,,,,,,,,,,,,,,0,,,,,,,,,,,,,,,,,,,,,,,,,,,,,,no,,,,,no,,,,,,,,,,,no__there_are_handwashing_facilities_nea,,,,,,,,,,,,,,,,,,,,,,,,no,,,,,,,no,,,,,,,,no,no,,,,,,,,,no,no,,,,,,,no,,,,,,,,no,,,,,,,no,,no,yes,no,no,yes,yes,no,no,no,no,no,,,no,no,no,no,,tod,,tod,,tod,,tod,,tod,,,no,no,no,no,no,no,no,no,,,,,no,,no,
,,yes,2025-05-26 00:00:00,ke_0_3,ke_1_17,ke_2_84,Gosmo,Gosmo,day_school,1,0,0,ecde,1,0,0,0,,,,,,3,,,,,,,,,,,,,,,NaN,,,yes,no,yes,yes,,no,yes,yes,yes,,,sandy,poor_condition,pedestrian_paths road_for_light_vehicles road_for_trucks,1,1,1,yes,17482415627556983560623742998290-9_39_29.jpg,https://kf.kobotoolbox.org/api/v2/assets/aJh328C2e3SvoptDpoEUxb/data/486199629/attachments/att8y3zmLu6kgiwLUGACxKLx/,1748241572884997786939086287209-9_39_41.jpg,https://kf.kobotoolbox.org/api/v2/assets/aJh328C2e3SvoptDpoEUxb/data/486199629/attachments/att9nfNnejS3yZWRkqNLpbEf/,poor_condition_bldg,no,no,,,,,,,,,,,,no,,,,,,,,,,,,,,,,,,,,,,,no,,,,,,,,,,,no,0,,,,,,,,,,,,,,,,,,,,,,,,,yes,2,within_the_health_facility__on_premise,1,0,0,,yes,,no,1,,0,1,,,2,,no,no,no,no,somewhat_clean,at_all_times_during_the_school_day,damaged,pit_latrine_with_slab,0,1,0,0,0,0,0,,no,yes,no,,,,,,,,no,no,no,no,no,no,,no,,,17482417282288989197951876868199-9_42_17.jpg,https://kf.kobotoolbox.org/api/v2/assets/aJh328C2e3SvoptDpoEUxb/data/486199629/attachments/atttgRSu9KZWNotDsSpMjQPe/,17482417416922663174923798875360-9_42_30.jpg,https://kf.kobotoolbox.org/api/v2/assets/aJh328C2e3SvoptDpoEUxb/data/486199629/attachments/attLDNrcyogWehhvEmkHShoi/,17482417598337450392955034022175-9_42_47.jpg,https://kf.kobotoolbox.org/api/v2/assets/aJh328C2e3SvoptDpoEUxb/data/486199629/attachments/attgY56M984wAE3RiNaF6tmo/,1748241769985878806137218790964-9_42_59.jpg,https://kf.kobotoolbox.org/api/v2/assets/aJh328C2e3SvoptDpoEUxb/data/486199629/attachments/attWyFLDPkEAnn2T76iU82y6/,no__there_are_handwashing_facilities_nea,,,,,,,,,,,,,,,,,,,,,,,,no,,,,,,,no,,,,,,,,no,no,,,,,,,,,no,no,,,,,,,no,,,,,,,,no,,,,,,,,,no,yes,no,no,yes,yes,no,no,no,no,no,,,no,no,no,no,,,,tod,,tod,,tod,,tod,,,no,no,no,no,no,no,no,no,,,,,no,,no,
,,yes,2025-05-26 00:00:00,ke_0_3,ke_1_15,ke_2_73,Bula bashal,Sambul comprehensive school,day_school,1,0,0,ecde primary jss,1,1,0,1,-0.469337 39.662926 128.10000610351562 72.9000015258789,-0.469337,39.662926,128.1000061035156,72.9000015258789,17,6,7,,8,521,422,4,1,9,9,1,4,18,943,52,,,yes,yes,yes,yes,,yes,no,no,no,no,,sandy,fair_condition,pedestrian_paths road_for_light_vehicles,1,1,0,yes,17482414866111421837668805489523-9_38_13.jpg,https://kf.kobotoolbox.org/api/v2/assets/aJh328C2e3SvoptDpoEUxb/data/486211165/attachments/attyzhEzP2mUcjondGvGYEub/,17482414984359189067384613887660-9_38_29.jpg,https://kf.kobotoolbox.org/api/v2/assets/aJh328C2e3SvoptDpoEUxb/data/486211165/attachments/attvbDCEKg4R3zZBvgsUPyd3/,broken,no,yes,toilets___latrines water_taps handwashing_points fence main_building,1,1,1,0,1,1,17482416639343234439536354405607-9_41_12.jpg,https://kf.kobotoolbox.org/api/v2/assets/aJh328C2e3SvoptDpoEUxb/data/486211165/attachments/attwcXFV7cUGv5ZpER63qqi6/,17482417346497094542079480113440-9_42_28.jpg,https://kf.kobotoolbox.org/api/v2/assets/aJh328C2e3SvoptDpoEUxb/data/486211165/attachments/att2KAYyTC4jLXjichGyJVu9/,yes,tanker,,yes,yes,no,500m_or_further,no,no,,no,,,yes,no,,,,,,,,,yes,20000,plastic_tank,0,1,0,0,0,,needs_repair,,no,3,staff_rooms other,0,0,0,0,1,1,Others in the school compound,3,yes,yes,yes,yes,point_good_condition,17482421789622369402767404600908-9_49_46.jpg,https://kf.kobotoolbox.org/api/v2/assets/aJh328C2e3SvoptDpoEUxb/data/486211165/attachments/attxqXpmjMgRwjLoYmamMTxZ/,1748242251316630951912028976339-9_51_4.jpg,https://kf.kobotoolbox.org/api/v2/assets/aJh328C2e3SvoptDpoEUxb/data/486211165/attachments/att6oFamshDnTwHaQh4kQTwk/,17482423315558154200721753957390-9_52_38.jpg,https://kf.kobotoolbox.org/api/v2/assets/aJh328C2e3SvoptDpoEUxb/data/486211165/attachments/attdyZirPUrSvErd4JhnEaco/,17482423822742095731913180942943-9_53_11.jpg,https://kf.kobotoolbox.org/api/v2/assets/aJh328C2e3SvoptDpoEUxb/data/486211165/attachments/att95g4R4nGF3APmRydvyYdo/,17482424855896752167501786008303-9_54_55.jpg,https://kf.kobotoolbox.org/api/v2/assets/aJh328C2e3SvoptDpoEUxb/data/486211165/attachments/attEmKbA2ojH5qSFzvjxnrsF/,yes,10,within_the_health_facility__on_premise,1,0,0,6,yes,,yes,3,0,0,3,2,2,10,,yes,yes,yes,no,somewhat_clean,at_all_times_during_the_school_day,needs_repair,pit_latrine_with_slab,0,1,0,0,0,0,0,,yes,yes,yes,water,0,1,0,0,0,,no,no,no,no,no,no,,no,,,17482429791277786517849677150614-10_3_10.jpg,https://kf.kobotoolbox.org/api/v2/assets/aJh328C2e3SvoptDpoEUxb/data/486211165/attachments/attsmQYErnTnT8cHCWiAsDt6/,17482429986114487053243795021288-10_3_27.jpg,https://kf.kobotoolbox.org/api/v2/assets/aJh328C2e3SvoptDpoEUxb/data/486211165/attachments/att5ednqB2s42ktfNxpiTWLF/,17482430292813888002960619165859-10_3_55.jpg,https://kf.kobotoolbox.org/api/v2/assets/aJh328C2e3SvoptDpoEUxb/data/486211165/attachments/attxV2Fj7bHjC9f8TqYe2GuL/,174824311417589935393414984527-10_5_18.jpg,https://kf.kobotoolbox.org/api/v2/assets/aJh328C2e3SvoptDpoEUxb/data/486211165/attachments/attDMVF7ChyfLkPMFSVuqs25/,no__there_are_handwashing_facilities_nea,,,,,,,,,,,,,,,,,,,,,,,,no,,,,,,,no,,,,,,,,no,no,,,,,,,,,no,no,,,,,,,no,,,,,,,,yes,national_power_grid,0,1,0,0,,no,,no,yes,no,yes,yes,yes,no,no,yes,yes,no,no,,yes,yes,no,yes,10000,tod,,teacher,,teachers,,non_teaching_staff,,teachers,,,no,yes,yes,yes,no,no,yes,yes,no,no,,,yes,no,no,
,,yes,2025-05-26 00:00:00,ke_0_3,ke_1_15,ke_2_72,Bulla bunda,Kazuko,day_school,1,0,0,ecde primary jss,1,1,0,1,-0.4485478 39.636732 117.80000305175781 4.57,-0.4485478,39.636732,117.8000030517578,4.57,11,5,7,,8,0,570,0,0,8,12,2,1,20,570,29,,,yes,yes,yes,yes,,no,yes,no,yes,,,sandy,good_condition,pedestrian_paths road_for_light_vehicles road_for_trucks,1,1,1,no,,,,,good_condition_bldg,partial,yes,water_taps handwashing_points,0,1,1,0,0,0,1748241838687.jpg,https://kf.kobotoolbox.org/api/v2/assets/aJh328C2e3SvoptDpoEUxb/data/486215235/attachments/attFpB8b2VmvkyNdrXiMRuEx/,1748241980119.jpg,https://kf.kobotoolbox.org/api/v2/assets/aJh328C2e3SvoptDpoEUxb/data/486215235/attachments/attqFE4jcbDwPewvHYD6v4xq/,yes,piped_water,,yes,yes,yes,on_site,yes,no,,no,,,yes,no,,,,,,,,,yes,27000,plastic_tank,0,1,0,0,0,,point_good_condition,3,yes,5,preventive_health,0,1,0,0,0,0,,2,yes,yes,yes,no,needs_repair,1748242362111.jpg,https://kf.kobotoolbox.org/api/v2/assets/aJh328C2e3SvoptDpoEUxb/data/486215235/attachments/attmhUgepEPQiL3fdVLDG72A/,,,1748242403961.jpg,https://kf.kobotoolbox.org/api/v2/assets/aJh328C2e3SvoptDpoEUxb/data/486215235/attachments/attoMUQLgFtFm2dHkMa9dyKG/,,,1748242466690.jpg,https://kf.kobotoolbox.org/api/v2/assets/aJh328C2e3SvoptDpoEUxb/data/486215235/attachments/attiw6d9NjcNR7tDQ7SGXMPS/,yes,12,within_the_health_facility__on_premise,1,0,0,12,yes,,yes,0,0,0,8,2,2,12,,yes,yes,yes,no,clean,at_all_times_during_the_school_day,point_good_condition,pit_latrine_with_slab,0,1,0,0,0,0,0,,no,no,yes,water,0,1,0,0,0,,yes,yes,no,no,yes,yes,,no,,,1748242978901.jpg,https://kf.kobotoolbox.org/api/v2/assets/aJh328C2e3SvoptDpoEUxb/data/486215235/attachments/attjCd77qDFV9onrv59wrYgS/,1748243093375.jpg,https://kf.kobotoolbox.org/api/v2/assets/aJh328C2e3SvoptDpoEUxb/data/486215235/attachments/attFZnbMSdrH7Ao6aGSQwMX8/,1748243132597.jpg,https://kf.kobotoolbox.org/api/v2/assets/aJh328C2e3SvoptDpoEUxb/data/486215235/attachments/attyqCfnWsNybVLGNK4NfJdD/,1748243184913.jpg,https://kf.kobotoolbox.org/api/v2/assets/aJh328C2e3SvoptDpoEUxb/data/486215235/attachments/att9Prw9BMqHUnaYBBqD795E/,yes,2,container_with_tap__veronica_b,0,0,1,0,0,0,,water_only,classrooms,0,0,0,1,0,0,,yes,yes,yes,yes,needs_repair,no,1748243334444.jpg,https://kf.kobotoolbox.org/api/v2/assets/aJh328C2e3SvoptDpoEUxb/data/486215235/attachments/attNLRkzVFUEYLcFzPdQjo5u/,1748243374511.jpg,https://kf.kobotoolbox.org/api/v2/assets/aJh328C2e3SvoptDpoEUxb/data/486215235/attachments/attG2KCYZHWQEQseJ9doMaUA/,,,no,,,,,,,,no,no,,,,,,,,,no,yes,,,,,,,yes,yes,yes,,no,yes,no,no,yes,national_power_grid,0,1,0,0,,no,,no,no,no,yes,no,no,no,no,no,no,no,no,,no,no,no,no,,tod,,tod,,teachers,,teachers,,teachers,,,no,no,no,no,no,no,no,yes,yes,yes,1748243765542.jpg,https://kf.kobotoolbox.org/api/v2/assets/aJh328C2e3SvoptDpoEUxb/data/486215235/attachments/attiSPD5uUUGSSEiRHZG3avx/,no,,no,
,,yes,2025-05-26 00:00:00,ke_0_3,ke_1_12,ke_2_60,SAKA,Saka primary,mixed_day,0,0,1,ecde primary special_unit jss,1,1,1,1,-0.139974 39.330838 0 1700,-0.139974,39.330838,0,1700,10,5,7,,8,480,436,7,5,10,6,2,2,16,916,57,,,yes,yes,yes,yes,,yes,no,yes,yes,,,sandy,fair_condition,pedestrian_paths,1,0,0,yes,JPEG_20250526_102417_7296784554796729921-10_24_27.jpg,https://kf.kobotoolbox.org/api/v2/assets/aJh328C2e3SvoptDpoEUxb/data/486220224/attachments/attrYvV9cTmbVFaE6LGQ4tME/,JPEG_20250526_102429_534660849380485801-10_24_42.jpg,https://kf.kobotoolbox.org/api/v2/assets/aJh328C2e3SvoptDpoEUxb/data/486220224/attachments/attw5eHQPotX3sNZzTEYVjX3/,broken,no,no,,,,,,,,,,,,yes,piped_water,,yes,no,yes,up_to_500m,no,yes,30000,no,,,yes,no,,,,,,,,,yes,,plastic_tank,0,1,0,0,0,,needs_repair,2,yes,3,occupational_therapy preventive_health,1,1,0,0,0,0,,5,yes,yes,,yes,needs_repair,,,JPEG_20250526_101732_9026806043440458315-10_17_46.jpg,https://kf.kobotoolbox.org/api/v2/assets/aJh328C2e3SvoptDpoEUxb/data/486220224/attachments/attcP5Vg5FvmBGfFkVDQWPs3/,JPEG_20250526_101853_3669273196908786725-10_19_1.jpg,https://kf.kobotoolbox.org/api/v2/assets/aJh328C2e3SvoptDpoEUxb/data/486220224/attachments/attwvKv8jJzENVEZpmzKJPMV/,JPEG_20250526_101904_4298403869078644395-10_19_16.jpg,https://kf.kobotoolbox.org/api/v2/assets/aJh328C2e3SvoptDpoEUxb/data/486220224/attachments/attKxPcoZf4VxDWEYsCVmWyu/,JPEG_20250526_101923_1872211726518583725-10_19_41.jpg,https://kf.kobotoolbox.org/api/v2/assets/aJh328C2e3SvoptDpoEUxb/data/486220224/attachments/att9dRjaPL8JWNqKJwvz638U/,yes,15,within_the_health_facility__on_premise,1,0,0,14,yes,,yes,8,0,0,7,1,1,17,2,yes,,,,clean,at_all_times_during_the_school_day,point_good_condition,pit_latrine_with_slab,0,1,0,0,0,0,0,,yes,no,no,,,,,,,,no,no,no,no,no,no,,no,,,JPEG_20250526_102114_2914816807923754410-10_21_26.jpg,https://kf.kobotoolbox.org/api/v2/assets/aJh328C2e3SvoptDpoEUxb/data/486220224/attachments/attdXnyhfpDaEcUBnnqrcR8X/,JPEG_20250526_102622_1424033920616714523-10_26_32.jpg,https://kf.kobotoolbox.org/api/v2/assets/aJh328C2e3SvoptDpoEUxb/data/486220224/attachments/attByYDJm26v8c4y4Gz8aSJM/,JPEG_20250526_102021_3868867610361698370-10_20_31.jpg,https://kf.kobotoolbox.org/api/v2/assets/aJh328C2e3SvoptDpoEUxb/data/486220224/attachments/att6wDXDYasFPLfzERsPkkh7/,JPEG_20250526_102637_5153703135997999557-10_26_48.jpg,https://kf.kobotoolbox.org/api/v2/assets/aJh328C2e3SvoptDpoEUxb/data/486220224/attachments/attVA5RQLWRSBCWNwzjafkCY/,yes,4,container_with_tap__veronica_b,0,0,1,0,0,0,,yes__water_and_soap,toilets food_preparation_area food_consumption_area,1,1,1,0,0,0,,yes,yes,yes,yes,point_good_condition,yes,JPEG_20250526_102156_7957631201297269001-10_22_7.jpg,https://kf.kobotoolbox.org/api/v2/assets/aJh328C2e3SvoptDpoEUxb/data/486220224/attachments/attHbBD3CgMrPan9KNNWc8xT/,,,,,no,,,,,,,,yes,yes,open_burning disposing_latrine,0,1,0,0,1,0,,yes,yes,,,,,,,yes,yes,yes,,no,yes,yes,yes,yes,standalone_solar national_power_grid,1,1,0,0,,no,,no,yes,no,yes,yes,yes,no,no,no,no,no,,,yes,yes,,no,,teachers,,teacher,,teachers,,tod,,tod,,,yes,no,yes,no,yes,no,yes,yes,,,,,,,,
,,yes,2025-05-26 00:00:00,ke_0_3,ke_1_17,ke_2_84,Elanle,Elanle primary,day_school,1,0,0,ecde primary,1,1,0,0,,,,,,8,5,8,,,95,70,5,5,4,0,1,1,4,165,41,,,yes,no,yes,yes,,yes,yes,yes,yes,,,sandy,poor_condition,pedestrian_paths,1,0,0,yes,17482433728461674812143188422503-10_9_40.jpg,https://kf.kobotoolbox.org/api/v2/assets/aJh328C2e3SvoptDpoEUxb/data/486220239/attachments/att4gDhZKTS9HJXWKPEsXySJ/,17482433848816356012785028922862-10_9_51.jpg,https://kf.kobotoolbox.org/api/v2/assets/aJh328C2e3SvoptDpoEUxb/data/486220239/attachments/attXPQurNU9vQrDuQeBvwU5C/,poor_condition_bldg,yes,yes,toilets___latrines,1,0,0,0,0,0,17482435266515299847053068156285-10_12_13.jpg,https://kf.kobotoolbox.org/api/v2/assets/aJh328C2e3SvoptDpoEUxb/data/486220239/attachments/attASjW8KVkdtXDPqKn7oeHy/,17482435407012281529067965959820-10_12_32.jpg,https://kf.kobotoolbox.org/api/v2/assets/aJh328C2e3SvoptDpoEUxb/data/486220239/attachments/attncyawmjGBACsHqEUTbWe2/,no,,,,,,,,,,,,,,,,,,,,,,,yes,10000,plastic_tank,0,1,0,0,0,,point_good_condition,,no,0,,,,,,,,,,,,,,,,,,,,,,,,,yes,2,within_the_health_facility__on_premise,1,0,0,,yes,,no,1,,0,1,,,2,,no,no,no,no,somewhat_clean,at_all_times_during_the_school_day,needs_repair,pit_latrine_with_slab,0,1,0,0,0,0,0,,yes,no,no,,,,,,,,no,no,no,no,no,no,,no,,,,,17482435812634692918290664047775-10_13_9.jpg,https://kf.kobotoolbox.org/api/v2/assets/aJh328C2e3SvoptDpoEUxb/data/486220239/attachments/attN8YGnsMuw5pTAPhhEorbb/,1748243595593711585291216999426-10_13_24.jpg,https://kf.kobotoolbox.org/api/v2/assets/aJh328C2e3SvoptDpoEUxb/data/486220239/attachments/attHp5BdKmSQKS8ebT8DYvzP/,17482436080465675371657258991422-10_13_36.jpg,https://kf.kobotoolbox.org/api/v2/assets/aJh328C2e3SvoptDpoEUxb/data/486220239/attachments/attTNCmXnHEwZovrVWg4m4MC/,yes,4,permanent__concrete_metal__sta,1,0,0,0,0,0,,water_only,school_yard,0,0,0,0,1,0,,yes,yes,yes,yes,point_good_condition,no,17482437569025890698837425191413-10_16_4.jpg,https://kf.kobotoolbox.org/api/v2/assets/aJh328C2e3SvoptDpoEUxb/data/486220239/attachments/atteQBdhj9PrSHjcL4TxZ75a/,17482443000293763722704231297166-10_25_11.jpg,https://kf.kobotoolbox.org/api/v2/assets/aJh328C2e3SvoptDpoEUxb/data/486220239/attachments/atton5qmpPPp46v84ewdEA8C/,1748244315424176499453955581280-10_25_27.jpg,https://kf.kobotoolbox.org/api/v2/assets/aJh328C2e3SvoptDpoEUxb/data/486220239/attachments/attCMHanyy5xMZU9VNmXvQx6/,no,,,,,,,,no,no,,,,,,,,,no,no,,,,,,,yes,yes,yes,,no,yes,yes,yes,no,,,,,,,no,,no,yes,no,no,yes,yes,no,no,no,no,no,,,no,no,no,no,,tod,,tod,,teachers,,teachers,,teachers,,,no,no,no,no,no,no,no,no,,,,,no,,no,
,,yes,2025-05-26 00:00:00,ke_0_3,ke_1_12,ke_2_58,Abaq alol,Abaq alol primary,day_school,1,0,0,ecde primary,1,1,0,0,-0.0321172 39.0255811 174.5 3.833,-0.0321172,39.0255811,174.5,3.833,6,2,2,,,21,19,1,1,1,1,1,1,2,40,20,,,yes,yes,yes,yes,,no,no,yes,no,no,,sandy,poor_condition,road_for_light_vehicles,0,1,0,yes,1748246437866.jpg,https://kf.kobotoolbox.org/api/v2/assets/aJh328C2e3SvoptDpoEUxb/data/486243174/attachments/att88yvYNbPcgRaqtQcRswoJ/,1748246456574.jpg,https://kf.kobotoolbox.org/api/v2/assets/aJh328C2e3SvoptDpoEUxb/data/486243174/attachments/attfcQVErEWktgUoSksi9qzZ/,poor_condition_bldg,no,yes,main_building,0,0,0,0,0,1,1748246605103.jpg,https://kf.kobotoolbox.org/api/v2/assets/aJh328C2e3SvoptDpoEUxb/data/486243174/attachments/attUjrrdJutV6QwSEc7GwX5K/,,,no,,,,,,,,,,,,,,,,,,,,,,,no,,,,,,,,,,,no,0,,,,,,,,,,,,,,,,,,,,,,,,,no,,,,,,,,,,,,,,,,0,,,,,,,,,,,,,,,,,,,,,,,,,,,,,,no,,,,,no,,,,,,,,,,,no__there_are_handwashing_facilities_nea,,,,,,,,,,,,,,,,,,,,,,,,no,,,,,,,no,,,,,,,,no,no,,,,,,,,,no,no,,,,,,,no,,,,,,,,yes,national_power_grid,0,1,0,0,,no,,no,yes,yes,no,no,yes,no,,no,no,no,no,,yes,no,no,yes,0,teachers,,teacher,,teachers,,teachers,,teachers,,,yes,yes,yes,yes,yes,yes,no,no,,,,,no,,no,
,,yes,2025-05-26 00:00:00,ke_0_3,ke_1_12,ke_2_56,Labiley,Labiley primary School,day_school,1,0,0,ecde primary jss,1,1,0,1,-0.0357988 39.04396 155.3 4.78,-0.0357988,39.04396,155.3,4.78,8,5,7,,8,218,173,0,0,9,1,1,2,10,391,39,,,yes,yes,yes,yes,,no,yes,yes,no,,,sandy,fair_condition,road_for_light_vehicles,0,1,0,yes,1748245995585.jpg,https://kf.kobotoolbox.org/api/v2/assets/aJh328C2e3SvoptDpoEUxb/data/486243910/attachments/attNLeZoVnMQzhCGCoMqNnPe/,1748246013915.jpg,https://kf.kobotoolbox.org/api/v2/assets/aJh328C2e3SvoptDpoEUxb/data/486243910/attachments/attG82AobjSqWgPjttuHa4cb/,broken,no,yes,main_building,0,0,0,0,0,1,1748246138920.jpg,https://kf.kobotoolbox.org/api/v2/assets/aJh328C2e3SvoptDpoEUxb/data/486243910/attachments/attECas7qJDn4UZV3yLNhWi6/,,,no,,,,,,,,,,,,,,,,,,,,,,,no,,,,,,,,,,,no,0,,,,,,,,,,,,,,,,,,,,,,,,,yes,4,outside_building__but_not_on_premise,0,1,0,4,no,4,no,,,,,,,0,,no,no,no,no,somewhat_clean,at_all_times_during_the_school_day,point_good_condition,pit_latrine_with_slab,0,1,0,0,0,0,0,,no,no,yes,toilet_paper water,1,1,0,0,0,,no,no,no,no,no,no,,don_t_know,,,1748246609889.jpg,https://kf.kobotoolbox.org/api/v2/assets/aJh328C2e3SvoptDpoEUxb/data/486243910/attachments/att5NS6ewajGGun28Mt9cPxs/,1748246620537.jpg,https://kf.kobotoolbox.org/api/v2/assets/aJh328C2e3SvoptDpoEUxb/data/486243910/attachments/attHsc9vP4EW2LFkDVnSzWQt/,1748246633191.jpg,https://kf.kobotoolbox.org/api/v2/assets/aJh328C2e3SvoptDpoEUxb/data/486243910/attachments/attzMrGhMKi9iH2SBu5HwHWg/,,,no__there_are_handwashing_facilities_nea,,,,,,,,,,,,,,,,,,,,,,,,no,,,,,,,no,,,,,,,,no,no,,,,,,,,,no,yes,,,,,,,no,,,,,,,,no,,,,,,,no,,no,yes,no,yes,yes,yes,no,no,no,no,no,,,yes,yes,no,no,,teachers,,teacher,,teachers,,teachers,,teachers,,,no,no,no,no,,no,yes,no,,,,,no,,no,
,,yes,2025-05-26 00:00:00,ke_0_3,ke_1_15,ke_2_72,BULLA power,HYUGA GIRLS  PRY,day_school,1,0,0,ecde primary jss,1,1,0,1,-0.442656 39.6369611 107.3359375 4.673,-0.442656,39.6369611,107.3359375,4.673,20,5,7,,8,0,416,0,0,4,13,2,1,17,416,24,,,yes,yes,yes,yes,,yes,no,yes,no,,,sandy,good_condition,pedestrian_paths road_for_light_vehicles road_for_trucks,1,1,1,yes,1748245133797.jpg,https://kf.kobotoolbox.org/api/v2/assets/aJh328C2e3SvoptDpoEUxb/data/486251184/attachments/attP4PWcthTKAodHu6pTKBae/,1748245154714.jpg,https://kf.kobotoolbox.org/api/v2/assets/aJh328C2e3SvoptDpoEUxb/data/486251184/attachments/attLmdmeXVjjnNvhMAXGL3RH/,broken,partial,no,,,,,,,,,,,,yes,piped_water,,yes,yes,yes,on_site,no,no,,no,,,don_t_know,don_t_know,,,,,,,,,yes,20000,plastic_tank,0,1,0,0,0,,point_good_condition,2,yes,4,preventive_health,0,1,0,0,0,0,,4,yes,yes,yes,yes,point_good_condition,1748245757956.jpg,https://kf.kobotoolbox.org/api/v2/assets/aJh328C2e3SvoptDpoEUxb/data/486251184/attachments/attz4nyTL6S3TbzVXf3i3wxE/,1748245861583.jpg,https://kf.kobotoolbox.org/api/v2/assets/aJh328C2e3SvoptDpoEUxb/data/486251184/attachments/attWK4bVTJsmZgwQkAdMduM5/,1748245981238.jpg,https://kf.kobotoolbox.org/api/v2/assets/aJh328C2e3SvoptDpoEUxb/data/486251184/attachments/attiLg3E9kUVhHnogiRdw5rW/,1748246018491.jpg,https://kf.kobotoolbox.org/api/v2/assets/aJh328C2e3SvoptDpoEUxb/data/486251184/attachments/attsBDf2RAEMMvsyU6ZZaJCc/,1748246045797.jpg,https://kf.kobotoolbox.org/api/v2/assets/aJh328C2e3SvoptDpoEUxb/data/486251184/attachments/att2rF6Jbq66w3goJCdMzUma/,yes,8,within_the_health_facility__on_premise,1,0,0,8,yes,,yes,0,0,0,7,0,1,8,,yes,yes,yes,no,somewhat_clean,at_all_times_during_the_school_day,point_good_condition,pit_latrine_with_slab flush___pour_flush_toilet_to_sewer_conne,1,1,0,0,0,0,0,,no,no,yes,toilet_paper water,1,1,0,0,0,,yes,yes,no,no,no,yes,,no,,,1748246982207.jpg,https://kf.kobotoolbox.org/api/v2/assets/aJh328C2e3SvoptDpoEUxb/data/486251184/attachments/attsASzmPU4uU2tcDhVHWkW7/,1748247097925.jpg,https://kf.kobotoolbox.org/api/v2/assets/aJh328C2e3SvoptDpoEUxb/data/486251184/attachments/attT9ScLebYxBezDtKNzv25P/,,,1748247138288.jpg,https://kf.kobotoolbox.org/api/v2/assets/aJh328C2e3SvoptDpoEUxb/data/486251184/attachments/atthTJqUPtgHFJhH5QyLHpt6/,yes,2,container_with_tap__veronica_b,0,0,1,0,0,0,,water_only,classrooms,0,0,0,1,0,0,,yes,yes,yes,yes,point_good_condition,no,1748247394665.jpg,https://kf.kobotoolbox.org/api/v2/assets/aJh328C2e3SvoptDpoEUxb/data/486251184/attachments/att5b6N8jpvizybiykzZmkNm/,1748247453345.jpg,https://kf.kobotoolbox.org/api/v2/assets/aJh328C2e3SvoptDpoEUxb/data/486251184/attachments/attzBff65JmQpTc2QXiPx7Mr/,1748247475212.jpg,https://kf.kobotoolbox.org/api/v2/assets/aJh328C2e3SvoptDpoEUxb/data/486251184/attachments/attxKE2CgsnWTrTMHXePGto7/,no,,,,,,,,no,no,,,,,,,,,no,yes,,,,,,,yes,yes,yes,,no,yes,no,no,yes,national_power_grid,0,1,0,0,,no,,no,no,no,yes,no,no,,no,no,no,no,no,,no,no,no,no,,tod,,tod,,teachers,,teachers,,teachers,,,no,no,no,no,no,no,no,yes,yes,yes,1748247752577.jpg,https://kf.kobotoolbox.org/api/v2/assets/aJh328C2e3SvoptDpoEUxb/data/486251184/attachments/attq6DEmJLyk8Lmy2FUSdWnL/,yes,yes,no,
,,yes,2025-05-26 00:00:00,ke_0_3,ke_1_15,ke_2_73,Bula iftin,Iftin comprehensive school,day_school,1,0,0,ecde primary jss,1,1,0,1,-0.478224 39.655109 118.80000305175781 27.458999633789062,-0.478224,39.655109,118.8000030517578,27.45899963378906,50,6,7,,8,2011,1811,5,3,34,46,3,3,80,3822,48,,,yes,yes,yes,yes,,no,no,yes,yes,no,,sandy,good_condition,pedestrian_paths road_for_light_vehicles,1,1,0,yes,17482463198316188706989859461925-10_58_45.jpg,https://kf.kobotoolbox.org/api/v2/assets/aJh328C2e3SvoptDpoEUxb/data/486267311/attachments/attvNfhLyWoWMGy7sc4EhKS2/,17482463288282373801500746659870-10_58_52.jpg,https://kf.kobotoolbox.org/api/v2/assets/aJh328C2e3SvoptDpoEUxb/data/486267311/attachments/attBDM8znd3yck7dAcosqf3T/,broken,yes,no,,,,,,,,,,,,yes,piped_water,,yes,no,yes,up_to_500m,yes,no,,no,,,yes,no,,,,,,,,,yes,50000,concrete_tank plastic_tank,1,1,0,0,0,,point_good_condition,2,yes,20,preventive_health training___capacity_development_rooms staff_rooms,0,1,1,0,1,0,,20,yes,yes,yes,yes,point_good_condition,,,,,,,,,,,yes,35,within_the_health_facility__on_premise,1,0,0,35,yes,,yes,20,0,0,15,2,2,39,4,yes,yes,yes,no,somewhat_clean,at_all_times_during_the_school_day,point_good_condition,pit_latrine_with_slab,0,1,0,0,0,0,0,,no,no,yes,water,0,1,0,0,0,,no,no,no,no,no,no,,no,,,17482485644453950137270510291598-11_36_11.jpg,https://kf.kobotoolbox.org/api/v2/assets/aJh328C2e3SvoptDpoEUxb/data/486267311/attachments/attmCeP9dyLySopXH9QN8GRZ/,17482485741565574328020597875158-11_36_18.jpg,https://kf.kobotoolbox.org/api/v2/assets/aJh328C2e3SvoptDpoEUxb/data/486267311/attachments/att2MFhei9jFvrh2Bnxp6XdG/,17482487392211968578407556668965-11_39_2.jpg,https://kf.kobotoolbox.org/api/v2/assets/aJh328C2e3SvoptDpoEUxb/data/486267311/attachments/attgZyqdTiCE7pufATxG2k4m/,17482487209992192674985695048547-11_38_45.jpg,https://kf.kobotoolbox.org/api/v2/assets/aJh328C2e3SvoptDpoEUxb/data/486267311/attachments/attiYkB7CWvmppU6TGLTaNWr/,yes,20,permanent__concrete_metal__sta tank_with_multiple_taps,1,1,0,0,0,0,,water_only,toilets school_yard,1,0,0,0,1,0,,yes,yes,yes,yes,point_good_condition,yes,17482487984435480772727780677828-11_40_9.jpg,https://kf.kobotoolbox.org/api/v2/assets/aJh328C2e3SvoptDpoEUxb/data/486267311/attachments/att5kCpW26vBDRayuwKM3uYP/,1748248813877670987059188347456-11_40_19.jpg,https://kf.kobotoolbox.org/api/v2/assets/aJh328C2e3SvoptDpoEUxb/data/486267311/attachments/atta7cVNY7MZ5o6ThaoCFeCE/,17482488548745684345125052457785-11_41_4.jpg,https://kf.kobotoolbox.org/api/v2/assets/aJh328C2e3SvoptDpoEUxb/data/486267311/attachments/attnHGFpczqbhtbMB7JT86Vn/,no,,,,,,,,no,no,,,,,,,,,no,no,,,,,,,no,,,,,,,,yes,national_power_grid,0,1,0,0,,no,,no,yes,no,yes,yes,yes,no,no,yes,yes,no,no,,yes,yes,no,yes,10000,tod,,teacher,,teachers,,non_teaching_staff,,teachers,,,yes,yes,yes,yes,yes,no,yes,no,,,,,yes,no,no,
,,yes,2025-05-26 00:00:00,ke_0_3,ke_1_12,ke_2_59,Mathahlibah,Mathahlibah primary school,day_school,1,0,0,ecde primary jss,1,1,0,1,-0.138381 39.334729 0 2200,-0.138381,39.334729,0,2200,6,5,7,,8,90,60,3,0,4,1,1,1,5,150,30,,,yes,no,yes,no,,no,yes,yes,yes,no,,sandy,fair_condition,pedestrian_paths,1,0,0,yes,JPEG_20250526_115752_6320870074393236915-11_58_0.jpg,https://kf.kobotoolbox.org/api/v2/assets/aJh328C2e3SvoptDpoEUxb/data/486280905/attachments/attnjpUVJZVtXdVB4gdJKEep/,JPEG_20250526_115802_5666490168165290815-11_58_9.jpg,https://kf.kobotoolbox.org/api/v2/assets/aJh328C2e3SvoptDpoEUxb/data/486280905/attachments/attPqeMjhLd2yyE7FhmKvi7J/,broken,no,no,,,,,,,,,,,,no,,,,,,,,,,,,,,,,,,,,,,,yes,1,plastic_tank,0,1,0,0,0,,needs_repair,,no,1,preventive_health,0,1,0,0,0,0,,1,no,no,no,no,damaged,JPEG_20250526_120632_6231884931992969390-12_6_44.jpg,https://kf.kobotoolbox.org/api/v2/assets/aJh328C2e3SvoptDpoEUxb/data/486280905/attachments/attTu3x6hmQbHnDkVEGvRSmT/,JPEG_20250526_120524_4281433259920196441-12_5_35.jpg,https://kf.kobotoolbox.org/api/v2/assets/aJh328C2e3SvoptDpoEUxb/data/486280905/attachments/attfnVPWbDfLnJeJ88wXx7ot/,JPEG_20250526_120543_2062514770790663060-12_5_57.jpg,https://kf.kobotoolbox.org/api/v2/assets/aJh328C2e3SvoptDpoEUxb/data/486280905/attachments/attYWG3JP9XhYSH7u8KvBep3/,JPEG_20250526_120602_1569026237722144640-12_6_13.jpg,https://kf.kobotoolbox.org/api/v2/assets/aJh328C2e3SvoptDpoEUxb/data/486280905/attachments/attfGA3Dk4ybUGYm3f4zDxpu/,JPEG_20250526_120617_9158841104863563635-12_6_24.jpg,https://kf.kobotoolbox.org/api/v2/assets/aJh328C2e3SvoptDpoEUxb/data/486280905/attachments/attTXqoZMGcrj7JMdt5dbauT/,yes,1,within_the_health_facility__on_premise,1,0,0,1,no,1,no,,,,,,,0,,no,no,no,no,somewhat_clean,during_specific_times_during_the_school_,needs_repair,pit_latrine_with_slab,0,1,0,0,0,0,0,,yes,no,no,,,,,,,,no,no,don_t_know,no,no,no,,don_t_know,,,JPEG_20250526_120349_3572233781711154163-12_3_55.jpg,https://kf.kobotoolbox.org/api/v2/assets/aJh328C2e3SvoptDpoEUxb/data/486280905/attachments/attm986RoLHjWjiQuTFwjfZF/,JPEG_20250526_120335_8662937473157502738-12_3_45.jpg,https://kf.kobotoolbox.org/api/v2/assets/aJh328C2e3SvoptDpoEUxb/data/486280905/attachments/att9hBJ5UKznRmj6UxXoFFNH/,JPEG_20250526_120141_2347975229950752962-12_1_54.jpg,https://kf.kobotoolbox.org/api/v2/assets/aJh328C2e3SvoptDpoEUxb/data/486280905/attachments/attwEf4NAGL4cLc2jeMx564e/,JPEG_20250526_120230_4151203440968990841-12_2_37.jpg,https://kf.kobotoolbox.org/api/v2/assets/aJh328C2e3SvoptDpoEUxb/data/486280905/attachments/attpHKi4ne6FVUC7MnTbjQpx/,no__there_are_handwashing_facilities_nea,,,,,,,,,,,,,,,,,,,,,,,,no,,,,,,,no,,,,,,,,no,no,,,,,,,,,no,no,,,,,,,no,,,,,,,,yes,standalone_solar national_power_grid,1,1,0,0,,no,,no,yes,no,yes,yes,yes,no,yes,no,no,no,no,,no,no,no,no,,teachers,,tod,,tod,,teachers,,tod,,,no,no,yes,no,no,no,yes,no,,,,,yes,yes,no,
,,yes,2025-05-26 00:00:00,ke_0_3,ke_1_15,ke_2_74,Chief camp,Garissa children rescue centre,day_school,1,0,0,ecde,1,0,0,0,-0.4408471 39.6473431 125.009765625 4.864,-0.4408471,39.6473431,125.009765625,4.864,3,5,,,,22,20,0,0,1,2,3,0,3,42,14,,,yes,yes,yes,no,,no,no,no,no,no,,sandy,good_condition,pedestrian_paths road_for_light_vehicles,1,1,0,yes,1748249352859.jpg,https://kf.kobotoolbox.org/api/v2/assets/aJh328C2e3SvoptDpoEUxb/data/486284138/attachments/attshHswuEEqzbGLSS5v4XVx/,1748249386936.jpg,https://kf.kobotoolbox.org/api/v2/assets/aJh328C2e3SvoptDpoEUxb/data/486284138/attachments/attQiWpwrpawTt7jJ5iSYP8M/,good_condition_bldg,yes,no,,,,,,,,,,,,yes,piped_water,,yes,yes,yes,on_site,no,no,,no,,,yes,no,,,,,,,,,yes,15000,plastic_tank,0,1,0,0,0,,point_good_condition,2,yes,6,preventive_health occupational_therapy staff_rooms,1,1,0,0,1,0,,6,yes,yes,yes,yes,point_good_condition,1748249766949.jpg,https://kf.kobotoolbox.org/api/v2/assets/aJh328C2e3SvoptDpoEUxb/data/486284138/attachments/attqhMZhGaHCuqk5CUAZJXdw/,1748249811957.jpg,https://kf.kobotoolbox.org/api/v2/assets/aJh328C2e3SvoptDpoEUxb/data/486284138/attachments/attiojYFGX9K5RTFNie9hWmW/,1748249909517.jpg,https://kf.kobotoolbox.org/api/v2/assets/aJh328C2e3SvoptDpoEUxb/data/486284138/attachments/attEs2b2BrHFNCKnYkXsBhKY/,,,1748249937856.jpg,https://kf.kobotoolbox.org/api/v2/assets/aJh328C2e3SvoptDpoEUxb/data/486284138/attachments/attUhCZUvwa2cEL8TeHdD3iv/,yes,4,within_the_health_facility__on_premise,1,0,0,4,yes,,yes,2,0,0,1,0,1,4,,no,yes,yes,yes,clean,at_all_times_during_the_school_day,point_good_condition,pit_latrine_with_slab flush___pour_flush_toilet_to_sewer_conne,1,1,0,0,0,0,0,,no,no,yes,toilet_paper water,1,1,0,0,0,,no,no,no,no,yes,yes,,no,,,1748250336373.jpg,https://kf.kobotoolbox.org/api/v2/assets/aJh328C2e3SvoptDpoEUxb/data/486284138/attachments/attXP8evK2bmLArjQXD4vwnD/,1748250478097.jpg,https://kf.kobotoolbox.org/api/v2/assets/aJh328C2e3SvoptDpoEUxb/data/486284138/attachments/attq97nEntD4MLxP4PKZpG27/,,,,,no__there_are_handwashing_facilities_nea,,,,,,,,,,,,,,,,,,,,,,,,no,,,,,,,no,,,,,,,,no,no,,,,,,,,,no,yes,,,,,,,no,,,,,,,,yes,national_power_grid,0,1,0,0,,no,,no,no,no,no,no,no,no,no,no,no,no,no,,no,no,no,no,,tod,,tod,,teachers,,non_teaching_staff,,non_teaching_staff,,,no,no,no,no,no,no,no,yes,yes,yes,1748250868642.jpg,https://kf.kobotoolbox.org/api/v2/assets/aJh328C2e3SvoptDpoEUxb/data/486284138/attachments/attzFhoveoGWSWPoKLnkNb5V/,no,,no,
,,yes,2025-05-26 00:00:00,ke_0_3,ke_1_12,ke_2_58,Jarajara,Jarajara primary School,day_school,1,0,0,ecde primary jss,1,1,0,1,-0.0435834 39.0098262 161.8 4.3,-0.0435834,39.0098262,161.8,4.3,,5,7,,7,312,272,0,0,7,3,1,2,10,584,58,,,yes,yes,yes,yes,,no,no,yes,no,,,sandy,fair_condition,pedestrian_paths road_for_light_vehicles,1,1,0,yes,1748249407405.jpg,https://kf.kobotoolbox.org/api/v2/assets/aJh328C2e3SvoptDpoEUxb/data/486286885/attachments/attu9GE2z52yDWiaHMWaodwK/,,,good_condition_bldg,yes,no,,,,,,,,,,,,sometimes,unprotected_spring,,no,no,no,500m_or_further,no,no,,no,,,don_t_know,don_t_know,,,,,,,,,no,,,,,,,,,,,no,0,,,,,,,,,,,,,,,,,,,,,,,,,yes,10,within_the_health_facility__on_premise,1,0,0,8,yes,,yes,4,0,0,4,1,1,10,,no,no,no,no,somewhat_clean,at_all_times_during_the_school_day,point_good_condition,pit_latrine_with_slab,0,1,0,0,0,0,0,,no,no,yes,water toilet_paper,1,1,0,0,0,,no,no,no,no,yes,yes,,no,,,1748250660157.jpg,https://kf.kobotoolbox.org/api/v2/assets/aJh328C2e3SvoptDpoEUxb/data/486286885/attachments/attL2goW2rE9uShFXQkR6ia8/,1748250685704.jpg,https://kf.kobotoolbox.org/api/v2/assets/aJh328C2e3SvoptDpoEUxb/data/486286885/attachments/attsMukkeGFTM29DBFwdaTTo/,1748250693038.jpg,https://kf.kobotoolbox.org/api/v2/assets/aJh328C2e3SvoptDpoEUxb/data/486286885/attachments/attoHvXGogffnTr7oc5HPmzD/,1748250713136.jpg,https://kf.kobotoolbox.org/api/v2/assets/aJh328C2e3SvoptDpoEUxb/data/486286885/attachments/attkDnjCca5tKGiGNrgT3Bed/,no__there_are_handwashing_facilities_nea,,,,,,,,,,,,,,,,,,,,,,,,no,,,,,,,no,,,,,,,,no,no,,,,,,,,,no,yes,,,,,,,yes,yes,yes,,no,yes,no,no,yes,national_power_grid,0,1,0,0,,no,,no,yes,no,no,yes,yes,,no,no,no,no,,,yes,yes,yes,no,,teachers,,teacher,,teachers,,teachers,,teachers,,,no,no,no,no,no,,,no,,,,,yes,yes,no,
,,yes,2025-05-26 00:00:00,ke_0_3,ke_1_15,ke_2_73,Bula iftin,NAJAH PRIMARY AND JUNIOR SCHOOL,day_school,1,0,0,ecde primary jss,1,1,0,1,-0.484635 39.652945 114.9000015258789 100,-0.484635,39.652945,114.9000015258789,100,11,6,7,,8,429,286,0,0,8,8,2,1,16,715,45,,,yes,no,yes,yes,,yes,yes,yes,no,no,,sandy,fair_condition,pedestrian_paths road_for_light_vehicles,1,1,0,yes,17482534533687616850566540170040-12_57_39.jpg,https://kf.kobotoolbox.org/api/v2/assets/aJh328C2e3SvoptDpoEUxb/data/486318171/attachments/atte2frJ6nawx4t7p2sfJoVk/,17482534620852690294779483954214-12_57_47.jpg,https://kf.kobotoolbox.org/api/v2/assets/aJh328C2e3SvoptDpoEUxb/data/486318171/attachments/attAQQUNEgbP2PPv5sAboLaE/,broken,no,yes,toilets___latrines main_building,1,0,0,0,0,1,17482535920525576215710056537274-12_59_59.jpg,https://kf.kobotoolbox.org/api/v2/assets/aJh328C2e3SvoptDpoEUxb/data/486318171/attachments/attjgzxWVUUhwLsRGxVrQZLw/,17482536126441005784619237910230-13_0_19.jpg,https://kf.kobotoolbox.org/api/v2/assets/aJh328C2e3SvoptDpoEUxb/data/486318171/attachments/attbZpwCBzpXsckFozVvV4Pg/,no,,,,,,,,,,,,,,,,,,,,,,,no,,,,,,,,,,,no,0,,,,,,,,,,,,,,,,,,,,,,,,,yes,6,within_the_health_facility__on_premise,1,0,0,2,yes,,yes,1,0,0,1,1,1,4,,no,no,yes,no,somewhat_clean,at_all_times_during_the_school_day,point_good_condition,pit_latrine_with_slab,0,1,0,0,0,0,0,,yes,no,no,,,,,,,,no,no,no,no,no,no,,no,,,17482539541197611754025776421291-13_6_1.jpg,https://kf.kobotoolbox.org/api/v2/assets/aJh328C2e3SvoptDpoEUxb/data/486318171/attachments/attSYYxTRDuHqzsu4t5Vcnwf/,17482539838691884895800386716416-13_6_33.jpg,https://kf.kobotoolbox.org/api/v2/assets/aJh328C2e3SvoptDpoEUxb/data/486318171/attachments/attwMVKLYdjAzE2ddUMPsNZS/,1748254002601271793086531354726-13_6_47.jpg,https://kf.kobotoolbox.org/api/v2/assets/aJh328C2e3SvoptDpoEUxb/data/486318171/attachments/attzDoCRpqPXeYkwG6eC6gYW/,17482540120695458212034125922011-13_7_8.jpg,https://kf.kobotoolbox.org/api/v2/assets/aJh328C2e3SvoptDpoEUxb/data/486318171/attachments/attGwYv5gcG9UUwdbBAcx6YL/,no__there_are_handwashing_facilities_nea,,,,,,,,,,,,,,,,,,,,,,,,no,,,,,,,no,,,,,,,,no,no,,,,,,,,,no,no,,,,,,,no,,,,,,,,yes,national_power_grid,0,1,0,0,,no,,no,yes,no,yes,yes,yes,no,no,yes,yes,no,no,,yes,no,no,yes,10000,tod,,teacher,,teachers,,non_teaching_staff,,teachers,,,no,no,no,no,no,no,no,no,,,,,yes,no,no,
,,yes,2025-05-26 00:00:00,ke_0_3,ke_1_12,ke_2_58,Kone,Kone primary,day_school,1,0,0,ecde primary jss,1,1,0,1,-0.0303236 38.9857827 180.5 4.6,-0.0303236,38.9857827,180.5,4.6,11,5,8,,8,175,107,2,0,9,0,1,1,9,282,31,,,yes,yes,yes,yes,,no,no,yes,,,,sandy,fair_condition,pedestrian_paths road_for_light_vehicles,1,1,0,yes,1748252979244.jpg,https://kf.kobotoolbox.org/api/v2/assets/aJh328C2e3SvoptDpoEUxb/data/486318194/attachments/attmCt3W8QnVxKrw3ujBzeTi/,,,broken,partial,yes,fence toilets___latrines handwashing_points main_building water_taps,1,1,1,0,1,1,1748253226796.jpg,https://kf.kobotoolbox.org/api/v2/assets/aJh328C2e3SvoptDpoEUxb/data/486318194/attachments/atte97gazCa7y53CkxRFHwe8/,1748253317220.jpg,https://kf.kobotoolbox.org/api/v2/assets/aJh328C2e3SvoptDpoEUxb/data/486318194/attachments/att3782oBWhFURVSpjSC5uum/,yes,piped_water,,yes,yes,yes,on_site,yes,yes,25000,no,,,don_t_know,don_t_know,,,,,,,,,,,,,,,,,,,10,yes,1,other,0,0,0,0,0,1,Administration officer,1,no,no,no,no,needs_repair,1748253650953.jpg,https://kf.kobotoolbox.org/api/v2/assets/aJh328C2e3SvoptDpoEUxb/data/486318194/attachments/attMbxG29T9Wovmjb77W2rdY/,1748253685683.jpg,https://kf.kobotoolbox.org/api/v2/assets/aJh328C2e3SvoptDpoEUxb/data/486318194/attachments/attDvpkZzH9aUaBmt8QMKRA3/,,,,,,,yes,6,within_the_health_facility__on_premise,1,0,0,6,yes,,yes,2,0,0,2,2,0,6,,no,no,yes,no,somewhat_clean,at_all_times_during_the_school_day,needs_repair,pit_latrine_with_slab,0,1,0,0,0,0,0,,yes,no,no,,,,,,,,no,no,no,no,no,no,,no,,,1748253940859.jpg,https://kf.kobotoolbox.org/api/v2/assets/aJh328C2e3SvoptDpoEUxb/data/486318194/attachments/attXE9qscng5JJ4VVcDgWUH4/,1748253976959.jpg,https://kf.kobotoolbox.org/api/v2/assets/aJh328C2e3SvoptDpoEUxb/data/486318194/attachments/attxFkHnhfvdLd47Yj2oGHJU/,1748254011743.jpg,https://kf.kobotoolbox.org/api/v2/assets/aJh328C2e3SvoptDpoEUxb/data/486318194/attachments/attQ2HnfiEUSzsvdkgb5FoVF/,,,no__there_are_handwashing_facilities_nea,,,,,,,,,,,,,,,,,,,,,,,,no,,,,,,,no,,,,,,,,no,no,,,,,,,,,no,no,,,,,,,no,,,,,,,,yes,national_power_grid,0,1,0,0,,no,,no,yes,no,no,yes,no,no,no,,,,,,no,no,no,no,,teachers,,teacher,,teachers,,teachers,,teachers,,,no,yes,no,no,,no,no,yes,no,no,,,no,,no,
,,yes,2025-05-26 00:00:00,ke_0_3,ke_1_17,ke_2_80,Kathilash,Kathilash ,day_school,1,0,0,ecde,1,0,0,0,0.3285176 39.5592349 173.74810791015625 4.592,0.3285176,39.5592349,173.7481079101562,4.592,1,4,,,,15,7,0,0,1,0,0,0,1,22,22,,,yes,no,no,no,,no,no,no,yes,no,,sandy,fair_condition,pedestrian_paths road_for_light_vehicles road_for_trucks,1,1,1,yes,,,,,good_condition_bldg,no,no,,,,,,,,,,,,sometimes,protected_spring,,no,no,no,up_to_500m,no,no,,no,,,don_t_know,no,,,,,,,,,no,,,,,,,,,,,no,0,,,,,,,,,,,,,,,,,,,,,,,,,yes,1,off_premise,0,0,1,1,no,0,no,,,,,,,0,,no,no,yes,no,somewhat_clean,at_all_times_during_the_school_day,point_good_condition,pit_latrine_with_slab,0,1,0,0,0,0,0,,yes,no,yes,water leaves,0,1,0,1,0,,no,no,no,no,no,yes,,no,,,,,,,,,,,no__there_are_handwashing_facilities_nea,,,,,,,,,,,,,,,,,,,,,,,,no,,,,,,,no,,,,,,,,no,no,,,,,,,,,no,no,,,,,,,no,,,,,,,,no,,,,,,,no,,no,no,no,no,no,no,no,no,no,no,no,no,,yes,no,no,no,,pupils,,teacher,,teachers,,teachers,,teachers,,,no,no,no,no,no,no,no,no,,,,,no,,no,
,,yes,2025-05-26 00:00:00,ke_0_3,ke_1_15,ke_2_72,Chief camp,Tetu,day_school,1,0,0,ecde primary jss,1,1,0,1,-0.4372934 39.6460355 116.0 3.226,-0.4372934,39.6460355,116,3.226,24,5,7,,8,593,588,0,0,6,13,2,2,19,1181,62,,,yes,yes,yes,yes,,yes,no,no,yes,no,,sandy,good_condition,pedestrian_paths road_for_light_vehicles road_for_trucks,1,1,1,yes,1748252335369.jpg,https://kf.kobotoolbox.org/api/v2/assets/aJh328C2e3SvoptDpoEUxb/data/486331620/attachments/attSzxDcvzBV4qcQgaUrSKcp/,,,good_condition_bldg,yes,no,,,,,,,,,,,,yes,piped_water,,yes,yes,mostly__unavailable___30_days,on_site,no,no,,no,,,don_t_know,no,,,,,,,,,yes,10000,plastic_tank,0,1,0,0,0,,point_good_condition,2,no,2,preventive_health,0,1,0,0,0,0,,2,yes,yes,yes,yes,point_good_condition,1748252666902.jpg,https://kf.kobotoolbox.org/api/v2/assets/aJh328C2e3SvoptDpoEUxb/data/486331620/attachments/attyE6vjAmD8CbYxKC5mDRrF/,1748252682263.jpg,https://kf.kobotoolbox.org/api/v2/assets/aJh328C2e3SvoptDpoEUxb/data/486331620/attachments/att987FChB3ndMfRNNMgXtt4/,1748252695509.jpg,https://kf.kobotoolbox.org/api/v2/assets/aJh328C2e3SvoptDpoEUxb/data/486331620/attachments/attnyFxDAb2dCk25f7n8YCi8/,1748252748466.jpg,https://kf.kobotoolbox.org/api/v2/assets/aJh328C2e3SvoptDpoEUxb/data/486331620/attachments/att2uEgKfpLTu4QngNR4z8bL/,,,yes,7,within_the_health_facility__on_premise,1,0,0,7,yes,,yes,4,0,0,2,0,1,7,,no,no,no,no,somewhat_clean,at_all_times_during_the_school_day,point_good_condition,pit_latrine_with_slab,0,1,0,0,0,0,0,,no,no,yes,toilet_paper water,1,1,0,0,0,,no,no,no,no,no,no,,no,,,1748253013976.jpg,https://kf.kobotoolbox.org/api/v2/assets/aJh328C2e3SvoptDpoEUxb/data/486331620/attachments/attXhc2RVCCrLmN5Dh4XhTGJ/,1748253042790.jpg,https://kf.kobotoolbox.org/api/v2/assets/aJh328C2e3SvoptDpoEUxb/data/486331620/attachments/attwrw9dng2zJuTTj7hYH9CN/,1748253070372.jpg,https://kf.kobotoolbox.org/api/v2/assets/aJh328C2e3SvoptDpoEUxb/data/486331620/attachments/attKyYPKDDJAsyPYRVqPxssB/,1748253085065.jpg,https://kf.kobotoolbox.org/api/v2/assets/aJh328C2e3SvoptDpoEUxb/data/486331620/attachments/attZmzuZkyH7hFKWcmP3ccVB/,yes,2,container_with_tap__veronica_b,0,0,1,0,0,0,,water_only,others,0,0,0,0,0,1,Staffroom,yes,yes,yes,yes,point_good_condition,no,1748253301775.jpg,https://kf.kobotoolbox.org/api/v2/assets/aJh328C2e3SvoptDpoEUxb/data/486331620/attachments/attaoUS6LVhDHgm3t7ecDb6f/,1748253311383.jpg,https://kf.kobotoolbox.org/api/v2/assets/aJh328C2e3SvoptDpoEUxb/data/486331620/attachments/atta2h2s7xAxptHsXLjTamVx/,1748253326774.jpg,https://kf.kobotoolbox.org/api/v2/assets/aJh328C2e3SvoptDpoEUxb/data/486331620/attachments/att87Neq5jSKKmeFwz69vUWE/,no,,,,,,,,no,no,,,,,,,,,no,yes,,,,,,,yes,no,yes,,no,yes,no,no,yes,national_power_grid,0,1,0,0,,no,,no,no,no,no,no,no,no,no,no,no,no,no,,no,no,no,no,,tod,,tod,,teachers,,teachers,,teachers,,,no,no,no,no,no,no,no,yes,yes,yes,1748253627402.jpg,https://kf.kobotoolbox.org/api/v2/assets/aJh328C2e3SvoptDpoEUxb/data/486331620/attachments/attePohKtQ8PUJxnyUN48k4R/,no,,no,
,,yes,,ke_0_3,ke_1_17,ke_2_80,Afweine,Afweine Pry & Junior School,mixed_day,0,0,1,jss ecde primary,1,1,0,1,0.3509393 39.354607 234.5 4.866,0.3509393,39.354607,234.5,4.866,10,5,7,,8,178,215,4,2,9,8,3,2,17,393,23,,,yes,yes,yes,yes,,yes,no,yes,,,,sandy,fair_condition,road_for_light_vehicles pedestrian_paths,1,1,0,yes,1748241629153.jpg,https://kf.kobotoolbox.org/api/v2/assets/aJh328C2e3SvoptDpoEUxb/data/486356662/attachments/atteQ77mSkQ7QtFwpjTGnS3J/,1748241660210.jpg,https://kf.kobotoolbox.org/api/v2/assets/aJh328C2e3SvoptDpoEUxb/data/486356662/attachments/attViizpjMFypkYpKcz8yvhG/,poor_condition_bldg,no,yes,toilets___latrines,1,0,0,0,0,0,1748241961451.jpg,https://kf.kobotoolbox.org/api/v2/assets/aJh328C2e3SvoptDpoEUxb/data/486356662/attachments/attpwL7HFWGSS5sf2TBkrAzS/,1748242006882.jpg,https://kf.kobotoolbox.org/api/v2/assets/aJh328C2e3SvoptDpoEUxb/data/486356662/attachments/attCY6WreyG5yJr2V78pqqG6/,sometimes,tanker,,no,no,no,500m_or_further,no,no,,no,,,no,no,,,,,,,,,yes,30000,plastic_tank,0,1,0,0,0,,point_good_condition,,no,4,staff_rooms,0,0,0,0,1,0,,4,no,yes,no,yes,point_good_condition,1748242321009.jpg,https://kf.kobotoolbox.org/api/v2/assets/aJh328C2e3SvoptDpoEUxb/data/486356662/attachments/attXhrWiPUiSSM29G44DASK5/,1748242357226.jpg,https://kf.kobotoolbox.org/api/v2/assets/aJh328C2e3SvoptDpoEUxb/data/486356662/attachments/attutmFpRNArFck3A7ArQHsi/,1748242381414.jpg,https://kf.kobotoolbox.org/api/v2/assets/aJh328C2e3SvoptDpoEUxb/data/486356662/attachments/attm8fNgihc6fTZDdXA5RRM3/,1748242503347.jpg,https://kf.kobotoolbox.org/api/v2/assets/aJh328C2e3SvoptDpoEUxb/data/486356662/attachments/attG5euHBHQnJnePfa4iy2pL/,1748242564911.jpg,https://kf.kobotoolbox.org/api/v2/assets/aJh328C2e3SvoptDpoEUxb/data/486356662/attachments/attuBKivfij8mCxWaSL23zMu/,yes,5,within_the_health_facility__on_premise,1,0,0,7,yes,,yes,2,0,0,3,1,1,7,2,yes,no,no,no,somewhat_clean,at_all_times_during_the_school_day,needs_repair,pit_latrine_with_slab,0,1,0,0,0,0,0,,yes,no,no,,,,,,,,yes,no,no,no,no,yes,,no,,,1748242981530.jpg,https://kf.kobotoolbox.org/api/v2/assets/aJh328C2e3SvoptDpoEUxb/data/486356662/attachments/attR6Dcvu3x2BesYk3LP6qsn/,1748243018382.jpg,https://kf.kobotoolbox.org/api/v2/assets/aJh328C2e3SvoptDpoEUxb/data/486356662/attachments/attpVLK4979uYUHBDKDn9cow/,1748243044777.jpg,https://kf.kobotoolbox.org/api/v2/assets/aJh328C2e3SvoptDpoEUxb/data/486356662/attachments/attXgXRmrVgZMkurTaQP4eCh/,1748243064229.jpg,https://kf.kobotoolbox.org/api/v2/assets/aJh328C2e3SvoptDpoEUxb/data/486356662/attachments/attDgDY9rECXVzqxYZhuDy7x/,no__there_are_handwashing_facilities_nea,,,,,,,,,,,,,,,,,,,,,,,,no,,,,,,,yes,,no,no,no,,,no,no,no,,,,,,,,,no,yes,,,,,,,no,,,,,,,,no,,,,,,,no,,no,yes,no,yes,yes,yes,no,no,no,yes,no,no,,yes,no,no,no,,tod,,tod,,tod,,tod,,tod,,,no,no,no,no,no,no,no,no,,,,,no,,no,
,,yes,2025-05-26 00:00:00,ke_0_3,ke_1_12,ke_2_57,Mudey,Mudey primary ,day_school,1,0,0,ecde primary jss,1,1,0,1,-0.052641 38.9669154 172.2 4.1,-0.052641,38.9669154,172.2,4.1,10,5,8,,9,95,80,0,0,6,1,1,1,7,175,25,,,yes,yes,yes,yes,,no,no,yes,yes,,,sandy,fair_condition,pedestrian_paths road_for_light_vehicles,1,1,0,yes,1748259822279.jpg,https://kf.kobotoolbox.org/api/v2/assets/aJh328C2e3SvoptDpoEUxb/data/486392094/attachments/attj6DksVqudaGL4xmuXn2Mt/,1748259838802.jpg,https://kf.kobotoolbox.org/api/v2/assets/aJh328C2e3SvoptDpoEUxb/data/486392094/attachments/attRgNQkgBENEg3ErWK9tgnE/,broken,no,yes,water_taps toilets___latrines main_building,1,1,0,0,0,1,1748259987683.jpg,https://kf.kobotoolbox.org/api/v2/assets/aJh328C2e3SvoptDpoEUxb/data/486392094/attachments/attYNrhLp5sd76j9tRTESMuy/,1748260048254.jpg,https://kf.kobotoolbox.org/api/v2/assets/aJh328C2e3SvoptDpoEUxb/data/486392094/attachments/attVFyyQ4jaZeekfkY5Bu7ip/,yes,piped_water,,yes,yes,mostly__unavailable___30_days,on_site,yes,no,,no,,,don_t_know,no,,,,,,,,,yes,10000,plastic_tank,0,1,0,0,0,,needs_repair,1,no,1,staff_rooms,0,0,0,0,1,0,,1,yes,yes,yes,no,needs_repair,1748260319203.jpg,https://kf.kobotoolbox.org/api/v2/assets/aJh328C2e3SvoptDpoEUxb/data/486392094/attachments/attqSuVwuSneSPLds9Eh8EeE/,1748260342837.jpg,https://kf.kobotoolbox.org/api/v2/assets/aJh328C2e3SvoptDpoEUxb/data/486392094/attachments/attVjQ6xVwFkR7UBJDj22mhG/,,,,,,,yes,8,within_the_health_facility__on_premise,1,0,0,8,yes,,yes,3,0,0,3,3,0,9,1,no,no,yes,no,somewhat_clean,at_all_times_during_the_school_day,needs_repair,pit_latrine_with_slab,0,1,0,0,0,0,0,,no,no,no,,,,,,,,no,no,no,no,no,no,,no,,,1748260635965.jpg,https://kf.kobotoolbox.org/api/v2/assets/aJh328C2e3SvoptDpoEUxb/data/486392094/attachments/atts7yfsDRoZVi4LBo9ar24g/,1748260650314.jpg,https://kf.kobotoolbox.org/api/v2/assets/aJh328C2e3SvoptDpoEUxb/data/486392094/attachments/attSyGjrmgD44F7G2mvMRiET/,1748260670992.jpg,https://kf.kobotoolbox.org/api/v2/assets/aJh328C2e3SvoptDpoEUxb/data/486392094/attachments/attBC3VHC4oDbeuxstMvsQfM/,1748260702917.jpg,https://kf.kobotoolbox.org/api/v2/assets/aJh328C2e3SvoptDpoEUxb/data/486392094/attachments/attc4kC4SMjSQ2vUQsUyjwH9/,yes,2,container_with_tap__veronica_b,0,0,1,0,0,0,,water_only,classrooms,0,0,0,1,0,0,,no,no,yes,yes,needs_repair,no,,,,,,,no,,,,,,,,no,no,,,,,,,,,no,no,,,,,,,no,,,,,,,,yes,national_power_grid,0,1,0,0,,no,,no,yes,no,no,no,no,no,no,no,no,no,no,,no,no,no,no,,teachers,,teacher,,teachers,,teachers,,teachers,,,no,yes,no,no,no,no,no,yes,no,no,,,no,,no,
,,yes,2025-05-26 00:00:00,ke_0_3,ke_1_15,ke_2_75,Soko Ngombe,Alfarouq comprehensive school,day_school,1,0,0,ecde primary jss,1,1,0,1,-0.442141 39.659714 140.8000030517578 56.099998474121094,-0.442141,39.659714,140.8000030517578,56.09999847412109,13,6,7,,9,315,0,0,0,9,4,0,2,13,315,24,,,yes,yes,no,yes,,no,no,no,no,no,,sandy,fair_condition,pedestrian_paths road_for_light_vehicles,1,1,0,yes,17482608219575885080643837837666-15_0_51.jpg,https://kf.kobotoolbox.org/api/v2/assets/aJh328C2e3SvoptDpoEUxb/data/486397747/attachments/attJuzwMTWT4ao4jk8DLp8Js/,17482608542242365549339974939032-15_1_3.jpg,https://kf.kobotoolbox.org/api/v2/assets/aJh328C2e3SvoptDpoEUxb/data/486397747/attachments/attXomtwHqp5rJUheJMUfHGU/,broken,no,no,,,,,,,,,,,,yes,piped_water,,yes,yes,yes,500m_or_further,yes,no,,no,,,yes,no,,,,,,,,,yes,10000,plastic_tank,0,1,0,0,0,,point_good_condition,2,yes,6,other,0,0,0,0,0,1,Infront of the classrooms,6,yes,yes,yes,yes,point_good_condition,17482611659156085478937352748090-15_6_12.jpg,https://kf.kobotoolbox.org/api/v2/assets/aJh328C2e3SvoptDpoEUxb/data/486397747/attachments/attT6RKBtfDGDM3ZnZRcnWrq/,17482611510754005963116059525498-15_5_54.jpg,https://kf.kobotoolbox.org/api/v2/assets/aJh328C2e3SvoptDpoEUxb/data/486397747/attachments/attcXeMFDzggmkigkLFg23QB/,17482611793936252226074055907804-15_6_26.jpg,https://kf.kobotoolbox.org/api/v2/assets/aJh328C2e3SvoptDpoEUxb/data/486397747/attachments/attPbvLvd59WDMpirrHjKsST/,17482612114424905902646421960206-15_6_57.jpg,https://kf.kobotoolbox.org/api/v2/assets/aJh328C2e3SvoptDpoEUxb/data/486397747/attachments/attXkUGCtbUJxEMQVbWEzWLb/,17482612282718337336348524428207-15_7_13.jpg,https://kf.kobotoolbox.org/api/v2/assets/aJh328C2e3SvoptDpoEUxb/data/486397747/attachments/attsba5ycYuT3eeankfKErTM/,yes,9,within_the_health_facility__on_premise,1,0,0,7,no,0,yes,,0,,,1,1,2,,yes,yes,yes,no,clean,at_all_times_during_the_school_day,point_good_condition,pit_latrine_with_slab,0,1,0,0,0,0,0,,no,no,yes,water,0,1,0,0,0,,no,no,no,no,no,no,,no,,,17482616246976394090394608634541-15_13_49.jpg,https://kf.kobotoolbox.org/api/v2/assets/aJh328C2e3SvoptDpoEUxb/data/486397747/attachments/attZrjymrxQZKRB8YdarRtK5/,17482616336776435925363503614267-15_14_9.jpg,https://kf.kobotoolbox.org/api/v2/assets/aJh328C2e3SvoptDpoEUxb/data/486397747/attachments/attxzw69gL3gnXvZn2pfteo7/,17482616588711441662971498809726-15_14_26.jpg,https://kf.kobotoolbox.org/api/v2/assets/aJh328C2e3SvoptDpoEUxb/data/486397747/attachments/attMC6giXmtqRL3bAEgupM2x/,17482616712554785338245733180390-15_14_43.jpg,https://kf.kobotoolbox.org/api/v2/assets/aJh328C2e3SvoptDpoEUxb/data/486397747/attachments/attNEzDk5PQSMDHYPxa4hoSZ/,yes,4,tank_with_multiple_taps,0,1,0,0,0,0,,soap_only,toilets,1,0,0,0,0,0,,yes,yes,yes,yes,point_good_condition,no,17482617553213515520439235549126-15_15_59.jpg,https://kf.kobotoolbox.org/api/v2/assets/aJh328C2e3SvoptDpoEUxb/data/486397747/attachments/attHyUGYbgYcHmueEm8PWUem/,17482617670425244155274883273733-15_16_12.jpg,https://kf.kobotoolbox.org/api/v2/assets/aJh328C2e3SvoptDpoEUxb/data/486397747/attachments/attB7duqhGmcedG84nDjc4vo/,17482617768327274147372629688171-15_16_21.jpg,https://kf.kobotoolbox.org/api/v2/assets/aJh328C2e3SvoptDpoEUxb/data/486397747/attachments/attkKTAKsJhRCRYTRtZAM3DN/,no,,,,,,,,no,no,,,,,,,,,no,no,,,,,,,no,,,,,,,,yes,national_power_grid,0,1,0,0,,no,,no,yes,no,yes,yes,yes,no,yes,no,yes,no,no,,yes,no,no,yes,10000,tod,,teacher,,teachers,,non_teaching_staff,,teachers,,,no,yes,yes,yes,yes,no,yes,yes,yes,yes,,,yes,yes,no,
,,yes,2025-05-26 00:00:00,ke_0_3,ke_1_12,ke_2_57,Karbuna,Karbuna primary School ,day_school,1,0,0,ecde primary jss,1,1,0,1,-0.0836317 38.9294125 210.1 4.966,-0.0836317,38.9294125,210.1,4.966,8,5,7,,8,281,162,0,1,5,0,1,2,5,443,89,,,no,no,yes,yes,,no,no,yes,no,,,rocky,good_condition,pedestrian_paths,1,0,0,yes,1748261336210.jpg,https://kf.kobotoolbox.org/api/v2/assets/aJh328C2e3SvoptDpoEUxb/data/486399757/attachments/attJyKuQQR3D6a7jKavbkDDr/,1748261348387.jpg,https://kf.kobotoolbox.org/api/v2/assets/aJh328C2e3SvoptDpoEUxb/data/486399757/attachments/attJvZ2Eo5oBfCEAhZU6raK5/,broken,no,no,,,,,,,,,,,,no,,,,,,,,,,,,,,,,,,,,,,,no,,,,,,,,,,,yes,0,,,,,,,,,,,,,,,,,,,,,,,,,yes,4,within_the_health_facility__on_premise,1,0,0,4,no,4,no,,,,,,,0,,no,no,yes,no,clean,at_all_times_during_the_school_day,point_good_condition,pit_latrine_with_slab,0,1,0,0,0,0,0,,no,no,yes,water,0,1,0,0,0,,no,no,no,no,no,no,,no,,,1748261719136.jpg,https://kf.kobotoolbox.org/api/v2/assets/aJh328C2e3SvoptDpoEUxb/data/486399757/attachments/attvSmF2JXnPPyrhXJa2Gk5s/,1748261735922.jpg,https://kf.kobotoolbox.org/api/v2/assets/aJh328C2e3SvoptDpoEUxb/data/486399757/attachments/attGDwGvdmrP48dMtiuA7jaj/,,,,,no__there_are_handwashing_facilities_nea,,,,,,,,,,,,,,,,,,,,,,,,no,,,,,,,no,,,,,,,,no,no,,,,,,,,,no,no,,,,,,,no,,,,,,,,no,,,,,,,no,,no,yes,no,no,yes,yes,no,no,no,no,no,,,yes,no,yes,no,,teachers,,teacher,,teachers,,teachers,,teachers,,,no,no,no,no,,,,no,,,,,no,,no,
,,yes,2025-05-26 00:00:00,ke_0_3,ke_1_12,ke_2_59,Dederey,Dederey,day_school,1,0,0,ecde primary,1,1,0,0,-0.139516 39.333432 0 3200,-0.139516,39.333432,0,3200,4,5,7,,,140,60,1,,2,0,1,1,2,200,100,,,no,no,yes,yes,,no,yes,yes,yes,no,,sandy,fair_condition,pedestrian_paths,1,0,0,yes,17482610605331796479950521036448-15_4_27.jpg,https://kf.kobotoolbox.org/api/v2/assets/aJh328C2e3SvoptDpoEUxb/data/486409719/attachments/attXBcKpMw5VaNwBNtmnSra4/,1748261072336677110920238461100-15_4_38.jpg,https://kf.kobotoolbox.org/api/v2/assets/aJh328C2e3SvoptDpoEUxb/data/486409719/attachments/attZ6Ustat7gwA4UquTj2Z2T/,broken,no,yes,main_building,0,0,0,0,0,1,17482610117632451540537658756698-15_3_38.jpg,,17482610219916456939844075205139-15_3_55.jpg,,no,,,,,,,,,,,,,,,,,,,,,,,yes,,plastic_tank,0,1,0,0,0,,needs_repair,,no,1,preventive_health,0,1,0,0,0,0,,1,no,no,no,no,damaged,174826116855653926852605564996-15_6_13.jpg,,17482611762141095327745206009435-15_6_20.jpg,,17482611847163366032958667984495-15_6_30.jpg,,17482611930876232005947786223956-15_6_35.jpg,,17482611977956040963054475354428-15_6_40.jpg,,yes,4,within_the_health_facility__on_premise,1,0,0,4,no,4,no,,,,,,,0,,no,no,no,no,somewhat_clean,during_specific_times_during_the_school_,needs_repair,pit_latrine_with_slab,0,1,0,0,0,0,0,,no,no,no,,,,,,,,no,no,no,no,no,no,,no,,,1748261351886988302990118032432-15_9_29.jpg,,17482613766494829615122798786705-15_9_47.jpg,,17482613941245288093989148383040-15_10_18.jpg,,17482614284272110056000030887776-15_10_31.jpg,,no__there_are_handwashing_facilities_nea,,,,,,,,,,,,,,,,,,,,,,,,no,,,,,,,no,,,,,,,,no,no,,,,,,,,,no,no,,,,,,,no,,,,,,,,no,,,,,,,no,,no,yes,no,yes,yes,no,no,no,no,no,,no,,no,no,no,no,,tod,,tod,,teachers,,tod,,tod,,,yes,no,no,no,yes,no,yes,no,,,,,no,,no,
,,yes,2025-05-26 00:00:00,ke_0_3,ke_1_15,ke_2_75,Soko Ngombe,Garissa school for the deaf,mixed_day,0,0,1,ecde primary special_unit jss,1,1,1,1,-0.441578 39.659031 0 1330.73095703125,-0.441578,39.659031,0,1330.73095703125,11,6,7,9,8,90,78,0,0,13,4,5,4,17,168,10,,,yes,yes,yes,yes,,yes,no,yes,no,no,,sandy,fair_condition,pedestrian_paths road_for_light_vehicles,1,1,0,yes,,,,,broken,no,yes,toilets___latrines handwashing_points main_building,1,0,1,0,0,1,,,,,yes,piped_water,,yes,yes,yes,500m_or_further,no,no,,no,,,yes,no,,,,,,,,,yes,10000,plastic_tank,0,1,0,0,0,,point_good_condition,3,yes,2,other,0,0,0,0,0,1,Infront of the staffroom,2,yes,yes,yes,yes,point_good_condition,,,,,,,,,,,yes,2,within_the_health_facility__on_premise,1,0,0,2,yes,,no,1,,0,1,,,2,,no,no,yes,no,clean,at_all_times_during_the_school_day,point_good_condition,pit_latrine_with_slab,0,1,0,0,0,0,0,,no,no,no,,,,,,,,no,no,no,no,no,no,,no,,,17482653229296715323770203881710-16_15_28.jpg,https://kf.kobotoolbox.org/api/v2/assets/aJh328C2e3SvoptDpoEUxb/data/486440376/attachments/attNqaeWjqsuszTTJv6hHhUh/,17482653327778237417251410151419-16_15_40.jpg,https://kf.kobotoolbox.org/api/v2/assets/aJh328C2e3SvoptDpoEUxb/data/486440376/attachments/attAqkvzovutUZxwQaWmGkRE/,17482653557152908467917385017450-16_16_6.jpg,https://kf.kobotoolbox.org/api/v2/assets/aJh328C2e3SvoptDpoEUxb/data/486440376/attachments/attCN26rN5xtaKH7rezcsb6s/,17482653488361629038183942510737-16_15_52.jpg,https://kf.kobotoolbox.org/api/v2/assets/aJh328C2e3SvoptDpoEUxb/data/486440376/attachments/att9tVrtDgX22zwHN2puQH6b/,yes,1,permanent__concrete_metal__sta,1,0,0,0,0,0,,water_only,school_yard,0,0,0,0,1,0,,yes,yes,yes,yes,point_good_condition,no,17482654509731030201999316687668-16_17_37.jpg,https://kf.kobotoolbox.org/api/v2/assets/aJh328C2e3SvoptDpoEUxb/data/486440376/attachments/attj2VEGjtDkQKBDSfrzBKpE/,17482654610926923400248273459514-16_17_47.jpg,https://kf.kobotoolbox.org/api/v2/assets/aJh328C2e3SvoptDpoEUxb/data/486440376/attachments/attDNhmUxuL9QSqfnQANyLfN/,17482654703137577380831960522479-16_17_54.jpg,https://kf.kobotoolbox.org/api/v2/assets/aJh328C2e3SvoptDpoEUxb/data/486440376/attachments/attURYkH8QZnRCTqVaMtCadR/,no,,,,,,,,no,no,,,,,,,,,no,no,,,,,,,no,,,,,,,,no,,,,,,,no,,no,yes,no,yes,yes,yes,no,no,no,yes,no,no,,yes,no,no,yes,10000,tod,,teacher,,teachers,,non_teaching_staff,,teachers,,,no,yes,yes,yes,yes,no,yes,no,,,,,yes,no,no,
,,yes,2025-05-26 00:00:00,ke_0_3,ke_1_12,ke_2_57,Bulla Mobile,Bulla Mobile Primary,day_school,1,0,0,ecde primary,1,1,0,0,-0.0010569 38.9138821 263.6 4.45,-0.0010569,38.9138821,263.6,4.45,2,5,7,,,24,27,0,0,2,0,0,0,2,51,26,,,yes,no,yes,yes,,yes,yes,yes,no,,,sandy,good_condition,pedestrian_paths road_for_light_vehicles,1,1,0,yes,1748265336920.jpg,https://kf.kobotoolbox.org/api/v2/assets/aJh328C2e3SvoptDpoEUxb/data/486444101/attachments/attf8wD5VTSpgzGFL87Lr4vv/,1748265351417.jpg,https://kf.kobotoolbox.org/api/v2/assets/aJh328C2e3SvoptDpoEUxb/data/486444101/attachments/atteQW77sXQy6QrDyvKHNXu4/,good_condition_bldg,no,no,,,,,,,,,,,,no,,,,,,,,,,,,,,,,,,,,,,,no,,,,,,,,,,,no,0,,,,,,,,,,,,,,,,,,,,,,,,,yes,1,within_the_health_facility__on_premise,1,0,0,1,no,1,no,,,,,,,0,,no,no,no,no,somewhat_clean,at_all_times_during_the_school_day,point_good_condition,pit_latrine_with_slab,0,1,0,0,0,0,0,,no,no,no,,,,,,,,no,no,don_t_know,no,no,no,,don_t_know,,,1748265561104.jpg,https://kf.kobotoolbox.org/api/v2/assets/aJh328C2e3SvoptDpoEUxb/data/486444101/attachments/attafFR8qEDKWQBjRXJGbbQJ/,1748265570432.jpg,https://kf.kobotoolbox.org/api/v2/assets/aJh328C2e3SvoptDpoEUxb/data/486444101/attachments/attts2s5n88Dmq5EHrZDkjCZ/,,,,,no__there_are_handwashing_facilities_nea,,,,,,,,,,,,,,,,,,,,,,,,no,,,,,,,no,,,,,,,,no,no,,,,,,,,,no,no,,,,,,,no,,,,,,,,no,,,,,,,no,,no,yes,no,no,yes,,,,,,,,,yes,yes,yes,no,,teachers,,teacher,,teachers,,teachers,,teachers,,,no,no,no,no,,,,no,,,,,no,,no,
,,yes,2025-05-26 00:00:00,ke_0_3,ke_1_17,ke_2_83,Sheikh Hajir,Sheikh Hajir primary school,day_school,1,0,0,ecde primary,1,1,0,0,0.4683569 39.3207318 225.95916748046875 4.869,0.4683569,39.3207318,225.9591674804688,4.869,6,5,7,,,127,83,0,0,3,0,0,1,3,210,70,,,yes,yes,yes,yes,,no,yes,,yes,,,sandy,good_condition,pedestrian_paths road_for_light_vehicles road_for_trucks,1,1,1,yes,,,,,good_condition_bldg,no,no,,,,,,,,,,,,sometimes,tanker,,yes,yes,mostly__unavailable___30_days,500m_or_further,no,yes,10000,no,,,don_t_know,no,,,,,,,,,yes,20000,plastic_tank,0,1,0,0,0,,point_good_condition,,no,0,,,,,,,,,,,,,,,,,,,,,,,,,yes,2,outside_building__but_not_on_premise off_premise,0,1,1,2,no,2,no,,,,,,,0,,no,no,no,no,somewhat_clean,at_all_times_during_the_school_day,point_good_condition,pit_latrine_with_slab,0,1,0,0,0,0,0,,yes,no,yes,water,0,1,0,0,0,,no,no,no,no,no,no,,no,,,1748266009330.jpg,https://kf.kobotoolbox.org/api/v2/assets/aJh328C2e3SvoptDpoEUxb/data/486449022/attachments/att9zN2wzZX6jviTseV4q75N/,,,,,,,no__there_are_handwashing_facilities_nea,,,,,,,,,,,,,,,,,,,,,,,,no,,,,,,,no,,,,,,,,no,no,,,,,,,,,no,no,,,,,,,no,,,,,,,,no,,,,,,,no,,no,yes,no,yes,yes,no,no,no,no,no,no,no,,,no,no,no,,tod,,tod,,teachers,,teachers,,teachers,,,no,no,no,no,no,no,no,no,,,,,no,,no,
,,yes,2025-05-26 00:00:00,ke_0_3,ke_1_12,ke_2_57,Qoraheey,Qoraaheey primary School,day_school,1,0,0,ecde primary jss,1,1,0,1,0.0414146 38.9127675 242.20000000000002 4.766,0.0414146,38.9127675,242.2,4.766,7,5,7,,8,50,43,1,0,4,0,2,1,4,93,23,,,yes,no,yes,no,,no,no,yes,no,,,rocky,good_condition,pedestrian_paths road_for_light_vehicles,1,1,0,yes,1748267199791.jpg,https://kf.kobotoolbox.org/api/v2/assets/aJh328C2e3SvoptDpoEUxb/data/486474530/attachments/attiXCTTovxsnY9VEC7P5Nwe/,1748267213563.jpg,https://kf.kobotoolbox.org/api/v2/assets/aJh328C2e3SvoptDpoEUxb/data/486474530/attachments/attviEbZ6EeyK2LLNYbx2tAx/,good_condition_bldg,no,yes,main_building toilets___latrines,1,0,0,0,0,1,1748267265680.jpg,https://kf.kobotoolbox.org/api/v2/assets/aJh328C2e3SvoptDpoEUxb/data/486474530/attachments/attRsqWKmX7UHs6EqRACw9Ed/,,,yes,unprotected_spring,,no,no,yes,500m_or_further,no,no,,no,,,don_t_know,no,,,,,,,,,yes,30000,plastic_tank concrete_tank,1,1,0,0,0,,needs_repair,,no,0,,,,,,,,,,,,,,,,,,,,,,,,,yes,6,within_the_health_facility__on_premise,1,0,0,4,no,4,no,,,,,,,0,,no,no,yes,no,clean,at_all_times_during_the_school_day,point_good_condition,pit_latrine_with_slab,0,1,0,0,0,0,0,,yes,no,no,,,,,,,,no,no,don_t_know,no,no,no,,don_t_know,,,1748267804866.jpg,https://kf.kobotoolbox.org/api/v2/assets/aJh328C2e3SvoptDpoEUxb/data/486474530/attachments/attvLHkpC92kGWPEUbXcwVNu/,1748267814592.jpg,https://kf.kobotoolbox.org/api/v2/assets/aJh328C2e3SvoptDpoEUxb/data/486474530/attachments/attPS2ha8Yy6baxzomAuwds8/,,,,,no__there_are_handwashing_facilities_nea,,,,,,,,,,,,,,,,,,,,,,,,no,,,,,,,no,,,,,,,,no,no,,,,,,,,,no,no,,,,,,,no,,,,,,,,no,,,,,,,no,,no,yes,no,no,yes,no,no,no,yes,yes,,,,no,yes,yes,no,,teachers,,teacher,,teachers,,teachers,,teachers,,,no,no,no,no,,,,no,,,,,no,,no,
,,yes,2025-05-28 00:00:00,ke_0_3,,,Ture,Ture Primary,day_school,1,0,0,ecde primary,1,1,0,0,-0.240733 39.452633 0 4500,-0.240733,39.452633,0,4500,6,5,7,,,189,141,0,0,2,2,1,1,4,330,83,,,,no,,yes,,no,no,yes,no,no,,sandy,fair_condition,pedestrian_paths,1,0,0,yes,17482629077377455930450228202643-15_35_15.jpg,https://kf.kobotoolbox.org/api/v2/assets/aJh328C2e3SvoptDpoEUxb/data/486475716/attachments/attgPnEp5vJuqzXUyktxejEQ/,17482629184233576523590766591195-15_35_26.jpg,https://kf.kobotoolbox.org/api/v2/assets/aJh328C2e3SvoptDpoEUxb/data/486475716/attachments/atthx76EABeLvh3hkjY2CJFR/,broken,no,no,,,,,,,,,,,,yes,piped_water,,yes,yes,yes,500m_or_further,yes,yes,15000,yes,chlorination,,yes,no,,,,,,,,,yes,2,concrete_tank plastic_tank,1,1,0,0,0,,needs_repair,2,yes,2,training___capacity_development_rooms caregiver_facilities,0,0,1,1,0,0,,3,yes,yes,yes,yes,needs_repair,17482629925563813420672332332272-15_37_4.jpg,https://kf.kobotoolbox.org/api/v2/assets/aJh328C2e3SvoptDpoEUxb/data/486475716/attachments/attnu9WStSPDUoUoBFXMi5tS/,17482630770021808111060316143230-15_38_54.jpg,https://kf.kobotoolbox.org/api/v2/assets/aJh328C2e3SvoptDpoEUxb/data/486475716/attachments/attCHgDvCdkCxwoQFaDwbwaN/,17482631366375844036265165089529-15_39_7.jpg,https://kf.kobotoolbox.org/api/v2/assets/aJh328C2e3SvoptDpoEUxb/data/486475716/attachments/attxN4iwEbTALCrLMQpg83kz/,17482635102577924696478827354065-15_45_19.jpg,https://kf.kobotoolbox.org/api/v2/assets/aJh328C2e3SvoptDpoEUxb/data/486475716/attachments/att2Yx5F4fuHsnQwicXmU88f/,17482635215567386779167421999766-15_45_36.jpg,https://kf.kobotoolbox.org/api/v2/assets/aJh328C2e3SvoptDpoEUxb/data/486475716/attachments/attpauJjZMbc7to4yMVtsBVj/,yes,6,outside_building__but_not_on_premise,0,1,0,2,yes,,yes,0,0,0,6,6,,12,6,no,yes,yes,no,clean,at_all_times_during_the_school_day,point_good_condition,pit_latrine_with_slab,0,1,0,0,0,0,0,,no,no,no,,,,,,,,no,no,no,no,no,no,,no,,,17482637704635408876139921867703-15_49_37.jpg,https://kf.kobotoolbox.org/api/v2/assets/aJh328C2e3SvoptDpoEUxb/data/486475716/attachments/attvHY9iCbuCi3EQNqNFLSA7/,1748263731192405762384387222440-15_49_5.jpg,https://kf.kobotoolbox.org/api/v2/assets/aJh328C2e3SvoptDpoEUxb/data/486475716/attachments/att8SRiahvCq5ThbRHvRMu3U/,17482637818015041857729670882638-15_50_13.jpg,https://kf.kobotoolbox.org/api/v2/assets/aJh328C2e3SvoptDpoEUxb/data/486475716/attachments/attCk58ksLkK2JBkC7uREoK4/,17482638216265629068774729093630-15_50_30.jpg,https://kf.kobotoolbox.org/api/v2/assets/aJh328C2e3SvoptDpoEUxb/data/486475716/attachments/attamycNJaQV2otz6Gottchs/,yes,3,permanent__concrete_metal__sta container_with_tap__veronica_b,1,0,1,0,0,0,,yes__water_and_soap,food_preparation_area food_consumption_area,0,1,1,0,0,0,,yes,yes,yes,yes,point_good_condition,yes,17482641132664691259259645489027-15_55_21.jpg,https://kf.kobotoolbox.org/api/v2/assets/aJh328C2e3SvoptDpoEUxb/data/486475716/attachments/attQfCeHFQgfJ52K2mWc9uRG/,17482641304674122315220254672873-15_55_40.jpg,https://kf.kobotoolbox.org/api/v2/assets/aJh328C2e3SvoptDpoEUxb/data/486475716/attachments/attbvkxdtWSFJBazhoxEAxAY/,17482642341758770769977179618163-15_57_22.jpg,https://kf.kobotoolbox.org/api/v2/assets/aJh328C2e3SvoptDpoEUxb/data/486475716/attachments/attb5zYj4gnMRTGL8vB2EhAU/,no,,,,,,,,no,no,,,,,,,,,no,no,,,,,,,yes,yes,,,yes,yes,yes,yes,yes,standalone_solar national_power_grid,1,1,0,0,,no,,no,yes,no,yes,yes,yes,no,yes,no,yes,no,no,,no,no,no,no,,tod,,tod,,tod,,clubs,,non_teaching_staff,,,yes,no,no,,no,no,no,no,,,,,no,,no,
,,yes,2025-05-26 00:00:00,ke_0_3,ke_1_17,ke_2_85,Qone,Qone primary school,day_school,1,0,0,ecde primary,1,1,0,0,0.93402 39.332135 0 3400,0.93402,39.332135,0,3400,2,6,6,,,93,70,0,0,2,0,1,1,2,163,82,,,yes,yes,yes,yes,,yes,yes,yes,no,no,,clay,poor_condition,pedestrian_paths road_for_light_vehicles,1,1,0,yes,17482690638599148903830489012319-17_18_9.jpg,https://kf.kobotoolbox.org/api/v2/assets/aJh328C2e3SvoptDpoEUxb/data/486494337/attachments/attHiXiPJFEr5vvUDPgV8K6f/,17482691003453935303897400183604-17_18_34.jpg,https://kf.kobotoolbox.org/api/v2/assets/aJh328C2e3SvoptDpoEUxb/data/486494337/attachments/attPdgH8qpUMKKq9e3s4UY3f/,,no,no,,,,,,,,,,,,no,,,,,,,,,,,,,,,,,,,,,,,no,,,,,,,,,,,no,0,,,,,,,,,,,,,,,,,,,,,,,,,no,,,,,,,,,,,,,,,,0,,,,,,,,,,,,,,,,,,,,,,,,,,,,,,no,,,,,no,,,,,,,,,,,no__there_are_handwashing_facilities_nea,,,,,,,,,,,,,,,,,,,,,,,,no,,,,,,,no,,,,,,,,no,no,,,,,,,,,no,no,,,,,,,no,,,,,,,,no,,,,,,,no,,no,yes,yes,yes,yes,yes,no,no,no,no,no,no,,yes,no,no,no,,tod,,teacher,,teachers,,non_teaching_staff,,teachers,,,no,no,no,no,no,no,no,no,,,,,no,,no,
,,yes,2025-05-26 00:00:00,ke_0_3,ke_1_12,ke_2_60,Dololomidi,Dololomidi primary school,day_school,1,0,0,ecde primary jss,1,1,0,1,-0.240844 39.497547 138.292 3.203000068664551,-0.240844,39.497547,138.292,3.203000068664551,,5,7,,8,50,54,0,0,4,1,1,1,5,104,21,,,yes,no,yes,no,,no,yes,yes,yes,no,,sandy,fair_condition,pedestrian_paths,1,0,0,yes,17482686427949204248362747157801-17_10_51.jpg,https://kf.kobotoolbox.org/api/v2/assets/aJh328C2e3SvoptDpoEUxb/data/486503216/attachments/attNTPjVJ7cYGQ3ykAcKqShk/,17482686539993450432621727461917-17_11_2.jpg,https://kf.kobotoolbox.org/api/v2/assets/aJh328C2e3SvoptDpoEUxb/data/486503216/attachments/attTNUWChZC92p9FuKMaBnib/,broken,no,yes,toilets___latrines main_building,1,0,0,0,0,1,17482686924408506966200455755805-17_11_39.jpg,https://kf.kobotoolbox.org/api/v2/assets/aJh328C2e3SvoptDpoEUxb/data/486503216/attachments/attL9FABHEUYxKw6iManAt7p/,17482687021091021696507726403954-17_12_1.jpg,https://kf.kobotoolbox.org/api/v2/assets/aJh328C2e3SvoptDpoEUxb/data/486503216/attachments/attPFGvjLQWD8QqxjBCyorE8/,yes,piped_water,,yes,yes,yes,500m_or_further,yes,no,,yes,chlorination,,yes,no,,,,,,,,,yes,3000,concrete_tank plastic_tank,1,1,0,0,0,,damaged,2,yes,1,,,,,,,,,,,,,,,17482700322141009218162253917115-17_34_2.jpg,https://kf.kobotoolbox.org/api/v2/assets/aJh328C2e3SvoptDpoEUxb/data/486503216/attachments/attD6aPtwJgKVBLfPy8Co4mM/,17482700457717000296109490865315-17_34_12.jpg,https://kf.kobotoolbox.org/api/v2/assets/aJh328C2e3SvoptDpoEUxb/data/486503216/attachments/attrw6rr4AYTMBSbBS9en6Ya/,17482700561746063835756730893212-17_34_22.jpg,https://kf.kobotoolbox.org/api/v2/assets/aJh328C2e3SvoptDpoEUxb/data/486503216/attachments/att7RvYkdDbskqKGZMj8WzSD/,1748270068503524193912695881784-17_34_51.jpg,https://kf.kobotoolbox.org/api/v2/assets/aJh328C2e3SvoptDpoEUxb/data/486503216/attachments/attpnrxawT5FyTTw89jigCuk/,17482700946244738220399410260079-17_34_58.jpg,https://kf.kobotoolbox.org/api/v2/assets/aJh328C2e3SvoptDpoEUxb/data/486503216/attachments/att3wHTFcoUmbLgqDm2rM5bS/,yes,6,within_the_health_facility__on_premise,1,0,0,6,yes,,no,4,,0,2,,,6,,yes,no,no,yes,clean,at_all_times_during_the_school_day,needs_repair,pit_latrine_with_slab,0,1,0,0,0,0,0,,yes,no,no,,,,,,,,no,,no,no,no,no,,no,,,1748268914097371040224525296467-17_15_24.jpg,https://kf.kobotoolbox.org/api/v2/assets/aJh328C2e3SvoptDpoEUxb/data/486503216/attachments/att9kk4HusGGy8LCBb2Qhxx4/,17482688976578008111051058457294-17_15_2.jpg,https://kf.kobotoolbox.org/api/v2/assets/aJh328C2e3SvoptDpoEUxb/data/486503216/attachments/attTsb5HFER8KzLwg8JNK9GL/,1748268952517921237190375862549-17_16_43.jpg,https://kf.kobotoolbox.org/api/v2/assets/aJh328C2e3SvoptDpoEUxb/data/486503216/attachments/att8CsWSGBX76wZfuhKJkkUZ/,17482690066694741807662560676307-17_16_50.jpg,https://kf.kobotoolbox.org/api/v2/assets/aJh328C2e3SvoptDpoEUxb/data/486503216/attachments/atturM8nJ4rKxEuTeeGAhiuU/,no__there_are_handwashing_facilities_nea,,,,,,,,,,,,,,,,,,,,,,,,no,,,,,,,no,,,,,,,,no,no,,,,,,,,,no,no,,,,,,,no,,,,,,,,no,,,,,,,no,,no,yes,no,yes,yes,yes,no,no,no,no,no,no,,no,no,no,no,,clubs,,teacher,,tod,,non_teaching_staff,,teachers,,,yes,yes,yes,no,no,no,no,no,,,,,no,,no,
,,yes,2025-05-26 00:00:00,ke_0_3,ke_1_12,ke_2_60,Dololowein,Dolowein primary school,day_school,1,0,0,ecde primary jss,1,1,0,1,-0.298868 39.556747 0 100,-0.298868,39.556747,0,100,10,5,7,,8,80,40,2,0,5,,1,2,5,120,24,,,yes,no,yes,yes,,no,yes,yes,yes,no,,sandy,fair_condition,pedestrian_paths,1,0,0,yes,17482720783393420192353214548256-18_8_5.jpg,https://kf.kobotoolbox.org/api/v2/assets/aJh328C2e3SvoptDpoEUxb/data/486528995/attachments/attafp8AmA96eXRT5fJbvKiC/,17482720879411664367102941209914-18_8_25.jpg,https://kf.kobotoolbox.org/api/v2/assets/aJh328C2e3SvoptDpoEUxb/data/486528995/attachments/attLWwSF6KoL3J5hXJ3xdHY3/,broken,no,yes,toilets___latrines handwashing_points main_building,1,0,1,0,0,1,17482722809311768358272398291148-18_11_27.jpg,https://kf.kobotoolbox.org/api/v2/assets/aJh328C2e3SvoptDpoEUxb/data/486528995/attachments/attVUdsPCzLu24kD7DSHr6Wf/,17482723097554434424757205499618-18_12_11.jpg,https://kf.kobotoolbox.org/api/v2/assets/aJh328C2e3SvoptDpoEUxb/data/486528995/attachments/attMKpNYCHmxCDgfEpvjfx9t/,yes,piped_water,,yes,yes,mostly__unavailable___30_days,up_to_500m,no,no,,yes,chlorination,,no,no,,,,,,,,,no,,,,,,,,,,2,no,1,preventive_health,0,1,0,0,0,0,,0,no,no,no,yes,needs_repair,17482723777448696778897641459599-18_13_4.jpg,https://kf.kobotoolbox.org/api/v2/assets/aJh328C2e3SvoptDpoEUxb/data/486528995/attachments/attzgLbYnJqpa5JR82fy78GE/,17482723873455706806961448076857-18_13_11.jpg,https://kf.kobotoolbox.org/api/v2/assets/aJh328C2e3SvoptDpoEUxb/data/486528995/attachments/att8FMaAD9aYB2P6cbXieBRM/,17482723951472175016795666381849-18_13_30.jpg,https://kf.kobotoolbox.org/api/v2/assets/aJh328C2e3SvoptDpoEUxb/data/486528995/attachments/attu3QAypUjuk2CUgjTzPtfh/,1748272413620340184048863154844-18_13_36.jpg,https://kf.kobotoolbox.org/api/v2/assets/aJh328C2e3SvoptDpoEUxb/data/486528995/attachments/attZ8KR2fDS57LrETWAYVopy/,17482724194112722359851588015023-18_13_43.jpg,https://kf.kobotoolbox.org/api/v2/assets/aJh328C2e3SvoptDpoEUxb/data/486528995/attachments/attaonirvVTupy7BQAZG2eUT/,yes,4,within_the_health_facility__on_premise,1,0,0,2,no,4,no,,,,,,,0,,no,no,no,no,somewhat_clean,at_all_times_during_the_school_day,damaged,pit_latrine_with_slab,0,1,0,0,0,0,0,,yes,no,no,,,,,,,,no,no,no,no,no,no,,no,,,17482721753382970592668703109266-18_10_0.jpg,https://kf.kobotoolbox.org/api/v2/assets/aJh328C2e3SvoptDpoEUxb/data/486528995/attachments/att6mGewRgU9EGqtwRUUbPSz/,17482722043275297562663291462211-18_10_11.jpg,https://kf.kobotoolbox.org/api/v2/assets/aJh328C2e3SvoptDpoEUxb/data/486528995/attachments/attmD2KNwnqCVN36zTCLq9sy/,17482724417446101865574850042959-18_14_5.jpg,https://kf.kobotoolbox.org/api/v2/assets/aJh328C2e3SvoptDpoEUxb/data/486528995/attachments/attcNbtwVqAeCr4wHuPxpAJu/,17482724481366898053401723424769-18_14_11.jpg,https://kf.kobotoolbox.org/api/v2/assets/aJh328C2e3SvoptDpoEUxb/data/486528995/attachments/attfeDZcDjw9YR4wnuLzsLzC/,no__there_are_handwashing_facilities_nea,,,,,,,,,,,,,,,,,,,,,,,,no,,,,,,,no,,,,,,,,no,no,,,,,,,,,no,no,,,,,,,yes,yes,no,,no,yes,no,yes,no,,,,,,,no,,no,yes,no,yes,yes,yes,no,no,no,no,no,no,,no,no,no,no,,clubs,,tod,,teachers,,non_teaching_staff,,teachers,,,yes,no,yes,yes,yes,no,yes,no,,,,,no,,no,
,,yes,2025-05-26 00:00:00,ke_0_3,ke_1_12,ke_2_60,Balich,Balich primary,day_school,1,0,0,ecde primary jss,1,1,0,1,-0.221153 39.479692 132.929 2.309000015258789,-0.221153,39.479692,132.929,2.309000015258789,9,5,8,,8,130,142,3,1,6,6,1,1,12,272,23,,,yes,no,no,,,no,yes,yes,yes,,,sandy,fair_condition,pedestrian_paths road_for_light_vehicles,1,1,0,yes,,,,,broken,no,,,,,,,,,,,,,no,,,,,,,,,,,,,,,,,,,,,,,yes,15000,plastic_tank,0,1,0,0,0,,point_good_condition,,yes,2,occupational_therapy,1,0,0,0,0,0,,2,yes,yes,yes,yes,point_good_condition,JPEG_20250526_162532_3010152420244568740-16_25_47.jpg,https://kf.kobotoolbox.org/api/v2/assets/aJh328C2e3SvoptDpoEUxb/data/486551604/attachments/attXPJzBHZEigMZ3mEPbMrpf/,JPEG_20250526_162608_1261765602632196611-16_26_19.jpg,https://kf.kobotoolbox.org/api/v2/assets/aJh328C2e3SvoptDpoEUxb/data/486551604/attachments/attr3m9dKFmT6LGof8MHyUJn/,JPEG_20250526_163354_4137495188891675740-16_34_15.jpg,https://kf.kobotoolbox.org/api/v2/assets/aJh328C2e3SvoptDpoEUxb/data/486551604/attachments/attoazkkKxywZfiBXifMxqYY/,JPEG_20250526_162636_4629350097212916749-16_26_46.jpg,https://kf.kobotoolbox.org/api/v2/assets/aJh328C2e3SvoptDpoEUxb/data/486551604/attachments/attif9iV6TfRtUtcF35pD4rA/,JPEG_20250526_163420_3489670618014498673-16_34_31.jpg,https://kf.kobotoolbox.org/api/v2/assets/aJh328C2e3SvoptDpoEUxb/data/486551604/attachments/attXEeKWZJSd8CmgtuzDxCLC/,yes,17,within_the_health_facility__on_premise outside_building__but_not_on_premise,1,1,0,,yes,,yes,6,0,0,9,1,1,17,,no,no,yes,no,clean,at_all_times_during_the_school_day,point_good_condition,pit_latrine_with_slab,0,1,0,0,0,0,0,,yes,no,no,,,,,,,,no,no,yes,no,no,yes,no,don_t_know,,,JPEG_20250526_162848_4412980323010780936-16_29_16.jpg,https://kf.kobotoolbox.org/api/v2/assets/aJh328C2e3SvoptDpoEUxb/data/486551604/attachments/attUcQwtta7wpRi8hi7kjHqb/,JPEG_20250526_162938_1591915058220588832-16_29_46.jpg,https://kf.kobotoolbox.org/api/v2/assets/aJh328C2e3SvoptDpoEUxb/data/486551604/attachments/attoLvgL99kq9DnTG89q8eCx/,JPEG_20250526_163033_7184262009126251686-16_30_52.jpg,https://kf.kobotoolbox.org/api/v2/assets/aJh328C2e3SvoptDpoEUxb/data/486551604/attachments/att4ZGvyJKujM3vmfYfDMYB2/,,,yes,2,container_with_tap__veronica_b,0,0,1,0,0,0,,yes__water_and_soap,toilets food_preparation_area food_consumption_area,1,1,1,0,0,0,,yes,yes,yes,yes,point_good_condition,yes,JPEG_20250526_163620_7112095392719098524-16_36_29.jpg,https://kf.kobotoolbox.org/api/v2/assets/aJh328C2e3SvoptDpoEUxb/data/486551604/attachments/attFERwGGnYCqKNo8jhecLSx/,JPEG_20250526_163636_3512775489724055612-16_36_59.jpg,https://kf.kobotoolbox.org/api/v2/assets/aJh328C2e3SvoptDpoEUxb/data/486551604/attachments/attVECRs9TLpwxws7kV7TYAf/,JPEG_20250526_163723_1902240165081746020-16_37_37.jpg,https://kf.kobotoolbox.org/api/v2/assets/aJh328C2e3SvoptDpoEUxb/data/486551604/attachments/attcKujageJ7A47kKmKozQeL/,no,,,,,,,,no,yes,disposing_latrine,0,0,0,0,1,0,,no,yes,,,,,,,no,,,,,,,,no,,,,,,,no,,no,yes,no,yes,yes,yes,no,no,no,no,no,,,yes,yes,yes,no,,tod,,tod,,teachers,,teachers,,teachers,,,no,yes,yes,no,no,no,no,,,,,,yes,yes,no,
,,yes,2025-05-26 00:00:00,ke_0_3,ke_1_12,ke_2_59,Magathow,Magathow primary school,day_school,1,0,0,ecde primary,1,1,0,0,-0.138381 39.334729 146.11046235155965 2200,-0.138381,39.334729,146.1104623515596,2200,4,5,7,,,33,23,0,0,2,0,1,0,2,56,28,,,yes,no,yes,yes,,no,no,yes,no,no,,sandy,fair_condition,pedestrian_paths,1,0,0,yes,1748254363892207620790417605437-13_12_56.jpg,https://kf.kobotoolbox.org/api/v2/assets/aJh328C2e3SvoptDpoEUxb/data/486596269/attachments/attPNzRjAdy3u5AgS2sTEi8R/,1748254380123648033521413624506-13_13_7.jpg,https://kf.kobotoolbox.org/api/v2/assets/aJh328C2e3SvoptDpoEUxb/data/486596269/attachments/attYfYMHHsBEqgPPUU5wbYqa/,good_condition_bldg,no,no,,,,,,,,,,,,no,,,,,,,,,,,,,,,,,,,,,,,no,,,,,,,,,,,no,0,,,,,,,,,,,,,,,,,,,,,,,,,yes,2,within_the_health_facility__on_premise,1,0,0,1,no,2,no,,,,,,,0,,yes,yes,yes,yes,clean,during_specific_times_during_the_school_,damaged,pit_latrine_with_slab,0,1,0,0,0,0,0,,yes,no,no,,,,,,,,no,no,no,no,no,no,,don_t_know,,,,,17482545348153312970009739077174-13_15_44.jpg,https://kf.kobotoolbox.org/api/v2/assets/aJh328C2e3SvoptDpoEUxb/data/486596269/attachments/atti7RqjxE6M8ZCM87ACuLC7/,17482578221431991741002438367789-14_10_33.jpg,https://kf.kobotoolbox.org/api/v2/assets/aJh328C2e3SvoptDpoEUxb/data/486596269/attachments/attVgvGoinzt4mgx5DBifcpQ/,17482578363607065611157875063892-14_10_43.jpg,https://kf.kobotoolbox.org/api/v2/assets/aJh328C2e3SvoptDpoEUxb/data/486596269/attachments/attwcsmYnBQuhErnK9phypFf/,no__there_are_handwashing_facilities_nea,,,,,,,,,,,,,,,,,,,,,,,,no,,,,,,,no,,,,,,,,no,no,,,,,,,,,no,no,,,,,,,no,,,,,,,,yes,standalone_solar,1,0,0,0,,no,,no,yes,no,yes,yes,yes,no,no,no,no,no,no,,no,no,no,no,,other,No Washing facilities,others,No washing facilities,others,No washing facilities,others,No washing Facilities,others,No washing facilities,,yes,no,yes,no,no,no,,no,,,,,no,,no,
,,yes,2025-05-26 00:00:00,ke_0_3,ke_1_12,ke_2_59,Daley,Daley Primary School,day_school,1,0,0,ecde primary jss,1,1,0,1,-0.177311 39.401504 138.740834145286 7,-0.177311,39.401504,138.740834145286,7,12,5,7,,8,216,176,2,1,6,3,1,2,9,392,44,,,yes,no,yes,yes,,no,yes,no,no,,,sandy,fair_condition,pedestrian_paths,1,0,0,yes,17482527375473880284105179307993-12_45_50.jpg,https://kf.kobotoolbox.org/api/v2/assets/aJh328C2e3SvoptDpoEUxb/data/486664218/attachments/att372YBDYLuSSnt4JmNzasb/,17482529303303980120882527380891-12_48_55.jpg,https://kf.kobotoolbox.org/api/v2/assets/aJh328C2e3SvoptDpoEUxb/data/486664218/attachments/att3Vaz7ijqUH5w4pDMG8Mw8/,broken,no,yes,toilets___latrines,1,0,0,0,0,0,1748252977524315526251415308195-12_49_48.jpg,https://kf.kobotoolbox.org/api/v2/assets/aJh328C2e3SvoptDpoEUxb/data/486664218/attachments/attSvLNkJwFrY66NLruZ67mJ/,174825301940962933890905549398-12_50_27.jpg,https://kf.kobotoolbox.org/api/v2/assets/aJh328C2e3SvoptDpoEUxb/data/486664218/attachments/attWSzA5CN5LXj2YSQZm79oJ/,yes,piped_water,,yes,yes,yes,up_to_500m,yes,yes,10000,yes,chlorination,,no,no,,,,,,,,,no,,,,,,,,,,1,yes,2,preventive_health,0,1,0,0,0,0,,1,yes,yes,yes,yes,needs_repair,17482531459285724680684785681256-12_52_31.jpg,https://kf.kobotoolbox.org/api/v2/assets/aJh328C2e3SvoptDpoEUxb/data/486664218/attachments/attE4CVJTbzZVF4CmQ5ZZXy3/,17482531540195719166149492445588-12_52_37.jpg,https://kf.kobotoolbox.org/api/v2/assets/aJh328C2e3SvoptDpoEUxb/data/486664218/attachments/attCz2cCFGNhot2vteEscjQ8/,17482531594833945642985241989791-12_52_49.jpg,https://kf.kobotoolbox.org/api/v2/assets/aJh328C2e3SvoptDpoEUxb/data/486664218/attachments/att97VP89QSuGr6bqCvnZRtj/,17482531733276351469519324817967-12_52_57.jpg,https://kf.kobotoolbox.org/api/v2/assets/aJh328C2e3SvoptDpoEUxb/data/486664218/attachments/attjzfKttuh4NmSTStvmqH6s/,17482531867098690298768652965034-12_53_10.jpg,https://kf.kobotoolbox.org/api/v2/assets/aJh328C2e3SvoptDpoEUxb/data/486664218/attachments/attc5qpYi9m67npQ9qV4FfW7/,yes,8,within_the_health_facility__on_premise,1,0,0,8,,,yes,,0,,,1,1,2,,no,no,no,no,somewhat_clean,at_all_times_during_the_school_day,point_good_condition,pit_latrine_with_slab,0,1,0,0,0,0,0,,yes,no,no,,,,,,,,no,no,no,no,no,no,,no,,,17482889654587948032963197777045-22_49_44.jpg,https://kf.kobotoolbox.org/api/v2/assets/aJh328C2e3SvoptDpoEUxb/data/486664218/attachments/attjkwYwoANUDCGCpgxdjnae/,17482892525929055401937643597698-22_54_41.jpg,https://kf.kobotoolbox.org/api/v2/assets/aJh328C2e3SvoptDpoEUxb/data/486664218/attachments/attQB3LEF8AkbYujnKw8pthY/,17482890108034276673225627980203-22_50_23.jpg,https://kf.kobotoolbox.org/api/v2/assets/aJh328C2e3SvoptDpoEUxb/data/486664218/attachments/attehEk3YjpBdZqKwjsaMpT3/,17482890262978448307700157189135-22_50_32.jpg,https://kf.kobotoolbox.org/api/v2/assets/aJh328C2e3SvoptDpoEUxb/data/486664218/attachments/att5aJRbFtBSfju7omvwcaiQ/,yes,1,permanent__concrete_metal__sta,1,0,0,0,0,0,,neither_water_nor_soap,toilets,1,0,0,0,0,0,,no,no,no,yes,needs_repair,no,17482891993215273963458140550411-22_53_29.jpg,https://kf.kobotoolbox.org/api/v2/assets/aJh328C2e3SvoptDpoEUxb/data/486664218/attachments/attVwg9zE8btEyUKAGGkqoKR/,17482892206712870703829994723460-22_53_46.jpg,https://kf.kobotoolbox.org/api/v2/assets/aJh328C2e3SvoptDpoEUxb/data/486664218/attachments/attsgVZTgn8y5cPfh4iqh2Ap/,17482892312934080980559319846412-22_54_0.jpg,https://kf.kobotoolbox.org/api/v2/assets/aJh328C2e3SvoptDpoEUxb/data/486664218/attachments/attUViV8haQKqWwME4wzq85X/,no,,,,,,,,no,no,,,,,,,,,,no,,,,,,,no,,,,,,,,no,,,,,,,no,,no,yes,no,yes,yes,yes,no,yes,no,no,no,no,,no,no,no,no,,pupils,,tod,,teachers,,non_teaching_staff,,teachers,,,no,yes,no,no,no,yes,yes,no,,,,,no,,no,
,,yes,2025-05-27 00:00:00,ke_0_3,ke_1_15,ke_2_72,Bulla maka,Bula maka,day_school,1,0,0,ecde primary,1,1,0,0,-0.3868829 39.6988884 189.0 4.0,-0.3868829,39.6988884,189,4,2,5,7,,,49,55,0,0,1,2,1,1,3,104,35,,,yes,no,yes,yes,,no,no,yes,yes,no,,sandy,fair_condition,pedestrian_paths road_for_light_vehicles road_for_trucks,1,1,1,yes,1748325785297.jpg,https://kf.kobotoolbox.org/api/v2/assets/aJh328C2e3SvoptDpoEUxb/data/486800234/attachments/attwPdGQBezaonDrZuZHcGiA/,1748325813845.jpg,https://kf.kobotoolbox.org/api/v2/assets/aJh328C2e3SvoptDpoEUxb/data/486800234/attachments/attGWzAqoqhYyvGPrvf28Wgb/,broken,no,no,,,,,,,,,,,,no,,,,,,,,,,,,,,,,,,,,,,,no,,,,,,,,,,,no,0,,,,,,,,,,,,,,,,,,,,,,,,,yes,2,within_the_health_facility__on_premise,1,0,0,2,no,2,no,,,,,,,0,,no,yes,yes,no,somewhat_clean,at_all_times_during_the_school_day,point_good_condition,pit_latrine_with_slab,0,1,0,0,0,0,0,,no,no,yes,water,0,1,0,0,0,,no,no,no,no,no,no,,no,,,1748326142705.jpg,https://kf.kobotoolbox.org/api/v2/assets/aJh328C2e3SvoptDpoEUxb/data/486800234/attachments/att2XBKqZeT365ZSownrRJ3V/,1748326156047.jpg,https://kf.kobotoolbox.org/api/v2/assets/aJh328C2e3SvoptDpoEUxb/data/486800234/attachments/att76dyPBKMKysbFLozhtMHq/,,,,,no__there_are_handwashing_facilities_nea,,,,,,,,,,,,,,,,,,,,,,,,yes,,,,,,,no,,,,,,,,no,no,,,,,,,,,no,yes,,,,,,,no,,,,,,,,no,,,,,,,no,,no,no,no,no,no,no,no,no,no,no,no,no,,no,no,no,no,,teachers,,tod,,teachers,,teachers,,teachers,,,no,no,no,no,no,no,no,yes,yes,yes,1748326341580.jpg,https://kf.kobotoolbox.org/api/v2/assets/aJh328C2e3SvoptDpoEUxb/data/486800234/attachments/attZqCzkkoAcT7WgJPtWG32k/,no,,no,
,,yes,2025-05-27 00:00:00,ke_0_3,ke_1_17,ke_2_84,Ama,Ama primary,mixed_day,0,0,1,ecde primary jss,1,1,0,1,0.743288 39.180027 212.89999999999998 6.099999904632568,0.743288,39.180027,212.9,6.099999904632568,15,,,,,498,272,5,5,10,5,1,2,15,770,51,,,yes,yes,yes,yes,,yes,yes,yes,yes,,,sandy,fair_condition,pedestrian_paths road_for_light_vehicles road_for_trucks,1,1,1,yes,17483273483559083608216254343623-9_29_16.jpg,https://kf.kobotoolbox.org/api/v2/assets/aJh328C2e3SvoptDpoEUxb/data/486815782/attachments/attqGfxfgk8ozK7oGSBek2PW/,17483273595406679645758550301645-9_29_25.jpg,https://kf.kobotoolbox.org/api/v2/assets/aJh328C2e3SvoptDpoEUxb/data/486815782/attachments/attxmyPncup2623LFK37fMsp/,broken,no,yes,toilets___latrines waste_management_facilities,1,0,0,1,0,0,17483273902551330191065590138942-9_30_5.jpg,https://kf.kobotoolbox.org/api/v2/assets/aJh328C2e3SvoptDpoEUxb/data/486815782/attachments/attwXo8y9ZdBEGNi2jzeixtk/,17483274933007899499929322361993-9_31_43.jpg,https://kf.kobotoolbox.org/api/v2/assets/aJh328C2e3SvoptDpoEUxb/data/486815782/attachments/attUxFQ2mrXJxeXfBA9hrcdr/,no,,,,,,,,,,,,,,,,,,,,,,,yes,25000,plastic_tank,0,1,0,0,0,,point_good_condition,,no,1,staff_rooms,0,0,0,0,1,0,,1,yes,yes,yes,yes,point_good_condition,17483275797124864746823365370623-9_33_10.jpg,https://kf.kobotoolbox.org/api/v2/assets/aJh328C2e3SvoptDpoEUxb/data/486815782/attachments/attUZ7b3x4ohBfWNiNPPwsAM/,17483276100831248114332586162223-9_33_38.jpg,https://kf.kobotoolbox.org/api/v2/assets/aJh328C2e3SvoptDpoEUxb/data/486815782/attachments/atthMSwDCzQbB9XwtsFehcYw/,17483276309177320456330563401682-9_34_1.jpg,https://kf.kobotoolbox.org/api/v2/assets/aJh328C2e3SvoptDpoEUxb/data/486815782/attachments/attG8bMPcCbeQixpLguWk3vX/,1748327646935398495823250617488-9_34_12.jpg,https://kf.kobotoolbox.org/api/v2/assets/aJh328C2e3SvoptDpoEUxb/data/486815782/attachments/attgWyP8odtc8BH9CAtwuCXe/,17483276640396439192338446550517-9_34_33.jpg,https://kf.kobotoolbox.org/api/v2/assets/aJh328C2e3SvoptDpoEUxb/data/486815782/attachments/attzYW8pjGNCHe2nRR8kniuM/,yes,8,within_the_health_facility__on_premise,1,0,0,,yes,,yes,4,0,0,4,2,2,12,4,yes,no,no,no,somewhat_clean,at_all_times_during_the_school_day,point_good_condition,pit_latrine_with_slab,0,1,0,0,0,0,0,,yes,no,no,,,,,,,,yes,no,no,no,no,no,,no,,,1748327775646966597009324561179-9_36_20.jpg,https://kf.kobotoolbox.org/api/v2/assets/aJh328C2e3SvoptDpoEUxb/data/486815782/attachments/attxbKB4tVqR3U67wTEwHP2N/,17483277840164060349431287718142-9_36_30.jpg,https://kf.kobotoolbox.org/api/v2/assets/aJh328C2e3SvoptDpoEUxb/data/486815782/attachments/attqzrbyaETx6Su7WEeMqqPr/,1748327814864163215884168205981-9_37_6.jpg,https://kf.kobotoolbox.org/api/v2/assets/aJh328C2e3SvoptDpoEUxb/data/486815782/attachments/attxJ4iZETRLQS7DC8kiTv5S/,17483278338046397525420940400248-9_37_21.jpg,https://kf.kobotoolbox.org/api/v2/assets/aJh328C2e3SvoptDpoEUxb/data/486815782/attachments/attEUyWcSZ7nmQBMtdv4sW9b/,yes,2,tank_with_multiple_taps,0,1,0,0,0,0,,yes__water_and_soap,school_yard,0,0,0,0,1,0,,yes,yes,yes,yes,point_good_condition,no,17483280676423530040076163193609-9_41_18.jpg,https://kf.kobotoolbox.org/api/v2/assets/aJh328C2e3SvoptDpoEUxb/data/486815782/attachments/attPdq7HFzoKLeucb8CTgjbB/,17483280849225120637743775964199-9_41_31.jpg,https://kf.kobotoolbox.org/api/v2/assets/aJh328C2e3SvoptDpoEUxb/data/486815782/attachments/attc5gHi6HN3w5mWQj9Qt2UG/,17483280953291688705181417540418-9_41_41.jpg,https://kf.kobotoolbox.org/api/v2/assets/aJh328C2e3SvoptDpoEUxb/data/486815782/attachments/attAigHe3gjbZ8s7wkJ8ZDYM/,no,,,,,,,,no,no,,,,,,,,,no,yes,,,,,,,yes,yes,yes,,no,yes,yes,,no,,,,,,,no,,no,yes,no,yes,yes,yes,no,no,no,yes,no,,,no,no,no,no,,tod,,teacher,,teachers,,teachers,,teachers,,,no,no,no,no,no,no,no,no,,,,,yes,no,yes,no
,,yes,2025-05-27 00:00:00,ke_0_3,ke_1_12,ke_2_57,Danyere ,Danyere primary and jss,mixed_day,0,0,1,ecde primary jss,1,1,0,1,0.01041 38.7422533 354.0 4.44,0.01041,38.7422533,354,4.44,10,5,7,,8,418,312,0,0,7,2,4,0,9,730,81,,,yes,yes,yes,yes,,yes,yes,yes,yes,,,rocky,fair_condition,pedestrian_paths road_for_light_vehicles,1,1,0,yes,1748329230866.jpg,https://kf.kobotoolbox.org/api/v2/assets/aJh328C2e3SvoptDpoEUxb/data/486825040/attachments/atty23QtFLfaAYX9DhiH8LT5/,1748329146424.jpg,https://kf.kobotoolbox.org/api/v2/assets/aJh328C2e3SvoptDpoEUxb/data/486825040/attachments/attp2obYz26FKt7kz29jS68c/,good_condition_bldg,no,no,,,,,,,,,,,,no,,,,,,,,,,,,,,,,,,,,,,,yes,70000,plastic_tank,0,1,0,0,0,,needs_repair,,no,0,,,,,,,,,,,,,,,,,,,,,,,,,yes,13,outside_building__but_not_on_premise,0,1,0,10,yes,,yes,5,0,0,5,2,1,13,,yes,yes,yes,no,clean,at_all_times_during_the_school_day,point_good_condition,pit_latrine_with_slab,0,1,0,0,0,0,0,,yes,no,yes,water,0,1,0,0,0,,no,no,no,no,no,yes,,no,,,1748328857576.jpg,https://kf.kobotoolbox.org/api/v2/assets/aJh328C2e3SvoptDpoEUxb/data/486825040/attachments/atthr78SBAjXBjXEdk3HsVL7/,1748328871571.jpg,https://kf.kobotoolbox.org/api/v2/assets/aJh328C2e3SvoptDpoEUxb/data/486825040/attachments/attFxSDVesbKHxNJShpRodF5/,1748329005751.jpg,https://kf.kobotoolbox.org/api/v2/assets/aJh328C2e3SvoptDpoEUxb/data/486825040/attachments/att9CfHtEtKG6b9WzdiMtPWk/,1748329050948.jpg,https://kf.kobotoolbox.org/api/v2/assets/aJh328C2e3SvoptDpoEUxb/data/486825040/attachments/attRSVtNFfxC3E3asHzkYrp2/,yes,2,container_with_tap__veronica_b,0,0,1,0,0,0,,water_only,others,0,0,0,0,0,1,Next staff room,yes,yes,yes,yes,point_good_condition,yes,1748328743916.jpg,https://kf.kobotoolbox.org/api/v2/assets/aJh328C2e3SvoptDpoEUxb/data/486825040/attachments/att4ZJ4xY87be7GjNjfz4KLV/,,,,,no,,,,,,,,no,no,,,,,,,,,no,yes,,,,,,,yes,yes,no,,,yes,,,yes,standalone_solar,1,0,0,0,,no,,,yes,,,yes,,,,,,,,,yes,yes,no,yes,5000,tod,,tod,,teachers,,non_teaching_staff,,teachers,,,no,no,yes,no,no,yes,yes,yes,yes,yes,1748328678974.jpg,https://kf.kobotoolbox.org/api/v2/assets/aJh328C2e3SvoptDpoEUxb/data/486825040/attachments/attuu5CeRc9Acepx6yTTd3ho/,yes,yes,no,
,,yes,2025-05-27 00:00:00,ke_0_3,ke_1_15,ke_2_75,Bula towfiq,Towfiq primary school,day_school,1,0,0,ecde primary,1,1,0,0,-0.416843 39.67681 0 2099.9990234375,-0.416843,39.67681,0,2099.9990234375,4,6,7,,,135,120,1,0,4,2,1,1,6,255,43,,,yes,no,yes,yes,,yes,no,yes,yes,no,,sandy,fair_condition,pedestrian_paths road_for_light_vehicles,1,1,0,yes,17483292123882296288127240954310-10_0_18.jpg,https://kf.kobotoolbox.org/api/v2/assets/aJh328C2e3SvoptDpoEUxb/data/486831657/attachments/attn6oB6KHo3zvb7Wf4tLKd4/,17483292218618913127566791597520-10_0_26.jpg,https://kf.kobotoolbox.org/api/v2/assets/aJh328C2e3SvoptDpoEUxb/data/486831657/attachments/attp9CLrQeUJp3SjVhKc6AnL/,broken,no,yes,main_building,0,0,0,0,0,1,17483292832633681652275971922886-10_1_28.jpg,https://kf.kobotoolbox.org/api/v2/assets/aJh328C2e3SvoptDpoEUxb/data/486831657/attachments/attYSYonbiNETfxjGpjpQY4d/,17483293133188590993140827547790-10_2_0.jpg,https://kf.kobotoolbox.org/api/v2/assets/aJh328C2e3SvoptDpoEUxb/data/486831657/attachments/att42JBypTw6JtcqVCxRpkHs/,no,,,,,,,,,,,,,,,,,,,,,,,yes,10000,plastic_tank,0,1,0,0,0,,point_good_condition,,no,1,other,0,0,0,0,0,1,In front of the classrooms,1,yes,yes,yes,yes,point_good_condition,17483294125026142149324821266538-10_3_37.jpg,https://kf.kobotoolbox.org/api/v2/assets/aJh328C2e3SvoptDpoEUxb/data/486831657/attachments/attNVcLnKNfxLtk9TbMDi2ZE/,17483294247916250852154442144372-10_3_50.jpg,https://kf.kobotoolbox.org/api/v2/assets/aJh328C2e3SvoptDpoEUxb/data/486831657/attachments/attyhiZ3fkAFrzJpRvRcCU5R/,1748329433082290268145942447581-10_4_5.jpg,https://kf.kobotoolbox.org/api/v2/assets/aJh328C2e3SvoptDpoEUxb/data/486831657/attachments/attoNQC3siRy2z58j3VJdpu6/,17483294603942242506567654456157-10_4_24.jpg,https://kf.kobotoolbox.org/api/v2/assets/aJh328C2e3SvoptDpoEUxb/data/486831657/attachments/attPAcNt2VytPVr5mKeBMyRZ/,17483294666785228965279684831161-10_4_29.jpg,https://kf.kobotoolbox.org/api/v2/assets/aJh328C2e3SvoptDpoEUxb/data/486831657/attachments/attrk4WGjmrX66t44esMsDPB/,yes,6,within_the_health_facility__on_premise,1,0,0,6,no,6,no,,,,,,,0,,no,no,no,no,somewhat_clean,at_all_times_during_the_school_day,point_good_condition,pit_latrine_with_slab,0,1,0,0,0,0,0,,no,no,yes,water,0,1,0,0,0,,no,no,no,no,no,no,,no,,,17483296244353173495650727670754-10_7_16.jpg,https://kf.kobotoolbox.org/api/v2/assets/aJh328C2e3SvoptDpoEUxb/data/486831657/attachments/attvv7F7vnkACrSJdcXp9u8E/,1748329644424906201436302722561-10_7_34.jpg,https://kf.kobotoolbox.org/api/v2/assets/aJh328C2e3SvoptDpoEUxb/data/486831657/attachments/attgAmu8KyaRMPN9rcNWVZpJ/,17483296632557348229929982389282-10_7_55.jpg,https://kf.kobotoolbox.org/api/v2/assets/aJh328C2e3SvoptDpoEUxb/data/486831657/attachments/attJE9uSxcACSSwHMkerZDcs/,17483296881921909646197215394831-10_8_12.jpg,https://kf.kobotoolbox.org/api/v2/assets/aJh328C2e3SvoptDpoEUxb/data/486831657/attachments/attKvsbtUFQGvDcsnp5iPHbg/,no__there_are_handwashing_facilities_nea,,,,,,,,,,,,,,,,,,,,,,,,no,,,,,,,no,,,,,,,,no,no,,,,,,,,,no,no,,,,,,,no,,,,,,,,no,,,,,,,no,,no,yes,no,yes,yes,yes,no,no,yes,yes,no,no,,yes,no,no,yes,10000,tod,,teacher,,teachers,,non_teaching_staff,,teachers,,,no,yes,yes,yes,no,no,no,no,,,,,yes,yes,no,
,,yes,2025-05-27 00:00:00,ke_0_3,ke_1_12,ke_2_59,Hadley,Hadley,day_school,1,0,0,ecde primary jss,1,1,0,1,-0.131618 39.318516 0 4099.9990234375,-0.131618,39.318516,0,4099.9990234375,10,5,8,,8,196,248,,1,7,1,1,1,8,444,56,,,yes,no,yes,yes,,no,yes,yes,no,,,sandy,poor_condition,pedestrian_paths road_for_light_vehicles,1,1,0,yes,JPEG_20250527_102649_3566084248974311369-10_26_59.jpg,https://kf.kobotoolbox.org/api/v2/assets/aJh328C2e3SvoptDpoEUxb/data/486847409/attachments/att8t5vD3qXvn458abNTVmUN/,JPEG_20250527_102751_5958044926267192134-10_27_57.jpg,https://kf.kobotoolbox.org/api/v2/assets/aJh328C2e3SvoptDpoEUxb/data/486847409/attachments/attJ8rQt8dUndNqvw4zrs4Kg/,poor_condition_bldg,no,no,,,,,,,,,,,,no,,,,,,,,,,,,,,,,,,,,,,,no,,,,,,,,,,,no,0,,,,,,,,,,,,,,,,,,,,,,,,,yes,9,outside_building__but_not_on_premise,0,1,0,9,yes,,yes,4,0,0,4,1,0,9,,yes,yes,yes,no,clean,at_all_times_during_the_school_day,needs_repair,pit_latrine_with_slab,0,1,0,0,0,0,0,,yes,no,no,,,,,,,,no,no,no,no,no,yes,,no,,,,,,,JPEG_20250527_103607_4412031979703018247-10_36_21.jpg,https://kf.kobotoolbox.org/api/v2/assets/aJh328C2e3SvoptDpoEUxb/data/486847409/attachments/attqSdDeMkwdULU6UC7HkMTr/,JPEG_20250527_103636_1763319846527664130-10_36_49.jpg,https://kf.kobotoolbox.org/api/v2/assets/aJh328C2e3SvoptDpoEUxb/data/486847409/attachments/attBPNHB45QKG8W4xQbAaVvN/,yes,2,container_with_tap__veronica_b other,0,0,1,0,0,1,Jericans,water_only,toilets,1,0,0,0,0,0,,yes,yes,yes,yes,point_good_condition,no,JPEG_20250527_101608_772080270190807452-10_16_19.jpg,https://kf.kobotoolbox.org/api/v2/assets/aJh328C2e3SvoptDpoEUxb/data/486847409/attachments/attVWD4sxMpKUVdGMvP9cmK4/,JPEG_20250527_101658_6415417664818856084-10_17_5.jpg,https://kf.kobotoolbox.org/api/v2/assets/aJh328C2e3SvoptDpoEUxb/data/486847409/attachments/attND4tfz9RGFgBZ9uRH7qo3/,JPEG_20250527_101859_8718366063305468626-10_19_7.jpg,https://kf.kobotoolbox.org/api/v2/assets/aJh328C2e3SvoptDpoEUxb/data/486847409/attachments/attBud5mcZRv2iDkuDCR8Jg6/,no,,,,,,,,no,yes,disposing_latrine,0,0,0,0,1,0,,no,yes,,,,,,,no,,,,,,,,yes,diesel_generator,0,0,1,0,,no,,no,yes,no,yes,yes,yes,no,no,no,no,no,no,,yes,yes,yes,no,,other,Support staff,teacher,,teachers,,teachers,,teachers,,,no,no,no,no,no,no,no,no,,,,,yes,yes,no,
,,yes,2025-05-27 00:00:00,ke_0_3,ke_1_12,ke_2_57,Siqley,Siqley primary,day_school,1,0,0,ecde primary,1,1,0,0,-0.063279 38.739266 281.2972068786621 3.5355339059327373,-0.063279,38.739266,281.2972068786621,3.535533905932737,4,5,7,,,178,96,0,0,3,0,1,1,3,274,91,,,yes,no,yes,yes,,no,no,yes,no,,,rocky,fair_condition,road_for_light_vehicles,0,1,0,yes,image-10_2_49.jpg,https://kf.kobotoolbox.org/api/v2/assets/aJh328C2e3SvoptDpoEUxb/data/486848776/attachments/attZWNi6nBEPhGfXq6Ziiyyh/,image-10_3_12.jpg,https://kf.kobotoolbox.org/api/v2/assets/aJh328C2e3SvoptDpoEUxb/data/486848776/attachments/attsZMMCkWFwKoHUCjEX3j5K/,good_condition_bldg,no,no,,,,,,,,,,,,no,,,,,,,,,,,,,,,,,,,,,,,no,,,,,,,,,,,no,0,,,,,,,,,,,,,,,,,,,,,,,,,yes,2,within_the_health_facility__on_premise,1,0,0,2,no,2,no,,,,,,,0,,no,no,yes,no,somewhat_clean,at_all_times_during_the_school_day,point_good_condition,pit_latrine_with_slab,0,1,0,0,0,0,0,,yes,no,yes,water,0,1,0,0,0,,no,no,no,no,yes,no,,no,,,,,image-10_9_22.jpg,https://kf.kobotoolbox.org/api/v2/assets/aJh328C2e3SvoptDpoEUxb/data/486848776/attachments/att9Q3qvnG2Dq8oYVGdDyE9t/,image-10_9_30.jpg,https://kf.kobotoolbox.org/api/v2/assets/aJh328C2e3SvoptDpoEUxb/data/486848776/attachments/attzmD6rWoYyjdPvwZGQoGBX/,image-10_9_41.jpg,https://kf.kobotoolbox.org/api/v2/assets/aJh328C2e3SvoptDpoEUxb/data/486848776/attachments/attMxhagWjCGffWECQm6DWEB/,no__there_are_handwashing_facilities_nea,,,,,,,,,,,,,,,,,,,,,,,,no,,,,,,,no,,,,,,,,no,no,,,,,,,,,no,no,,,,,,,no,,,,,,,,no,,,,,,,no,,no,yes,no,no,yes,no,no,no,no,no,no,,,yes,no,no,no,,teachers,,teacher,,teachers,,teachers,,teachers,,,no,no,no,no,no,no,no,no,,,,,no,,no,
,,yes,2025-05-27 00:00:00,ke_0_3,ke_1_12,ke_2_59,Golicha,Golicha ecd center,day_school,1,0,0,ecde primary,1,1,0,0,-0.013386 39.484015 0 3500,-0.013386,39.484015,0,3500,2,5,,,,14,8,0,0,3,0,1,,3,22,7,,,no,no,yes,no,,no,yes,yes,no,no,,sandy,fair_condition,pedestrian_paths,1,0,0,yes,,,,,broken,no,no,,,,,,,,,,,,no,,,,,,,,,,,,,,,,,,,,,,,no,,,,,,,,,,,no,0,,,,,,,,,,,,,,,,,,,,,,,,,yes,4,within_the_health_facility__on_premise,1,0,0,3,yes,,no,2,,0,2,,,4,,no,no,no,no,somewhat_clean,at_all_times_during_the_school_day,point_good_condition,pit_latrine_with_slab,0,1,0,0,0,0,0,,no,no,no,,,,,,,,no,no,no,no,no,no,,no,,,17483275027246492868534417869662-9_31_51.jpg,https://kf.kobotoolbox.org/api/v2/assets/aJh328C2e3SvoptDpoEUxb/data/486851090/attachments/attiENKC5x5ek9ZpscxFAoQt/,17483275178298494719893820750930-9_32_9.jpg,https://kf.kobotoolbox.org/api/v2/assets/aJh328C2e3SvoptDpoEUxb/data/486851090/attachments/att7cL3axA5oYZPPwvfNqrez/,,,,,no__there_are_handwashing_facilities_nea,,,,,,,,,,,,,,,,,,,,,,,,no,,,,,,,no,,,,,,,,no,no,,,,,,,,,no,no,,,,,,,no,,,,,,,,no,,,,,,,no,,no,yes,no,yes,yes,yes,no,no,no,no,no,no,,no,no,no,no,,clubs,,clubs,,tod,,teachers,,teachers,,,yes,no,no,no,yes,no,no,no,,,,,no,,no,
,,yes,2025-05-27 00:00:00,ke_0_3,ke_1_12,ke_2_59,Hirbaya,Hirbaya primary school,day_school,1,0,0,ecde primary jss,1,1,0,1,-0.094649 39.199287 191.533 3.01200008392334,-0.094649,39.199287,191.533,3.01200008392334,6,,,,,79,97,0,0,6,0,1,1,6,176,29,,,yes,no,yes,no,,no,yes,yes,yes,no,,sandy,fair_condition,pedestrian_paths,1,0,0,yes,17483322605274748714288997865105-10_51_7.jpg,https://kf.kobotoolbox.org/api/v2/assets/aJh328C2e3SvoptDpoEUxb/data/486865458/attachments/attQnu9m2YphukjQLPSVmuoG/,17483322707928405056891470818703-10_51_22.jpg,https://kf.kobotoolbox.org/api/v2/assets/aJh328C2e3SvoptDpoEUxb/data/486865458/attachments/attpwezRpuL5uJUzfGMH9fT3/,broken,no,no,,,,,,,,,,,,no,,,,,,,,,,,,,,,,,,,,,,,yes,10000,plastic_tank,0,1,0,0,0,,needs_repair,,no,1,,,,,,,,,,,,,,,,,,,,,,,,,yes,2,within_the_health_facility__on_premise,1,0,0,2,no,2,no,,,,,,,0,,no,no,,no,somewhat_clean,at_all_times_during_the_school_day,needs_repair,pit_latrine_with_slab,0,1,0,0,0,0,0,,no,no,no,,,,,,,,no,no,no,yes,no,yes,,no,,,17483331421319116221544186777313-11_5_52.jpg,https://kf.kobotoolbox.org/api/v2/assets/aJh328C2e3SvoptDpoEUxb/data/486865458/attachments/attgHD8eDouKFMtbVuzCp4ku/,17483331579526960537762978040420-11_6_23.jpg,https://kf.kobotoolbox.org/api/v2/assets/aJh328C2e3SvoptDpoEUxb/data/486865458/attachments/attPNnrfd434QeSkBhMxWf6t/,17483332241178183968062840777504-11_7_13.jpg,https://kf.kobotoolbox.org/api/v2/assets/aJh328C2e3SvoptDpoEUxb/data/486865458/attachments/attfn7GYSYpQk9nhY2vFYLe8/,,,yes,1,container_with_tap__veronica_b,0,0,1,0,0,0,,neither_water_nor_soap,school_yard,0,0,0,0,1,0,,no,no,no,no,damaged,no,17483324800095494755745068835972-10_54_54.jpg,https://kf.kobotoolbox.org/api/v2/assets/aJh328C2e3SvoptDpoEUxb/data/486865458/attachments/atteWNvY4bZjeTzFyKzLsjH7/,,,,,no,,,,,,,,no,no,,,,,,,,,no,no,,,,,,,no,,,,,,,,no,,,,,,,no,,no,yes,no,yes,no,yes,no,no,no,,no,no,,no,no,no,no,,pupils,,teacher,,clubs,,non_teaching_staff,,teachers,,,no,no,yes,yes,no,yes,no,no,,,,,no,,no,
,,yes,2025-05-27 00:00:00,ke_0_3,ke_1_15,ke_2_75,Soko Ngombe,Nasib comprehensive primary school,day_school,1,0,0,ecde primary jss,1,1,0,1,-0.437893 39.663694 0 20,-0.437893,39.663694,0,20,18,6,7,,8,511,476,4,0,7,13,2,2,20,987,49,,,yes,yes,yes,yes,,no,no,yes,yes,no,,sandy,fair_condition,pedestrian_paths road_for_light_vehicles,1,1,0,yes,1748332530087286215048271938854-10_55_35.jpg,https://kf.kobotoolbox.org/api/v2/assets/aJh328C2e3SvoptDpoEUxb/data/486868581/attachments/attSWTzd7hNjGq5avjWsjdmM/,17483325399664792119458834614643-10_55_44.jpg,https://kf.kobotoolbox.org/api/v2/assets/aJh328C2e3SvoptDpoEUxb/data/486868581/attachments/attLazNEGVAiBPPSAnjNyCa7/,broken,no,yes,toilets___latrines fence main_building,1,0,0,0,1,1,1748332703123585250939272741678-10_58_28.jpg,https://kf.kobotoolbox.org/api/v2/assets/aJh328C2e3SvoptDpoEUxb/data/486868581/attachments/att4YrAiwzemtFF6kxRz92MT/,17483327495456789900092479899972-10_59_17.jpg,https://kf.kobotoolbox.org/api/v2/assets/aJh328C2e3SvoptDpoEUxb/data/486868581/attachments/attjGqQmPCKy5KV72Qw3qNW2/,yes,piped_water,,yes,yes,yes,on_site,no,no,,no,,,yes,no,,,,,,,,,yes,15000,concrete_tank plastic_tank,1,1,0,0,0,,point_good_condition,3,yes,5,other,0,0,0,0,0,1,Infront of the classrooms,5,yes,yes,yes,yes,point_good_condition,17483331570343491612174089344753-11_6_7.jpg,https://kf.kobotoolbox.org/api/v2/assets/aJh328C2e3SvoptDpoEUxb/data/486868581/attachments/attmUQ8iPPEbbBMgnyHq4ggz/,1748332932677514061565228388627-11_2_24.jpg,https://kf.kobotoolbox.org/api/v2/assets/aJh328C2e3SvoptDpoEUxb/data/486868581/attachments/attmCcenitSzoX9rSUH3ggMD/,17483329563465421287798572673021-11_2_58.jpg,https://kf.kobotoolbox.org/api/v2/assets/aJh328C2e3SvoptDpoEUxb/data/486868581/attachments/atthUBqhpsYr23GRDFNUpuhd/,17483329943188181458063412889672-11_3_20.jpg,https://kf.kobotoolbox.org/api/v2/assets/aJh328C2e3SvoptDpoEUxb/data/486868581/attachments/attpziTF9XtHSgRVJVtKxpnh/,17483330068102403475098977554764-11_3_32.jpg,https://kf.kobotoolbox.org/api/v2/assets/aJh328C2e3SvoptDpoEUxb/data/486868581/attachments/attoQ6DzBCGi5FtuHichP33a/,yes,27,within_the_health_facility__on_premise,1,0,0,17,yes,,yes,8,0,0,0,2,2,12,,no,yes,yes,no,somewhat_clean,at_all_times_during_the_school_day,needs_repair,pit_latrine_with_slab,0,1,0,0,0,0,0,,yes,no,yes,water,0,1,0,0,0,,no,no,no,no,no,no,,no,,,17483333841915950504863404878259-11_9_48.jpg,https://kf.kobotoolbox.org/api/v2/assets/aJh328C2e3SvoptDpoEUxb/data/486868581/attachments/att25rNuaqWnZ9sbEApjVF3d/,17483333937769125505609175781895-11_10_2.jpg,https://kf.kobotoolbox.org/api/v2/assets/aJh328C2e3SvoptDpoEUxb/data/486868581/attachments/att2psAxJyQHPxPiVp9hFV7a/,17483334585346218387784863131544-11_11_11.jpg,https://kf.kobotoolbox.org/api/v2/assets/aJh328C2e3SvoptDpoEUxb/data/486868581/attachments/attHMwnpVk4o7mZzUipnZ9H2/,17483334831798068210590806428538-11_11_28.jpg,https://kf.kobotoolbox.org/api/v2/assets/aJh328C2e3SvoptDpoEUxb/data/486868581/attachments/attrgWp8zkjD6RJikmZGtGWm/,yes,3,container_with_tap__veronica_b,0,0,1,0,0,0,,water_only,others,0,0,0,0,0,1,Infront of the school compound,no,no,no,no,point_good_condition,no,17483336360144576323758675685296-11_14_1.jpg,https://kf.kobotoolbox.org/api/v2/assets/aJh328C2e3SvoptDpoEUxb/data/486868581/attachments/attvtt3NQyu4asfNoYwem6PD/,17483336491832850817937442819482-11_14_17.jpg,https://kf.kobotoolbox.org/api/v2/assets/aJh328C2e3SvoptDpoEUxb/data/486868581/attachments/attKWkQd6jWPqor7uWsj7VvY/,17483336628124555768189246969236-11_14_30.jpg,https://kf.kobotoolbox.org/api/v2/assets/aJh328C2e3SvoptDpoEUxb/data/486868581/attachments/attuKpERdoRiENLQdDVYKYgW/,no,,,,,,,,no,no,,,,,,,,,no,no,,,,,,,yes,yes,yes,,yes,no,no,no,yes,national_power_grid,0,1,0,0,,no,,no,yes,no,yes,yes,yes,no,yes,no,yes,no,no,,yes,no,no,yes,8000,pupils,,tod,,teachers,,non_teaching_staff,,teachers,,,yes,yes,yes,yes,no,no,yes,yes,yes,yes,17483337299785310173213707910533-11_15_34.jpg,https://kf.kobotoolbox.org/api/v2/assets/aJh328C2e3SvoptDpoEUxb/data/486868581/attachments/attRsBcMZmCSoCNCvfgMh5qV/,yes,yes,no,
,,yes,2025-05-27 00:00:00,ke_0_3,ke_1_17,ke_2_81,Kambisamaki,Kambi samaki,day_school,1,0,0,ecde primary,1,1,0,0,,,,,,,,,,,,,,,,,,,,,NaN,,,yes,no,yes,yes,,no,yes,yes,yes,,,sandy,poor_condition,pedestrian_paths road_for_light_vehicles road_for_trucks,1,1,1,yes,17483337507647741013643758869650-11_15_57.jpg,https://kf.kobotoolbox.org/api/v2/assets/aJh328C2e3SvoptDpoEUxb/data/486868935/attachments/attUWcNAcgBrgh6aNQbmsA5y/,17483337612833607085360624504535-11_16_6.jpg,https://kf.kobotoolbox.org/api/v2/assets/aJh328C2e3SvoptDpoEUxb/data/486868935/attachments/atti23ppUCCp424BUQwyDTEX/,poor_condition_bldg,no,no,,,,,,,,,,,,no,,,,,,,,,,,,,,,,,,,,,,,no,,,,,,,,,,,no,0,,,,,,,,,,,,,,,,,,,,,,,,,no,,,,,,,,,,,,,,,,0,,,,,,,,,,,,,,,,,,,,,,,,,,,,,,no,,,,,no,,,,,,,,,,,no__there_are_handwashing_facilities_nea,,,,,,,,,,,,,,,,,,,,,,,,no,,,,,,,no,,,,,,,,no,no,,,,,,,,,no,no,,,,,,,no,,,,,,,,no,,,,,,,no,,no,yes,no,yes,yes,yes,no,no,yes,yes,no,,,no,no,no,no,,tod,,tod,,teachers,,teachers,,teachers,,,no,no,no,no,no,no,no,no,,,,,no,,no,
,,yes,2025-05-27 00:00:00,ke_0_3,ke_1_12,ke_2_60,Shimbirey ,Shimbirey primary school ,day_school,1,0,0,jss,0,0,0,1,-0.0348021 39.4981538 244.63427734375 4.497,-0.0348021,39.4981538,244.63427734375,4.497,7,,,,9,87,100,0,0,7,3,2,1,10,187,19,,,yes,yes,yes,yes,,no,yes,yes,no,,,red_soil,fair_condition,pedestrian_paths,1,0,0,yes,1748334960296.jpg,https://kf.kobotoolbox.org/api/v2/assets/aJh328C2e3SvoptDpoEUxb/data/486901705/attachments/attMjNjPRaXLokbvP8TFW7sU/,1748334988264.jpg,https://kf.kobotoolbox.org/api/v2/assets/aJh328C2e3SvoptDpoEUxb/data/486901705/attachments/attT4SM4DqZHYs9pSapA7Sez/,broken,no,yes,main_building,0,0,0,0,0,1,1748335101786.jpg,https://kf.kobotoolbox.org/api/v2/assets/aJh328C2e3SvoptDpoEUxb/data/486901705/attachments/attnMQbYdGAvyN9xqpcEWBgy/,1748335201665.jpg,https://kf.kobotoolbox.org/api/v2/assets/aJh328C2e3SvoptDpoEUxb/data/486901705/attachments/attqe5hrwqtNrKfodUhcMFKH/,no,,,,,,,,,,,,,,,,,,,,,,,yes,5000,concrete_tank,1,0,0,0,0,,point_good_condition,,no,0,,,,,,,,,,,,,,,,,,,,,,,,,yes,5,outside_building__but_not_on_premise,0,1,0,2,yes,,yes,1,0,0,1,1,1,4,,no,no,no,no,somewhat_clean,at_all_times_during_the_school_day,needs_repair,pit_latrine_without_slab_open_pit,0,0,0,1,0,0,0,,yes,no,yes,toilet_paper water,1,1,0,0,0,,no,no,no,no,no,yes,,no,,,1748336327297.jpg,https://kf.kobotoolbox.org/api/v2/assets/aJh328C2e3SvoptDpoEUxb/data/486901705/attachments/attd63SoYMHqspEYicdGE3KR/,,,1748336360986.jpg,https://kf.kobotoolbox.org/api/v2/assets/aJh328C2e3SvoptDpoEUxb/data/486901705/attachments/attkZPyFucumHyFebHLnhWWu/,1748336882523.jpg,https://kf.kobotoolbox.org/api/v2/assets/aJh328C2e3SvoptDpoEUxb/data/486901705/attachments/atthVBDWbaVmF5Z3nMLs98gt/,no__there_are_handwashing_facilities_nea,,,,,,,,,,,,,,,,,,,,,,,,no,,,,,,,no,,,,,,,,no,no,,,,,,,,,no,no,,,,,,,no,,,,,,,,no,,,,,,,no,,,,,,,,,,,,,,,no,no,no,no,,tod,,tod,,tod,,tod,,tod,,,no,no,no,no,no,no,no,no,,,,,no,,no,
,,yes,2025-05-27 00:00:00,ke_0_3,ke_1_15,ke_2_73,Township,Garissa primary school,day_school,1,0,0,ecde primary special_unit jss,1,1,1,1,-0.457075 39.640978 121.80000305175781 72.9000015258789,-0.457075,39.640978,121.8000030517578,72.9000015258789,34,6,7,7,8,1164,946,151,115,11,28,5,4,39,2110,54,,,no,no,yes,yes,,no,no,no,no,no,,sandy,fair_condition,pedestrian_paths road_for_light_vehicles road_for_trucks,1,1,1,yes,17483372479352397828454361948679-12_14_12.jpg,https://kf.kobotoolbox.org/api/v2/assets/aJh328C2e3SvoptDpoEUxb/data/486911813/attachments/attVcWpwuoraMK7ptRJGf2Bb/,17483372555559040578140049266539-12_14_21.jpg,https://kf.kobotoolbox.org/api/v2/assets/aJh328C2e3SvoptDpoEUxb/data/486911813/attachments/attMFqm86XE5MqNvj3rNBNkT/,broken,no,yes,toilets___latrines water_taps handwashing_points fence main_building,1,1,1,0,1,1,,,,,yes,piped_water,,yes,yes,yes,500m_or_further,yes,no,,no,,,yes,no,,,,,,,,,yes,55000,plastic_tank,0,1,0,0,0,,point_good_condition,3,yes,22,,,,,,,,,,,,,,,17483372913598004363115291065514-12_14_55.jpg,https://kf.kobotoolbox.org/api/v2/assets/aJh328C2e3SvoptDpoEUxb/data/486911813/attachments/attw4dPrZzhcmstcHzxwmgkd/,17483372833853729841559087460991-12_14_48.jpg,https://kf.kobotoolbox.org/api/v2/assets/aJh328C2e3SvoptDpoEUxb/data/486911813/attachments/attieLrQVqePXyBWsuwRutpw/,17483373006125672772118040700319-12_15_5.jpg,https://kf.kobotoolbox.org/api/v2/assets/aJh328C2e3SvoptDpoEUxb/data/486911813/attachments/attzjfPAFCWn5cmS7QPEstfJ/,17483373142461082963708442293802-12_15_18.jpg,https://kf.kobotoolbox.org/api/v2/assets/aJh328C2e3SvoptDpoEUxb/data/486911813/attachments/attTAshtSzhbmfH6VoH6WsA3/,17483373254934116102787060527904-12_15_39.jpg,https://kf.kobotoolbox.org/api/v2/assets/aJh328C2e3SvoptDpoEUxb/data/486911813/attachments/attpQqxu9gaf4bXA2hVN8gcY/,yes,33,within_the_health_facility__on_premise,1,0,0,33,yes,,yes,18,0,0,10,2,3,33,,yes,yes,yes,yes,somewhat_clean,at_all_times_during_the_school_day,point_good_condition,pit_latrine_with_slab,0,1,0,0,0,0,0,,yes,no,yes,water,0,1,0,0,0,,no,no,no,no,no,no,,no,,,17483374412628569641865507195308-12_17_25.jpg,https://kf.kobotoolbox.org/api/v2/assets/aJh328C2e3SvoptDpoEUxb/data/486911813/attachments/attQxLX9NFNeAgNLnpGA9Uw2/,17483374510902803428120039053483-12_17_35.jpg,https://kf.kobotoolbox.org/api/v2/assets/aJh328C2e3SvoptDpoEUxb/data/486911813/attachments/atteSCLzAMbm6WK7tcXQLJqn/,17483374585578430067041770510085-12_17_42.jpg,https://kf.kobotoolbox.org/api/v2/assets/aJh328C2e3SvoptDpoEUxb/data/486911813/attachments/attyYK888gi7kDyro9qBZBe2/,17483375987717146816845935413215-12_20_2.jpg,https://kf.kobotoolbox.org/api/v2/assets/aJh328C2e3SvoptDpoEUxb/data/486911813/attachments/attNVgjJHmfFhKgy6cCPB2v7/,yes,7,permanent__concrete_metal__sta container_with_tap__veronica_b single_pipe_tap,1,0,1,1,0,0,,yes__water_and_soap,toilets school_yard,1,0,0,0,1,0,,yes,yes,yes,yes,point_good_condition,yes,17483375316698257598061386232711-12_18_59.jpg,https://kf.kobotoolbox.org/api/v2/assets/aJh328C2e3SvoptDpoEUxb/data/486911813/attachments/attZuwpcQ7riWi5nQMMj3ro8/,17483375428561788875859899371197-12_19_7.jpg,https://kf.kobotoolbox.org/api/v2/assets/aJh328C2e3SvoptDpoEUxb/data/486911813/attachments/attjojTateysLNpk7RpMHrRy/,1748337645619130094460815280517-12_20_50.jpg,https://kf.kobotoolbox.org/api/v2/assets/aJh328C2e3SvoptDpoEUxb/data/486911813/attachments/attmzFJiUSvJdtmbKULrbqBX/,yes,,yes,no,yes,yes,no,yes,yes,yes,open_burning,0,1,0,0,0,0,,yes,yes,17483377170887441447616333190306-12_22_11.jpg,https://kf.kobotoolbox.org/api/v2/assets/aJh328C2e3SvoptDpoEUxb/data/486911813/attachments/attmX9FLmcN67yTdjSoWvFbE/,1748337734178606040659212982788-12_22_26.jpg,https://kf.kobotoolbox.org/api/v2/assets/aJh328C2e3SvoptDpoEUxb/data/486911813/attachments/attsj9ymgNmhxfFsPVe3oHJj/,17483378159436125304848198018354-12_23_44.jpg,https://kf.kobotoolbox.org/api/v2/assets/aJh328C2e3SvoptDpoEUxb/data/486911813/attachments/attocTz8dhpSdBtCLjFPtVtA/,yes,yes,yes,yes,yes,,,no,yes,national_power_grid,0,1,0,0,,no,,no,yes,no,yes,yes,no,yes,no,no,yes,no,no,,no,yes,yes,yes,10000,pupils,,others,Teacher in charge of sanitation,teachers,,non_teaching_staff,,teachers,,,,yes,yes,yes,yes,no,yes,yes,yes,yes,17483381220088837163264586666515-12_28_46.jpg,https://kf.kobotoolbox.org/api/v2/assets/aJh328C2e3SvoptDpoEUxb/data/486911813/attachments/attUxxDBMMWci6Kfv3kNRHcq/,yes,yes,no,
,,yes,2025-05-27 00:00:00,ke_0_3,ke_1_15,ke_2_74,Police line,Police line ecd centre,day_school,1,0,0,ecde,1,0,0,0,-0.460475 39.6390718 124.5096435546875 4.727,-0.460475,39.6390718,124.5096435546875,4.727,3,5,,,,63,39,1,0,0,4,0,1,4,102,26,,,yes,yes,yes,yes,,no,no,no,no,,,sandy,good_condition,pedestrian_paths road_for_trucks road_for_light_vehicles,1,1,1,yes,1748337491812.jpg,https://kf.kobotoolbox.org/api/v2/assets/aJh328C2e3SvoptDpoEUxb/data/486919954/attachments/attmDe93mC9pCKKtv4wPJdGv/,1748337503702.jpg,https://kf.kobotoolbox.org/api/v2/assets/aJh328C2e3SvoptDpoEUxb/data/486919954/attachments/attoXSBGaMG2tkWyJUMcG6mV/,good_condition_bldg,yes,no,,,,,,,,,,,,yes,piped_water,,yes,yes,yes,on_site,no,no,,no,,,don_t_know,no,,,,,,,,,no,,,,,,,,,,2,yes,1,preventive_health,0,1,0,0,0,0,,1,yes,yes,yes,yes,point_good_condition,1748337859192.jpg,https://kf.kobotoolbox.org/api/v2/assets/aJh328C2e3SvoptDpoEUxb/data/486919954/attachments/attwHUhWWbQXZyh7M3oPciJ8/,1748337873523.jpg,https://kf.kobotoolbox.org/api/v2/assets/aJh328C2e3SvoptDpoEUxb/data/486919954/attachments/attX7DpM2cK5peacYXPyVvJg/,1748337900686.jpg,https://kf.kobotoolbox.org/api/v2/assets/aJh328C2e3SvoptDpoEUxb/data/486919954/attachments/attJStWrHNf7gEmpzsEjAWtw/,1748337913704.jpg,https://kf.kobotoolbox.org/api/v2/assets/aJh328C2e3SvoptDpoEUxb/data/486919954/attachments/att6tvjCrcgdnDubgA33Jbh4/,1748337925001.jpg,https://kf.kobotoolbox.org/api/v2/assets/aJh328C2e3SvoptDpoEUxb/data/486919954/attachments/attRa9SrKCPBFFZUKyRvZd7i/,yes,2,within_the_health_facility__on_premise,1,0,0,2,yes,,no,1,,0,1,,,2,,no,yes,yes,no,clean,at_all_times_during_the_school_day,point_good_condition,pit_latrine_with_slab,0,1,0,0,0,0,0,,yes,no,yes,water,0,1,0,0,0,,no,no,no,no,no,no,,no,,,1748338248800.jpg,https://kf.kobotoolbox.org/api/v2/assets/aJh328C2e3SvoptDpoEUxb/data/486919954/attachments/attbfdCHTAwH2UmASDvEZHw4/,1748338257000.jpg,https://kf.kobotoolbox.org/api/v2/assets/aJh328C2e3SvoptDpoEUxb/data/486919954/attachments/attQ2WAmf9wgBrgZvtCDASyk/,1748338272084.jpg,https://kf.kobotoolbox.org/api/v2/assets/aJh328C2e3SvoptDpoEUxb/data/486919954/attachments/atteSSybRjAryEifXU5oeMCw/,1748338281969.jpg,https://kf.kobotoolbox.org/api/v2/assets/aJh328C2e3SvoptDpoEUxb/data/486919954/attachments/attbbUSpjzwnsfzp7iKYqa8K/,yes,1,container_with_tap__veronica_b,0,0,1,0,0,0,,yes__water_and_soap,classrooms,0,0,0,1,0,0,,yes,yes,yes,yes,point_good_condition,yes,1748338459410.jpg,https://kf.kobotoolbox.org/api/v2/assets/aJh328C2e3SvoptDpoEUxb/data/486919954/attachments/attiGhdtYGQp6kr8Kxmzigkv/,1748338472554.jpg,https://kf.kobotoolbox.org/api/v2/assets/aJh328C2e3SvoptDpoEUxb/data/486919954/attachments/attrWuAZ2cyMvTQcHtiMo7TX/,1748338507012.jpg,https://kf.kobotoolbox.org/api/v2/assets/aJh328C2e3SvoptDpoEUxb/data/486919954/attachments/attwJGwnAvNmypx49hvFF47A/,no,,,,,,,,no,no,,,,,,,,,yes,yes,,,,,,,yes,no,yes,,,yes,,,yes,national_power_grid,0,1,0,0,,no,,no,no,no,yes,,,,,,,,,,no,no,no,no,,tod,,tod,,teachers,,teachers,,teachers,,,no,no,yes,no,no,no,no,yes,no,yes,1748338832664.jpg,https://kf.kobotoolbox.org/api/v2/assets/aJh328C2e3SvoptDpoEUxb/data/486919954/attachments/attLjWT3vpR4QKaoQYNG3q5n/,no,,no,
,,yes,2025-05-27 00:00:00,ke_0_3,ke_1_12,ke_2_59,Sakajunction,Sakajunction primary,day_school,1,0,0,ecde primary jss,1,1,0,1,0.016322 39.438069 0 3700,0.016322,39.438069,0,3700,8,5,8,,8,178,145,0,0,6,0,2,2,6,323,54,,,yes,yes,yes,yes,,no,yes,yes,yes,,,sandy,poor_condition,pedestrian_paths road_for_light_vehicles,1,1,0,yes,JPEG_20250527_124424_7747082472515508441-12_44_35.jpg,https://kf.kobotoolbox.org/api/v2/assets/aJh328C2e3SvoptDpoEUxb/data/486924519/attachments/attYjMcsaM89CvzLxHgi87MN/,JPEG_20250527_124439_3411495320739978415-12_44_51.jpg,https://kf.kobotoolbox.org/api/v2/assets/aJh328C2e3SvoptDpoEUxb/data/486924519/attachments/att8cw9FYoa4hBadgCirLdMH/,broken,no,no,,,,,,,,,,,,no,,,,,,,,,,,,,,,,,,,,,,,yes,10000,plastic_tank,0,1,0,0,0,,needs_repair,,no,0,,,,,,,,,,,,,,,,,,,,,,,,,yes,4,outside_building__but_not_on_premise,0,1,0,3,no,4,yes,,0,,,1,0,1,,no,yes,no,no,somewhat_clean,at_all_times_during_the_school_day,needs_repair,pit_latrine_with_slab,0,1,0,0,0,0,0,,yes,no,no,,,,,,,,no,no,no,no,no,yes,,no,,,JPEG_20250527_124509_7923909434161904072-12_45_33.jpg,https://kf.kobotoolbox.org/api/v2/assets/aJh328C2e3SvoptDpoEUxb/data/486924519/attachments/attiWbdF8zaT6eXQRsgxbb5h/,JPEG_20250527_124538_6510728708275156161-12_45_48.jpg,https://kf.kobotoolbox.org/api/v2/assets/aJh328C2e3SvoptDpoEUxb/data/486924519/attachments/attLn2E6bnZfDri5yw75uWVf/,JPEG_20250527_124551_7573677324528509274-12_46_0.jpg,https://kf.kobotoolbox.org/api/v2/assets/aJh328C2e3SvoptDpoEUxb/data/486924519/attachments/attW9FMARbBCp5E9Hmuc8ds9/,,,no__there_are_handwashing_facilities_nea,,,,,,,,,,,,,,,,,,,,,,,,no,,,,,,,no,,,,,,,,no,yes,open_burning disposing_latrine,0,1,0,0,1,0,,yes,yes,,,,,,,no,,,,,,,,yes,standalone_solar national_power_grid,1,1,0,0,,no,,no,yes,no,yes,yes,yes,,no,no,yes,no,,,yes,no,no,no,,other,Support staff,teacher,,teachers,,teachers,,teachers,,,no,yes,no,no,yes,no,no,yes,no,no,,,yes,yes,no,
,,yes,2025-05-27 00:00:00,ke_0_3,ke_1_15,ke_2_73,Deka burey village,Mikono/deka burey ecde centre,day_school,1,0,0,ecde,1,0,0,0,-0.4875 39.658386 114.9000015258789 72.9000015258789,-0.4875,39.658386,114.9000015258789,72.9000015258789,25,5,,,,41,40,0,0,1,2,0,1,3,81,27,,,yes,yes,yes,yes,,no,no,no,no,no,,sandy,good_condition,pedestrian_paths road_for_light_vehicles road_for_trucks,1,1,1,yes,17483408110548578626417024713959-13_13_45.jpg,https://kf.kobotoolbox.org/api/v2/assets/aJh328C2e3SvoptDpoEUxb/data/486944744/attachments/attJKwk89ntyswQnbhnpAEbZ/,,,good_condition_bldg,yes,no,,,,,,,,,,,,no,,,,,,,,,,,,,,,,,,,,,,,no,,,,,,,,,,,no,0,,,,,,,,,,,,,,,,,,,,,,,,,no,,,,,,,,,,,,,,,,0,,,,,,,,,,,,,,,,,,,,,,,,,,,,,,no,,,,,no,,,,,,,,,,,no__there_are_handwashing_facilities_nea,,,,,,,,,,,,,,,,,,,,,,,,yes,,,,,,,no,,,,,,,,no,no,,,,,,,,,no,yes,,,,,,,no,,,,,,,,no,,,,,,,no,,no,no,no,no,no,no,no,no,no,no,no,no,,no,no,no,no,,teachers,,teacher,,teachers,,non_teaching_staff,,teachers,,,no,no,no,no,no,no,no,yes,yes,no,,,no,,no,
,,yes,2025-05-27 00:00:00,ke_0_3,ke_1_12,ke_2_57,Libaxlow,Libaxlow boarding pry School,mixed_day,0,0,1,ecde primary jss,1,1,0,1,,,,,,9,5,7,,8,390,330,6,4,9,1,2,2,10,720,72,,,yes,yes,yes,yes,,no,no,yes,no,,,sandy,fair_condition,pedestrian_paths road_for_light_vehicles,1,1,0,yes,1748340267086.jpg,https://kf.kobotoolbox.org/api/v2/assets/aJh328C2e3SvoptDpoEUxb/data/486949690/attachments/attuxaiHLXRQTpGajiefuRQc/,1748340281262.jpg,https://kf.kobotoolbox.org/api/v2/assets/aJh328C2e3SvoptDpoEUxb/data/486949690/attachments/attUwPGFkVhFshNEaTLrNgq4/,broken,no,no,,,,,,,,,,,,yes,piped_water,,yes,yes,yes,500m_or_further,no,no,,no,,,don_t_know,don_t_know,,,,,,,,,yes,5000,plastic_tank,0,1,0,0,0,,needs_repair,3,yes,4,other,0,0,0,0,0,1,Near offices,2,yes,yes,yes,yes,point_good_condition,1748340703854.jpg,https://kf.kobotoolbox.org/api/v2/assets/aJh328C2e3SvoptDpoEUxb/data/486949690/attachments/attbJ7SiyikGbm7LrbGytxdx/,1748340722934.jpg,https://kf.kobotoolbox.org/api/v2/assets/aJh328C2e3SvoptDpoEUxb/data/486949690/attachments/attamyDmUR2o77i6EkaJNPV9/,,,1748340746195.jpg,https://kf.kobotoolbox.org/api/v2/assets/aJh328C2e3SvoptDpoEUxb/data/486949690/attachments/attGJo7aTG6KaTUJbNApB2wT/,,,yes,12,within_the_health_facility__on_premise,1,0,0,8,yes,,yes,2,0,0,2,3,1,8,,yes,yes,yes,no,clean,at_all_times_during_the_school_day,needs_repair,pit_latrine_with_slab,0,1,0,0,0,0,0,,yes,no,yes,water,0,1,0,0,0,,no,no,no,no,yes,yes,,no,,,1748341058484.jpg,https://kf.kobotoolbox.org/api/v2/assets/aJh328C2e3SvoptDpoEUxb/data/486949690/attachments/attvPjFGUHAHMTtyXDxUtt9z/,1748341096907.jpg,https://kf.kobotoolbox.org/api/v2/assets/aJh328C2e3SvoptDpoEUxb/data/486949690/attachments/attaF8cEZfxYJHVCbX4rfG3Y/,1748341110988.jpg,https://kf.kobotoolbox.org/api/v2/assets/aJh328C2e3SvoptDpoEUxb/data/486949690/attachments/attLfMA7jLE5WHUZs2SmuR2K/,1748341155905.jpg,https://kf.kobotoolbox.org/api/v2/assets/aJh328C2e3SvoptDpoEUxb/data/486949690/attachments/attG3DjyekQqWkjCjtZoAbWG/,yes,4,permanent__concrete_metal__sta,1,0,0,0,0,0,,yes__water_and_soap,others,0,0,0,0,0,1,Near the administration block,yes,yes,yes,yes,point_good_condition,no,1748341319336.jpg,https://kf.kobotoolbox.org/api/v2/assets/aJh328C2e3SvoptDpoEUxb/data/486949690/attachments/attxxrn5GqkgxNR2dXC64Ryz/,1748341332455.jpg,https://kf.kobotoolbox.org/api/v2/assets/aJh328C2e3SvoptDpoEUxb/data/486949690/attachments/attkuCJjra779J3mgX8dRjZU/,,,no,,,,,,,,no,no,,,,,,,,,no,yes,,,,,,,yes,yes,yes,,no,yes,no,no,no,,,,,,,no,,no,yes,no,yes,yes,,,,,,,,,yes,yes,yes,no,,teachers,,teacher,,teachers,,teachers,,teachers,,,no,yes,yes,yes,no,yes,yes,yes,yes,no,,,yes,yes,no,
,,yes,2025-05-27 00:00:00,ke_0_3,ke_1_17,ke_2_83,Rig dam,Rig dam primary ,day_school,1,0,0,ecde primary jss,1,1,0,1,0.6377211 39.4518428 168.4580078125 4.2,0.6377211,39.4518428,168.4580078125,4.2,8,25,35,,40,114,120,0,0,4,1,1,1,5,234,47,,,yes,yes,yes,yes,,no,no,no,no,no,,sandy,good_condition,pedestrian_paths road_for_light_vehicles road_for_trucks,1,1,1,yes,1748341702215.jpg,https://kf.kobotoolbox.org/api/v2/assets/aJh328C2e3SvoptDpoEUxb/data/486961982/attachments/attbkUQmNxa7EVk4ha3EuN9n/,,,good_condition_bldg,partial,no,,,,,,,,,,,,no,,,,,,,,,,,,,,,,,,,,,,,yes,5000,plastic_tank,0,1,0,0,0,,point_good_condition,,no,0,,,,,,,,,,,,,,,,,,,,,,,,,yes,8,off_premise,0,0,1,8,yes,,no,4,,0,4,,,8,,no,no,no,no,somewhat_clean,at_all_times_during_the_school_day,point_good_condition,pit_latrine_with_slab,0,1,0,0,0,0,0,,yes,no,yes,water,0,1,0,0,0,,no,yes,no,no,,,,,,,1748342198366.jpg,https://kf.kobotoolbox.org/api/v2/assets/aJh328C2e3SvoptDpoEUxb/data/486961982/attachments/attGHi2JF57gxamsTDtsoPLp/,1748342249648.jpg,https://kf.kobotoolbox.org/api/v2/assets/aJh328C2e3SvoptDpoEUxb/data/486961982/attachments/attWgBPb5NA8ckfx2pNDCbC3/,1748342263019.jpg,https://kf.kobotoolbox.org/api/v2/assets/aJh328C2e3SvoptDpoEUxb/data/486961982/attachments/attfw5PVWWBJgzKtd7SB99d3/,1748342284539.jpg,https://kf.kobotoolbox.org/api/v2/assets/aJh328C2e3SvoptDpoEUxb/data/486961982/attachments/attA7hkf3bvztWag7xFLrrDt/,yes,3,permanent__concrete_metal__sta,1,0,0,0,0,0,,neither_water_nor_soap,school_yard,0,0,0,0,1,0,,yes,yes,yes,yes,needs_repair,no,1748342520329.jpg,https://kf.kobotoolbox.org/api/v2/assets/aJh328C2e3SvoptDpoEUxb/data/486961982/attachments/atth4csknkE8FmfxfH7qswj4/,,,,,no,,,,,,,,no,no,,,,,,,,,no,no,,,,,,,no,,,,,,,,no,,,,,,,no,,no,yes,no,yes,no,no,no,no,no,no,no,,,yes,no,no,no,,tod,,tod,,teachers,,teachers,,teachers,,,no,no,no,no,no,no,no,no,,,,,no,,no,
,,yes,2025-05-27 00:00:00,ke_0_3,ke_1_17,ke_2_81,Ali sagar,Alisagar,day_school,1,0,0,ecde primary,1,1,0,0,,,,,,4,5,8,,,24,36,1,1,1,0,1,1,1,60,60,,,yes,no,yes,yes,,no,yes,yes,yes,,,sandy,,pedestrian_paths,1,0,0,yes,17483437035015619230058793421039-14_1_49.jpg,https://kf.kobotoolbox.org/api/v2/assets/aJh328C2e3SvoptDpoEUxb/data/486974479/attachments/attyMMZwUBwsBUi2AdSVjvaW/,17483437117576023697512775481861-14_1_55.jpg,https://kf.kobotoolbox.org/api/v2/assets/aJh328C2e3SvoptDpoEUxb/data/486974479/attachments/att2JKQFcNdwcbVKHdsNLp2d/,poor_condition_bldg,no,no,,,,,,,,,,,,no,,,,,,,,,,,,,,,,,,,,,,,no,,,,,,,,,,,,0,,,,,,,,,,,,,,,,,,,,,,,,,no,,,,,,,,,,,,,,,,0,,,,,,,,,,,,,,,,,,,,,,,,,,,,,,no,,,,,no,,,,,,,,,,,no__there_are_handwashing_facilities_nea,,,,,,,,,,,,,,,,,,,,,,,,no,,,,,,,no,,,,,,,,no,no,,,,,,,,,no,no,,,,,,,no,,,,,,,,no,,,,,,,no,,no,yes,no,yes,yes,yes,no,no,no,no,no,,,no,no,no,no,,teachers,,teacher,,teachers,,teachers,,teachers,,,no,no,no,no,no,no,no,no,,,,,no,,no,
,,yes,2025-05-27 00:00:00,ke_0_3,ke_1_17,ke_2_81,Ali sagar,Ali sagar,day_school,1,0,0,ecde primary,1,1,0,0,,,,,,4,5,8,,,26,36,1,1,1,0,1,1,1,62,62,,,yes,no,yes,yes,,no,yes,yes,yes,,,sandy,poor_condition,pedestrian_paths road_for_light_vehicles,1,1,0,yes,1748344054933640227727451187509-14_7_40.jpg,https://kf.kobotoolbox.org/api/v2/assets/aJh328C2e3SvoptDpoEUxb/data/486976926/attachments/attmzNSi5EUApmF7gFKLjZF6/,17483440636333021513405252512238-14_7_49.jpg,https://kf.kobotoolbox.org/api/v2/assets/aJh328C2e3SvoptDpoEUxb/data/486976926/attachments/attfaFEYFZjdbxVxQQrrgy2u/,poor_condition_bldg,no,no,,,,,,,,,,,,no,,,,,,,,,,,,,,,,,,,,,,,no,,,,,,,,,,,no,0,,,,,,,,,,,,,,,,,,,,,,,,,no,,,,,,,,,,,,,,,,0,,,,,,,,,,,,,,,,,,,,,,,,,,,,,,no,,,,,no,,,,,,,,,,,no__there_are_handwashing_facilities_nea,,,,,,,,,,,,,,,,,,,,,,,,no,,,,,,,no,,,,,,,,no,no,,,,,,,,,no,no,,,,,,,no,,,,,,,,no,,,,,,,no,,no,yes,no,no,yes,yes,no,no,no,no,no,,,no,no,no,no,,tod,,tod,,teachers,,teachers,,teachers,,,no,no,no,no,no,no,no,no,,,,,no,,no,
,,yes,2025-05-26 00:00:00,ke_0_3,ke_1_17,ke_2_83,Maalimin,Maalimin Primary & Junior School ,mixed_day,0,0,1,ecde primary jss,1,1,0,1,0.383042 39.3415419 219.9 4.516,0.383042,39.3415419,219.9,4.516,11,5,7,,8,170,205,4,3,10,1,3,2,11,375,34,,,yes,no,yes,yes,,no,no,yes,,,,sandy,fair_condition,pedestrian_paths road_for_light_vehicles,1,1,0,yes,1748258791228.jpg,https://kf.kobotoolbox.org/api/v2/assets/aJh328C2e3SvoptDpoEUxb/data/486979394/attachments/attfNz4YZB4ubL4YatoaoMML/,1748258805146.jpg,https://kf.kobotoolbox.org/api/v2/assets/aJh328C2e3SvoptDpoEUxb/data/486979394/attachments/attv6MsWCQVX42DoMBafmfyc/,broken,yes,no,,,,,,,,,,,,sometimes,tanker,,no,no,mostly__unavailable___30_days,500m_or_further,no,yes,20000,no,,,don_t_know,no,,,,,,,,,yes,3000,concrete_tank plastic_tank,1,1,0,0,0,,needs_repair,,no,0,,,,,,,,,,,,,,,,,,,,,,,,,yes,2,within_the_health_facility__on_premise,1,0,0,2,no,2,no,,,,,,,0,,yes,no,no,no,somewhat_clean,at_all_times_during_the_school_day,needs_repair,pit_latrine_with_slab,0,1,0,0,0,0,0,,yes,no,yes,water,0,1,0,0,0,,no,no,no,no,no,no,,no,,,1748260096951.jpg,https://kf.kobotoolbox.org/api/v2/assets/aJh328C2e3SvoptDpoEUxb/data/486979394/attachments/attxXCz5syFf7LVuqxyZjFX2/,1748260134094.jpg,https://kf.kobotoolbox.org/api/v2/assets/aJh328C2e3SvoptDpoEUxb/data/486979394/attachments/attJmrCqKm8KATqEBwXRGerq/,1748260206408.jpg,https://kf.kobotoolbox.org/api/v2/assets/aJh328C2e3SvoptDpoEUxb/data/486979394/attachments/attWfFokZT6yFzymza5yGQvX/,1748260464497.jpg,https://kf.kobotoolbox.org/api/v2/assets/aJh328C2e3SvoptDpoEUxb/data/486979394/attachments/attqD82ZJabY5rWaXgyfsbfw/,yes,6,container_with_tap__veronica_b,0,0,1,0,0,0,,water_only,classrooms,0,0,0,1,0,0,,yes,no,no,yes,needs_repair,no,1748260708970.jpg,https://kf.kobotoolbox.org/api/v2/assets/aJh328C2e3SvoptDpoEUxb/data/486979394/attachments/atto2obWGL2344VaJngJKfSd/,1748260737417.jpg,https://kf.kobotoolbox.org/api/v2/assets/aJh328C2e3SvoptDpoEUxb/data/486979394/attachments/attEhMjRz5SsMbdHuQFEVdmA/,1748260771073.jpg,https://kf.kobotoolbox.org/api/v2/assets/aJh328C2e3SvoptDpoEUxb/data/486979394/attachments/attGEWnAESPbKVbM9cQfCxmq/,no,,,,,,,,no,no,,,,,,,,,no,yes,,,,,,,no,,,,,,,,yes,standalone_solar,1,0,0,0,,no,,no,yes,no,yes,yes,yes,no,yes,no,no,no,no,,yes,no,no,no,,teachers,,teacher,,teachers,,teachers,,teachers,,,no,yes,yes,no,no,no,no,no,,,,,yes,no,no,
,,yes,2025-05-26 00:00:00,ke_0_3,ke_1_17,ke_2_83,Togdub,Togdub Primary & Junior School ,day_school,1,0,0,ecde primary jss,1,1,0,1,0.4334422 39.3357671 220.6 4.833,0.4334422,39.3357671,220.6,4.833,7,5,7,,8,159,158,2,2,4,1,1,1,5,317,63,,,yes,no,yes,yes,,no,no,yes,yes,no,,sandy,fair_condition,pedestrian_paths road_for_light_vehicles road_for_trucks,1,1,1,yes,1748262658768.jpg,https://kf.kobotoolbox.org/api/v2/assets/aJh328C2e3SvoptDpoEUxb/data/486979449/attachments/attfufQJqLX2wGzkg8dUdMKh/,1748262673589.jpg,https://kf.kobotoolbox.org/api/v2/assets/aJh328C2e3SvoptDpoEUxb/data/486979449/attachments/attz4eCPWLxMo2Ccc3MUsYey/,broken,partial,no,,,,,,,,,,,,sometimes,tanker,,no,no,no,500m_or_further,no,no,,no,,,no,no,,,,,,,,,yes,20000,plastic_tank,0,1,0,0,0,,point_good_condition,,no,0,,,,,,,,,,,,,,,,,,,,,,,,,yes,3,within_the_health_facility__on_premise,1,0,0,2,no,2,no,,,,,,,0,,no,no,no,no,somewhat_clean,during_specific_times_during_the_school_,needs_repair,pit_latrine_with_slab,0,1,0,0,0,0,0,,yes,no,no,,,,,,,,no,no,no,no,no,yes,,no,,,1748263271728.jpg,https://kf.kobotoolbox.org/api/v2/assets/aJh328C2e3SvoptDpoEUxb/data/486979449/attachments/attitxuepxmxgCdPwLJKUd3D/,1748263300573.jpg,https://kf.kobotoolbox.org/api/v2/assets/aJh328C2e3SvoptDpoEUxb/data/486979449/attachments/attpQvvgFhbeW7NpdWAeZrfN/,1748263354101.jpg,https://kf.kobotoolbox.org/api/v2/assets/aJh328C2e3SvoptDpoEUxb/data/486979449/attachments/attBzuatWLgzm3QxZFsGMp5V/,1748263412917.jpg,https://kf.kobotoolbox.org/api/v2/assets/aJh328C2e3SvoptDpoEUxb/data/486979449/attachments/attoWBzwxTbzyVRYjthcVyNP/,no__there_are_handwashing_facilities_nea,,,,,,,,,,,,,,,,,,,,,,,,no,,,,,,,no,,,,,,,,no,no,,,,,,,,,no,yes,,,,,,,no,,,,,,,,no,,,,,,,no,,no,yes,no,no,yes,yes,no,no,no,,,,,no,no,no,no,,tod,,tod,,tod,,tod,,tod,,,no,no,no,no,no,no,no,yes,yes,no,,,no,,no,
,,yes,2025-05-27 00:00:00,ke_0_3,ke_1_15,ke_2_73,Bula alfatah,Alfatah primary and junior school,day_school,1,0,0,ecde primary jss,1,1,0,1,-0.483172 39.666492 115.0999984741211 1700,-0.483172,39.666492,115.0999984741211,1700,12,5,7,,8,336,248,0,0,15,6,2,1,21,584,28,,,yes,,yes,yes,,no,yes,yes,no,no,,sandy,fair_condition,pedestrian_paths road_for_light_vehicles,1,1,0,yes,17483439763608312701400780846810-14_6_21.jpg,https://kf.kobotoolbox.org/api/v2/assets/aJh328C2e3SvoptDpoEUxb/data/486979512/attachments/attmmV6y4L5sHSmLsh9Aqxyi/,17483439842215267231128624903205-14_6_35.jpg,https://kf.kobotoolbox.org/api/v2/assets/aJh328C2e3SvoptDpoEUxb/data/486979512/attachments/attuqRAS2sGEpWJaSbkiE93v/,broken,no,yes,toilets___latrines main_building,1,0,0,0,0,1,17483440675075804848645218273984-14_7_56.jpg,https://kf.kobotoolbox.org/api/v2/assets/aJh328C2e3SvoptDpoEUxb/data/486979512/attachments/attenzJY8CdNYuS4G4n8fnAC/,17483440964701888018600599137864-14_8_24.jpg,https://kf.kobotoolbox.org/api/v2/assets/aJh328C2e3SvoptDpoEUxb/data/486979512/attachments/attrBeTNmcnj94PysDYnbvPs/,no,,,,,,,,,,,,,,,,,,,,,,,yes,20000,plastic_tank,0,1,0,0,0,,point_good_condition,,no,1,other,0,0,0,0,0,1,Infront of classrooms,1,yes,yes,yes,yes,point_good_condition,17483441595352735870862636772398-14_9_27.jpg,https://kf.kobotoolbox.org/api/v2/assets/aJh328C2e3SvoptDpoEUxb/data/486979512/attachments/attzio2XGboLgB3spqHUrU2g/,17483441723132288722747975490089-14_9_36.jpg,https://kf.kobotoolbox.org/api/v2/assets/aJh328C2e3SvoptDpoEUxb/data/486979512/attachments/att8FJhNtbA9UanwvtWST2NN/,17483441844148422568378239132816-14_9_53.jpg,https://kf.kobotoolbox.org/api/v2/assets/aJh328C2e3SvoptDpoEUxb/data/486979512/attachments/attVdk7mfnZZKhHQS3DHdXyX/,17483442156464811448465305032238-14_10_25.jpg,https://kf.kobotoolbox.org/api/v2/assets/aJh328C2e3SvoptDpoEUxb/data/486979512/attachments/att5af3XbpqZGW8mqRVNUsth/,174834422980844251695623838894-14_10_35.jpg,https://kf.kobotoolbox.org/api/v2/assets/aJh328C2e3SvoptDpoEUxb/data/486979512/attachments/attMBEtSWhSepk7jUz5tFp7z/,yes,6,within_the_health_facility__on_premise,1,0,0,6,yes,,no,4,,0,2,,,6,,no,no,no,no,somewhat_clean,at_all_times_during_the_school_day,point_good_condition,pit_latrine_with_slab,0,1,0,0,0,0,0,,yes,no,yes,water,0,1,0,0,0,,no,no,no,no,no,no,,no,,,17483443735062942955706338443291-14_13_36.jpg,https://kf.kobotoolbox.org/api/v2/assets/aJh328C2e3SvoptDpoEUxb/data/486979512/attachments/attRkPXnrmjBdpEYCen7DVPe/,17483443617421039994668789553231-14_12_44.jpg,https://kf.kobotoolbox.org/api/v2/assets/aJh328C2e3SvoptDpoEUxb/data/486979512/attachments/attYfjLPLCdueseUpVxckER8/,17483444508336433402757911552202-14_14_20.jpg,https://kf.kobotoolbox.org/api/v2/assets/aJh328C2e3SvoptDpoEUxb/data/486979512/attachments/att6wNZFm75UsxAe3432L749/,17483444687245598763881725767006-14_14_32.jpg,https://kf.kobotoolbox.org/api/v2/assets/aJh328C2e3SvoptDpoEUxb/data/486979512/attachments/atttx4XX2xQbTNAqFrTQ76Cv/,no__there_are_handwashing_facilities_nea,,,,,,,,,,,,,,,,,,,,,,,,no,,,,,,,no,,,,,,,,no,no,,,,,,,,,no,no,,,,,,,no,,,,,,,,yes,national_power_grid,0,1,0,0,,no,,no,yes,no,no,no,yes,no,no,yes,yes,no,no,,no,no,no,no,,pupils,,teacher,,teachers,,non_teaching_staff,,teachers,,,no,no,no,,no,no,no,yes,no,yes,,,yes,no,no,
,,yes,2025-05-26 00:00:00,ke_0_3,ke_1_17,ke_2_83,Dihile Nur,Dihile Nur Pry$Junior school ,day_school,1,0,0,ecde primary jss,1,1,0,1,0.5399166 39.276666 236.39999999999998 4.94,0.5399166,39.276666,236.4,4.94,9,5,7,,8,200,170,1,2,6,2,2,1,8,370,46,,,yes,yes,yes,yes,,no,no,yes,no,no,,sandy,fair_condition,pedestrian_paths road_for_light_vehicles,1,1,0,yes,1748267573481.jpg,https://kf.kobotoolbox.org/api/v2/assets/aJh328C2e3SvoptDpoEUxb/data/486979623/attachments/attJEAc2nzw56Lxm6zvpqUzW/,,,broken,no,no,,,,,,,,,,,,sometimes,tanker,,yes,yes,mostly__unavailable___30_days,500m_or_further,no,yes,0,yes,chlorination,,don_t_know,no,,,,,,,,,yes,10000,plastic_tank,0,1,0,0,0,,point_good_condition,,no,1,other,0,0,0,0,0,1,Next to office ,1,no,yes,yes,no,needs_repair,1748268188332.jpg,https://kf.kobotoolbox.org/api/v2/assets/aJh328C2e3SvoptDpoEUxb/data/486979623/attachments/attPodtwjWuunkLNSJthT4wq/,1748268202686.jpg,https://kf.kobotoolbox.org/api/v2/assets/aJh328C2e3SvoptDpoEUxb/data/486979623/attachments/attybQi5NYZFZJXqtW5CNGrb/,1748268233449.jpg,https://kf.kobotoolbox.org/api/v2/assets/aJh328C2e3SvoptDpoEUxb/data/486979623/attachments/attL6sbTBJmLrfaujgRhfkgv/,1748268296254.jpg,https://kf.kobotoolbox.org/api/v2/assets/aJh328C2e3SvoptDpoEUxb/data/486979623/attachments/attf4seTtHzEnkAiRtyPmvTC/,1748268316341.jpg,https://kf.kobotoolbox.org/api/v2/assets/aJh328C2e3SvoptDpoEUxb/data/486979623/attachments/attGp6E8XupDTMENrvJysDTk/,yes,2,within_the_health_facility__on_premise,1,0,0,2,yes,,no,2,,21,1,,,3,1,yes,no,no,yes,not_clean,during_specific_times_during_the_school_,point_good_condition,pit_latrine_without_slab_open_pit,0,0,0,1,0,0,0,,yes,no,no,,,,,,,,no,no,no,no,no,no,,no,,,1748268672543.jpg,https://kf.kobotoolbox.org/api/v2/assets/aJh328C2e3SvoptDpoEUxb/data/486979623/attachments/att8hd3qsJ8F57qUPRLAeBAB/,1748268841124.jpg,https://kf.kobotoolbox.org/api/v2/assets/aJh328C2e3SvoptDpoEUxb/data/486979623/attachments/attnr7aVMPjoREhh7rCeSjfU/,1748268860657.jpg,https://kf.kobotoolbox.org/api/v2/assets/aJh328C2e3SvoptDpoEUxb/data/486979623/attachments/attRX9EQCQLFjxXaKspwFbcT/,1748268871274.jpg,https://kf.kobotoolbox.org/api/v2/assets/aJh328C2e3SvoptDpoEUxb/data/486979623/attachments/att6qQcK7wENfFWLQmLd35Xp/,yes,2,container_with_tap__veronica_b,0,0,1,0,0,0,,water_only,school_yard,0,0,0,0,1,0,,no,no,no,no,damaged,no,1748269024423.jpg,https://kf.kobotoolbox.org/api/v2/assets/aJh328C2e3SvoptDpoEUxb/data/486979623/attachments/atthYzBcrw4PMtRg58gifUhM/,1748269033482.jpg,https://kf.kobotoolbox.org/api/v2/assets/aJh328C2e3SvoptDpoEUxb/data/486979623/attachments/attfaUu9YYNV5NLsP35ibtyM/,,,no,,,,,,,,no,no,,,,,,,,,no,no,,,,,,,no,,,,,,,,no,,,,,,,no,,no,yes,no,yes,no,no,,no,no,no,no,,,yes,no,no,no,,teachers,,teacher,,teachers,,tod,,teachers,,,no,no,no,no,,no,no,no,,,,,no,,no,
,,yes,2025-05-27 00:00:00,ke_0_3,ke_1_17,ke_2_83,Skanska,Skanska Pry & Junior sec,day_school,1,0,0,ecde primary jss,1,1,0,1,0.9040575 39.3067468 194.2 4.875,0.9040575,39.3067468,194.2,4.875,8,5,7,,8,240,130,0,1,6,1,1,1,7,370,53,,,yes,yes,yes,yes,,no,no,yes,,,,sandy,fair_condition,pedestrian_paths road_for_light_vehicles,1,1,0,yes,1748322816299.jpg,https://kf.kobotoolbox.org/api/v2/assets/aJh328C2e3SvoptDpoEUxb/data/486979799/attachments/attXTFS68hsCHeUFFggaHFbs/,1748322831664.jpg,https://kf.kobotoolbox.org/api/v2/assets/aJh328C2e3SvoptDpoEUxb/data/486979799/attachments/attX9nYPqdZgpzuLdMfMT648/,good_condition_bldg,yes,no,,,,,,,,,,,,yes,piped_water,,yes,yes,mostly__unavailable___30_days,on_site,yes,yes,500,yes,chlorination,,don_t_know,don_t_know,,,,,,,,,yes,15000,plastic_tank,0,1,0,0,0,,point_good_condition,100,no,4,staff_rooms,0,0,0,0,1,0,,2,yes,yes,yes,yes,point_good_condition,1748323478061.jpg,https://kf.kobotoolbox.org/api/v2/assets/aJh328C2e3SvoptDpoEUxb/data/486979799/attachments/attNgZru6WeMTijdy5bVVgWv/,1748323616761.jpg,https://kf.kobotoolbox.org/api/v2/assets/aJh328C2e3SvoptDpoEUxb/data/486979799/attachments/attCbgoJWbX3WnDg6ovXw7Ym/,1748323627846.jpg,https://kf.kobotoolbox.org/api/v2/assets/aJh328C2e3SvoptDpoEUxb/data/486979799/attachments/attFpfc6q7duzApi8Xkd4fWC/,1748323644891.jpg,https://kf.kobotoolbox.org/api/v2/assets/aJh328C2e3SvoptDpoEUxb/data/486979799/attachments/attNMUQKToXwq7oo3Fn2dEt3/,1748323656788.jpg,https://kf.kobotoolbox.org/api/v2/assets/aJh328C2e3SvoptDpoEUxb/data/486979799/attachments/attCMd7dHSLWcyanmdqEbCVD/,yes,1,outside_building__but_not_on_premise,0,1,0,2,yes,,no,1,,0,0,,,1,,no,no,yes,no,clean,at_all_times_during_the_school_day,point_good_condition,pit_latrine_with_slab pit_latrine_without_slab_open_pit,0,1,0,1,0,0,0,,yes,no,no,,,,,,,,no,no,no,no,no,no,,no,,,1748324095797.jpg,https://kf.kobotoolbox.org/api/v2/assets/aJh328C2e3SvoptDpoEUxb/data/486979799/attachments/attsUKzdJwyNQmuCNdQKo5Pv/,1748324119254.jpg,https://kf.kobotoolbox.org/api/v2/assets/aJh328C2e3SvoptDpoEUxb/data/486979799/attachments/attyVmXThzhBUmCHAEp4eM5C/,1748324140877.jpg,https://kf.kobotoolbox.org/api/v2/assets/aJh328C2e3SvoptDpoEUxb/data/486979799/attachments/attewZuJgDSQWMSX7grefrt3/,1748324156302.jpg,https://kf.kobotoolbox.org/api/v2/assets/aJh328C2e3SvoptDpoEUxb/data/486979799/attachments/att7Mdr8xodnz6MSeU5mJwt8/,yes,2,permanent__concrete_metal__sta,1,0,0,0,0,0,,water_only,toilets,1,0,0,0,0,0,,yes,yes,yes,yes,point_good_condition,no,1748324460799.jpg,https://kf.kobotoolbox.org/api/v2/assets/aJh328C2e3SvoptDpoEUxb/data/486979799/attachments/attWK2PzfdTryQATCxzPAcFV/,1748324476417.jpg,https://kf.kobotoolbox.org/api/v2/assets/aJh328C2e3SvoptDpoEUxb/data/486979799/attachments/att8rDxfie7NXt95CPFqpSmE/,1748324486771.jpg,https://kf.kobotoolbox.org/api/v2/assets/aJh328C2e3SvoptDpoEUxb/data/486979799/attachments/attEwe9XBhQSBa3qksB8aHHv/,no,,,,,,,,no,no,,,,,,,,,yes,no,,,,,,,no,,,,,,,,yes,standalone_solar,1,0,0,0,,no,,no,no,no,no,,,,,,,,,,yes,no,no,no,,teachers,,teacher,,teachers,,teachers,,teachers,,,no,no,no,no,no,no,no,no,,,,,no,,no,
,,yes,2025-05-27 00:00:00,ke_0_3,ke_1_17,ke_2_83,Elan,Elan Primary & Junior School ,mixed_day,0,0,1,ecde primary jss,1,1,0,1,0.7648356 39.3116589 194.2 4.85,0.7648356,39.3116589,194.2,4.85,11,5,7,,8,163,155,1,2,7,0,2,1,7,318,45,,,yes,yes,yes,yes,,yes,no,yes,no,no,,sandy,good_condition,pedestrian_paths road_for_light_vehicles,1,1,0,yes,1748330580277.jpg,https://kf.kobotoolbox.org/api/v2/assets/aJh328C2e3SvoptDpoEUxb/data/486980012/attachments/attoMdGFZACT3fYQmxtczYvP/,1748330627183.jpg,https://kf.kobotoolbox.org/api/v2/assets/aJh328C2e3SvoptDpoEUxb/data/486980012/attachments/attDNGs67cNqdWvTiJqkSw4L/,good_condition_bldg,partial,no,,,,,,,,,,,,sometimes,tanker,,no,yes,mostly__unavailable___30_days,on_site,yes,yes,100,no,,,don_t_know,no,,,,,,,,,yes,5000,plastic_tank,0,1,0,0,0,,point_good_condition,,no,8,preventive_health,0,1,0,0,0,0,,1,yes,yes,yes,,point_good_condition,1748331322902.jpg,https://kf.kobotoolbox.org/api/v2/assets/aJh328C2e3SvoptDpoEUxb/data/486980012/attachments/attqR7Ja4LrgNTNNbdCPtUaS/,1748331589020.jpg,https://kf.kobotoolbox.org/api/v2/assets/aJh328C2e3SvoptDpoEUxb/data/486980012/attachments/attYveZSNg5VYcUpfsaoVs5T/,1748331598625.jpg,https://kf.kobotoolbox.org/api/v2/assets/aJh328C2e3SvoptDpoEUxb/data/486980012/attachments/attfPtSg3rJe3HUZvQNMd7tt/,1748331618865.jpg,https://kf.kobotoolbox.org/api/v2/assets/aJh328C2e3SvoptDpoEUxb/data/486980012/attachments/attZgeUVE4jTBzE8mtg6HufZ/,1748331627034.jpg,https://kf.kobotoolbox.org/api/v2/assets/aJh328C2e3SvoptDpoEUxb/data/486980012/attachments/atteeiaapTMdz9Vnx25eyeUe/,yes,5,within_the_health_facility__on_premise,1,0,0,5,yes,,yes,3,1,,2,1,1,7,2,no,no,yes,no,clean,at_all_times_during_the_school_day,point_good_condition,pit_latrine_without_slab_open_pit,0,0,0,1,0,0,0,,no,no,no,,,,,,,,no,no,no,no,no,no,,no,,,1748332016005.jpg,https://kf.kobotoolbox.org/api/v2/assets/aJh328C2e3SvoptDpoEUxb/data/486980012/attachments/attQf6JPVQrQNxXKuHnNrEaw/,1748332062446.jpg,https://kf.kobotoolbox.org/api/v2/assets/aJh328C2e3SvoptDpoEUxb/data/486980012/attachments/attJPh2HonH3UBwUYtrqXsJm/,1748332161342.jpg,https://kf.kobotoolbox.org/api/v2/assets/aJh328C2e3SvoptDpoEUxb/data/486980012/attachments/attEXTYqaW4hD97r92ZVudtd/,1748332173519.jpg,https://kf.kobotoolbox.org/api/v2/assets/aJh328C2e3SvoptDpoEUxb/data/486980012/attachments/attcM69QwbKPHjZxBG6Q6A7G/,yes,2,permanent__concrete_metal__sta,1,0,0,0,0,0,,water_only,classrooms,0,0,0,1,0,0,,yes,yes,yes,yes,point_good_condition,no,1748332340836.jpg,https://kf.kobotoolbox.org/api/v2/assets/aJh328C2e3SvoptDpoEUxb/data/486980012/attachments/attcbe9r27wybBTsqNazhxTh/,1748332441317.jpg,https://kf.kobotoolbox.org/api/v2/assets/aJh328C2e3SvoptDpoEUxb/data/486980012/attachments/attqxvXx7M4cZGNtEHAZseT7/,1748332451752.jpg,https://kf.kobotoolbox.org/api/v2/assets/aJh328C2e3SvoptDpoEUxb/data/486980012/attachments/attn7XRcrMr8Rqo2KAREDHLG/,no,,,,,,,,no,no,,,,,,,,,no,no,,,,,,,yes,no,no,,no,no,no,no,yes,standalone_solar,1,0,0,0,,no,,no,yes,no,yes,no,no,no,no,no,no,no,no,,yes,no,no,no,,teachers,,teacher,,teachers,,teachers,,teachers,,,no,no,no,no,no,no,no,no,,,,,no,,no,
,,yes,2025-05-27 00:00:00,ke_0_3,ke_1_12,ke_2_60,Abdisamit,Abdisamit primary school,day_school,1,0,0,ecde primary jss,1,1,0,1,0.053157 39.656493 190.3151948508613 48,0.053157,39.656493,190.3151948508613,48,9,5,7,,8,48,74,15,24,2,3,1,1,5,122,24,,,yes,yes,yes,yes,,yes,no,yes,yes,no,,sandy,fair_condition,road_for_light_vehicles,0,1,0,yes,17483443760621313938451732263821-14_13_9.jpg,https://kf.kobotoolbox.org/api/v2/assets/aJh328C2e3SvoptDpoEUxb/data/486984169/attachments/attAW7g7cTZuShYYNwmC4hyV/,17483444011757729241534253450138-14_13_24.jpg,https://kf.kobotoolbox.org/api/v2/assets/aJh328C2e3SvoptDpoEUxb/data/486984169/attachments/attXXQBPjWwDeHpqqXfHeVrP/,poor_condition_bldg,no,no,,,,,,,,,,,,sometimes,surface_water__river__dam__lak,,no,yes,no,up_to_500m,no,no,,no,,,no,no,,,,,,,,,yes,10000,plastic_tank,0,1,0,0,0,,point_good_condition,,yes,1,occupational_therapy,1,0,0,0,0,0,,,yes,,yes,yes,,,,17483444594753399313529610773258-14_14_25.jpg,https://kf.kobotoolbox.org/api/v2/assets/aJh328C2e3SvoptDpoEUxb/data/486984169/attachments/attpD4XhPPdrsQdpBcQHKnc4/,17483444737946727261966057630192-14_14_48.jpg,https://kf.kobotoolbox.org/api/v2/assets/aJh328C2e3SvoptDpoEUxb/data/486984169/attachments/attFbJHKPGcfJgzBh7Fmjx8W/,17483444911542876409011821728607-14_14_59.jpg,https://kf.kobotoolbox.org/api/v2/assets/aJh328C2e3SvoptDpoEUxb/data/486984169/attachments/attYTdbzLVopNDKvAeiEFEy8/,17483445026856319624484396129878-14_15_15.jpg,https://kf.kobotoolbox.org/api/v2/assets/aJh328C2e3SvoptDpoEUxb/data/486984169/attachments/atthWHSs5dg27cjAbHdAA8uH/,yes,2,within_the_health_facility__on_premise,1,0,0,,yes,,yes,1,0,0,1,0,0,2,,yes,no,no,no,clean,at_all_times_during_the_school_day,needs_repair,pit_latrine_with_slab,0,1,0,0,0,0,0,,no,no,no,,,,,,,,no,no,no,no,no,no,,no,,,,,17483445255708319475027194461209-14_15_39.jpg,https://kf.kobotoolbox.org/api/v2/assets/aJh328C2e3SvoptDpoEUxb/data/486984169/attachments/attT8UejktyDifm37EduvxAN/,17483446289548403559607063829288-14_17_13.jpg,https://kf.kobotoolbox.org/api/v2/assets/aJh328C2e3SvoptDpoEUxb/data/486984169/attachments/attcJYHEMVVuBU2DrPonaJrD/,,,yes,1,permanent__concrete_metal__sta,1,0,0,0,0,0,,water_only,food_preparation_area classrooms,0,1,0,1,0,0,,no,no,no,no,point_good_condition,no,17483446410478339469825536197425-14_17_29.jpg,https://kf.kobotoolbox.org/api/v2/assets/aJh328C2e3SvoptDpoEUxb/data/486984169/attachments/attFAnAWLoye5UWS97ZUW7uD/,17483446576919120079084138257050-14_17_44.jpg,https://kf.kobotoolbox.org/api/v2/assets/aJh328C2e3SvoptDpoEUxb/data/486984169/attachments/attPs7KERN6ed7eDiLje2btN/,17483446674948445424161012321746-14_17_57.jpg,https://kf.kobotoolbox.org/api/v2/assets/aJh328C2e3SvoptDpoEUxb/data/486984169/attachments/attiiD9d7CxZD3hbyLZMymQJ/,no,,,,,,,,no,no,,,,,,,,,no,no,,,,,,,no,,,,,,,,yes,standalone_solar,1,0,0,0,,no,,no,yes,no,yes,no,yes,no,yes,no,yes,no,no,,no,no,no,no,,clubs,,tod,,tod,,non_teaching_staff,,teachers,,,no,no,no,yes,no,yes,no,no,,,,,no,,no,
,,yes,2025-05-27 00:00:00,ke_0_3,ke_1_12,ke_2_59,Welhar,Welhar ecd center,day_school,1,0,0,ecde,1,0,0,0,0.049983 39.325809 291.36 1.3580000400543213,0.049983,39.325809,291.36,1.358000040054321,2,3,,,,21,19,0,0,1,0,0,0,1,40,40,,,yes,no,yes,yes,,no,yes,yes,yes,no,,sandy,poor_condition,pedestrian_paths,1,0,0,yes,17483379714247964552749875710975-12_26_19.jpg,https://kf.kobotoolbox.org/api/v2/assets/aJh328C2e3SvoptDpoEUxb/data/486990470/attachments/attWyMScAAeorgmRnn5HiaT7/,17483379541419054108996017099227-12_26_6.jpg,https://kf.kobotoolbox.org/api/v2/assets/aJh328C2e3SvoptDpoEUxb/data/486990470/attachments/atth4e5DsHrFXqbAiuFeWqau/,poor_condition_bldg,no,no,,,,,,,,,,,,yes,tanker,,no,no,no,500m_or_further,no,no,,no,,,no,no,,,,,,,,,no,,,,,,,,,,,no,0,,,,,,,,,,,,,,,,,,,,,,,,,no,,,,,,,,,,,,,,,,0,,,,,,,,,,,,,,,,,,,,,,,,,,,,,,no,,,,,no,,,,,,,,,,,no__there_are_handwashing_facilities_nea,,,,,,,,,,,,,,,,,,,,,,,,no,,,,,,,no,,,,,,,,no,no,,,,,,,,,no,no,,,,,,,no,,,,,,,,no,,,,,,,no,,no,yes,no,yes,yes,no,no,no,no,no,no,no,,no,no,no,no,,other,No wash facility,others,No wash facility,others,No wash,others,No wash facility,others,No wash facility,,no,yes,no,no,yes,no,no,no,,,,,no,,no,
,,yes,2025-05-27 00:00:00,ke_0_3,ke_1_12,ke_2_57,Togob,Togob primary school,day_school,1,0,0,ecde primary,1,1,0,0,0.2426994 38.9875444 349.90000000000003 4.966,0.2426994,38.9875444,349.9,4.966,6,5,7,,,156,99,0,0,4,0,1,1,4,255,64,,,yes,yes,yes,yes,,,yes,yes,yes,no,,sandy,good_condition,pedestrian_paths road_for_light_vehicles,1,1,0,yes,1748345165001.jpg,https://kf.kobotoolbox.org/api/v2/assets/aJh328C2e3SvoptDpoEUxb/data/486994799/attachments/attiHDkkG7jco4XQSCxaj2ox/,1748345171048.jpg,https://kf.kobotoolbox.org/api/v2/assets/aJh328C2e3SvoptDpoEUxb/data/486994799/attachments/att2ruQX8mEQQ8m6QCi2SwkC/,good_condition_bldg,no,no,,,,,,,,,,,,sometimes,surface_water__river__dam__lak,,yes,no,no,up_to_500m,no,no,,yes,chlorination,,don_t_know,no,,,,,,,,,yes,5000,plastic_tank,0,1,0,0,0,,point_good_condition,,no,1,preventive_health,0,1,0,0,0,0,,1,yes,yes,yes,yes,point_good_condition,,,,,,,,,,,yes,2,outside_building__but_not_on_premise,0,1,0,1,no,1,no,,,,,,,0,,no,yes,yes,yes,somewhat_clean,at_all_times_during_the_school_day,point_good_condition,pit_latrine_with_slab,0,1,0,0,0,0,0,,no,no,yes,water,0,1,0,0,0,,no,no,no,no,yes,yes,,no,,,1748345666131.jpg,https://kf.kobotoolbox.org/api/v2/assets/aJh328C2e3SvoptDpoEUxb/data/486994799/attachments/attTmi9kspuw4e3bPQK6BkRc/,1748345673226.jpg,https://kf.kobotoolbox.org/api/v2/assets/aJh328C2e3SvoptDpoEUxb/data/486994799/attachments/attmo6fKZK3qJvC5rQ3v3bip/,1748345682472.jpg,https://kf.kobotoolbox.org/api/v2/assets/aJh328C2e3SvoptDpoEUxb/data/486994799/attachments/att8QFrM5YiqHKUqF5S4NaRi/,1748345726330.jpg,https://kf.kobotoolbox.org/api/v2/assets/aJh328C2e3SvoptDpoEUxb/data/486994799/attachments/attrm3UbDVewHV9qp4j9CWwT/,yes,1,container_with_tap__veronica_b,0,0,1,0,0,0,,water_only,school_yard,0,0,0,0,1,0,,yes,yes,yes,yes,point_good_condition,yes,1748345803580.jpg,https://kf.kobotoolbox.org/api/v2/assets/aJh328C2e3SvoptDpoEUxb/data/486994799/attachments/attf4zEjFiaA4yNaLvKYktyF/,1748345811151.jpg,https://kf.kobotoolbox.org/api/v2/assets/aJh328C2e3SvoptDpoEUxb/data/486994799/attachments/attBPtzFeR9mAuEF6vD2kEMr/,1748345821628.jpg,https://kf.kobotoolbox.org/api/v2/assets/aJh328C2e3SvoptDpoEUxb/data/486994799/attachments/attAjeiM7k3tVRDD4FMHySqo/,no,,,,,,,,no,no,,,,,,,,,no,yes,,,,,,,no,,,,,,,,no,,,,,,,no,,,yes,,yes,,,,,,,,,,yes,no,no,no,,teachers,,teacher,,teachers,,teachers,,teachers,,,no,no,no,no,no,no,yes,no,,,,,yes,yes,no,
,,yes,2025-05-27 00:00:00,ke_0_3,ke_1_15,ke_2_73,Bula Nur,Bula Nur primary school,day_school,1,0,0,ecde primary,1,1,0,0,-0.487644 39.668745 0 1223.969970703125,-0.487644,39.668745,0,1223.969970703125,8,5,7,,,31,41,0,0,4,3,1,1,7,72,10,,,yes,no,yes,no,,no,yes,yes,yes,no,,sandy,fair_condition,pedestrian_paths,1,0,0,yes,17483464059065950044318987257628-14_46_50.jpg,https://kf.kobotoolbox.org/api/v2/assets/aJh328C2e3SvoptDpoEUxb/data/487010028/attachments/attrk98By7mFCx7xXcsBtv7H/,17483464130847956326292374266121-14_46_56.jpg,https://kf.kobotoolbox.org/api/v2/assets/aJh328C2e3SvoptDpoEUxb/data/487010028/attachments/attMQeVhSWjy8tzAYgTdJht9/,broken,no,yes,toilets___latrines,1,0,0,0,0,0,1748346481429270282477055170707-14_48_11.jpg,https://kf.kobotoolbox.org/api/v2/assets/aJh328C2e3SvoptDpoEUxb/data/487010028/attachments/attnaem6MCAJymhN7DswNhjB/,17483465049645496318348591184075-14_48_34.jpg,https://kf.kobotoolbox.org/api/v2/assets/aJh328C2e3SvoptDpoEUxb/data/487010028/attachments/att2bBbefn53zsGYF4qLZ6HN/,no,,,,,,,,,,,,,,,,,,,,,,,yes,11000,plastic_tank,0,1,0,0,0,,point_good_condition,,no,1,other,0,0,0,0,0,1,Infront of the classrooms,1,no,no,yes,yes,point_good_condition,17483472733213791920140581159087-15_1_18.jpg,https://kf.kobotoolbox.org/api/v2/assets/aJh328C2e3SvoptDpoEUxb/data/487010028/attachments/attVjEhD7qrBwCVWT8YTu8uW/,17483472809348623738858062825065-15_1_24.jpg,https://kf.kobotoolbox.org/api/v2/assets/aJh328C2e3SvoptDpoEUxb/data/487010028/attachments/att7ZcJ5TaVoPyt59yV6P3Nm/,1748347288634132560957191612293-15_1_32.jpg,https://kf.kobotoolbox.org/api/v2/assets/aJh328C2e3SvoptDpoEUxb/data/487010028/attachments/attoyr8pfT7awfzLwiyKyodq/,1748347301664428198098909825291-15_1_47.jpg,https://kf.kobotoolbox.org/api/v2/assets/aJh328C2e3SvoptDpoEUxb/data/487010028/attachments/att3q5e27cUpiNuUT9EvvhDo/,17483473121635671672779704705948-15_2_4.jpg,https://kf.kobotoolbox.org/api/v2/assets/aJh328C2e3SvoptDpoEUxb/data/487010028/attachments/att87nxwiPnpDBsWaKffN3Qa/,yes,4,within_the_health_facility__on_premise,1,0,0,4,yes,,yes,1,0,0,1,1,1,4,,no,yes,yes,no,somewhat_clean,at_all_times_during_the_school_day,point_good_condition,pit_latrine_with_slab,0,1,0,0,0,0,0,,yes,no,yes,water,0,1,0,0,0,,no,no,no,no,no,no,,no,,,17483473913526641251727555497934-15_3_15.jpg,https://kf.kobotoolbox.org/api/v2/assets/aJh328C2e3SvoptDpoEUxb/data/487010028/attachments/attUBMUUxemzi8ZimpAetJq9/,174834740193793397975402070177-15_3_26.jpg,https://kf.kobotoolbox.org/api/v2/assets/aJh328C2e3SvoptDpoEUxb/data/487010028/attachments/attfCkQUQBy7FUDBPDHFbDBY/,17483474095495047596746350420257-15_3_36.jpg,https://kf.kobotoolbox.org/api/v2/assets/aJh328C2e3SvoptDpoEUxb/data/487010028/attachments/attr5UwUZWRo8UCpzzEMJfYY/,17483474260432320327275677980807-15_3_52.jpg,https://kf.kobotoolbox.org/api/v2/assets/aJh328C2e3SvoptDpoEUxb/data/487010028/attachments/attmfXEoHPGoJzH6t7rLyt39/,no__there_are_handwashing_facilities_nea,,,,,,,,,,,,,,,,,,,,,,,,no,,,,,,,no,,,,,,,,no,no,,,,,,,,,no,no,,,,,,,no,,,,,,,,no,,,,,,,no,,no,yes,no,yes,yes,yes,no,no,yes,yes,no,no,,no,no,no,no,,pupils,,teacher,,teachers,,non_teaching_staff,,teachers,,,no,no,no,no,no,,no,no,,,,,no,,no,
,,yes,2025-05-27 00:00:00,ke_0_3,ke_1_17,ke_2_80,Baraki ,Baraki Primary & Junior sec ,mixed_day,0,0,1,ecde primary jss,1,1,0,1,0.6611786 39.5808458 156.20000000000002 4.766,0.6611786,39.5808458,156.2,4.766,11,5,7,,8,200,200,1,0,10,3,1,1,13,400,31,,,yes,no,yes,yes,,no,yes,yes,yes,no,,sandy,fair_condition,pedestrian_paths road_for_light_vehicles,1,1,0,yes,1748347354043.jpg,https://kf.kobotoolbox.org/api/v2/assets/aJh328C2e3SvoptDpoEUxb/data/487024952/attachments/attgDbxqU4LyQpEhMtNgdgzx/,1748347364703.jpg,https://kf.kobotoolbox.org/api/v2/assets/aJh328C2e3SvoptDpoEUxb/data/487024952/attachments/attoWZo8e7SAytfYAfGHjxgA/,broken,partial,no,,,,,,,,,,,,yes,piped_water,,yes,yes,yes,up_to_500m,no,yes,2000,no,,,no,no,,,,,,,,,yes,10000,plastic_tank,0,1,0,0,0,,point_good_condition,30,yes,6,other,0,0,0,0,0,1,Middle point ,1,yes,yes,yes,yes,point_good_condition,1748348002536.jpg,https://kf.kobotoolbox.org/api/v2/assets/aJh328C2e3SvoptDpoEUxb/data/487024952/attachments/attKnUtEJKyeuiMzdVVGoFEb/,,,,,1748348052317.jpg,https://kf.kobotoolbox.org/api/v2/assets/aJh328C2e3SvoptDpoEUxb/data/487024952/attachments/attZkJWZLDfZkE5YGsyrwGKn/,1748348071368.jpg,https://kf.kobotoolbox.org/api/v2/assets/aJh328C2e3SvoptDpoEUxb/data/487024952/attachments/attMc6hsEQGe4G39Qbfg7djw/,yes,5,outside_building__but_not_on_premise,0,1,0,4,yes,,yes,2,1,0,1,1,0,4,,no,yes,yes,yes,clean,at_all_times_during_the_school_day,point_good_condition,pit_latrine_without_slab_open_pit,0,0,0,1,0,0,0,,yes,no,no,,,,,,,,no,no,no,no,no,no,,no,,,1748348496688.jpg,https://kf.kobotoolbox.org/api/v2/assets/aJh328C2e3SvoptDpoEUxb/data/487024952/attachments/attvj9M7NdMrMa9zZVeGK2QD/,1748348521807.jpg,https://kf.kobotoolbox.org/api/v2/assets/aJh328C2e3SvoptDpoEUxb/data/487024952/attachments/att4jb4STZ66sA7nCcC2MTdN/,1748348531313.jpg,https://kf.kobotoolbox.org/api/v2/assets/aJh328C2e3SvoptDpoEUxb/data/487024952/attachments/attWVQPQfDkRWmVdteDtqueV/,1748348557008.jpg,https://kf.kobotoolbox.org/api/v2/assets/aJh328C2e3SvoptDpoEUxb/data/487024952/attachments/attyGomDPvccqxtWhTmzuS56/,yes,1,permanent__concrete_metal__sta,1,0,0,0,0,0,,water_only,classrooms,0,0,0,1,0,0,,yes,yes,yes,yes,point_good_condition,no,1748348688420.jpg,https://kf.kobotoolbox.org/api/v2/assets/aJh328C2e3SvoptDpoEUxb/data/487024952/attachments/attMUaBXQFyiM2JURXL9RToq/,1748348777833.jpg,https://kf.kobotoolbox.org/api/v2/assets/aJh328C2e3SvoptDpoEUxb/data/487024952/attachments/attmbAbveJ6JxPqH3oUcGM92/,,,no,,,,,,,,no,no,,,,,,,,,no,no,,,,,,,no,,,,,,,,yes,standalone_solar,1,0,0,0,,no,,no,yes,no,yes,no,no,no,,no,no,no,no,,no,no,no,no,,teachers,,teacher,,tod,,tod,,tod,,,no,no,no,no,no,no,no,no,,,,,no,,no,
,,yes,2025-05-27 00:00:00,ke_0_3,ke_1_12,ke_2_57,Hagaarjaareer,Hagaarjareer primary,day_school,1,0,0,ecde primary,1,1,0,0,0.2958638 38.7560223 455.7 3.96,0.2958638,38.7560223,455.7,3.96,4,5,7,,,130,79,0,0,3,0,1,1,3,209,70,,,yes,no,no,yes,,no,yes,yes,no,,,sandy,fair_condition,pedestrian_paths road_for_light_vehicles,1,1,0,yes,1748348874556.jpg,https://kf.kobotoolbox.org/api/v2/assets/aJh328C2e3SvoptDpoEUxb/data/487036267/attachments/attTRjha5BRnBRqHPgppGypb/,1748348885901.jpg,https://kf.kobotoolbox.org/api/v2/assets/aJh328C2e3SvoptDpoEUxb/data/487036267/attachments/attcPBxD62XDhPQUVPME2z5P/,broken,yes,no,,,,,,,,,,,,yes,unprotected_spring,,yes,yes,mostly__unavailable___30_days,500m_or_further,no,no,,no,,,no,don_t_know,,,,,,,,,yes,10000,plastic_tank,0,1,0,0,0,,point_good_condition,,no,2,preventive_health staff_rooms,0,1,0,0,1,0,,1,yes,yes,yes,yes,point_good_condition,1748349119212.jpg,https://kf.kobotoolbox.org/api/v2/assets/aJh328C2e3SvoptDpoEUxb/data/487036267/attachments/attDssPNC2T6m8oTM3kR5GjS/,1748349143301.jpg,https://kf.kobotoolbox.org/api/v2/assets/aJh328C2e3SvoptDpoEUxb/data/487036267/attachments/att3BDWJ2kpzhwKqf29GPwh3/,1748349169010.jpg,https://kf.kobotoolbox.org/api/v2/assets/aJh328C2e3SvoptDpoEUxb/data/487036267/attachments/attKWPCUiRZLzDXpjEhQYy7H/,1748349206108.jpg,https://kf.kobotoolbox.org/api/v2/assets/aJh328C2e3SvoptDpoEUxb/data/487036267/attachments/atttAcysSsv4DcApQcgLsBGg/,,,yes,10,within_the_health_facility__on_premise,1,0,0,8,yes,,yes,3,0,0,3,2,0,8,,no,no,yes,no,clean,at_all_times_during_the_school_day,point_good_condition,pit_latrine_without_slab_open_pit,0,0,0,1,0,0,0,,yes,no,no,,,,,,,,no,no,don_t_know,no,yes,no,,don_t_know,,,1748349403439.jpg,https://kf.kobotoolbox.org/api/v2/assets/aJh328C2e3SvoptDpoEUxb/data/487036267/attachments/attDpDzqb4VHkaTEW4bNtHPq/,1748349426923.jpg,https://kf.kobotoolbox.org/api/v2/assets/aJh328C2e3SvoptDpoEUxb/data/487036267/attachments/attmmnJQvr9CgECcWmqtpNKH/,1748349440249.jpg,https://kf.kobotoolbox.org/api/v2/assets/aJh328C2e3SvoptDpoEUxb/data/487036267/attachments/attchhvzeP6UzSZkhZ7apkMY/,1748349456215.jpg,https://kf.kobotoolbox.org/api/v2/assets/aJh328C2e3SvoptDpoEUxb/data/487036267/attachments/attrK8YHHcyRwigEVUnbmBPe/,yes,5,permanent__concrete_metal__sta,1,0,0,0,0,0,,water_only,classrooms,0,0,0,1,0,0,,yes,no,yes,no,needs_repair,no,1748349550800.jpg,https://kf.kobotoolbox.org/api/v2/assets/aJh328C2e3SvoptDpoEUxb/data/487036267/attachments/attFqJZxbuWnmShitgkUsDCY/,1748349578599.jpg,https://kf.kobotoolbox.org/api/v2/assets/aJh328C2e3SvoptDpoEUxb/data/487036267/attachments/att87eyagvWQHMswkwVFenUS/,1748349594762.jpg,https://kf.kobotoolbox.org/api/v2/assets/aJh328C2e3SvoptDpoEUxb/data/487036267/attachments/attXS5Dc5SbcGtTKwiv4P5f7/,no,,,,,,,,no,no,,,,,,,,,no,no,,,,,,,no,,,,,,,,no,,,,,,,no,,no,yes,no,no,,yes,no,no,yes,no,no,,,yes,yes,yes,no,,teachers,,teacher,,teachers,,teachers,,teachers,,,no,no,yes,no,no,,,yes,yes,no,,,yes,yes,no,
,,yes,2025-05-27 00:00:00,ke_0_3,ke_1_17,ke_2_80,Daadforow,Haji dubat primary school ,day_school,1,0,0,ecde primary,1,1,0,0,0.6199269 39.5630825 149.86944580078125 4.869,0.6199269,39.5630825,149.8694458007812,4.869,4,13,10,,,25,10,0,0,1,0,0,0,1,35,35,,,yes,no,no,no,,no,yes,no,no,no,,sandy,good_condition,pedestrian_paths road_for_light_vehicles road_for_trucks,1,1,1,yes,,,,,,no,no,,,,,,,,,,,,no,,,,,,,,,,,,,,,,,,,,,,,no,,,,,,,,,,,no,0,,,,,,,,,,,,,,,,,,,,,,,,,no,,,,,,,,,,,,,,,,0,,,,,,,,,,,,,,,,,,,,,,,,,,,,,,no,,,,,no,,,,,,,,,,,no__there_are_handwashing_facilities_nea,,,,,,,,,,,,,,,,,,,,,,,,no,,,,,,,no,,,,,,,,no,no,,,,,,,,,no,no,,,,,,,no,,,,,,,,no,,,,,,,no,,no,yes,no,no,no,no,no,no,no,no,no,,,yes,no,no,no,,pupils,,teacher,,teachers,,teachers,,teachers,,,no,no,no,no,no,no,no,no,,,,,no,,no,
,,yes,2025-05-27 00:00:00,ke_0_3,ke_1_12,ke_2_60,NUNOW,NUNOW,day_school,1,0,0,ecde primary,1,1,0,0,-0.195419 39.6151 223.765 1.569000005722046,-0.195419,39.6151,223.765,1.569000005722046,8,5,7,,,67,33,,0,1,1,1,1,2,100,50,,,yes,,no,yes,,no,no,yes,no,no,,sandy,fair_condition,road_for_trucks,0,0,1,yes,17483521775674141230319224357718-16_23_4.jpg,https://kf.kobotoolbox.org/api/v2/assets/aJh328C2e3SvoptDpoEUxb/data/487083385/attachments/attM3LWCWdeMGMYGf5agAr47/,17483521885554082272835389381063-16_23_15.jpg,https://kf.kobotoolbox.org/api/v2/assets/aJh328C2e3SvoptDpoEUxb/data/487083385/attachments/attJz3Twrr3aJj8HjDnyGrJ3/,broken,no,yes,fence main_building,0,0,0,0,1,1,174835221653293369700266051920-16_23_45.jpg,https://kf.kobotoolbox.org/api/v2/assets/aJh328C2e3SvoptDpoEUxb/data/487083385/attachments/attdaRvNevi6nRPyxMbNyC6W/,17483522786148338347441744809335-16_24_50.jpg,https://kf.kobotoolbox.org/api/v2/assets/aJh328C2e3SvoptDpoEUxb/data/487083385/attachments/attL7ZFjGqZdn3mDhrc6Zw2R/,no,,,,,,,,,,,,,,,,,,,,,,,yes,10000,concrete_tank,1,0,0,0,0,,needs_repair,,no,1,preventive_health,0,1,0,0,0,0,,0,no,no,no,no,needs_repair,17483525899824764317099788445908-16_30_26.jpg,https://kf.kobotoolbox.org/api/v2/assets/aJh328C2e3SvoptDpoEUxb/data/487083385/attachments/att44tZXNf7Ju2SJYJL3AaAL/,17483526311372330591355294422952-16_31_21.jpg,https://kf.kobotoolbox.org/api/v2/assets/aJh328C2e3SvoptDpoEUxb/data/487083385/attachments/attkdMssKF8923NCeQxrD26k/,17483526859501894883639226662704-16_32_3.jpg,https://kf.kobotoolbox.org/api/v2/assets/aJh328C2e3SvoptDpoEUxb/data/487083385/attachments/attSkFKWfNuQAGhJp6BrKds3/,17483527403767085726400313899102-16_32_39.jpg,https://kf.kobotoolbox.org/api/v2/assets/aJh328C2e3SvoptDpoEUxb/data/487083385/attachments/attiihYGmVjxBYsyxM3tcBsE/,,,yes,4,within_the_health_facility__on_premise,1,0,0,3,yes,,no,2,,,2,,,4,,no,no,yes,no,not_clean,at_all_times_during_the_school_day,needs_repair,pit_latrine_with_slab,0,1,0,0,0,0,0,,no,no,no,,,,,,,,no,no,no,no,no,,,no,,,17483529341631903320962755611141-16_35_39.jpg,https://kf.kobotoolbox.org/api/v2/assets/aJh328C2e3SvoptDpoEUxb/data/487083385/attachments/attq92Bug5bqTYRknAau2zks/,17483529447527430129734978220016-16_35_54.jpg,https://kf.kobotoolbox.org/api/v2/assets/aJh328C2e3SvoptDpoEUxb/data/487083385/attachments/attwrZVcBvEzC7wrRtXikipW/,,,,,no__there_are_handwashing_facilities_nea,,,,,,,,,,,,,,,,,,,,,,,,no,,,,,,,no,,,,,,,,no,no,,,,,,,,,no,no,,,,,,,no,,,,,,,,yes,standalone_solar national_power_grid,1,1,0,0,,no,,no,yes,no,yes,yes,yes,no,no,yes,no,no,no,,no,no,no,no,,other,No washing facility,others,No washing facility,others,No washing facility,others,No washing facility,others,No washing facility,,no,no,no,no,no,no,no,no,,,,,no,,no,
,,yes,2025-05-27 00:00:00,ke_0_3,ke_1_15,ke_2_73,Abdi lugey,Abdi lugey primary school,day_school,1,0,0,ecde primary,1,1,0,0,-0.425649 39.714096 215.523 85.99700164794922,-0.425649,39.714096,215.523,85.99700164794922,4,5,7,,,130,58,0,0,3,0,1,1,3,188,63,,,no,no,yes,no,,no,yes,yes,yes,no,,sandy,fair_condition,pedestrian_paths,1,0,0,yes,17483546067079190242295675718802-17_4_8.jpg,https://kf.kobotoolbox.org/api/v2/assets/aJh328C2e3SvoptDpoEUxb/data/487114349/attachments/att5hq6rCTTpmrMyqLGjy5H6/,17483546628402574823418057756350-17_4_45.jpg,https://kf.kobotoolbox.org/api/v2/assets/aJh328C2e3SvoptDpoEUxb/data/487114349/attachments/attBtfg5Lmmn4G8EZQ5RANU5/,broken,no,no,,,,,,,,,,,,no,,,,,,,,,,,,,,,,,,,,,,,yes,10000,plastic_tank,0,1,0,0,0,,point_good_condition,,no,0,,,,,,,,,,,,,,,,,,,,,,,,,yes,2,within_the_health_facility__on_premise,1,0,0,2,no,2,no,,,,,,,0,,no,no,no,no,somewhat_clean,at_all_times_during_the_school_day,point_good_condition,pit_latrine_with_slab,0,1,0,0,0,0,0,,no,no,no,,,,,,,,no,no,no,no,no,no,,no,,,17483548919918396453936763605107-17_8_22.jpg,https://kf.kobotoolbox.org/api/v2/assets/aJh328C2e3SvoptDpoEUxb/data/487114349/attachments/attUNHgkCjZBLbKwvosjsnpv/,17483549151196111065493962887688-17_8_44.jpg,https://kf.kobotoolbox.org/api/v2/assets/aJh328C2e3SvoptDpoEUxb/data/487114349/attachments/attjqHexDRSTHGQCRuTGf9VM/,17483549412775901003685565897140-17_9_12.jpg,https://kf.kobotoolbox.org/api/v2/assets/aJh328C2e3SvoptDpoEUxb/data/487114349/attachments/attBFpe4UU5sjBpxaMo2ERou/,17483553504774247119261622682099-17_16_1.jpg,https://kf.kobotoolbox.org/api/v2/assets/aJh328C2e3SvoptDpoEUxb/data/487114349/attachments/attPJFtr5JoSj76QgY9QwugG/,no__there_are_handwashing_facilities_nea,,,,,,,,,,,,,,,,,,,,,,,,no,,,,,,,no,,,,,,,,no,no,,,,,,,,,no,no,,,,,,,no,,,,,,,,no,,,,,,,no,,no,yes,no,yes,yes,yes,yes,no,yes,yes,yes,no,,no,no,no,no,,clubs,,tod,,teachers,,non_teaching_staff,,teachers,,,no,no,no,no,no,no,no,no,,,,,no,,no,
,,yes,2025-05-27 00:00:00,ke_0_3,ke_1_17,ke_2_80,BIYABOMBI,Biyambombi,day_school,1,0,0,ecde primary,1,1,0,0,0.5633954 39.5561264 154.8084716796875 4.912,0.5633954,39.5561264,154.8084716796875,4.912,2,5,5,,,55,33,1,0,2,0,0,1,2,88,44,,,yes,no,no,no,,no,no,no,no,,,sandy,good_condition,pedestrian_paths road_for_light_vehicles road_for_trucks,1,1,1,yes,1748352556113.jpg,https://kf.kobotoolbox.org/api/v2/assets/aJh328C2e3SvoptDpoEUxb/data/487114370/attachments/attZoynk2emDZPwMTJHfvvib/,,,,no,no,,,,,,,,,,,,no,,,,,,,,,,,,,,,,,,,,,,,no,,,,,,,,,,,no,0,,,,,,,,,,,,,,,,,,,,,,,,,no,,,,,,,,,,,,,,,,0,,,,,,,,,,,,,,,,,,,,,,,,,,,,,,no,,,,,no,,,,,,,,,,,no__there_are_handwashing_facilities_nea,,,,,,,,,,,,,,,,,,,,,,,,no,,,,,,,no,,,,,,,,no,no,,,,,,,,,no,no,,,,,,,no,,,,,,,,no,,,,,,,no,,no,yes,,no,no,no,no,no,,,,,,yes,no,no,no,,tod,,teacher,,teachers,,teachers,,teachers,,,no,no,no,no,no,no,no,no,,,,,no,,no,
,,yes,,ke_0_3,ke_1_17,ke_2_80,Languyatta,Languyatta primary,day_school,1,0,0,ecde,1,0,0,0,0.4132291 39.3913293 208.63323974609375 4.801,0.4132291,39.3913293,208.6332397460938,4.801,2,5,,,,37,22,0,0,1,0,0,1,1,59,59,,,yes,no,yes,yes,,no,no,no,no,,,sandy,good_condition,pedestrian_paths road_for_light_vehicles road_for_trucks,1,1,1,yes,1748356701351.jpg,https://kf.kobotoolbox.org/api/v2/assets/aJh328C2e3SvoptDpoEUxb/data/487138248/attachments/attXGW8ecMFXDbkseYLcvUGw/,,,broken,no,no,,,,,,,,,,,,sometimes,tanker,,no,no,no,500m_or_further,no,no,,no,,,don_t_know,no,,,,,,,,,no,,,,,,,,,,,no,0,,,,,,,,,,,,,,,,,,,,,,,,,yes,1,off_premise,0,0,1,1,no,1,no,,,,,,,0,,no,no,no,no,somewhat_clean,at_all_times_during_the_school_day,point_good_condition,pit_latrine_with_slab,0,1,0,0,0,0,0,,yes,no,yes,water,0,1,0,0,0,,no,no,no,,,yes,,no,,,1748357109408.jpg,https://kf.kobotoolbox.org/api/v2/assets/aJh328C2e3SvoptDpoEUxb/data/487138248/attachments/atthSGeb4MxcxR8LKTGtedxG/,,,,,,,no__there_are_handwashing_facilities_nea,,,,,,,,,,,,,,,,,,,,,,,,no,,,,,,,no,,,,,,,,no,no,,,,,,,,,no,no,,,,,,,no,,,,,,,,no,,,,,,,no,,no,yes,no,no,no,no,no,no,no,no,no,no,,yes,no,no,no,,pupils,,teacher,,teachers,,teachers,,teachers,,,no,no,no,no,,no,no,no,,,,,no,,no,
,,yes,2025-05-27 00:00:00,ke_0_3,ke_1_12,ke_2_57,Hifow,"Hifow primary School
",day_school,1,0,0,ecde primary,1,1,0,0,,,,,,4,5,7,,,54,37,1,1,2,0,0,0,2,91,46,,,yes,no,yes,yes,,yes,no,yes,no,,,rocky,fair_condition,road_for_light_vehicles pedestrian_paths,1,1,0,yes,1748357382660.jpg,https://kf.kobotoolbox.org/api/v2/assets/aJh328C2e3SvoptDpoEUxb/data/487151353/attachments/attjvu5oNDPb7QrRvpeEoLJK/,1748357393899.jpg,https://kf.kobotoolbox.org/api/v2/assets/aJh328C2e3SvoptDpoEUxb/data/487151353/attachments/attWGmxddFAdc43vnjf3utHP/,good_condition_bldg,no,no,,,,,,,,,,,,no,,,,,,,,,,,,,,,,,,,,,,,no,,,,,,,,,,,no,6,preventive_health,0,1,0,0,0,0,,6,yes,yes,yes,yes,point_good_condition,1748357515086.jpg,https://kf.kobotoolbox.org/api/v2/assets/aJh328C2e3SvoptDpoEUxb/data/487151353/attachments/attatjruTcEpiQDAX3e2xoBo/,1748357526660.jpg,https://kf.kobotoolbox.org/api/v2/assets/aJh328C2e3SvoptDpoEUxb/data/487151353/attachments/att4Um7ChUVJPjrhgf6yShH8/,1748357539086.jpg,https://kf.kobotoolbox.org/api/v2/assets/aJh328C2e3SvoptDpoEUxb/data/487151353/attachments/attoVCT649N8frqt7BhF4rYq/,1748357551456.jpg,https://kf.kobotoolbox.org/api/v2/assets/aJh328C2e3SvoptDpoEUxb/data/487151353/attachments/attYoCAyLg8598n8taMjHaNw/,,,yes,2,within_the_health_facility__on_premise,1,0,0,2,no,2,no,,,,,,,0,,no,no,no,no,somewhat_clean,at_all_times_during_the_school_day,point_good_condition,pit_latrine_with_slab,0,1,0,0,0,0,0,,no,no,no,,,,,,,,no,no,don_t_know,no,no,no,,no,,,1748357696563.jpg,https://kf.kobotoolbox.org/api/v2/assets/aJh328C2e3SvoptDpoEUxb/data/487151353/attachments/attKDaUjjVirJsLyaY6qwWKM/,1748357705390.jpg,https://kf.kobotoolbox.org/api/v2/assets/aJh328C2e3SvoptDpoEUxb/data/487151353/attachments/atttgYYzUHEFqZNKQB75DoMa/,1748357720064.jpg,https://kf.kobotoolbox.org/api/v2/assets/aJh328C2e3SvoptDpoEUxb/data/487151353/attachments/attRmjtLHf6u3HywKsn5LYXd/,1748357726341.jpg,https://kf.kobotoolbox.org/api/v2/assets/aJh328C2e3SvoptDpoEUxb/data/487151353/attachments/attbyp456GzmKMC5NCfhYPj7/,yes,3,permanent__concrete_metal__sta,1,0,0,0,0,0,,water_only,toilets,1,0,0,0,0,0,,yes,yes,no,yes,point_good_condition,yes,1748357821770.jpg,https://kf.kobotoolbox.org/api/v2/assets/aJh328C2e3SvoptDpoEUxb/data/487151353/attachments/atttVo9cWN44rmV7XdbrFgLf/,1748357828059.jpg,https://kf.kobotoolbox.org/api/v2/assets/aJh328C2e3SvoptDpoEUxb/data/487151353/attachments/att7DNQBvU8UK894BvdJgKFv/,,,no,,,,,,,,no,no,,,,,,,,,no,no,,,,,,,no,,,,,,,,no,,,,,,,no,,no,yes,no,no,yes,yes,no,no,no,no,,,,no,no,no,no,,teachers,,teacher,,teachers,,teachers,,teachers,,,no,no,no,no,,,,no,,,,,no,,no,
,,yes,2025-05-27 00:00:00,ke_0_3,ke_1_12,ke_2_56,Ashaadiin,Ashaadiin Primary School,day_school,1,0,0,ecde primary,1,1,0,0,0.1595765 39.0929672 337.4 4.85,0.1595765,39.0929672,337.4,4.85,4,5,7,,,56,27,1,0,3,0,2,1,3,83,28,,,yes,no,no,no,,no,no,yes,no,,,sandy,fair_condition,pedestrian_paths road_for_light_vehicles,1,1,0,yes,1748359674900.jpg,https://kf.kobotoolbox.org/api/v2/assets/aJh328C2e3SvoptDpoEUxb/data/487185013/attachments/attYfUFX9wpBKoeGLDFWupfT/,1748359684379.jpg,https://kf.kobotoolbox.org/api/v2/assets/aJh328C2e3SvoptDpoEUxb/data/487185013/attachments/att6kTwhXUqHkcdkANyF8CqV/,broken,no,no,,,,,,,,,,,,no,,,,,,,,,,,,,,,,,,,,,,,yes,10000,plastic_tank,0,1,0,0,0,,point_good_condition,,no,2,preventive_health,0,1,0,0,0,0,,0,no,no,no,no,damaged,1748359300388.jpg,https://kf.kobotoolbox.org/api/v2/assets/aJh328C2e3SvoptDpoEUxb/data/487185013/attachments/attDGH8S5j89QFYzLWZsZx9n/,1748359310354.jpg,https://kf.kobotoolbox.org/api/v2/assets/aJh328C2e3SvoptDpoEUxb/data/487185013/attachments/attjae4nBVnb6y6ZYb4UjJ2N/,,,,,,,yes,2,within_the_health_facility__on_premise,1,0,0,2,no,2,no,,,,,,,0,,no,no,no,no,somewhat_clean,at_all_times_during_the_school_day,needs_repair,pit_latrine_with_slab,0,1,0,0,0,0,0,,no,no,no,,,,,,,,no,no,no,no,no,no,,don_t_know,,,1748359372916.jpg,https://kf.kobotoolbox.org/api/v2/assets/aJh328C2e3SvoptDpoEUxb/data/487185013/attachments/attcjP4qKznncvunGuAo2Rpb/,1748359382138.jpg,https://kf.kobotoolbox.org/api/v2/assets/aJh328C2e3SvoptDpoEUxb/data/487185013/attachments/attUgy6x8wGfeD6Hy5mUSUc2/,1748359388444.jpg,https://kf.kobotoolbox.org/api/v2/assets/aJh328C2e3SvoptDpoEUxb/data/487185013/attachments/attZnNe8Jpv77sdaAZM8FB4c/,1748359398260.jpg,https://kf.kobotoolbox.org/api/v2/assets/aJh328C2e3SvoptDpoEUxb/data/487185013/attachments/attHXPCFx3uwYXrZtEFCa968/,no__there_are_handwashing_facilities_nea,,,,,,,,,,,,,,,,,,,,,,,,no,,,,,,,no,,,,,,,,no,no,,,,,,,,,no,no,,,,,,,no,,,,,,,,no,,,,,,,no,,no,yes,no,no,yes,yes,no,no,no,no,,,,no,no,no,no,,teachers,,teacher,,teachers,,teachers,,teachers,,,no,no,yes,no,,,,no,,,,,no,,no,
,,yes,2025-05-28 00:00:00,ke_0_3,ke_1_17,ke_2_83,Goora,Haji Diriye,day_school,1,0,0,ecde,1,0,0,0,0.3609804 39.347434 224.26275634765625 4.26,0.3609804,39.347434,224.2627563476562,4.26,0,0,,,,0,0,0,0,0,0,0,0,,,,,,,,,,,,,,,,,,,,,,,,,,,,,,,,,,,,,,,,,,no,,,,,,,,,,,,,,,,,,,,,,,no,,,,,,,,,,,no,0,,,,,,,,,,,,,,,,,,,,,,,,,no,,,,,,,,,,,,,,,,0,,,,,,,,,,,,,,,,,,,,,,,,,,,,,,no,,,,,no,,,,,,,,,,,no__there_are_handwashing_facilities_nea,,,,,,,,,,,,,,,,,,,,,,,,no,,,,,,,no,,,,,,,,no,no,,,,,,,,,no,no,,,,,,,no,,,,,,,,no,,,,,,,no,,,,,,,,,,,,,,,no,no,no,no,,,,,,,,,,,,,,,,,,,,,,,,,,,,
,,yes,2025-05-28 00:00:00,ke_0_3,ke_1_17,ke_2_83,Tincaas,Tincaas,day_school,1,0,0,ecde primary,1,1,0,0,0.3942898 39.2473639 239.05255126953125 4.129,0.3942898,39.2473639,239.0525512695312,4.129,2,6,6,,,30,29,0,0,1,0,0,1,1,59,59,,,yes,no,yes,yes,,no,no,no,yes,no,,sandy,good_condition,pedestrian_paths road_for_light_vehicles road_for_trucks,1,1,1,yes,1748408190979.jpg,https://kf.kobotoolbox.org/api/v2/assets/aJh328C2e3SvoptDpoEUxb/data/487573254/attachments/attRSWmLMYWj7CKR9AHTV2Vn/,,,broken,yes,no,,,,,,,,,,,,no,,,,,,,,,,,,,,,,,,,,,,,yes,20000,plastic_tank,0,1,0,0,0,,point_good_condition,,no,0,,,,,,,,,,,,,,,,,,,,,,,,,yes,3,off_premise,0,0,1,3,no,0,no,,,,,,,0,,no,no,no,no,somewhat_clean,at_all_times_during_the_school_day,point_good_condition,pit_latrine_with_slab,0,1,0,0,0,0,0,,yes,no,yes,water,0,1,0,0,0,,no,yes,no,no,,yes,,no,,,1748408463646.jpg,https://kf.kobotoolbox.org/api/v2/assets/aJh328C2e3SvoptDpoEUxb/data/487573254/attachments/attYnwEKAB8SmTNsWBdmAsnK/,1748408475963.jpg,https://kf.kobotoolbox.org/api/v2/assets/aJh328C2e3SvoptDpoEUxb/data/487573254/attachments/attMJ4yxrTX7wQCGYERZpcny/,,,,,no__there_are_handwashing_facilities_nea,,,,,,,,,,,,,,,,,,,,,,,,no,,,,,,,no,,,,,,,,no,no,,,,,,,,,no,no,,,,,,,no,,,,,,,,no,,,,,,,no,,no,yes,no,no,no,no,no,no,no,no,no,,,yes,no,no,no,,teachers,,teacher,,teachers,,teachers,,teachers,,,no,no,no,no,no,no,no,no,,,,,no,,no,
,,yes,2025-05-28 00:00:00,ke_0_3,ke_1_17,ke_2_83,Wanyama JIBRIL,Wanyama jibril primary school,day_school,1,0,0,ecde primary,1,1,0,0,,,,,,8,4,5,,,47,32,0,0,2,0,2,0,2,79,40,,,no,no,yes,yes,,no,no,no,no,,,sandy,good_condition,pedestrian_paths road_for_light_vehicles road_for_trucks,1,1,1,yes,1748411338416.jpg,https://kf.kobotoolbox.org/api/v2/assets/aJh328C2e3SvoptDpoEUxb/data/487602489/attachments/attyJQib9fnuQrNzfGe2kFWP/,,,broken,partial,no,,,,,,,,,,,,no,,,,,,,,,,,,,,,,,,,,,,,yes,5000,plastic_tank,0,1,0,0,0,,point_good_condition,,no,0,,,,,,,,,,,,,,,,,,,,,,,,,yes,4,off_premise,0,0,1,2,no,0,no,,,,,,,0,,no,no,no,no,clean,at_all_times_during_the_school_day,needs_repair,pit_latrine_with_slab,0,1,0,0,0,0,0,,no,no,yes,water,0,1,0,0,0,,no,yes,no,no,,yes,,no,,,1748411711489.jpg,https://kf.kobotoolbox.org/api/v2/assets/aJh328C2e3SvoptDpoEUxb/data/487602489/attachments/attZfKXZdpVewDwWJbcUD7kz/,1748411764565.jpg,https://kf.kobotoolbox.org/api/v2/assets/aJh328C2e3SvoptDpoEUxb/data/487602489/attachments/attYrxWXnJB2MAMu6JvNWAJP/,,,,,no__there_are_handwashing_facilities_nea,,,,,,,,,,,,,,,,,,,,,,,,no,,,,,,,no,,,,,,,,no,no,,,,,,,,,no,no,,,,,,,no,,,,,,,,no,,,,,,,no,,no,yes,no,no,no,no,no,no,no,no,no,,,yes,no,no,no,,pupils,,tod,,teachers,,teachers,,teachers,,,no,no,no,no,no,no,no,no,,,,,no,,no,
,,yes,2025-05-28 00:00:00,ke_0_3,ke_1_17,ke_2_84,Modogashe,Modogashe boarding primary,day_school mixed_day,1,0,1,ecde primary jss,1,1,0,1,0.728789 39.178262 0 300,0.728789,39.178262,0,300,16,5,7,,9,380,360,0,0,11,6,3,2,17,740,44,,,yes,yes,yes,yes,,yes,yes,yes,no,,,sandy,fair_condition,pedestrian_paths,1,0,0,yes,17484126450648744241973530619009-9_10_56.jpg,https://kf.kobotoolbox.org/api/v2/assets/aJh328C2e3SvoptDpoEUxb/data/487606526/attachments/attKaC8CcB2siphq8QiP3wv6/,17484126595724579244688415509921-9_11_7.jpg,https://kf.kobotoolbox.org/api/v2/assets/aJh328C2e3SvoptDpoEUxb/data/487606526/attachments/attLVKpeoL3R9dTJzm8u29Nc/,,yes,no,,,,,,,,,,,,no,,,,,,,,,,,,,,,,,,,,,,,yes,50000,concrete_tank plastic_tank,1,1,0,0,0,,point_good_condition,,no,2,preventive_health,0,1,0,0,0,0,,2,yes,yes,yes,yes,point_good_condition,17484127435138674203394889549496-9_12_33.jpg,https://kf.kobotoolbox.org/api/v2/assets/aJh328C2e3SvoptDpoEUxb/data/487606526/attachments/att84U3jXXoTGjzbYzkLVxTV/,17484127630598476867827129816229-9_12_56.jpg,https://kf.kobotoolbox.org/api/v2/assets/aJh328C2e3SvoptDpoEUxb/data/487606526/attachments/attCYzpSuYeHGZrvku6xypau/,17484128784357734480117229851323-9_14_44.jpg,https://kf.kobotoolbox.org/api/v2/assets/aJh328C2e3SvoptDpoEUxb/data/487606526/attachments/attXzymxMPUUBZz2yzsCdGgA/,17484128879265379581214831273385-9_14_57.jpg,https://kf.kobotoolbox.org/api/v2/assets/aJh328C2e3SvoptDpoEUxb/data/487606526/attachments/attQ7YVamEAuaZqtVT3V5ifD/,,,yes,30,within_the_health_facility__on_premise,1,0,0,,yes,,yes,14,0,0,14,1,1,30,,yes,no,no,no,somewhat_clean,at_all_times_during_the_school_day,point_good_condition,pit_latrine_with_slab,0,1,0,0,0,0,0,,no,yes,no,,,,,,,,yes,no,no,no,no,no,,no,,,,,,,,,,,yes,4,container_with_tap__veronica_b,0,0,1,0,0,0,,water_only,toilets food_consumption_area classrooms,1,0,1,1,0,0,,yes,yes,yes,yes,point_good_condition,yes,17484131454155022788187990448102-9_19_12.jpg,https://kf.kobotoolbox.org/api/v2/assets/aJh328C2e3SvoptDpoEUxb/data/487606526/attachments/attLG8EEVHE26WKxGvgCoJng/,17484131554564161033187033902650-9_19_25.jpg,https://kf.kobotoolbox.org/api/v2/assets/aJh328C2e3SvoptDpoEUxb/data/487606526/attachments/attV3pESxjNJdYWxYBnFGZWf/,1748413169397876069802317734574-9_19_36.jpg,https://kf.kobotoolbox.org/api/v2/assets/aJh328C2e3SvoptDpoEUxb/data/487606526/attachments/attqEzcdBZxbAmYdwr6sRv57/,yes,,no,no,no,no,,no,no,no,,,,,,,,,no,yes,17484133795975357821563962636129-9_23_8.jpg,https://kf.kobotoolbox.org/api/v2/assets/aJh328C2e3SvoptDpoEUxb/data/487606526/attachments/attihDw9QrxqYQ2ZEH9Ktju3/,17484133924459175958503702775595-9_23_19.jpg,https://kf.kobotoolbox.org/api/v2/assets/aJh328C2e3SvoptDpoEUxb/data/487606526/attachments/attbF7fnpUd3nGUsjwYCRddi/,17484134041861294309405616836431-9_23_44.jpg,https://kf.kobotoolbox.org/api/v2/assets/aJh328C2e3SvoptDpoEUxb/data/487606526/attachments/attLcAfc3DeXN8biAJNw5WKf/,no,,,,,,,,yes,standalone_solar diesel_generator,1,0,1,0,,no,,no,yes,no,no,yes,yes,no,no,no,yes,no,,,yes,yes,yes,yes,30000,tod,,tod,,teachers,,non_teaching_staff,,teachers,,,yes,yes,yes,yes,yes,yes,no,yes,yes,yes,17484136821182110760483509690786-9_28_9.jpg,https://kf.kobotoolbox.org/api/v2/assets/aJh328C2e3SvoptDpoEUxb/data/487606526/attachments/attepHnjKTtwcKEpBPhUztLD/,yes,yes,yes,yes
,,yes,2025-05-28 00:00:00,ke_0_3,ke_1_17,ke_2_83,Dalahele,Dalahele Primary ,day_school,1,0,0,ecde primary,1,1,0,0,0.4396116 39.0909192 312.0 4.7,0.4396116,39.0909192,312,4.7,6,5,7,,,73,42,0,0,3,0,1,1,3,115,38,,,yes,no,yes,yes,,no,yes,yes,,,,loamy_soil,fair_condition,pedestrian_paths road_for_light_vehicles,1,1,0,yes,1748414552641.jpg,https://kf.kobotoolbox.org/api/v2/assets/aJh328C2e3SvoptDpoEUxb/data/487626492/attachments/att3w3gJKydzRgftgtbXevG2/,1748414564716.jpg,https://kf.kobotoolbox.org/api/v2/assets/aJh328C2e3SvoptDpoEUxb/data/487626492/attachments/attzHGj8uhBjDJiUbgSci7sA/,broken,no,no,,,,,,,,,,,,yes,tanker,,no,no,mostly__unavailable___30_days,500m_or_further,no,yes,200,no,,,don_t_know,don_t_know,,,,,,,,,yes,15000,plastic_tank,0,1,0,0,0,,point_good_condition,,no,1,preventive_health,0,1,0,0,0,0,,1,yes,yes,yes,yes,point_good_condition,1748414964875.jpg,https://kf.kobotoolbox.org/api/v2/assets/aJh328C2e3SvoptDpoEUxb/data/487626492/attachments/attxce6QuxDBxoQP6zmz4ie2/,1748414990067.jpg,https://kf.kobotoolbox.org/api/v2/assets/aJh328C2e3SvoptDpoEUxb/data/487626492/attachments/attGc9cWG9cBruiuFSydMMYJ/,1748415033065.jpg,https://kf.kobotoolbox.org/api/v2/assets/aJh328C2e3SvoptDpoEUxb/data/487626492/attachments/attYM8w6jFPB5hFQDwgcEZto/,,,,,yes,2,within_the_health_facility__on_premise,1,0,0,2,yes,,no,1,,0,1,,,2,,no,no,yes,no,clean,at_all_times_during_the_school_day,point_good_condition,pit_latrine_with_slab,0,1,0,0,0,0,0,,no,no,no,,,,,,,,no,no,no,no,no,no,,don_t_know,,,1748415352001.jpg,https://kf.kobotoolbox.org/api/v2/assets/aJh328C2e3SvoptDpoEUxb/data/487626492/attachments/attUAZjdJHYKSmEvGrtqvZ6t/,1748415374945.jpg,https://kf.kobotoolbox.org/api/v2/assets/aJh328C2e3SvoptDpoEUxb/data/487626492/attachments/attsHzmHu6H4CPPkqGCADAFc/,1748415392364.jpg,https://kf.kobotoolbox.org/api/v2/assets/aJh328C2e3SvoptDpoEUxb/data/487626492/attachments/att4whGf5qVHbcpdq4iYsxiu/,1748415567173.jpg,https://kf.kobotoolbox.org/api/v2/assets/aJh328C2e3SvoptDpoEUxb/data/487626492/attachments/attjkwSbT9qwCYqpvz6Lk9X5/,no__there_are_handwashing_facilities_nea,,,,,,,,,,,,,,,,,,,,,,,,no,,,,,,,no,,,,,,,,no,no,,,,,,,,,no,no,,,,,,,yes,no,no,,no,no,no,no,no,,,,,,,no,,no,no,no,no,no,no,no,no,no,no,no,no,,yes,no,no,no,,teachers,,teacher,,teachers,,teachers,,teachers,,,no,no,no,no,no,no,no,no,,,,,no,,no,
,,yes,2025-05-28 00:00:00,ke_0_3,ke_1_15,ke_2_75,Bula Diiso,Diiso primary school,day_school,1,0,0,ecde primary,1,1,0,0,-0.442443 39.871427 189.5 6.5,-0.442443,39.871427,189.5,6.5,5,5,7,,,50,30,0,0,3,0,0,0,3,80,27,,,no,no,yes,no,,no,yes,yes,yes,no,,sandy,fair_condition,pedestrian_paths road_for_light_vehicles,1,1,0,yes,17484173209234873738507658157967-10_28_51.jpg,https://kf.kobotoolbox.org/api/v2/assets/aJh328C2e3SvoptDpoEUxb/data/487647707/attachments/att93xcnyoBfV4CmHf4pJV2N/,17484173446355372985992299457763-10_29_16.jpg,https://kf.kobotoolbox.org/api/v2/assets/aJh328C2e3SvoptDpoEUxb/data/487647707/attachments/att7Y6gjh2XKZX3Gf8NJT4GC/,broken,no,yes,main_building,0,0,0,0,0,1,17484174184287986527136987796770-10_30_33.jpg,https://kf.kobotoolbox.org/api/v2/assets/aJh328C2e3SvoptDpoEUxb/data/487647707/attachments/atttSS6cRPm6gMszGshSF3WS/,17484174484579215033986785178156-10_31_4.jpg,https://kf.kobotoolbox.org/api/v2/assets/aJh328C2e3SvoptDpoEUxb/data/487647707/attachments/attVuSVWuiBwzMoxoUgSP3AW/,no,,,,,,,,,,,,,,,,,,,,,,,no,,,,,,,,,,,no,0,,,,,,,,,,,,,,,,,,,,,,,,,yes,2,within_the_health_facility__on_premise,1,0,0,1,no,1,no,,,,,,,0,,no,no,no,no,somewhat_clean,at_all_times_during_the_school_day,needs_repair,pit_latrine_with_slab,0,1,0,0,0,0,0,,yes,no,no,,,,,,,,no,no,no,no,no,no,,no,,,17484176240724519078970732626622-10_33_54.jpg,https://kf.kobotoolbox.org/api/v2/assets/aJh328C2e3SvoptDpoEUxb/data/487647707/attachments/attzt6MWRbfsftdyU7cMEdUn/,17484176499896748835813894573162-10_35_11.jpg,https://kf.kobotoolbox.org/api/v2/assets/aJh328C2e3SvoptDpoEUxb/data/487647707/attachments/attdTTXqExfRZiaNQpTP3Zmu/,17484177385851592157353788908432-10_35_51.jpg,https://kf.kobotoolbox.org/api/v2/assets/aJh328C2e3SvoptDpoEUxb/data/487647707/attachments/attGT4wxocnS3YR7skrsK22p/,1748417767050212671552006183117-10_36_14.jpg,https://kf.kobotoolbox.org/api/v2/assets/aJh328C2e3SvoptDpoEUxb/data/487647707/attachments/att5KrSJaCxUo8sqtbsyMAqn/,no__there_are_handwashing_facilities_nea,,,,,,,,,,,,,,,,,,,,,,,,no,,,,,,,no,,,,,,,,no,no,,,,,,,,,no,no,,,,,,,no,,,,,,,,no,,,,,,,no,,no,yes,no,yes,yes,yes,no,no,yes,yes,yes,no,,yes,no,no,no,,tod,,teacher,,teachers,,pupils,,teachers,,,no,no,no,no,no,no,no,no,,,,,no,,no,
,,yes,2025-05-28 00:00:00,ke_0_3,ke_1_15,ke_2_73,Bula Eldert,Eldert primary school,day_school,1,0,0,ecde primary,1,1,0,0,-0.60585 39.7762 0 83.98700164794921,-0.60585,39.7762,0,83.98700164794921,4,5,7,,,41,34,0,0,2,0,0,0,2,75,38,,,no,no,yes,no,,no,yes,yes,yes,no,,sandy,poor_condition,pedestrian_paths,1,0,0,yes,17484198519512740336139841369892-11_11_2.jpg,https://kf.kobotoolbox.org/api/v2/assets/aJh328C2e3SvoptDpoEUxb/data/487683453/attachments/attw7CbQTxSaRCyStxGpfwBk/,17484198701583710584012350791881-11_11_28.jpg,https://kf.kobotoolbox.org/api/v2/assets/aJh328C2e3SvoptDpoEUxb/data/487683453/attachments/attSJSNzWbvkabU6CHMwNuhU/,broken,no,no,,,,,,,,,,,,no,,,,,,,,,,,,,,,,,,,,,,,no,,,,,,,,,,,no,0,,,,,,,,,,,,,,,,,,,,,,,,,yes,2,within_the_health_facility__on_premise,1,0,0,1,no,1,no,,,,,,,0,,no,no,no,no,somewhat_clean,at_all_times_during_the_school_day,needs_repair,pit_latrine_with_slab,0,1,0,0,0,0,0,,no,no,no,,,,,,,,no,no,no,no,no,no,,no,,,17484210955355686704714746635418-11_31_53.jpg,https://kf.kobotoolbox.org/api/v2/assets/aJh328C2e3SvoptDpoEUxb/data/487683453/attachments/att3y2LBUKo7Wf8jChJvca3c/,1748420934920122101840886064249-11_29_8.jpg,https://kf.kobotoolbox.org/api/v2/assets/aJh328C2e3SvoptDpoEUxb/data/487683453/attachments/attZxwp6tXJiG4m58mQ5nJfn/,17484209602233501905851024125853-11_29_31.jpg,https://kf.kobotoolbox.org/api/v2/assets/aJh328C2e3SvoptDpoEUxb/data/487683453/attachments/att9UhFwigrqiCXyBVR76cJv/,17484209763711690076155712677338-11_30_42.jpg,https://kf.kobotoolbox.org/api/v2/assets/aJh328C2e3SvoptDpoEUxb/data/487683453/attachments/att6awmruFz472QvXCBj832u/,no__there_are_handwashing_facilities_nea,,,,,,,,,,,,,,,,,,,,,,,,no,,,,,,,no,,,,,,,,no,no,,,,,,,,,no,no,,,,,,,no,,,,,,,,no,,,,,,,no,,no,yes,no,yes,yes,yes,yes,no,yes,yes,yes,no,,yes,no,no,no,,pupils,,teacher,,teachers,,pupils,,teachers,,,no,yes,no,no,no,no,no,no,,,,,no,,no,
,,yes,2025-05-28 00:00:00,ke_0_3,ke_1_12,ke_2_60,Faryar,Faryar primary,day_school,1,0,0,ecde primary,1,1,0,0,-0.368758 39.616485 0 2799.9990234375,-0.368758,39.616485,0,2799.9990234375,4,5,7,,,55,62,1,0,1,2,1,1,3,117,39,,,yes,no,yes,,,no,yes,yes,no,,,sandy,poor_condition,pedestrian_paths,1,0,0,yes,JPEG_20250528_114647_4688602868244894668-11_47_6.jpg,https://kf.kobotoolbox.org/api/v2/assets/aJh328C2e3SvoptDpoEUxb/data/487701483/attachments/attrbS5m6yw5RzoPp7UWhTgf/,JPEG_20250528_114716_3073096616965715391-11_47_24.jpg,https://kf.kobotoolbox.org/api/v2/assets/aJh328C2e3SvoptDpoEUxb/data/487701483/attachments/atts3JHgbPz7bdYm2BCiepGm/,poor_condition_bldg,no,no,,,,,,,,,,,,no,,,,,,,,,,,,,,,,,,,,,,,no,,,,,,,,,,,no,0,,,,,,,,,,,,,,,,,,,,,,,,,no,,,,,,,,,,,,,,,,0,,,,,,,,,,,,,,,,,,,,,,,,,,,,,,no,,,,,don_t_know,,,,,,,,,,,no__there_are_handwashing_facilities_nea,,,,,,,,,,,,,,,,,,,,,,,,no,,,,,,,no,,,,,,,,no,no,,,,,,,,,no,yes,,,,,,,no,,,,,,,,no,,,,,,,no,,no,yes,no,yes,yes,yes,no,yes,no,no,,,,yes,no,yes,no,,other,No handwashing materials,others,None,others,None,,,others,None,,no,no,no,no,no,no,no,no,,,,,yes,no,no,
,,yes,2025-05-28 00:00:00,ke_0_3,ke_1_12,ke_2_60,Raya,Saka primary school,day_school,1,0,0,ecde primary jss,1,1,0,1,-0.35921 39.61017 135.1735598739202 16,-0.35921,39.61017,135.1735598739202,16,10,5,7,,8,155,138,0,0,5,4,1,1,9,293,33,,,yes,yes,yes,yes,,no,yes,yes,yes,no,,sandy,fair_condition,pedestrian_paths,1,0,0,yes,17484243585135568222952241276157-12_26_12.jpg,https://kf.kobotoolbox.org/api/v2/assets/aJh328C2e3SvoptDpoEUxb/data/487729600/attachments/attkpTWy5BZ9MYkDhf2fHJhz/,17484243841894679408949993638465-12_26_37.jpg,https://kf.kobotoolbox.org/api/v2/assets/aJh328C2e3SvoptDpoEUxb/data/487729600/attachments/atttHbQrjjUf9iVU8JHhdwku/,good_condition_bldg,no,no,,,,,,,,,,,,yes,surface_water__river__dam__lak,,yes,yes,yes,on_site,yes,no,,yes,chlorination,,no,no,,,,,,,,,yes,15000,plastic_tank,0,1,0,0,0,,point_good_condition,,yes,1,,,,,,,,,,,,,,,,,,,,,,,,,yes,4,within_the_health_facility__on_premise,1,0,0,4,no,4,no,,,,,,,0,,no,no,no,no,clean,at_all_times_during_the_school_day,point_good_condition,pit_latrine_with_slab,0,1,0,0,0,0,0,,no,no,no,,,,,,,,no,no,no,no,no,no,,don_t_know,,,17484246779757730697540736103858-12_31_23.jpg,https://kf.kobotoolbox.org/api/v2/assets/aJh328C2e3SvoptDpoEUxb/data/487729600/attachments/attBKJmJM9ikXFAWwyYL4wKD/,17484247561057726309401892182048-12_32_48.jpg,https://kf.kobotoolbox.org/api/v2/assets/aJh328C2e3SvoptDpoEUxb/data/487729600/attachments/attfqt63CA4htrcDqHcf4RVf/,1748424449831801023208878056900-12_27_55.jpg,https://kf.kobotoolbox.org/api/v2/assets/aJh328C2e3SvoptDpoEUxb/data/487729600/attachments/attBWbG5uKLzPwFrYXrTocbL/,,,no__there_are_handwashing_facilities_nea,,,,,,,,,,,,,,,,,,,,,,,,no,,,,,,,no,,,,,,,,no,no,,,,,,,,,no,no,,,,,,,no,,,,,,,,no,,,,,,,no,,no,yes,no,yes,yes,yes,no,yes,no,no,no,no,,no,no,no,no,,other,No hand washing,others,No hand washing,others,No hand washing,others,No hand washing,others,No hand washing,,no,no,no,no,no,no,no,no,,,,,no,,no,
,,yes,2025-05-28 00:00:00,ke_0_3,ke_1_12,ke_2_60,Atheyley,Atheyley primary school,day_school,1,0,0,ecde primary jss,1,1,0,1,-0.381507 39.627846 169.722 3.4119999408721924,-0.381507,39.627846,169.722,3.411999940872192,10,5,7,,8,253,184,1,2,9,4,1,1,13,437,34,,,yes,no,yes,no,,no,yes,yes,no,no,,sandy,fair_condition,pedestrian_paths road_for_trucks,1,0,1,yes,17484218394692836339413312579846-11_44_14.jpg,https://kf.kobotoolbox.org/api/v2/assets/aJh328C2e3SvoptDpoEUxb/data/487737841/attachments/att6nnr4W3UDhhg32qA6tDCf/,17484218585111784675887372457004-11_44_25.jpg,https://kf.kobotoolbox.org/api/v2/assets/aJh328C2e3SvoptDpoEUxb/data/487737841/attachments/attLWaA5NzKUVmdvf6cvyNHX/,broken,no,no,,,,,,,,,,,,yes,protected_spring,,yes,yes,mostly__unavailable___30_days,500m_or_further,yes,yes,15000,no,,,no,no,,,,,,,,,yes,25000,plastic_tank,0,1,0,0,0,,point_good_condition,,yes,4,occupational_therapy,1,0,0,0,0,0,,4,yes,yes,yes,yes,needs_repair,17484233616242977862927551106867-12_10_40.jpg,https://kf.kobotoolbox.org/api/v2/assets/aJh328C2e3SvoptDpoEUxb/data/487737841/attachments/attcd5StWJP4bu4dh2H9tC5Z/,17484234579702006441261156558078-12_12_35.jpg,https://kf.kobotoolbox.org/api/v2/assets/aJh328C2e3SvoptDpoEUxb/data/487737841/attachments/attjuHsHo6UkiQU2ZYhGzs6R/,17484236273741366664616857824509-12_13_55.jpg,https://kf.kobotoolbox.org/api/v2/assets/aJh328C2e3SvoptDpoEUxb/data/487737841/attachments/attsypAPPNJ6VFHfXKxJzsE8/,17484237541888054307363666197190-12_16_13.jpg,https://kf.kobotoolbox.org/api/v2/assets/aJh328C2e3SvoptDpoEUxb/data/487737841/attachments/att8YoQx5SkfzKN8q82URj2v/,17484238162495380897151983189246-12_17_17.jpg,https://kf.kobotoolbox.org/api/v2/assets/aJh328C2e3SvoptDpoEUxb/data/487737841/attachments/att6aG2gbjB2gNUaWGNGREkx/,yes,5,within_the_health_facility__on_premise,1,0,0,5,yes,,yes,1,0,0,2,1,1,5,,no,no,yes,no,somewhat_clean,at_all_times_during_the_school_day,needs_repair,pit_latrine_with_slab,0,1,0,0,0,0,0,,no,no,no,,,,,,,,no,no,no,no,no,no,,no,,,17484251719932406569301981323533-12_40_11.jpg,https://kf.kobotoolbox.org/api/v2/assets/aJh328C2e3SvoptDpoEUxb/data/487737841/attachments/att7RTvxdsCf46uZe7yiEeQk/,17484252155511723421618204773317-12_40_27.jpg,https://kf.kobotoolbox.org/api/v2/assets/aJh328C2e3SvoptDpoEUxb/data/487737841/attachments/attg4NKfTqadL3zJJjXsajCC/,17484252307773699822167410946265-12_40_37.jpg,https://kf.kobotoolbox.org/api/v2/assets/aJh328C2e3SvoptDpoEUxb/data/487737841/attachments/attYA8ntrEmJTwhF4abesxzf/,,,no__there_are_handwashing_facilities_nea,,,,,,,,,,,,,,,,,,,,,,,,no,,,,,,,no,,,,,,,,no,no,,,,,,,,,no,no,,,,,,,no,,,,,,,,no,,,,,,,no,,no,yes,no,yes,yes,yes,no,yes,no,no,no,,,no,no,no,no,,other,No hand washing,others,No hand washing,others,No hand washing,others,No hand washing,others,No hand washing,,no,no,no,no,no,no,no,no,,,,,yes,no,no,
,,yes,2025-05-28 00:00:00,ke_0_3,ke_1_17,ke_2_83,Hagar jerer,Hagar Jerer,day_school,1,0,0,ecde primary jss,1,1,0,1,0.3057125 38.7298066 383.57763671875 3.79,0.3057125,38.7298066,383.57763671875,3.79,8,5,7,,8,149,119,0,0,5,1,1,1,6,268,45,,,yes,no,yes,yes,,no,no,no,no,,,sandy,good_condition,pedestrian_paths road_for_light_vehicles road_for_trucks,1,1,1,yes,1748420383218.jpg,https://kf.kobotoolbox.org/api/v2/assets/aJh328C2e3SvoptDpoEUxb/data/487740677/attachments/attnzxsMwQxVkkLwzWYAwFQ8/,,,broken,no,yes,toilets___latrines,1,0,0,0,0,0,1748420526109.jpg,https://kf.kobotoolbox.org/api/v2/assets/aJh328C2e3SvoptDpoEUxb/data/487740677/attachments/attVM6cMPHecy5VAp4uz6zdS/,,,no,,,,,,,,,,,,,,,,,,,,,,,yes,10000,plastic_tank,0,1,0,0,0,,damaged,,no,0,,,,,,,,,,,,,,,,,,,,,,,,,yes,5,off_premise,0,0,1,3,no,0,yes,,0,,,0,0,0,,no,no,no,no,somewhat_clean,at_all_times_during_the_school_day,needs_repair,pit_latrine_with_slab,0,1,0,0,0,0,0,,yes,no,yes,water,0,1,0,0,0,,no,no,no,no,,yes,,no,,,1748420846471.jpg,https://kf.kobotoolbox.org/api/v2/assets/aJh328C2e3SvoptDpoEUxb/data/487740677/attachments/attKJpLai9t9rPRoWQChzpZN/,1748420853683.jpg,https://kf.kobotoolbox.org/api/v2/assets/aJh328C2e3SvoptDpoEUxb/data/487740677/attachments/attvggGr9m5YZCWiopRyCbHu/,1748420865245.jpg,https://kf.kobotoolbox.org/api/v2/assets/aJh328C2e3SvoptDpoEUxb/data/487740677/attachments/attFZcznkEoCDFfswAGykHsG/,1748420884323.jpg,https://kf.kobotoolbox.org/api/v2/assets/aJh328C2e3SvoptDpoEUxb/data/487740677/attachments/attzBBQu5Ge4o3V642iwBLtv/,no__there_are_handwashing_facilities_nea,,,,,,,,,,,,,,,,,,,,,,,,no,,,,,,,no,,,,,,,,no,no,,,,,,,,,no,no,,,,,,,no,,,,,,,,no,,,,,,,no,,no,yes,no,no,no,no,no,no,no,no,no,,,no,no,no,no,,pupils,,teacher,,teachers,,teachers,,teachers,,,no,no,no,no,no,no,no,no,,,,,no,,no,
,,yes,,ke_0_3,ke_1_17,ke_2_83,Bulla Abbass,Bulla Abbass/Lebille primary,day_school,1,0,0,ecde,1,0,0,0,0.3920722 38.7067778 461.798095703125 4.535,0.3920722,38.7067778,461.798095703125,4.535,2,,,,,,,,,,,,,,,,,,no,no,yes,yes,,no,no,no,no,,,sandy,good_condition,pedestrian_paths road_for_light_vehicles road_for_trucks,1,1,1,yes,1748424083986.jpg,https://kf.kobotoolbox.org/api/v2/assets/aJh328C2e3SvoptDpoEUxb/data/487740776/attachments/attSPprdfNEHDsEjgadv26Mj/,,,good_condition_bldg,no,no,,,,,,,,,,,,no,,,,,,,,,,,,,,,,,,,,,,,yes,10000,plastic_tank,0,1,0,0,0,,point_good_condition,,no,1,occupational_therapy,1,0,0,0,0,0,,1,yes,yes,yes,yes,point_good_condition,1748424207304.jpg,https://kf.kobotoolbox.org/api/v2/assets/aJh328C2e3SvoptDpoEUxb/data/487740776/attachments/atta98gbTbEjz7Zom5pWGj2o/,1748424214443.jpg,https://kf.kobotoolbox.org/api/v2/assets/aJh328C2e3SvoptDpoEUxb/data/487740776/attachments/attaivyANkNZnpZ4AHNwkkRo/,,,,,,,yes,2,off_premise,0,0,1,2,no,2,no,,,,,,,0,,no,no,no,no,somewhat_clean,at_all_times_during_the_school_day,point_good_condition,pit_latrine_with_slab,0,1,0,0,0,0,0,,no,no,yes,water,0,1,0,0,0,,no,no,no,,,,,no,,,1748424383000.jpg,https://kf.kobotoolbox.org/api/v2/assets/aJh328C2e3SvoptDpoEUxb/data/487740776/attachments/attnNQcUH3pyvQnNpgBcNEhj/,1748424411647.jpg,https://kf.kobotoolbox.org/api/v2/assets/aJh328C2e3SvoptDpoEUxb/data/487740776/attachments/attBpnEUBmdEGbDAskK57o4u/,,,,,no__there_are_handwashing_facilities_nea,,,,,,,,,,,,,,,,,,,,,,,,no,,,,,,,no,,,,,,,,no,no,,,,,,,,,no,no,,,,,,,no,,,,,,,,no,,,,,,,no,,no,no,no,no,no,no,no,no,no,no,no,,,no,no,no,no,,teachers,,teacher,,teachers,,teachers,,teachers,,,no,no,no,no,no,no,no,no,,,,,no,,no,
,,yes,,ke_0_3,ke_1_12,ke_2_56,Rahma,Rahma primary,day_school,1,0,0,ecde primary,1,1,0,0,-0.339081 39.5997 0 1799.9990234375,-0.339081,39.5997,0,1799.9990234375,3,5,7,,,120,100,0,0,3,0,1,1,3,220,73,,,yes,yes,yes,no,,no,yes,yes,no,,,sandy,poor_condition,pedestrian_paths,1,0,0,yes,JPEG_20250528_125943_1702283073667832055-12_59_52.jpg,https://kf.kobotoolbox.org/api/v2/assets/aJh328C2e3SvoptDpoEUxb/data/487752384/attachments/attLbfQT5q2pzxEzKRxER2DY/,JPEG_20250528_125955_7375298863386461851-13_0_13.jpg,https://kf.kobotoolbox.org/api/v2/assets/aJh328C2e3SvoptDpoEUxb/data/487752384/attachments/attyCFL2dtV3Dnr9LezsfwCG/,broken,no,no,,,,,,,,,,,,no,,,,,,,,,,,,,,,,,,,,,,,no,,,,,,,,,,,no,0,,,,,,,,,,,,,,,,,,,,,,,,,no,,,,,,,,,,,,,,,,0,,,,,,,,,,,,,,,,,,,,,,,,,,,,,,no,,,,,don_t_know,,,,,,,,,,,no__there_are_handwashing_facilities_nea,,,,,,,,,,,,,,,,,,,,,,,,no,,,,,,,no,,,,,,,,no,no,,,,,,,,,no,no,,,,,,,no,,,,,,,,no,,,,,,,no,,no,yes,no,yes,yes,yes,no,no,no,,no,no,,no,no,no,no,,other,No wash facilities,others,Nonr,,,others,None,,,,no,no,no,no,no,no,no,no,,,,,no,,no,
,,yes,2025-05-28 00:00:00,ke_0_3,ke_1_12,ke_2_60,Shabah,Shabah Primary School,day_school,1,0,0,ecde primary jss,1,1,0,1,-0.338629 39.599377 0 400,-0.338629,39.599377,0,400,8,5,7,,9,191,164,1,0,7,3,1,1,10,355,36,,,yes,no,yes,no,,no,yes,yes,yes,no,,sandy,fair_condition,pedestrian_paths,1,0,0,yes,17484273635224634240924517251069-13_16_10.jpg,https://kf.kobotoolbox.org/api/v2/assets/aJh328C2e3SvoptDpoEUxb/data/487777958/attachments/attqmQ3oFv8UnSzRZVNXJ4tg/,17484273828206665807108001718968-13_16_28.jpg,https://kf.kobotoolbox.org/api/v2/assets/aJh328C2e3SvoptDpoEUxb/data/487777958/attachments/attarhqvGZL4RnstWmvMH8HJ/,broken,no,yes,fence,0,0,0,0,1,0,17484287316242724311975146036480-13_39_4.jpg,https://kf.kobotoolbox.org/api/v2/assets/aJh328C2e3SvoptDpoEUxb/data/487777958/attachments/attdoqAoy96tfRedwewXbLnf/,17484287473927460762660312337037-13_39_13.jpg,https://kf.kobotoolbox.org/api/v2/assets/aJh328C2e3SvoptDpoEUxb/data/487777958/attachments/att3EipHgr5GFiKcAKNYU3eG/,yes,others,The school needs piping system and storage tanks,no,no,no,500m_or_further,no,no,,yes,chlorination,,no,no,,,,,,,,,no,,,,,,,,,,,no,0,,,,,,,,,,,,,,,,,,,,,,,,,yes,4,within_the_health_facility__on_premise,1,0,0,3,no,2,no,,,,,,,0,,no,no,no,no,somewhat_clean,at_all_times_during_the_school_day,needs_repair,pit_latrine_with_slab,0,1,0,0,0,0,0,,no,no,no,,,,,,,,no,no,no,no,no,no,,no,,,17484275153557064393818315678411-13_18_46.jpg,https://kf.kobotoolbox.org/api/v2/assets/aJh328C2e3SvoptDpoEUxb/data/487777958/attachments/att7Jr4o33bPzhp373J9pmox/,17484275316301251329512243184006-13_19_4.jpg,https://kf.kobotoolbox.org/api/v2/assets/aJh328C2e3SvoptDpoEUxb/data/487777958/attachments/att8xmDPFnYSL4CnCbw9CYoj/,,,,,yes,0,tank_with_multiple_taps,0,1,0,0,0,0,,water_only,food_preparation_area,0,1,0,0,0,0,,no,no,no,no,needs_repair,no,,,,,,,no,,,,,,,,no,no,,,,,,,,,no,no,,,,,,,no,,,,,,,,no,,,,,,,no,,no,yes,no,yes,yes,yes,no,yes,no,no,no,no,,no,no,no,no,,other,No hand washing facility,others,No hand washing facility,others,No hand washing facility,others,No hand washing facility,others,No hand washing facility,,no,no,no,no,no,no,no,no,,,,,no,,no,
,,yes,2025-05-28 00:00:00,ke_0_3,ke_1_12,ke_2_60,Sankuri,Sankuri boarding primary school,boarding_school mixed_day,0,1,1,ecde primary jss,1,1,0,1,-0.300458 39.556424 0 100,-0.300458,39.556424,0,100,15,5,8,,7,514,344,9,6,10,5,5,0,15,858,57,,,yes,yes,no,no,,no,no,no,no,no,,sandy,fair_condition,pedestrian_paths,1,0,0,yes,,,,,broken,no,yes,water_taps fence main_building,0,1,0,0,1,1,17484312376357680811116303937584-14_21_5.jpg,https://kf.kobotoolbox.org/api/v2/assets/aJh328C2e3SvoptDpoEUxb/data/487817174/attachments/attdbKWH6zqb69fDQTS94Ri5/,17484314292319066246667133865408-14_23_55.jpg,https://kf.kobotoolbox.org/api/v2/assets/aJh328C2e3SvoptDpoEUxb/data/487817174/attachments/attnuzVdStZyShUxq3zZh6jf/,yes,piped_water,,no,no,mostly__unavailable___30_days,500m_or_further,no,no,,no,,,no,no,,,,,,,,,yes,15000,plastic_tank,0,1,0,0,0,,point_good_condition,,yes,2,preventive_health training___capacity_development_rooms caregiver_facilities,0,1,1,1,0,0,,2,yes,yes,yes,yes,point_good_condition,,,17484310293373625491534591924645-14_17_19.jpg,https://kf.kobotoolbox.org/api/v2/assets/aJh328C2e3SvoptDpoEUxb/data/487817174/attachments/attraFN7QNRvpZynKF3yQyuP/,17484311041903570821863415569416-14_18_36.jpg,https://kf.kobotoolbox.org/api/v2/assets/aJh328C2e3SvoptDpoEUxb/data/487817174/attachments/attqjpVeH7Aa5DzQbwKTCp8u/,17484311558183300520240212355560-14_19_24.jpg,https://kf.kobotoolbox.org/api/v2/assets/aJh328C2e3SvoptDpoEUxb/data/487817174/attachments/attFmrPTNf3as8ZNEQtyEjsP/,17484311682372340944905850909132-14_19_37.jpg,https://kf.kobotoolbox.org/api/v2/assets/aJh328C2e3SvoptDpoEUxb/data/487817174/attachments/att5juNZ5a9VXXyqUEriwc8n/,yes,12,within_the_health_facility__on_premise,1,0,0,8,yes,,yes,4,0,0,2,2,2,10,,yes,yes,yes,no,clean,at_all_times_during_the_school_day,needs_repair,pit_latrine_with_slab,0,1,0,0,0,0,0,,yes,yes,yes,water,0,1,0,0,0,,no,no,no,no,no,no,,,,,17484315013875960883737094465924-14_25_14.jpg,https://kf.kobotoolbox.org/api/v2/assets/aJh328C2e3SvoptDpoEUxb/data/487817174/attachments/attGmLraQM4iFRPS7pF2Sz7c/,17484315182037489217983422226561-14_25_29.jpg,https://kf.kobotoolbox.org/api/v2/assets/aJh328C2e3SvoptDpoEUxb/data/487817174/attachments/att67fFtXamJck28x3yU9k4U/,,,,,no__there_are_handwashing_facilities_nea,,,,,,,,,,,,,,,,,,,,,,,,no,,,,,,,no,,,,,,,,no,no,,,,,,,,,no,no,,,,,,,no,,,,,,,,yes,standalone_solar national_power_grid,1,1,0,0,,no,,no,yes,,no,yes,yes,no,yes,no,no,no,no,,no,no,no,no,,clubs,,teacher,,clubs,,non_teaching_staff,,teachers,,,yes,yes,yes,yes,yes,no,no,no,,,,,no,,no,
,,yes,2025-05-28 00:00:00,ke_0_3,ke_1_12,ke_2_60,Leheley,Leheley Ecd center,day_school,1,0,0,ecde,1,0,0,0,-0.309815 39.570894 150.06 3.9100000858306885,-0.309815,39.570894,150.06,3.910000085830688,2,5,,,,25,20,0,0,2,0,0,0,2,45,23,,,no,no,no,no,,no,no,no,no,no,,sandy,poor_condition,pedestrian_paths,1,0,0,yes,17484371696744874975619548946625-15_59_51.jpg,https://kf.kobotoolbox.org/api/v2/assets/aJh328C2e3SvoptDpoEUxb/data/487887623/attachments/attPmBMDx3EGy9QLjgGdv2H8/,17484371961925239164237406891154-16_0_9.jpg,https://kf.kobotoolbox.org/api/v2/assets/aJh328C2e3SvoptDpoEUxb/data/487887623/attachments/attHGgVJWanMwNxxLNhFPNMo/,poor_condition_bldg,no,yes,main_building,0,0,0,0,0,1,17484372600015719326574287234687-16_1_17.jpg,https://kf.kobotoolbox.org/api/v2/assets/aJh328C2e3SvoptDpoEUxb/data/487887623/attachments/attfP4eXSs4EiNttSiznhqFf/,17484372863274812544930045618072-16_1_32.jpg,https://kf.kobotoolbox.org/api/v2/assets/aJh328C2e3SvoptDpoEUxb/data/487887623/attachments/attQnN4JJ93BUTPjx2tsBKiu/,no,,,,,,,,,,,,,,,,,,,,,,,no,,,,,,,,,,,no,0,,,,,,,,,,,,,,,,,,,,,,,,,no,,,,,,,,,,,,,,,,0,,,,,,,,,,,,,,,,,,,,,,,,,,,,,,no,,,,,no,,,,,,,,,,,no__there_are_handwashing_facilities_nea,,,,,,,,,,,,,,,,,,,,,,,,no,,,,,,,no,,,,,,,,no,no,,,,,,,,,no,no,,,,,,,no,,,,,,,,no,,,,,,,no,,no,yes,no,yes,no,yes,no,no,no,no,no,no,,no,no,no,no,,other,No washing facility,others,No washing facility,others,No washing facility,others,No washing facility,others,No washing facility,,no,no,no,no,no,no,no,no,,,,,no,,no,
,,yes,2025-05-28 00:00:00,ke_0_3,ke_1_15,ke_2_75,Soko Ngombe,Garissa special school for mentaly handicapped centre,boarding_school,0,1,0,primary special_unit,0,1,1,0,-0.443376 39.655203 0 100,-0.443376,39.655203,0,100,6,,7,5,,20,10,2,3,2,2,0,1,4,30,8,,,yes,no,no,yes,,no,yes,no,no,no,,sandy,poor_condition,pedestrian_paths road_for_light_vehicles,1,1,0,yes,17484402940318799525755972783705-16_51_39.jpg,https://kf.kobotoolbox.org/api/v2/assets/aJh328C2e3SvoptDpoEUxb/data/487947495/attachments/attixXgyzyhczSZoropFc5zj/,17484403022253237250927070066682-16_51_47.jpg,https://kf.kobotoolbox.org/api/v2/assets/aJh328C2e3SvoptDpoEUxb/data/487947495/attachments/attNt7u8M6u9nUcdpRj7UCsi/,broken,no,yes,toilets___latrines,1,0,0,0,0,0,17484403318856179512192106396962-16_52_25.jpg,https://kf.kobotoolbox.org/api/v2/assets/aJh328C2e3SvoptDpoEUxb/data/487947495/attachments/attAe3BLNZq4AdLiq4DzNcAJ/,17484403669802592973384460957676-16_52_51.jpg,https://kf.kobotoolbox.org/api/v2/assets/aJh328C2e3SvoptDpoEUxb/data/487947495/attachments/attQxRv8xnW4ZpU9MYyKQpBp/,yes,piped_water,,no,yes,yes,500m_or_further,no,no,,no,,,yes,no,,,,,,,,,yes,10000,plastic_tank,0,1,0,0,0,,point_good_condition,4,yes,1,staff_rooms,0,0,0,0,1,0,,1,yes,yes,yes,yes,point_good_condition,17484404001832162838742592496177-16_53_24.jpg,https://kf.kobotoolbox.org/api/v2/assets/aJh328C2e3SvoptDpoEUxb/data/487947495/attachments/attPe2cxZfz6ALVg9RwWbKEi/,17484404073223259218983257077980-16_53_31.jpg,https://kf.kobotoolbox.org/api/v2/assets/aJh328C2e3SvoptDpoEUxb/data/487947495/attachments/attKpkzruLyTWtprrf26RvAy/,17484405116452801601375223395059-16_55_18.jpg,https://kf.kobotoolbox.org/api/v2/assets/aJh328C2e3SvoptDpoEUxb/data/487947495/attachments/attDUkHjDgoc3M4cQqtGRTAr/,17484405231372382901979805559975-16_55_30.jpg,https://kf.kobotoolbox.org/api/v2/assets/aJh328C2e3SvoptDpoEUxb/data/487947495/attachments/attUZTjHZEiiRihRMjdCoAeJ/,17484405323595185072991357518231-16_55_39.jpg,https://kf.kobotoolbox.org/api/v2/assets/aJh328C2e3SvoptDpoEUxb/data/487947495/attachments/attBBLoSqXJmtQWD8o8ikn2d/,yes,2,within_the_health_facility__on_premise outside_building__but_not_on_premise,1,1,0,2,no,2,no,,,,,,,0,,yes,yes,no,no,not_clean,at_all_times_during_the_school_day,point_good_condition,pit_latrine_with_slab,0,1,0,0,0,0,0,,no,no,no,,,,,,,,no,no,no,no,no,no,,no,,,17484406234227668338321705543143-16_57_8.jpg,https://kf.kobotoolbox.org/api/v2/assets/aJh328C2e3SvoptDpoEUxb/data/487947495/attachments/attMy3Ddt8WCkrY7r7BTdBkP/,17484405934462041138313272880993-16_56_37.jpg,https://kf.kobotoolbox.org/api/v2/assets/aJh328C2e3SvoptDpoEUxb/data/487947495/attachments/attLwB3bRGDbSym2qFSnE5RU/,17484406054032084731209901419648-16_56_50.jpg,https://kf.kobotoolbox.org/api/v2/assets/aJh328C2e3SvoptDpoEUxb/data/487947495/attachments/attnnMQNKHG2rmZ6ZGmhK2LD/,17484406408572341630929101410340-16_57_28.jpg,https://kf.kobotoolbox.org/api/v2/assets/aJh328C2e3SvoptDpoEUxb/data/487947495/attachments/attRyzTx95QWra7xjobXw4NE/,no__there_are_handwashing_facilities_nea,,,,,,,,,,,,,,,,,,,,,,,,no,,,,,,,no,,,,,,,,no,no,,,,,,,,,no,no,,,,,,,no,,,,,,,,no,,,,,,,no,,no,no,no,yes,yes,yes,no,no,no,no,no,no,,no,no,no,no,,pupils,,tod,,teachers,,pupils,,teachers,,,no,no,no,no,,no,no,no,,,,,no,,no,
,,yes,2025-05-28 00:00:00,ke_0_3,ke_1_12,ke_2_59,Kasha,Kasha primary school,day_school mixed_day,1,0,1,ecde special_unit jss,1,0,1,1,-0.05755 39.14026 205 0,-0.05755,39.14026,205,0,13,5,,0,7,234,217,4,0,5,0,1,1,5,451,90,,,yes,,,,,,,,,,,,,,,,,yes,17484426639621327157757397632742-17_31_18.jpg,https://kf.kobotoolbox.org/api/v2/assets/aJh328C2e3SvoptDpoEUxb/data/488003005/attachments/attJWdtCBbRRfSFkgGW6uEuw/,17484426818446802300865133390452-17_31_42.jpg,https://kf.kobotoolbox.org/api/v2/assets/aJh328C2e3SvoptDpoEUxb/data/488003005/attachments/attKJYxsxLAciJynRe5MMjVb/,broken,no,no,,,,,,,,,,,,yes,piped_water,,yes,yes,yes,500m_or_further,yes,no,,yes,chlorination,,yes,no,,,,,,,,,yes,15000,concrete_tank plastic_tank,1,1,0,0,0,,needs_repair,2,yes,3,occupational_therapy,1,0,0,0,0,0,,2,yes,yes,yes,yes,needs_repair,17484428061533301173314403330888-17_35_14.jpg,https://kf.kobotoolbox.org/api/v2/assets/aJh328C2e3SvoptDpoEUxb/data/488003005/attachments/att3uk3c3Ln99eysVNG8L4KN/,17484429220722329670138494026791-17_35_30.jpg,https://kf.kobotoolbox.org/api/v2/assets/aJh328C2e3SvoptDpoEUxb/data/488003005/attachments/attYCUdb3FNKD5k4ayhL5CYs/,17484429357095105932544941087706-17_36_25.jpg,https://kf.kobotoolbox.org/api/v2/assets/aJh328C2e3SvoptDpoEUxb/data/488003005/attachments/attkBusX4PcLaHUD5A8YfgXz/,17484429897442469668166354973204-17_36_53.jpg,https://kf.kobotoolbox.org/api/v2/assets/aJh328C2e3SvoptDpoEUxb/data/488003005/attachments/attmSkydECPHQN6yhusTy7YA/,,,yes,6,within_the_health_facility__on_premise,1,0,0,4,no,4,no,,,,,,,0,,no,no,no,no,somewhat_clean,at_all_times_during_the_school_day,needs_repair,pit_latrine_with_slab,0,1,0,0,0,0,0,,no,no,no,,,,,,,,no,no,no,no,no,no,,no,,,17484430680175392250817045683035-17_38_5.jpg,https://kf.kobotoolbox.org/api/v2/assets/aJh328C2e3SvoptDpoEUxb/data/488003005/attachments/att6ZVB64dgCjD25Ma4fKQCp/,17484431374844730179693924017612-17_39_9.jpg,https://kf.kobotoolbox.org/api/v2/assets/aJh328C2e3SvoptDpoEUxb/data/488003005/attachments/att5eByt92Z4ocF9SVNNQZav/,17484431277749001766600269145003-17_38_54.jpg,https://kf.kobotoolbox.org/api/v2/assets/aJh328C2e3SvoptDpoEUxb/data/488003005/attachments/attBm2abpsUeRGRg4DRzeREJ/,,,yes,1,container_with_tap__veronica_b,0,0,1,0,0,0,,neither_water_nor_soap,food_preparation_area,0,1,0,0,0,0,,no,yes,yes,yes,needs_repair,no,17484432473244068530642672321525-17_41_8.jpg,https://kf.kobotoolbox.org/api/v2/assets/aJh328C2e3SvoptDpoEUxb/data/488003005/attachments/attyqCMQkcfh7DWG6nQeQhUH/,,,,,no,,,,,,,,no,no,,,,,,,,,no,no,,,,,,,no,,,,,,,,no,,,,,,,no,,yes,yes,no,yes,yes,yes,no,yes,no,no,no,no,,no,no,no,no,,tod,,teacher,,clubs,,non_teaching_staff,,teachers,,,yes,no,no,no,no,no,no,no,,,,,no,,no,
,,yes,2025-05-28 00:00:00,ke_0_3,ke_1_12,ke_2_59,Qabobey,Qabobey primary school,day_school,1,0,0,ecde primary,1,1,0,0,-0.12216 39.2916 0 0,-0.12216,39.2916,0,0,4,5,7,,,102,84,6,3,4,1,1,1,5,186,37,,,yes,yes,no,yes,,no,no,yes,yes,no,,sandy,fair_condition,pedestrian_paths,1,0,0,yes,17484437065238358525393150066200-17_49_23.jpg,https://kf.kobotoolbox.org/api/v2/assets/aJh328C2e3SvoptDpoEUxb/data/488020024/attachments/attwC7hJXJVdeuXwdBgB7W4r/,17484437734897431297552994602441-17_49_58.jpg,https://kf.kobotoolbox.org/api/v2/assets/aJh328C2e3SvoptDpoEUxb/data/488020024/attachments/attwGmSPyowsNhUVk4edNJCH/,broken,no,no,,,,,,,,,,,,no,,,,,,,,,,,,,,,,,,,,,,,no,,,,,,,,,,,no,0,,,,,,,,,,,,,,,,,,,,,,,,,yes,2,within_the_health_facility__on_premise,1,0,0,1,no,1,no,,,,,,,0,,no,no,no,no,somewhat_clean,at_all_times_during_the_school_day,needs_repair,pit_latrine_with_slab,0,1,0,0,0,0,0,,no,no,no,,,,,,,,no,,no,no,no,no,,no,,,17484438680436191390110458918581-17_51_38.jpg,https://kf.kobotoolbox.org/api/v2/assets/aJh328C2e3SvoptDpoEUxb/data/488020024/attachments/attVCM6QMkXDHPRaM6pM7yj5/,17484439191297773465033583729159-17_52_12.jpg,https://kf.kobotoolbox.org/api/v2/assets/aJh328C2e3SvoptDpoEUxb/data/488020024/attachments/attAimaVSG6sNQsDF5PpXmaR/,1748443935648680002132964062065-17_52_31.jpg,https://kf.kobotoolbox.org/api/v2/assets/aJh328C2e3SvoptDpoEUxb/data/488020024/attachments/attr6XqYx7vAnbs8N8hX8y4X/,,,no__there_are_handwashing_facilities_nea,,,,,,,,,,,,,,,,,,,,,,,,no,,,,,,,no,,,,,,,,no,no,,,,,,,,,no,no,,,,,,,no,,,,,,,,no,,,,,,,no,,no,yes,no,yes,yes,yes,no,yes,no,no,no,no,,no,no,no,no,,other,No washing facility,others,No washing facility,others,No washing facility,others,No washing facility,others,No washing facility,,yes,no,yes,,yes,no,no,no,,,,,no,,no,
,,yes,2025-05-28 00:00:00,ke_0_3,ke_1_17,ke_2_82,Lolol,Lolol primary school,day_school,1,0,0,ecde primary,1,1,0,0,0.363088 39.693875 200.15138244628906 7.36782807921214,0.363088,39.693875,200.1513824462891,7.36782807921214,2,5,6,,,16,14,1,1,2,0,0,0,2,30,15,,,no,no,yes,no,,no,no,yes,yes,no,,sandy,poor_condition,pedestrian_paths,1,0,0,yes,image-12_17_45.jpg,https://kf.kobotoolbox.org/api/v2/assets/aJh328C2e3SvoptDpoEUxb/data/488132864/attachments/attsDUMApuEJtAfDymmpJfCH/,image-15_17_9.jpg,https://kf.kobotoolbox.org/api/v2/assets/aJh328C2e3SvoptDpoEUxb/data/488132864/attachments/attficjgu69q6qSMyNNvS4go/,,no,no,,,,,,,,,,,,no,,,,,,,,,,,,,,,,,,,,,,,no,,,,,,,,,,,no,0,,,,,,,,,,,,,,,,,,,,,,,,,yes,2,outside_building__but_not_on_premise,0,1,0,0,no,2,no,,,,,,,0,,no,no,no,no,not_clean,there_are_no_toilets_available_for_use_a,needs_repair,pit_latrine_with_slab,0,1,0,0,0,0,0,,no,no,yes,water,0,1,0,0,0,,no,no,no,no,no,no,,no,,,image-15_15_49.jpg,https://kf.kobotoolbox.org/api/v2/assets/aJh328C2e3SvoptDpoEUxb/data/488132864/attachments/attUVdw4NTkEEW3w4BdKas3W/,image-15_15_56.jpg,https://kf.kobotoolbox.org/api/v2/assets/aJh328C2e3SvoptDpoEUxb/data/488132864/attachments/attGc9Th9ET774jqSN4A8iYt/,image-15_16_4.jpg,https://kf.kobotoolbox.org/api/v2/assets/aJh328C2e3SvoptDpoEUxb/data/488132864/attachments/attzZUEtWRB7wFGXdQgLng3k/,image-15_16_37.jpg,https://kf.kobotoolbox.org/api/v2/assets/aJh328C2e3SvoptDpoEUxb/data/488132864/attachments/attPCaur7QaMREzCbi9aZxnD/,no__there_are_handwashing_facilities_nea,,,,,,,,,,,,,,,,,,,,,,,,no,,,,,,,no,,,,,,,,no,no,,,,,,,,,no,no,,,,,,,no,,,,,,,,no,,,,,,,no,,no,yes,no,,yes,no,no,no,no,no,no,no,,no,no,no,no,,pupils,,teacher,,teachers,,non_teaching_staff,,teachers,,,no,no,no,no,no,no,no,no,,,,,no,,no,
,,yes,2025-05-28 00:00:00,ke_0_3,ke_1_17,ke_2_82,Shanta abaq,Goreale primary school,mixed_day,0,0,1,ecde primary jss,1,1,0,1,0.439563 39.737717 165.0793113708496 3.5355339059327373,0.439563,39.737717,165.0793113708496,3.535533905932737,14,5,7,,8,676,519,17,21,14,5,2,2,19,1195,63,,,yes,yes,yes,yes,,yes,yes,yes,yes,no,,sandy,fair_condition,pedestrian_paths road_for_light_vehicles,1,1,0,yes,image-15_48_53.jpg,https://kf.kobotoolbox.org/api/v2/assets/aJh328C2e3SvoptDpoEUxb/data/488265369/attachments/attfLEJSso6Midkr8Jh6gzGd/,image-15_49_9.jpg,https://kf.kobotoolbox.org/api/v2/assets/aJh328C2e3SvoptDpoEUxb/data/488265369/attachments/attNs6MEKzxrANsPFwn8SWNp/,broken,partial,yes,main_building,0,0,0,0,0,1,image-15_52_20.jpg,https://kf.kobotoolbox.org/api/v2/assets/aJh328C2e3SvoptDpoEUxb/data/488265369/attachments/att63sAK2tUVmBtAmn2mSBJR/,image-15_52_49.jpg,https://kf.kobotoolbox.org/api/v2/assets/aJh328C2e3SvoptDpoEUxb/data/488265369/attachments/attnYxfboFxg9fTPe7Cu4PEY/,sometimes,piped_water,,yes,yes,no,up_to_500m,no,no,,no,,,yes,yes,,yes,yes,yes,no,,,,yes,5000,plastic_tank,0,1,0,0,0,,point_good_condition,2,no,1,staff_rooms,0,0,0,0,1,0,,1,no,no,no,yes,point_good_condition,,,image-16_1_41.jpg,https://kf.kobotoolbox.org/api/v2/assets/aJh328C2e3SvoptDpoEUxb/data/488265369/attachments/attAdMmZB9RrdKTiRGuRTgvP/,image-16_4_50.jpg,https://kf.kobotoolbox.org/api/v2/assets/aJh328C2e3SvoptDpoEUxb/data/488265369/attachments/attX8FoBtyLVYzNt3wBm56Qq/,image-14_58_5.jpg,https://kf.kobotoolbox.org/api/v2/assets/aJh328C2e3SvoptDpoEUxb/data/488265369/attachments/attYykmeSCT9JdMEFRU3ZxFc/,image-15_20_51.jpg,https://kf.kobotoolbox.org/api/v2/assets/aJh328C2e3SvoptDpoEUxb/data/488265369/attachments/attYJLhhbD6CicM7fHPQpFRe/,yes,8,within_the_health_facility__on_premise outside_building__but_not_on_premise,1,1,0,,yes,,yes,0,2,2,0,0,0,0,,no,no,no,no,somewhat_clean,at_all_times_during_the_school_day,needs_repair,pit_latrine_with_slab,0,1,0,0,0,0,0,,yes,yes,yes,water,0,1,0,0,0,,no,yes,no,no,yes,yes,,no,,,image-16_13_54.jpg,https://kf.kobotoolbox.org/api/v2/assets/aJh328C2e3SvoptDpoEUxb/data/488265369/attachments/attrmc5pgHTCBRTCW4JBz2e5/,image-16_16_7.jpg,https://kf.kobotoolbox.org/api/v2/assets/aJh328C2e3SvoptDpoEUxb/data/488265369/attachments/attZBtpeBbnMVcekMnuWBxuP/,image-14_59_29.jpg,https://kf.kobotoolbox.org/api/v2/assets/aJh328C2e3SvoptDpoEUxb/data/488265369/attachments/attGGeWGjtAdCXPTQfMYX27v/,image-14_59_45.jpg,https://kf.kobotoolbox.org/api/v2/assets/aJh328C2e3SvoptDpoEUxb/data/488265369/attachments/attdc9Dicmch2bqJ3oxiVKCf/,no__there_are_handwashing_facilities_nea,,,,,,,,,,,,,,,,,,,,,,,,no,,,,,,,no,,,,,,,,no,no,,,,,,,,,no,no,,,,,,,no,,,,,,,,yes,standalone_solar,1,0,0,0,,no,,no,yes,no,yes,yes,no,no,no,no,no,no,no,,no,no,no,no,,tod,,teacher,,teachers,,non_teaching_staff,,teachers,,,no,no,no,no,no,no,no,no,,,,,no,,no,
,,yes,2025-05-29 00:00:00,ke_0_3,ke_1_12,ke_2_59,Dabeley,Dabeley primary school,day_school,1,0,0,ecde primary,1,1,0,0,-0.0643733 39.141523 0 0,-0.0643733,39.141523,0,0,3,5,7,,,21,18,0,0,3,0,1,0,3,39,13,,,no,no,yes,no,,no,yes,yes,yes,no,,sandy,poor_condition,pedestrian_paths,1,0,0,yes,17485078131025097387528942211393-11_37_1.jpg,https://kf.kobotoolbox.org/api/v2/assets/aJh328C2e3SvoptDpoEUxb/data/491541472/attachments/attp2bUm9B3J9XEAqU7EHYeE/,17485078245366021178336047620629-11_37_11.jpg,https://kf.kobotoolbox.org/api/v2/assets/aJh328C2e3SvoptDpoEUxb/data/491541472/attachments/attzhoxYUrDtHQi7gdyNEHg5/,poor_condition_bldg,no,no,,,,,,,,,,,,no,,,,,,,,,,,,,,,,,,,,,,,no,,,,,,,,,,,no,0,,,,,,,,,,,,,,,,,,,,,,,,,no,,,,,,,,,,,,,,,,0,,,,,,,,,,,,,,,,,,,,,,,,,,,,,,no,,,,,no,,,,,,,,,,,no__there_are_handwashing_facilities_nea,,,,,,,,,,,,,,,,,,,,,,,,no,,,,,,,no,,,,,,,,no,no,,,,,,,,,no,no,,,,,,,no,,,,,,,,no,,,,,,,,,no,yes,no,yes,yes,yes,no,yes,no,no,no,no,,no,no,no,no,,other,No washing facility,others,No washing facility,others,No washing facility,others,No washing facility,others,No washing facility,,no,no,no,no,no,no,no,no,,,,,no,,no,
,,yes,2024-07-18 00:00:00,ke_0_3,ke_1_15,ke_2_75,Bula county,Country high secondary,boarding_school,0,1,0,ecde primary,1,1,0,0,-0.4304561 39.6672212 153.09999084472656 4.824,-0.4304561,39.6672212,153.0999908447266,4.824,12,5,5,,,500,0,2,0,20,10,8,5,30,500,17,,,yes,yes,yes,yes,,yes,yes,no,yes,no,,sandy,good_condition,pedestrian_paths road_for_light_vehicles,1,1,0,yes,1721294375815.jpg,https://kf.kobotoolbox.org/api/v2/assets/aJh328C2e3SvoptDpoEUxb/data/615590162/attachments/attUbDSVCrNKv5Yh22WifLHd/,1721294389557.jpg,https://kf.kobotoolbox.org/api/v2/assets/aJh328C2e3SvoptDpoEUxb/data/615590162/attachments/attfCBizEBzb6nzt6CAZSkuT/,good_condition_bldg,yes,yes,handwashing_points water_taps toilets___latrines waste_management_facilities,1,1,1,1,0,0,1721294488190.jpg,https://kf.kobotoolbox.org/api/v2/assets/aJh328C2e3SvoptDpoEUxb/data/615590162/attachments/attjCNVySKcA6Lc3dzhFQ2vW/,1721294502676.jpg,https://kf.kobotoolbox.org/api/v2/assets/aJh328C2e3SvoptDpoEUxb/data/615590162/attachments/attehwXuKLzUkjEZDzZZ9wdg/,yes,piped_water,,yes,yes,yes,on_site,no,no,,no,,,no,no,,,,,,,,,yes,20000,concrete_tank plastic_tank,1,1,0,0,0,,point_good_condition,3,yes,5,occupational_therapy staff_rooms training___capacity_development_rooms,1,0,1,0,1,0,,3,yes,yes,yes,yes,point_good_condition,1721294749909.jpg,https://kf.kobotoolbox.org/api/v2/assets/aJh328C2e3SvoptDpoEUxb/data/615590162/attachments/attTNPCXQRaE5FGyy9BXCgfa/,1721294761979.jpg,https://kf.kobotoolbox.org/api/v2/assets/aJh328C2e3SvoptDpoEUxb/data/615590162/attachments/attE79faSikmZXGsay4N49oH/,1721294773808.jpg,https://kf.kobotoolbox.org/api/v2/assets/aJh328C2e3SvoptDpoEUxb/data/615590162/attachments/attR6LWTaN33wuSLVteuyhuL/,1721294782626.jpg,https://kf.kobotoolbox.org/api/v2/assets/aJh328C2e3SvoptDpoEUxb/data/615590162/attachments/attiDFaVg73ae6p2tWeJkgKK/,1721294813315.jpg,https://kf.kobotoolbox.org/api/v2/assets/aJh328C2e3SvoptDpoEUxb/data/615590162/attachments/att6dK5tkQtqnYDJv9iJFCBq/,yes,10,within_the_health_facility__on_premise outside_building__but_not_on_premise,1,1,0,7,no,0,yes,,0,,,4,3,7,,no,no,yes,yes,somewhat_clean,at_all_times_during_the_school_day,point_good_condition,pit_latrine_with_slab pit_latrine_without_slab_open_pit,0,1,0,1,0,0,0,,no,no,yes,water,0,1,0,0,0,,yes,yes,no,no,yes,yes,,no,,,1721295078520.jpg,https://kf.kobotoolbox.org/api/v2/assets/aJh328C2e3SvoptDpoEUxb/data/615590162/attachments/attugmxUupsQKn5zuyVs5bav/,1721295088172.jpg,https://kf.kobotoolbox.org/api/v2/assets/aJh328C2e3SvoptDpoEUxb/data/615590162/attachments/attMNJdeAa9TqTcfq8noYU6G/,1721295095517.jpg,https://kf.kobotoolbox.org/api/v2/assets/aJh328C2e3SvoptDpoEUxb/data/615590162/attachments/attiuBiE2i9PJ8H7p9TkYq8R/,1721295103509.jpg,https://kf.kobotoolbox.org/api/v2/assets/aJh328C2e3SvoptDpoEUxb/data/615590162/attachments/attPZbgggdf9TxnirLompYBa/,yes,10,container_with_tap__veronica_b,0,0,1,0,0,0,,water_only,toilets food_consumption_area,1,0,1,0,0,0,,yes,no,yes,yes,point_good_condition,yes,1721295194032.jpg,https://kf.kobotoolbox.org/api/v2/assets/aJh328C2e3SvoptDpoEUxb/data/615590162/attachments/atterdCDrDpFJhgZDCezRdKr/,1721295201649.jpg,https://kf.kobotoolbox.org/api/v2/assets/aJh328C2e3SvoptDpoEUxb/data/615590162/attachments/attbvvPWfXXnA799Ao7c2eGG/,1721295210692.jpg,https://kf.kobotoolbox.org/api/v2/assets/aJh328C2e3SvoptDpoEUxb/data/615590162/attachments/attn8pcUUxVkZ7KHNKVrpZ3Y/,no,,,,,,,,no,no,,,,,,,,,no,no,,,,,,,yes,yes,yes,,no,yes,yes,no,yes,national_power_grid,0,1,0,0,,no,,no,yes,no,yes,no,,,,,,,,,yes,no,yes,no,,other,Support staff,tod,,tod,,non_teaching_staff,,tod,,,yes,yes,no,no,no,no,no,yes,yes,yes,1721295503640.jpg,https://kf.kobotoolbox.org/api/v2/assets/aJh328C2e3SvoptDpoEUxb/data/615590162/attachments/attL6y384XkmKBgYf6Y3XnML/,no,,yes,yes
,,yes,2026-01-05 00:00:00,ke_0_3,ke_1_15,ke_2_72,,,day_school,1,0,0,ecde,1,0,0,0,-0.466199 39.645835 146.8280620897144 13.140578240073886,-0.466199,39.645835,146.8280620897144,13.14057824007389,15,,,,,800,400,100,50,30,25,10,15,55,1200,22,,,yes,yes,yes,yes,,yes,yes,yes,yes,no,,sandy,fair_condition,road_for_light_vehicles,0,1,0,yes,image-12_21_53.jpg,https://kf.kobotoolbox.org/api/v2/assets/aJh328C2e3SvoptDpoEUxb/data/642910897/attachments/attw6zjMm6cGwxCjCQMtpZtM/,image-12_22_9.jpg,https://kf.kobotoolbox.org/api/v2/assets/aJh328C2e3SvoptDpoEUxb/data/642910897/attachments/attrchUVi2c8uz8BcxZBuyjj/,broken,yes,no,,,,,,,,,,,,sometimes,packaged_bottled_water,,yes,yes,mostly__unavailable___30_days,up_to_500m,yes,no,,yes,chlorination,,yes,no,,,,,,,,,yes,10000,plastic_tank,0,1,0,0,0,,point_good_condition,,no,6,,,,,,,,,,,,,,,,,,,,,,,,,yes,5,within_the_health_facility__on_premise,1,0,0,10,yes,,yes,3,3,6,4,15,3,25,20,yes,yes,yes,no,somewhat_clean,at_all_times_during_the_school_day,needs_repair,flush___pour_flush_toilet_to_sewer_conne,1,0,0,0,0,0,0,,yes,yes,yes,water,0,1,0,0,0,,,yes,yes,yes,yes,no,yes,yes,10,tipped_onto_the_ground_and_not_treated,image-12_47_54.jpg,https://kf.kobotoolbox.org/api/v2/assets/aJh328C2e3SvoptDpoEUxb/data/642910897/attachments/attmeMb8F6nrtK8t2smFnHJj/,image-12_48_0.jpg,https://kf.kobotoolbox.org/api/v2/assets/aJh328C2e3SvoptDpoEUxb/data/642910897/attachments/att3H2GZ66qDU2gZhqsyiUoU/,,,image-12_48_10.jpg,https://kf.kobotoolbox.org/api/v2/assets/aJh328C2e3SvoptDpoEUxb/data/642910897/attachments/attJgLcMAYE3tf2jfA32uEe7/,no__there_are_handwashing_facilities_nea,,,,,,,,,,,,,,,,,,,,,,,,no,,,,,,,yes,,yes,yes,no,yes,yes,yes,yes,yes,onsite_burial,0,0,1,0,0,0,,yes,yes,image-12_48_44.jpg,https://kf.kobotoolbox.org/api/v2/assets/aJh328C2e3SvoptDpoEUxb/data/642910897/attachments/attHc8Km3kkRzHoYEfmcejwE/,image-12_48_53.jpg,https://kf.kobotoolbox.org/api/v2/assets/aJh328C2e3SvoptDpoEUxb/data/642910897/attachments/attNXPc8zEjPia5WyrBK7Usd/,image-12_49_0.jpg,https://kf.kobotoolbox.org/api/v2/assets/aJh328C2e3SvoptDpoEUxb/data/642910897/attachments/attewzqBpioj8zAhTRHu4pjv/,yes,yes,yes,,yes,no,yes,no,yes,national_power_grid,0,1,0,0,,no,,yes,yes,yes,yes,no,yes,yes,yes,yes,no,yes,no,,yes,yes,yes,yes,,teachers,,teacher,,teachers,,teachers,,teachers,,,yes,yes,no,yes,yes,yes,yes,yes,yes,yes,image-12_49_50.jpg,https://kf.kobotoolbox.org/api/v2/assets/aJh328C2e3SvoptDpoEUxb/data/642910897/attachments/attY6EwK5sATd2s6Hx2e4UJT/,yes,yes,yes,yes
,,yes,2026-01-06 00:00:00,ke_0_3,ke_1_13,ke_2_64,Alango arba,Alango arba primary school,day_school,1,0,0,primary,0,1,0,0,-0.095099 39.983652 165.1896686553955 30.95786102369416,-0.095099,39.983652,165.1896686553955,30.95786102369416,10,,74,,,124,86,1,1,7,2,1,1,9,210,23,,,yes,yes,yes,yes,,yes,no,yes,yes,no,,sandy,fair_condition,pedestrian_paths road_for_light_vehicles,1,1,0,yes,image-10_10_46.jpg,https://kf.kobotoolbox.org/api/v2/assets/aJh328C2e3SvoptDpoEUxb/data/643360946/attachments/attDPEAPVYmQfmUmEeeSuse6/,image-10_10_57.jpg,https://kf.kobotoolbox.org/api/v2/assets/aJh328C2e3SvoptDpoEUxb/data/643360946/attachments/attdCQsJGjc7oGWBfSW96J8b/,poor_condition_bldg,partial,yes,water_taps,0,1,0,0,0,0,image-10_13_32.jpg,https://kf.kobotoolbox.org/api/v2/assets/aJh328C2e3SvoptDpoEUxb/data/643360946/attachments/attNytSY3heYTj2qoHZmYXt9/,image-10_13_3.jpg,https://kf.kobotoolbox.org/api/v2/assets/aJh328C2e3SvoptDpoEUxb/data/643360946/attachments/attN7gYjZPCqSXnFvKogbwi5/,sometimes,piped_water,,no,no,mostly__unavailable___30_days,500m_or_further,yes,yes,10000,no,,,yes,no,,,,,,,,,yes,5000,plastic_tank,0,1,0,0,0,,needs_repair,2,no,1,preventive_health,0,1,0,0,0,0,,1,yes,yes,yes,yes,needs_repair,image-10_36_34.jpg,https://kf.kobotoolbox.org/api/v2/assets/aJh328C2e3SvoptDpoEUxb/data/643360946/attachments/attMvARUtFAKq4Q65dXeWdGo/,image-10_35_27.jpg,https://kf.kobotoolbox.org/api/v2/assets/aJh328C2e3SvoptDpoEUxb/data/643360946/attachments/attJcM8mipKS4eQHskNn4bUV/,image-10_35_53.jpg,https://kf.kobotoolbox.org/api/v2/assets/aJh328C2e3SvoptDpoEUxb/data/643360946/attachments/attYHUadWykDpJUyrs2sqhT6/,image-10_36_11.jpg,https://kf.kobotoolbox.org/api/v2/assets/aJh328C2e3SvoptDpoEUxb/data/643360946/attachments/attKt6rLb89qcwokjKUrTAav/,,,yes,10,within_the_health_facility__on_premise,1,0,0,4,yes,,yes,2,2,2,2,2,2,8,,yes,yes,yes,no,somewhat_clean,at_all_times_during_the_school_day,needs_repair,pit_latrine_without_slab_open_pit,0,0,0,1,0,0,0,,yes,no,yes,water,0,1,0,0,0,,no,no,no,no,yes,no,,no,,,image-10_32_41.jpg,https://kf.kobotoolbox.org/api/v2/assets/aJh328C2e3SvoptDpoEUxb/data/643360946/attachments/attJbh944nXLAoxDLkoRKTjC/,image-10_32_51.jpg,https://kf.kobotoolbox.org/api/v2/assets/aJh328C2e3SvoptDpoEUxb/data/643360946/attachments/attHyz2vWmYaKLT8Ma7dze5d/,image-10_33_41.jpg,https://kf.kobotoolbox.org/api/v2/assets/aJh328C2e3SvoptDpoEUxb/data/643360946/attachments/atteKPWVPf9hPpbMLJdsHALj/,image-10_33_48.jpg,https://kf.kobotoolbox.org/api/v2/assets/aJh328C2e3SvoptDpoEUxb/data/643360946/attachments/attBgdkndXkhV8E8mQZp782N/,no__there_are_handwashing_facilities_nea,,,,,,,,,,,,,,,,,,,,,,,,no,,,,,,,no,,,,,,,,no,no,,,,,,,,,no,yes,,,,,,,yes,yes,yes,,no,yes,yes,no,no,,,,,,,no,,no,yes,no,no,yes,yes,no,yes,no,yes,no,no,,no,no,no,no,,tod,,teacher,,teachers,,teachers,,teachers,,,yes,no,no,no,no,no,no,yes,yes,no,,,yes,yes,yes,no
,,yes,2026-01-06 00:00:00,ke_0_3,ke_1_13,ke_2_61,Haji adan,Haji adan primary,day_school,1,0,0,primary,0,1,0,0,-0.029361 40.044158 167.45281219482422 25.752982914684797,-0.029361,40.044158,167.4528121948242,25.7529829146848,8,,8,,,70,65,0,0,1,1,1,2,2,135,68,,,yes,no,no,yes,,no,no,no,no,no,,sandy,fair_condition,pedestrian_paths road_for_light_vehicles road_for_trucks,1,1,1,yes,image-11_52_11.jpg,https://kf.kobotoolbox.org/api/v2/assets/aJh328C2e3SvoptDpoEUxb/data/643419057/attachments/attfR7H8d2URRLtiHUmfwPMV/,image-11_52_18.jpg,https://kf.kobotoolbox.org/api/v2/assets/aJh328C2e3SvoptDpoEUxb/data/643419057/attachments/attjPoGMm9yy8e8WdJdDydDz/,broken,no,yes,main_building,0,0,0,0,0,1,image-11_53_6.jpg,https://kf.kobotoolbox.org/api/v2/assets/aJh328C2e3SvoptDpoEUxb/data/643419057/attachments/attjm9tWV84Hdose63Yz79US/,image-11_53_16.jpg,https://kf.kobotoolbox.org/api/v2/assets/aJh328C2e3SvoptDpoEUxb/data/643419057/attachments/attsrEb9Zendbyy8rkV9eJzD/,no,,,,,,,,,,,,,,,,,,,,,,,yes,10000,plastic_tank,0,1,0,0,0,,needs_repair,,no,0,,,,,,,,,,,,,,,,,,,,,,,,,yes,2,within_the_health_facility__on_premise,1,0,0,2,no,2,no,,,,,,,0,,no,no,no,yes,clean,at_all_times_during_the_school_day,point_good_condition,pit_latrine_with_slab,0,1,0,0,0,0,0,,no,no,no,,,,,,,,no,no,no,no,no,yes,,no,,,image-12_0_52.jpg,https://kf.kobotoolbox.org/api/v2/assets/aJh328C2e3SvoptDpoEUxb/data/643419057/attachments/att8MHo9GgkAL6zPGsFAcwRu/,image-12_1_1.jpg,https://kf.kobotoolbox.org/api/v2/assets/aJh328C2e3SvoptDpoEUxb/data/643419057/attachments/attuLNadiemnuxYeD7uHWBvw/,image-12_1_10.jpg,https://kf.kobotoolbox.org/api/v2/assets/aJh328C2e3SvoptDpoEUxb/data/643419057/attachments/atteujbj9KjiMevbHuu7hbjR/,image-12_1_19.jpg,https://kf.kobotoolbox.org/api/v2/assets/aJh328C2e3SvoptDpoEUxb/data/643419057/attachments/attHLjjLN23RWMskxiGcgGda/,no__there_are_handwashing_facilities_nea,,,,,,,,,,,,,,,,,,,,,,,,no,,,,,,,no,,,,,,,,no,no,,,,,,,,,no,no,,,,,,,no,,,,,,,,no,,,,,,,no,,no,yes,no,no,yes,yes,no,yes,yes,yes,no,no,,yes,no,no,no,,teachers,,teacher,,teachers,,teachers,,teachers,,,no,yes,yes,no,yes,no,,no,,,,,no,,no,
,,yes,,ke_0_3,ke_1_14,ke_2_71,Bulla Nadhir village ,Nathir primary and junior school ,day_school,1,0,0,primary ecde jss,1,1,0,1,-0.7054313 39.8332083 99.9 4.92,-0.7054313,39.8332083,99.9,4.92,9,9,9,,8,95,104,3,3,5,0,2,2,5,199,40,,,yes,no,yes,yes,,no,no,no,no,,,sandy,fair_condition,pedestrian_paths road_for_light_vehicles road_for_trucks,1,1,1,yes,1767695399358.jpg,https://kf.kobotoolbox.org/api/v2/assets/aJh328C2e3SvoptDpoEUxb/data/643505704/attachments/attHPmLc4WTzaGLMoScKPBFg/,1767695413611.jpg,https://kf.kobotoolbox.org/api/v2/assets/aJh328C2e3SvoptDpoEUxb/data/643505704/attachments/attEbeNg9bsdW8oMoPrMALzi/,poor_condition_bldg,no,yes,fence toilets___latrines water_taps handwashing_points main_building,1,1,1,0,1,1,1767695582321.jpg,https://kf.kobotoolbox.org/api/v2/assets/aJh328C2e3SvoptDpoEUxb/data/643505704/attachments/attrFEXxHhvswqhk9dPu9zXG/,1767695609976.jpg,https://kf.kobotoolbox.org/api/v2/assets/aJh328C2e3SvoptDpoEUxb/data/643505704/attachments/attUy8b2mtFhjwpa7QSdQvFM/,no,,,,,,,,,,,,,,,,,,,,,,,yes,30000,plastic_tank,0,1,0,0,0,,point_good_condition,,yes,0,,,,,,,,,,,,,,,,,,,,,,,,,yes,1,within_the_health_facility__on_premise,1,0,0,2,no,2,no,,,,,,,0,,no,no,no,no,somewhat_clean,at_all_times_during_the_school_day,point_good_condition,pit_latrine_with_slab,0,1,0,0,0,0,0,,yes,yes,yes,water,0,1,0,0,0,,no,no,no,yes,no,no,,no,,,1767696152543.jpg,https://kf.kobotoolbox.org/api/v2/assets/aJh328C2e3SvoptDpoEUxb/data/643505704/attachments/attfCa9xKXsdrw8pYq6uGJyo/,1767696185654.jpg,https://kf.kobotoolbox.org/api/v2/assets/aJh328C2e3SvoptDpoEUxb/data/643505704/attachments/attZsxVeeUPRLu8umKFCSG4S/,1767696202057.jpg,https://kf.kobotoolbox.org/api/v2/assets/aJh328C2e3SvoptDpoEUxb/data/643505704/attachments/attbjwSU5MP4ZCQca7SSWyi7/,,,yes,1,single_pipe_tap,0,0,0,1,0,0,,neither_water_nor_soap,classrooms,0,0,0,1,0,0,,yes,yes,yes,yes,damaged,yes,1767696601305.jpg,https://kf.kobotoolbox.org/api/v2/assets/aJh328C2e3SvoptDpoEUxb/data/643505704/attachments/att5WUUfR7wueNNYSqRJxVbQ/,,,,,no,,,,,,,,no,no,,,,,,,,,no,no,,,,,,,no,,,,,,,,no,,,,,,,no,,,yes,,yes,yes,yes,no,no,yes,no,no,,,no,no,no,yes,7000,tod,,teacher,,teachers,,non_teaching_staff,,teachers,,,yes,yes,yes,yes,,,,yes,yes,yes,1767697140229.jpg,https://kf.kobotoolbox.org/api/v2/assets/aJh328C2e3SvoptDpoEUxb/data/643505704/attachments/atthQnue3JgfXsGKTbCv77h2/,yes,yes,no,
,,yes,2026-01-06 00:00:00,ke_0_3,ke_1_13,ke_2_61,Saretho,Seretho primary,day_school boarding_school,1,1,0,ecde primary,1,1,0,0,-0.023866 40.138911 165.46599769592285 3.5355339059327373,-0.023866,40.138911,165.4659976959229,3.535533905932737,12,5,9,,,438,218,0,0,7,2,1,3,9,656,73,,,yes,yes,yes,yes,,yes,no,no,no,no,,sandy,good_condition,pedestrian_paths road_for_light_vehicles road_for_trucks,1,1,1,yes,image-14_56_31.jpg,https://kf.kobotoolbox.org/api/v2/assets/aJh328C2e3SvoptDpoEUxb/data/643548786/attachments/attmwazZd78NuHD5DcysDZd3/,image-14_56_39.jpg,https://kf.kobotoolbox.org/api/v2/assets/aJh328C2e3SvoptDpoEUxb/data/643548786/attachments/attaHCKRofhrX3gmWFf2kfYw/,good_condition_bldg,yes,no,,,,,,,,,,,,yes,piped_water,,yes,yes,yes,up_to_500m,yes,no,,no,,,yes,no,,,,,,,,,yes,25000,plastic_tank,0,1,0,0,0,,point_good_condition,2,yes,3,preventive_health,0,1,0,0,0,0,,3,yes,yes,yes,yes,point_good_condition,image-14_57_2.jpg,https://kf.kobotoolbox.org/api/v2/assets/aJh328C2e3SvoptDpoEUxb/data/643548786/attachments/attokULFuYbgdycXmzzCyEUJ/,image-14_57_11.jpg,https://kf.kobotoolbox.org/api/v2/assets/aJh328C2e3SvoptDpoEUxb/data/643548786/attachments/attCLmEYiJUgwgMfwSZ9ByMN/,image-14_57_19.jpg,https://kf.kobotoolbox.org/api/v2/assets/aJh328C2e3SvoptDpoEUxb/data/643548786/attachments/attL2MPv2q88feyydPfYVLoH/,image-14_57_29.jpg,https://kf.kobotoolbox.org/api/v2/assets/aJh328C2e3SvoptDpoEUxb/data/643548786/attachments/atthrWHnRwufC5LXcXEWQgve/,image-14_57_36.jpg,https://kf.kobotoolbox.org/api/v2/assets/aJh328C2e3SvoptDpoEUxb/data/643548786/attachments/attXekxJw3KRLkhQ5CWJWevd/,yes,12,within_the_health_facility__on_premise,1,0,0,12,yes,,yes,6,0,0,6,2,2,16,4,yes,yes,yes,yes,clean,at_all_times_during_the_school_day,point_good_condition,pit_latrine_with_slab,0,1,0,0,0,0,0,,no,no,yes,water,0,1,0,0,0,,no,no,no,no,yes,yes,,no,,,image-14_59_9.jpg,https://kf.kobotoolbox.org/api/v2/assets/aJh328C2e3SvoptDpoEUxb/data/643548786/attachments/attabacqF7dV56imsdiPJzr6/,image-14_58_53.jpg,https://kf.kobotoolbox.org/api/v2/assets/aJh328C2e3SvoptDpoEUxb/data/643548786/attachments/attvVnYEmWUSVXw2f9DADAGa/,image-14_59_19.jpg,https://kf.kobotoolbox.org/api/v2/assets/aJh328C2e3SvoptDpoEUxb/data/643548786/attachments/attTGTuDq2opzXYx9va6fRUa/,image-14_59_31.jpg,https://kf.kobotoolbox.org/api/v2/assets/aJh328C2e3SvoptDpoEUxb/data/643548786/attachments/attJsXMUzxH8ew3WerbJzvy8/,no__there_are_handwashing_facilities_nea,,,,,,,,,,,,,,,,,,,,,,,,no,,,,,,,no,,,,,,,,no,no,,,,,,,,,yes,no,,,,,,,yes,yes,yes,,,yes,,,no,,,,,,,no,,no,yes,no,no,yes,yes,no,yes,no,no,no,no,,yes,no,no,no,,teachers,,teacher,,teachers,,teachers,,teachers,,,no,yes,yes,no,yes,no,yes,yes,yes,no,,,yes,yes,no,
,,yes,2026-01-06 00:00:00,ke_0_3,ke_1_14,ke_2_71,Kamuthe village,Kamuthe primary and junior school,day_school,1,0,0,jss ecde primary,1,1,0,1,-0.7344783 39.8348167 64.69999999999999 5.0,-0.7344783,39.8348167,64.69999999999999,5,12,9,9,,12,137,188,1,0,8,2,1,1,10,325,33,,,yes,yes,yes,yes,,yes,no,yes,no,no,,sandy,fair_condition,pedestrian_paths road_for_light_vehicles road_for_trucks,1,1,1,yes,1767700183397.jpg,https://kf.kobotoolbox.org/api/v2/assets/aJh328C2e3SvoptDpoEUxb/data/643557857/attachments/attASzEvsPzuwZtrpu7BMuPT/,1767700194603.jpg,https://kf.kobotoolbox.org/api/v2/assets/aJh328C2e3SvoptDpoEUxb/data/643557857/attachments/attem3HLUTmormNdnDTJBaMT/,good_condition_bldg,no,no,,,,,,,,,,,,yes,piped_water,,yes,yes,yes,500m_or_further,yes,yes,5000,yes,chlorination,,yes,no,,,,,,,,,yes,10000,plastic_tank,0,1,0,0,0,,point_good_condition,1,no,1,preventive_health,0,1,0,0,0,0,,1,yes,yes,yes,yes,point_good_condition,1767700574331.jpg,https://kf.kobotoolbox.org/api/v2/assets/aJh328C2e3SvoptDpoEUxb/data/643557857/attachments/attif2TXgVnzi5GtLEWRnpnf/,1767700583008.jpg,https://kf.kobotoolbox.org/api/v2/assets/aJh328C2e3SvoptDpoEUxb/data/643557857/attachments/attkSev6jAFepBWisQ2VMq5g/,1767700598058.jpg,https://kf.kobotoolbox.org/api/v2/assets/aJh328C2e3SvoptDpoEUxb/data/643557857/attachments/attQqBRF4EpyRyxazAiF7c7w/,1767700610366.jpg,https://kf.kobotoolbox.org/api/v2/assets/aJh328C2e3SvoptDpoEUxb/data/643557857/attachments/attJ8T8YVkBXDp5UA2FSHAjg/,,,yes,14,within_the_health_facility__on_premise,1,0,0,14,yes,,yes,6,0,0,6,6,6,24,10,no,yes,yes,no,clean,at_all_times_during_the_school_day,point_good_condition,pit_latrine_with_slab,0,1,0,0,0,0,0,,no,no,yes,water,0,1,0,0,0,,no,no,no,no,no,no,,no,,,1767701356159.jpg,https://kf.kobotoolbox.org/api/v2/assets/aJh328C2e3SvoptDpoEUxb/data/643557857/attachments/att83R4fJNkX7XzMG29vSEkx/,1767701397196.jpg,https://kf.kobotoolbox.org/api/v2/assets/aJh328C2e3SvoptDpoEUxb/data/643557857/attachments/attQh3wEWTvvifocyCiwCWj2/,1767701408541.jpg,https://kf.kobotoolbox.org/api/v2/assets/aJh328C2e3SvoptDpoEUxb/data/643557857/attachments/attRQoAqAccEHAV85SpZXnJN/,1767701418401.jpg,https://kf.kobotoolbox.org/api/v2/assets/aJh328C2e3SvoptDpoEUxb/data/643557857/attachments/attZ29WkvTxi7pvrqXWexQqV/,yes,3,tank_with_multiple_taps,0,1,0,0,0,0,,neither_water_nor_soap,classrooms school_yard,0,0,0,1,1,0,,yes,yes,yes,yes,point_good_condition,yes,,,,,,,no,,,,,,,,no,no,,,,,,,,,yes,yes,,,,,,,no,,,,,,,,no,,,,,,,no,,,yes,yes,yes,yes,yes,,,,yes,,,,yes,no,yes,yes,6000,teachers,,teacher,,teachers,,non_teaching_staff,,teachers,,,yes,yes,yes,yes,yes,yes,yes,no,,,,,no,,yes,yes
,,yes,2026-01-06 00:00:00,ke_0_3,ke_1_14,ke_2_71,Bula gora,Gora primary school,day_school,1,0,0,primary,0,1,0,0,-0.75591 39.84092 109.4 3.5,-0.75591,39.84092,109.4,3.5,2,,5,,,5,50,1,1,5,0,2,0,5,55,11,,,yes,no,yes,yes,,yes,yes,yes,yes,,,sandy,poor_condition,pedestrian_paths road_for_light_vehicles road_for_trucks,1,1,1,yes,1767703749952.jpg,https://kf.kobotoolbox.org/api/v2/assets/aJh328C2e3SvoptDpoEUxb/data/643583942/attachments/attuaAm7R7SkFKcyStjZdDBc/,1767703785910.jpg,https://kf.kobotoolbox.org/api/v2/assets/aJh328C2e3SvoptDpoEUxb/data/643583942/attachments/attcKzyZrKZ7LWSe2Rn7KxK6/,poor_condition_bldg,no,no,,,,,,,,,,,,yes,piped_water,,no,yes,yes,500m_or_further,yes,yes,500,yes,chlorination,,don_t_know,don_t_know,,,,,,,,,no,,,,,,,,,,3,yes,1,preventive_health,0,1,0,0,0,0,,1,yes,yes,yes,yes,point_good_condition,1767704134023.jpg,https://kf.kobotoolbox.org/api/v2/assets/aJh328C2e3SvoptDpoEUxb/data/643583942/attachments/att6HUcEXy8dqpA9n3xBJmnr/,1767704180340.jpg,https://kf.kobotoolbox.org/api/v2/assets/aJh328C2e3SvoptDpoEUxb/data/643583942/attachments/attkc6tTg6Rema4DyucNWGPa/,1767704203562.jpg,https://kf.kobotoolbox.org/api/v2/assets/aJh328C2e3SvoptDpoEUxb/data/643583942/attachments/attrDY94CjHaeSYGfMEyYF8F/,,,1767704216264.jpg,https://kf.kobotoolbox.org/api/v2/assets/aJh328C2e3SvoptDpoEUxb/data/643583942/attachments/att3AU578S8g7vee4qjBAh7G/,yes,2,within_the_health_facility__on_premise,1,0,0,1,no,0,no,,,,,,,0,,no,no,yes,yes,clean,at_all_times_during_the_school_day,point_good_condition,pit_latrine_with_slab,0,1,0,0,0,0,0,,no,no,yes,water,0,1,0,0,0,,no,no,no,no,no,no,,don_t_know,,,1767704440855.jpg,https://kf.kobotoolbox.org/api/v2/assets/aJh328C2e3SvoptDpoEUxb/data/643583942/attachments/attrqs7rA8TyeXEkcXPV6rEV/,,,,,,,no__there_are_handwashing_facilities_nea,,,,,,,,,,,,,,,,,,,,,,,,no,,,,,,,no,,,,,,,,no,no,,,,,,,,,no,no,,,,,,,no,,,,,,,,no,,,,,,,no,,,yes,,yes,yes,yes,no,no,,yes,no,,,no,no,no,no,,teachers,,teacher,,teachers,,non_teaching_staff,,teachers,,,no,no,no,no,no,no,no,no,,,,,no,,yes,yes
,,yes,2026-01-06 00:00:00,ke_0_3,ke_1_16,ke_2_78,Hara,Hara primary and junior school,mixed_day,0,0,1,jss primary ecde,1,1,0,1,-1.8512633 40.2257333 33.8 4.566,-1.8512633,40.2257333,33.8,4.566,14,2,2,,2,320,286,3,1,11,4,3,0,15,606,40,,,yes,yes,yes,yes,,no,no,yes,no,no,,sandy,fair_condition,pedestrian_paths,1,0,0,yes,1767693046852.jpg,https://kf.kobotoolbox.org/api/v2/assets/aJh328C2e3SvoptDpoEUxb/data/643586194/attachments/att48FFJQeaECP2XzrUmEMmt/,1767693062855.jpg,https://kf.kobotoolbox.org/api/v2/assets/aJh328C2e3SvoptDpoEUxb/data/643586194/attachments/attmGtEyjoMsb92E7JtbDUmS/,broken,no,no,,,,,,,,,,,,yes,piped_water,,yes,yes,yes,500m_or_further,yes,yes,30000,no,,,don_t_know,no,,,,,,,,,yes,30000,plastic_tank,0,1,0,0,0,,point_good_condition,1,yes,3,preventive_health training___capacity_development_rooms caregiver_facilities staff_rooms,0,1,1,1,1,0,,3,yes,,yes,yes,point_good_condition,1767693436549.jpg,https://kf.kobotoolbox.org/api/v2/assets/aJh328C2e3SvoptDpoEUxb/data/643586194/attachments/att6HRLxEUvtcf84AkAcW6Af/,1767693527111.jpg,https://kf.kobotoolbox.org/api/v2/assets/aJh328C2e3SvoptDpoEUxb/data/643586194/attachments/attHoHHM4527WrXSq8htHDEw/,,,,,1767693647164.jpg,https://kf.kobotoolbox.org/api/v2/assets/aJh328C2e3SvoptDpoEUxb/data/643586194/attachments/attv7X8CLP5vafQU7FDwBUDw/,yes,20,within_the_health_facility__on_premise,1,0,0,20,yes,,yes,9,1,3,11,2,2,24,4,yes,yes,yes,no,somewhat_clean,at_all_times_during_the_school_day,point_good_condition,pit_latrine_with_slab,0,1,0,0,0,0,0,,yes,no,no,,,,,,,,no,no,no,no,no,no,,no,,,1767694154745.jpg,https://kf.kobotoolbox.org/api/v2/assets/aJh328C2e3SvoptDpoEUxb/data/643586194/attachments/attdTygDmyv6CMZ4fsWoTbQE/,1767694176618.jpg,https://kf.kobotoolbox.org/api/v2/assets/aJh328C2e3SvoptDpoEUxb/data/643586194/attachments/att8LEFpUzX3JjUmsK4aUv3M/,,,,,yes,2,tank_with_multiple_taps,0,1,0,0,0,0,,water_only,food_preparation_area,0,1,0,0,0,0,,yes,yes,yes,yes,point_good_condition,no,1767694439416.jpg,https://kf.kobotoolbox.org/api/v2/assets/aJh328C2e3SvoptDpoEUxb/data/643586194/attachments/att5uTuwURaneSeiBP5wqgR7/,1767694561367.jpg,https://kf.kobotoolbox.org/api/v2/assets/aJh328C2e3SvoptDpoEUxb/data/643586194/attachments/attEG4t7DPSbUjdAsmouxBrs/,1767694726832.jpg,https://kf.kobotoolbox.org/api/v2/assets/aJh328C2e3SvoptDpoEUxb/data/643586194/attachments/attdHSqAYB3GracpxqCZ6T5d/,no,,,,,,,,no,no,,,,,,,,,no,yes,,,,,,,no,,,,,,,,no,,,,,,,no,,no,yes,no,no,yes,yes,no,no,no,no,no,no,,yes,no,no,no,,teachers,,tod,,teachers,,teachers,,teachers,,,no,yes,yes,no,,no,no,yes,no,no,,,yes,yes,no,
,,yes,2026-01-06 00:00:00,ke_0_3,ke_1_16,ke_2_78,Kotile,Kotile township primary school,day_school,1,0,0,ecde primary,1,1,0,0,-1.96855 40.2051967 6.300000000000001 5.95,-1.96855,40.2051967,6.300000000000001,5.95,6,1,2,,,189,64,0,0,2,1,2,2,3,253,84,,,yes,yes,yes,yes,,yes,no,no,no,no,,clay,fair_condition,road_for_light_vehicles,0,1,0,yes,1767705068470.jpg,https://kf.kobotoolbox.org/api/v2/assets/aJh328C2e3SvoptDpoEUxb/data/643593754/attachments/attGBhCKVc8owrAVPmmkj7wP/,1767705077468.jpg,https://kf.kobotoolbox.org/api/v2/assets/aJh328C2e3SvoptDpoEUxb/data/643593754/attachments/attttDERCDV9ixFGJB6cwESi/,poor_condition_bldg,no,no,,,,,,,,,,,,no,,,,,,,,,,,,,,,,,,,,,,,yes,10000,plastic_tank,0,1,0,0,0,,damaged,,no,0,,,,,,,,,,,,,,,,,,,,,,,,,no,,,,,,,,,,,,,,,,0,,,,,,,,,,,,,,,,,,,,,,,,,,,,,,no,,,,,no,,,,,,,,,,,no__there_are_handwashing_facilities_nea,,,,,,,,,,,,,,,,,,,,,,,,no,,,,,,,no,,,,,,,,no,no,,,,,,,,,yes,no,,,,,,,no,,,,,,,,no,,,,,,,no,,no,yes,no,no,yes,yes,yes,no,no,yes,no,no,,no,no,no,no,,teachers,,teacher,,tod,,teachers,,teachers,,,no,no,no,no,no,no,no,yes,no,yes,1767705685438.jpg,https://kf.kobotoolbox.org/api/v2/assets/aJh328C2e3SvoptDpoEUxb/data/643593754/attachments/attdQbdELdazcY9Bc6PTEk6q/,no,,no,
,,yes,2026-01-06 00:00:00,ke_0_3,ke_1_13,ke_2_62,Bugyare,Bugraye primary school,day_school,1,0,0,ecde primary,1,1,0,0,-0.019123 40.242608 142.5068302154541 26.174749345473828,-0.019123,40.242608,142.5068302154541,26.17474934547383,12,8,20,,,200,159,0,0,8,5,1,2,13,359,28,,,yes,yes,yes,yes,,yes,no,no,no,no,,sandy,good_condition,pedestrian_paths road_for_light_vehicles road_for_trucks,1,1,1,yes,image-15_30_5.jpg,https://kf.kobotoolbox.org/api/v2/assets/aJh328C2e3SvoptDpoEUxb/data/643600918/attachments/attxgQ6wDn4acrrnyT8M8Nba/,image-15_30_24.jpg,https://kf.kobotoolbox.org/api/v2/assets/aJh328C2e3SvoptDpoEUxb/data/643600918/attachments/attf3XaCFUc8yMNahK3TLxH3/,good_condition_bldg,yes,no,,,,,,,,,,,,yes,piped_water,,yes,yes,yes,up_to_500m,yes,no,,no,,,no,no,,,,,,,,,yes,7000,plastic_tank,0,1,0,0,0,,point_good_condition,2,yes,3,occupational_therapy,1,0,0,0,0,0,,3,yes,yes,yes,yes,point_good_condition,image-15_33_44.jpg,https://kf.kobotoolbox.org/api/v2/assets/aJh328C2e3SvoptDpoEUxb/data/643600918/attachments/attgNjR7yf5gtbDMfPA9Zhvu/,image-15_33_55.jpg,https://kf.kobotoolbox.org/api/v2/assets/aJh328C2e3SvoptDpoEUxb/data/643600918/attachments/attzLLCptLFzgdET6A2QcSzg/,image-15_34_55.jpg,https://kf.kobotoolbox.org/api/v2/assets/aJh328C2e3SvoptDpoEUxb/data/643600918/attachments/attBunE5UXorMw3zCcF5MTCK/,,,,,yes,6,within_the_health_facility__on_premise,1,0,0,,yes,,yes,3,0,0,3,3,3,12,6,yes,yes,yes,yes,clean,at_all_times_during_the_school_day,point_good_condition,pit_latrine_with_slab,0,1,0,0,0,0,0,,no,no,yes,water,0,1,0,0,0,,no,no,no,no,no,no,,no,,,image-15_54_12.jpg,https://kf.kobotoolbox.org/api/v2/assets/aJh328C2e3SvoptDpoEUxb/data/643600918/attachments/attmAeQYeZUQjxYAx62RfNgj/,image-15_53_54.jpg,https://kf.kobotoolbox.org/api/v2/assets/aJh328C2e3SvoptDpoEUxb/data/643600918/attachments/att7uCsEJRSeULpkiGVWzZvn/,image-15_54_31.jpg,https://kf.kobotoolbox.org/api/v2/assets/aJh328C2e3SvoptDpoEUxb/data/643600918/attachments/attAY3tyRxG8PFn2Lds5oeF4/,image-15_54_38.jpg,https://kf.kobotoolbox.org/api/v2/assets/aJh328C2e3SvoptDpoEUxb/data/643600918/attachments/attHpmAfvnR8EaRFTAzLzSHi/,no__there_are_handwashing_facilities_nea,,,,,,,,,,,,,,,,,,,,,,,,no,,,,,,,no,,,,,,,,no,no,,,,,,,,,no,no,,,,,,,yes,yes,yes,,no,yes,no,no,no,,,,,,,no,,no,yes,no,no,yes,yes,no,,no,no,no,no,,,,,no,,teachers,,teacher,,teachers,,teachers,,teachers,,,no,yes,no,no,no,yes,no,yes,yes,no,,,no,,no,
,,yes,2026-01-06 00:00:00,ke_0_3,ke_1_16,ke_2_78,Halijarir,Alijarire primary and Junior school,day_school,1,0,0,ecde primary jss,1,1,0,1,-1.9447775 40.2034934 27.400000000000002 8.15,-1.9447775,40.2034934,27.4,8.15,9,1,2,,2,179,165,0,0,8,2,3,2,10,344,34,,,yes,no,no,yes,,no,no,no,no,no,,clay,fair_condition,road_for_light_vehicles,0,1,0,yes,1767707420812.jpg,https://kf.kobotoolbox.org/api/v2/assets/aJh328C2e3SvoptDpoEUxb/data/643616233/attachments/attz2P4mAQvQAihkAKwaNLo7/,1767707429793.jpg,https://kf.kobotoolbox.org/api/v2/assets/aJh328C2e3SvoptDpoEUxb/data/643616233/attachments/attnm7zzxrCVSTzMmbM9tf4g/,broken,no,no,,,,,,,,,,,,no,,,,,,,,,,,,,,,,,,,,,,,yes,3000,plastic_tank,0,1,0,0,0,,point_good_condition,,no,0,,,,,,,,,,,,,,,,,,,,,,,,,yes,1,within_the_health_facility__on_premise,1,0,0,1,no,0,no,,,,,,,0,,no,no,no,no,clean,at_all_times_during_the_school_day,needs_repair,pit_latrine_with_slab,0,1,0,0,0,0,0,,yes,no,yes,water,0,1,0,0,0,,no,yes,no,no,no,no,,no,,,1767707898481.jpg,https://kf.kobotoolbox.org/api/v2/assets/aJh328C2e3SvoptDpoEUxb/data/643616233/attachments/atttW4PnkauLngcjX2rKEHHF/,1767707999965.jpg,https://kf.kobotoolbox.org/api/v2/assets/aJh328C2e3SvoptDpoEUxb/data/643616233/attachments/attHQpn7sg6PWeuhbvfszJRS/,1767708012884.jpg,https://kf.kobotoolbox.org/api/v2/assets/aJh328C2e3SvoptDpoEUxb/data/643616233/attachments/attmHaZqvZLNwPfpmbKPNzCA/,,,no__there_are_handwashing_facilities_nea,,,,,,,,,,,,,,,,,,,,,,,,no,,,,,,,no,,,,,,,,no,no,,,,,,,,,no,yes,,,,,,,no,,,,,,,,no,,,,,,,no,,no,yes,no,yes,yes,yes,no,no,no,no,no,no,,no,yes,no,no,,teachers,,teacher,,tod,,teachers,,teachers,,,no,no,no,no,no,no,yes,yes,yes,no,,,no,,no,
,,yes,2026-01-06 00:00:00,ke_0_3,ke_1_16,ke_2_78,Korissa village,Korissa Primary school  ECD and Junior School,mixed_day,0,0,1,ecde primary jss,1,1,0,1,-1.89701 40.2544233 33.0 3.55,-1.89701,40.2544233,33,3.55,11,2,2,,3,420,270,0,1,10,2,3,2,12,690,58,,,yes,yes,no,yes,,no,no,no,no,no,,clay,fair_condition,road_for_light_vehicles,0,1,0,yes,1767709824684.jpg,https://kf.kobotoolbox.org/api/v2/assets/aJh328C2e3SvoptDpoEUxb/data/643639909/attachments/attYm7QcDYEEbB8Yb3QuHPXG/,1767709835055.jpg,https://kf.kobotoolbox.org/api/v2/assets/aJh328C2e3SvoptDpoEUxb/data/643639909/attachments/att2iKgpZScGZMX8MztSJKZz/,broken,no,no,,,,,,,,,,,,no,,,,,,,,,,,,,,,,,,,,,,,no,,,,,,,,,,,no,0,,,,,,,,,,,,,,,,,,,,,,,,,yes,3,within_the_health_facility__on_premise,1,0,0,2,no,2,no,,,,,,,0,,no,no,yes,no,clean,at_all_times_during_the_school_day,needs_repair,composting_toilet pit_latrine_with_slab,0,1,1,0,0,0,0,,yes,no,yes,water,0,1,0,0,0,,yes,yes,no,no,no,no,,no,,,1767710344479.jpg,https://kf.kobotoolbox.org/api/v2/assets/aJh328C2e3SvoptDpoEUxb/data/643639909/attachments/attnWJ2breugy6Hd6NCby9qH/,,,1767710360712.jpg,https://kf.kobotoolbox.org/api/v2/assets/aJh328C2e3SvoptDpoEUxb/data/643639909/attachments/attvE7Rv8fsbxZuzVWnS9duc/,1767710397517.jpg,https://kf.kobotoolbox.org/api/v2/assets/aJh328C2e3SvoptDpoEUxb/data/643639909/attachments/att9cvPq9TNzFLcqdwodt2ah/,no__there_are_handwashing_facilities_nea,,,,,,,,,,,,,,,,,,,,,,,,no,,,,,,,no,,,,,,,,no,no,,,,,,,,,no,yes,,,,,,,no,,,,,,,,no,,,,,,,no,,no,yes,no,no,yes,yes,yes,no,,,,,,no,no,no,no,,teachers,,teacher,,tod,,teachers,,tod,,,no,yes,yes,no,no,no,no,no,,,,,,,no,
,,yes,2026-01-06 00:00:00,ke_0_3,ke_1_14,ke_2_71,Abaqdera,Abaqdera primary school,day_school,1,0,0,primary,0,1,0,0,-0.7891333 39.8470617 103.5 4.9,-0.7891333,39.8470617,103.5,4.9,9,,8,,,85,73,1,0,8,1,2,1,9,158,18,,,yes,yes,yes,yes,,yes,no,no,no,,,rocky,good_condition,pedestrian_paths road_for_light_vehicles road_for_trucks,1,1,1,yes,1767707900467.jpg,https://kf.kobotoolbox.org/api/v2/assets/aJh328C2e3SvoptDpoEUxb/data/643648900/attachments/attUfhUYsTyXUo3NzkWrtzHj/,1767707908640.jpg,https://kf.kobotoolbox.org/api/v2/assets/aJh328C2e3SvoptDpoEUxb/data/643648900/attachments/attimeJ78xmZrvYz2tCTTjJP/,good_condition_bldg,yes,yes,toilets___latrines,1,0,0,0,0,0,1767708548236.jpg,https://kf.kobotoolbox.org/api/v2/assets/aJh328C2e3SvoptDpoEUxb/data/643648900/attachments/attBb47uVBsRMiwzBghyT6GK/,,,yes,piped_water,,no,yes,yes,500m_or_further,no,yes,1000,yes,chlorination,,yes,no,,,,,,,,,yes,10000,plastic_tank,0,1,0,0,0,,point_good_condition,1,yes,2,preventive_health,0,1,0,0,0,0,,1,yes,yes,yes,yes,point_good_condition,1767708767078.jpg,https://kf.kobotoolbox.org/api/v2/assets/aJh328C2e3SvoptDpoEUxb/data/643648900/attachments/attbyLA6HnNkxmqipRYDRU6b/,1767708783390.jpg,https://kf.kobotoolbox.org/api/v2/assets/aJh328C2e3SvoptDpoEUxb/data/643648900/attachments/atthA9kyC75djmnmAZ6XfEJ8/,1767708792980.jpg,https://kf.kobotoolbox.org/api/v2/assets/aJh328C2e3SvoptDpoEUxb/data/643648900/attachments/att4SQj9UtcvjcpJSqHuwbZF/,1767708802700.jpg,https://kf.kobotoolbox.org/api/v2/assets/aJh328C2e3SvoptDpoEUxb/data/643648900/attachments/attehBTV4fZzw64VwFqi8bSU/,,,yes,1,within_the_health_facility__on_premise,1,0,0,2,yes,,no,1,,1,1,,,2,1,yes,yes,yes,no,clean,at_all_times_during_the_school_day,point_good_condition,pit_latrine_with_slab,0,1,0,0,0,0,0,,no,no,yes,water,0,1,0,0,0,,yes,no,no,no,no,no,,no,,,1767709028579.jpg,https://kf.kobotoolbox.org/api/v2/assets/aJh328C2e3SvoptDpoEUxb/data/643648900/attachments/attSfnxoFzoBx9xQ98sKMpRk/,,,,,,,no__there_are_handwashing_facilities_nea,,,,,,,,,,,,,,,,,,,,,,,,no,,,,,,,no,,,,,,,,no,no,,,,,,,,,no,no,,,,,,,no,,,,,,,,no,,,,,,,no,,no,yes,yes,yes,yes,yes,yes,yes,yes,yes,,no,,yes,no,no,no,,teachers,,teacher,,tod,,teachers,,,,,yes,yes,yes,yes,yes,no,no,no,,,,,no,,no,
,,yes,,ke_0_3,ke_1_14,ke_2_71,Nanigi village,Nanigi primary and junior school,mixed_day,0,0,1,ecde primary jss,1,1,0,1,-0.8548358 39.8713414 85.0 4.45,-0.8548358,39.8713414,85,4.45,9,4,8,,8,150,109,10,7,4,2,3,1,6,259,43,,,yes,yes,yes,yes,,no,no,yes,yes,,,rocky,good_condition,pedestrian_paths road_for_light_vehicles road_for_trucks,1,1,1,yes,1767712513623.jpg,https://kf.kobotoolbox.org/api/v2/assets/aJh328C2e3SvoptDpoEUxb/data/643659040/attachments/attGYoddFGQFec4UfHaNLbKb/,1767712528776.jpg,https://kf.kobotoolbox.org/api/v2/assets/aJh328C2e3SvoptDpoEUxb/data/643659040/attachments/atts6L4Z728BdJDt2HAWvQLu/,good_condition_bldg,yes,no,,,,,,,,,,,,no,,,,,,,,,,,,,,,,,,,,,,,yes,10000,plastic_tank,0,1,0,0,0,,point_good_condition,,no,1,preventive_health,0,1,0,0,0,0,,0,yes,yes,yes,yes,point_good_condition,1767712644177.jpg,https://kf.kobotoolbox.org/api/v2/assets/aJh328C2e3SvoptDpoEUxb/data/643659040/attachments/attUVvBES3wLDVoZTRm3nxgw/,1767712650530.jpg,https://kf.kobotoolbox.org/api/v2/assets/aJh328C2e3SvoptDpoEUxb/data/643659040/attachments/attv6dEbRSTHdeUTWZtHgSdb/,1767712656334.jpg,https://kf.kobotoolbox.org/api/v2/assets/aJh328C2e3SvoptDpoEUxb/data/643659040/attachments/att7AVRjYUtoDTvYcVF5EwKW/,1767712668023.jpg,https://kf.kobotoolbox.org/api/v2/assets/aJh328C2e3SvoptDpoEUxb/data/643659040/attachments/attZBkEHj7ojd42XniLzptbN/,1767712679746.jpg,https://kf.kobotoolbox.org/api/v2/assets/aJh328C2e3SvoptDpoEUxb/data/643659040/attachments/attkc9CTpZymxmATCBN7yCnY/,yes,6,outside_building__but_not_on_premise,0,1,0,6,no,0,no,,,,,,,0,,no,no,yes,no,clean,at_all_times_during_the_school_day,point_good_condition,pit_latrine_with_slab,0,1,0,0,0,0,0,,no,no,no,,,,,,,,no,no,no,no,no,no,,no,,,1767712876210.jpg,https://kf.kobotoolbox.org/api/v2/assets/aJh328C2e3SvoptDpoEUxb/data/643659040/attachments/att9VupbtJFWSp99g4tDiFii/,,,1767712906080.jpg,https://kf.kobotoolbox.org/api/v2/assets/aJh328C2e3SvoptDpoEUxb/data/643659040/attachments/attqpuAzzXvuxhmKvLPqvn5R/,1767712920391.jpg,https://kf.kobotoolbox.org/api/v2/assets/aJh328C2e3SvoptDpoEUxb/data/643659040/attachments/attTAMeZaj4RSbPoPupQdohZ/,no__there_are_handwashing_facilities_nea,,,,,,,,,,,,,,,,,,,,,,,,no,,,,,,,no,,,,,,,,no,no,,,,,,,,,no,no,,,,,,,no,,,,,,,,no,,,,,,,no,,no,yes,yes,yes,no,no,no,no,yes,no,no,,,yes,no,yes,no,,teachers,,teacher,,non_teaching_staff,,non_teaching_staff,,teachers,,,no,no,no,no,no,no,no,yes,yes,yes,,,no,,yes,no
,,yes,2026-01-06 00:00:00,ke_0_3,ke_1_14,ke_2_70,AMUMA ,AMUMA primary ,day_school boarding_school,1,1,0,primary jss ecde,1,1,0,1,-0.3427454 40.9154861 60.00262603371702 4.489,-0.3427454,40.9154861,60.00262603371702,4.489,12,5,7,,8,450,310,10,14,8,1,1,1,9,760,84,,,yes,yes,yes,no,,yes,yes,yes,yes,no,,sandy,poor_condition,pedestrian_paths,1,0,0,yes,1767697546207.jpg,https://kf.kobotoolbox.org/api/v2/assets/aJh328C2e3SvoptDpoEUxb/data/643709668/attachments/attRWEAHYuYxuAYCtFKuvBNd/,1767697638038.jpg,https://kf.kobotoolbox.org/api/v2/assets/aJh328C2e3SvoptDpoEUxb/data/643709668/attachments/attWPV9SJ8XaHf2chJ9GZmwp/,broken,no,yes,toilets___latrines fence water_taps,1,1,0,0,1,0,1767697712368.jpg,https://kf.kobotoolbox.org/api/v2/assets/aJh328C2e3SvoptDpoEUxb/data/643709668/attachments/attESEpvVQTDhvAQDTAzaVS8/,1767697738761.jpg,https://kf.kobotoolbox.org/api/v2/assets/aJh328C2e3SvoptDpoEUxb/data/643709668/attachments/attU9k9hV5NrC8B6SM9LWffA/,yes,piped_water,,yes,yes,yes,500m_or_further,yes,yes,5000,no,,,no,no,,,,,,,,,yes,5000,plastic_tank,0,1,0,0,0,,point_good_condition,2,yes,6,preventive_health,0,1,0,0,0,0,,1,yes,yes,yes,yes,point_good_condition,1767698075454.jpg,https://kf.kobotoolbox.org/api/v2/assets/aJh328C2e3SvoptDpoEUxb/data/643709668/attachments/attrmFbb8aitUmKtTRUGHoeC/,1767698090944.jpg,https://kf.kobotoolbox.org/api/v2/assets/aJh328C2e3SvoptDpoEUxb/data/643709668/attachments/attG9Tg2DgqscKqjrpgTwVfa/,1767698102398.jpg,https://kf.kobotoolbox.org/api/v2/assets/aJh328C2e3SvoptDpoEUxb/data/643709668/attachments/attmcma7ResiKWUamnnzMFGa/,,,,,yes,13,outside_building__but_not_on_premise,0,1,0,3,yes,,yes,3,0,0,5,2,3,13,,no,no,yes,no,somewhat_clean,at_all_times_during_the_school_day,point_good_condition,pit_latrine_with_slab,0,1,0,0,0,0,0,,yes,no,no,,,,,,,,no,yes,no,no,no,no,,no,,,1767698539240.jpg,https://kf.kobotoolbox.org/api/v2/assets/aJh328C2e3SvoptDpoEUxb/data/643709668/attachments/attYz2QL4boQAzMnPFHGdwby/,1767698550798.jpg,https://kf.kobotoolbox.org/api/v2/assets/aJh328C2e3SvoptDpoEUxb/data/643709668/attachments/attsHv69sPBWZLGKhidgyP7T/,1767698568411.jpg,https://kf.kobotoolbox.org/api/v2/assets/aJh328C2e3SvoptDpoEUxb/data/643709668/attachments/attjj2Hhn8r49nBtiRxtJqKj/,,,no__there_are_handwashing_facilities_nea,,,,,,,,,,,,,,,,,,,,,,,,yes,,,,,,,no,,,,,,,,no,no,,,,,,,,,no,yes,,,,,,,yes,no,yes,,no,yes,no,no,yes,standalone_solar,1,0,0,0,,no,,no,yes,no,yes,yes,yes,no,no,yes,yes,no,no,,yes,yes,no,yes,10000,other,Subordinate staff,teacher,,teachers,,non_teaching_staff,,teachers,,,yes,yes,yes,yes,yes,no,yes,yes,no,no,,,no,,no,
,,yes,2026-01-06 00:00:00,ke_0_3,ke_1_14,ke_2_70,SEADAH GOSE ,SADAH GOSE ,day_school,1,0,0,ecde primary,1,1,0,0,-0.2655062 40.7906975 89.0 10.969,-0.2655062,40.7906975,89,10.969,5,6,6,,,120,130,2,3,2,0,1,1,2,250,125,,,yes,no,yes,yes,,no,yes,yes,yes,no,,sandy,fair_condition,pedestrian_paths,1,0,0,yes,1767706493306.jpg,https://kf.kobotoolbox.org/api/v2/assets/aJh328C2e3SvoptDpoEUxb/data/643709708/attachments/attzuoLZEw2mJQcvVwBWvDmx/,,,poor_condition_bldg,no,no,,,,,,,,,,,,no,,,,,,,,,,,,,,,,,,,,,,,yes,0,other,0,0,0,0,1,No storage,,,yes,0,,,,,,,,,,,,,,,,,,,,,,,,,yes,3,outside_building__but_not_on_premise,0,1,0,2,no,2,no,,,,,,,0,,no,no,no,no,somewhat_clean,during_specific_times_during_the_school_,point_good_condition,pit_latrine_with_slab,0,1,0,0,0,0,0,,yes,no,no,,,,,,,,no,no,no,no,no,no,,no,,,1767706873699.jpg,https://kf.kobotoolbox.org/api/v2/assets/aJh328C2e3SvoptDpoEUxb/data/643709708/attachments/attYn4Pouqmh9HYCuAZbX5oC/,1767706849356.jpg,https://kf.kobotoolbox.org/api/v2/assets/aJh328C2e3SvoptDpoEUxb/data/643709708/attachments/attcci83RTkmFpXiRAm2fNC5/,1767706892521.jpg,https://kf.kobotoolbox.org/api/v2/assets/aJh328C2e3SvoptDpoEUxb/data/643709708/attachments/attjnWyHf62E2ZyGbXee2aCZ/,1767706910928.jpg,https://kf.kobotoolbox.org/api/v2/assets/aJh328C2e3SvoptDpoEUxb/data/643709708/attachments/attFq72Cn23AekLvgTreAnQM/,no__there_are_handwashing_facilities_nea,,,,,,,,,,,,,,,,,,,,,,,,no,,,,,,,no,,,,,,,,no,no,,,,,,,,,no,no,,,,,,,no,,,,,,,,no,,,,,,,no,,no,yes,no,yes,yes,yes,no,no,yes,yes,no,no,,no,no,no,no,,teachers,,teacher,,teachers,,non_teaching_staff,,teachers,,,yes,yes,yes,,yes,no,no,no,,,,,no,,no,
,,yes,2026-01-07 00:00:00,ke_0_3,ke_1_16,ke_2_76,Garabey,Garabey primary school,day_school,1,0,0,ecde primary,1,1,0,0,-1.145171 41.101959 61.53982162475586 3.534795304573052,-1.145171,41.101959,61.53982162475586,3.534795304573052,4,3,4,,,56,34,1,0,3,0,0,0,3,90,30,,,no,yes,yes,yes,,no,no,yes,no,no,,sandy,fair_condition,pedestrian_paths,1,0,0,yes,image-9_5_53.jpg,https://kf.kobotoolbox.org/api/v2/assets/aJh328C2e3SvoptDpoEUxb/data/643915406/attachments/attxb8dufCNAHouCjfHYpGTr/,image-9_6_11.jpg,https://kf.kobotoolbox.org/api/v2/assets/aJh328C2e3SvoptDpoEUxb/data/643915406/attachments/attvnx55rcu3Mo67wt2ckdge/,broken,no,yes,toilets___latrines,1,0,0,0,0,0,image-9_9_13.jpg,https://kf.kobotoolbox.org/api/v2/assets/aJh328C2e3SvoptDpoEUxb/data/643915406/attachments/attoNsUctjGo3v9bTkoEZARC/,,,no,,,,,,,,,,,,,,,,,,,,,,,yes,5000,plastic_tank,0,1,0,0,0,,point_good_condition,,yes,0,,,,,,,,,,,,,,,,,,,,,,,,,yes,1,outside_building__but_not_on_premise,0,1,0,1,no,1,no,,,,,,,0,,no,no,no,no,somewhat_clean,at_all_times_during_the_school_day,needs_repair,pit_latrine_without_slab_open_pit,0,0,0,1,0,0,0,,yes,no,yes,water,0,1,0,0,0,,no,no,no,no,no,no,,don_t_know,,,image-9_23_8.jpg,https://kf.kobotoolbox.org/api/v2/assets/aJh328C2e3SvoptDpoEUxb/data/643915406/attachments/attL5iK6KKoHAx7JjXDfcbi5/,image-9_23_25.jpg,https://kf.kobotoolbox.org/api/v2/assets/aJh328C2e3SvoptDpoEUxb/data/643915406/attachments/att2zwGa6PmsqAypzddfad8C/,image-9_23_41.jpg,https://kf.kobotoolbox.org/api/v2/assets/aJh328C2e3SvoptDpoEUxb/data/643915406/attachments/att7TEuDYEttouW6PdnJSJGm/,image-9_24_10.jpg,https://kf.kobotoolbox.org/api/v2/assets/aJh328C2e3SvoptDpoEUxb/data/643915406/attachments/attVaprGkTcXiJu2YJq3s9z6/,no__there_are_handwashing_facilities_nea,,,,,,,,,,,,,,,,,,,,,,,,no,,,,,,,no,,,,,,,,no,no,,,,,,,,,no,no,,,,,,,no,,,,,,,,no,,,,,,,no,,no,yes,no,no,no,no,no,no,no,no,no,no,,yes,no,no,no,,teachers,,tod,,teachers,,teachers,,teachers,,,no,no,yes,yes,no,yes,no,no,,,,,no,,no,
,,yes,2026-01-07 00:00:00,ke_0_3,ke_1_16,ke_2_76,Garabey,Garabey primary school ,day_school,1,0,0,ecde primary,1,1,0,0,-1.1452368 41.1020543 31.41339111328125 4.171,-1.1452368,41.1020543,31.41339111328125,4.171,4,3,,,,56,34,1,0,3,0,0,0,3,90,30,,,no,yes,yes,yes,,no,no,yes,no,no,,sandy,fair_condition,pedestrian_paths,1,0,0,yes,1767765941483.jpg,https://kf.kobotoolbox.org/api/v2/assets/aJh328C2e3SvoptDpoEUxb/data/643915756/attachments/att5sHF92yrH6wrtJtYHVb3q/,1767765950732.jpg,https://kf.kobotoolbox.org/api/v2/assets/aJh328C2e3SvoptDpoEUxb/data/643915756/attachments/attFqkM5GTGbU4pUbjfpqn7r/,broken,no,yes,toilets___latrines,1,0,0,0,0,0,1767766169537.jpg,https://kf.kobotoolbox.org/api/v2/assets/aJh328C2e3SvoptDpoEUxb/data/643915756/attachments/atttJJgdqPwduQ4uTMueaGWm/,1767766185100.jpg,https://kf.kobotoolbox.org/api/v2/assets/aJh328C2e3SvoptDpoEUxb/data/643915756/attachments/attEHogsSeRHcbi78dMtfbTV/,no,,,,,,,,,,,,,,,,,,,,,,,yes,5000,plastic_tank,0,1,0,0,0,,point_good_condition,,yes,0,,,,,,,,,0,,,yes,no,point_good_condition,1767766533901.jpg,https://kf.kobotoolbox.org/api/v2/assets/aJh328C2e3SvoptDpoEUxb/data/643915756/attachments/attbzetYv4VST6XbSQKce3gn/,1767766544308.jpg,https://kf.kobotoolbox.org/api/v2/assets/aJh328C2e3SvoptDpoEUxb/data/643915756/attachments/attqGCYihZY9emgJmzwU6MRQ/,1767766553856.jpg,https://kf.kobotoolbox.org/api/v2/assets/aJh328C2e3SvoptDpoEUxb/data/643915756/attachments/attH4pQmWaszDAhNCkpX3cEV/,1767766565034.jpg,https://kf.kobotoolbox.org/api/v2/assets/aJh328C2e3SvoptDpoEUxb/data/643915756/attachments/attwLEvJEDbTdhyUCFKDYFDJ/,,,yes,1,outside_building__but_not_on_premise,0,1,0,1,no,1,no,,,,,,,0,,no,no,no,no,somewhat_clean,at_all_times_during_the_school_day,needs_repair,pit_latrine_without_slab_open_pit,0,0,0,1,0,0,0,,yes,no,yes,water,0,1,0,0,0,,no,no,no,no,no,no,,don_t_know,,,1767766954965.jpg,https://kf.kobotoolbox.org/api/v2/assets/aJh328C2e3SvoptDpoEUxb/data/643915756/attachments/attgaqdzZhyaCoZvF7ibKkow/,1767766977897.jpg,https://kf.kobotoolbox.org/api/v2/assets/aJh328C2e3SvoptDpoEUxb/data/643915756/attachments/attWZpHcNP4GUukPDSKyHqFc/,1767766987574.jpg,https://kf.kobotoolbox.org/api/v2/assets/aJh328C2e3SvoptDpoEUxb/data/643915756/attachments/attUQsjgNyzzisv3rxvs4eZc/,1767766998142.jpg,https://kf.kobotoolbox.org/api/v2/assets/aJh328C2e3SvoptDpoEUxb/data/643915756/attachments/attL8xoUVqyQD6ri6qqs3Hw9/,no__there_are_handwashing_facilities_nea,,,,,,,,,,,,,,,,,,,,,,,,no,,,,,,,no,,,,,,,,no,no,,,,,,,,,no,no,1767767248079.jpg,https://kf.kobotoolbox.org/api/v2/assets/aJh328C2e3SvoptDpoEUxb/data/643915756/attachments/attwU95k89KAun5XqMC8zJhv/,1767767257406.jpg,https://kf.kobotoolbox.org/api/v2/assets/aJh328C2e3SvoptDpoEUxb/data/643915756/attachments/attec7tQ6imNcUkghTcJF3zx/,1767767265455.jpg,https://kf.kobotoolbox.org/api/v2/assets/aJh328C2e3SvoptDpoEUxb/data/643915756/attachments/attGKYWATZQQQqbdiBUuZbdE/,no,,,,,,,,no,,,,,,,no,,no,yes,no,no,no,no,no,no,no,no,no,no,,yes,no,no,no,,teachers,,tod,,teachers,,teachers,,teachers,,,no,,yes,yes,no,yes,no,no,,,,,no,,no,
,,yes,2026-01-07 00:00:00,ke_0_3,ke_1_16,ke_2_77,Ijara village,Ijara primary school and Junior school,mixed_day,0,0,1,ecde primary special_unit jss,1,1,1,1,-1.59715 40.51185 50.00000000000001 4.683,-1.59715,40.51185,50.00000000000001,4.683,14,1,2,1,2,756,504,6,3,15,4,5,3,19,1260,66,,,yes,yes,yes,yes,,yes,no,no,no,no,,sandy,good_condition,road_for_light_vehicles,0,1,0,yes,1767768736409.jpg,https://kf.kobotoolbox.org/api/v2/assets/aJh328C2e3SvoptDpoEUxb/data/643937022/attachments/attWzfwXq2YroZUDVNSsFJVW/,1767768748131.jpg,https://kf.kobotoolbox.org/api/v2/assets/aJh328C2e3SvoptDpoEUxb/data/643937022/attachments/attPdD3NV2hTPCDXeKnb2ACy/,good_condition_bldg,no,no,,,,,,,,,,,,no,,,,,,,,,,,,,,,,,,,,,,,yes,20000,plastic_tank,0,1,0,0,0,,point_good_condition,,no,2,preventive_health,0,1,0,0,0,0,,2,yes,yes,yes,yes,point_good_condition,1767769011171.jpg,https://kf.kobotoolbox.org/api/v2/assets/aJh328C2e3SvoptDpoEUxb/data/643937022/attachments/att6NcXYcQPyQZyMWdqx68Bz/,1767769038795.jpg,https://kf.kobotoolbox.org/api/v2/assets/aJh328C2e3SvoptDpoEUxb/data/643937022/attachments/att5kLo6ihmpoEAeEu7SYQrD/,,,,,,,yes,6,within_the_health_facility__on_premise,1,0,0,6,yes,,yes,2,0,0,2,4,1,9,3,no,no,yes,no,clean,at_all_times_during_the_school_day,point_good_condition,pit_latrine_with_slab,0,1,0,0,0,0,0,,no,no,yes,water,0,1,0,0,0,,no,no,no,no,no,no,,no,,,1767769490309.jpg,https://kf.kobotoolbox.org/api/v2/assets/aJh328C2e3SvoptDpoEUxb/data/643937022/attachments/attrjqHUMtyWZmpLg9NQaieA/,1767769507920.jpg,https://kf.kobotoolbox.org/api/v2/assets/aJh328C2e3SvoptDpoEUxb/data/643937022/attachments/attAbq4YDNEFitt7pbXZuPBd/,1767769527588.jpg,https://kf.kobotoolbox.org/api/v2/assets/aJh328C2e3SvoptDpoEUxb/data/643937022/attachments/attgG24VTZCM9y8Ux7YcAt4q/,1767769556784.jpg,https://kf.kobotoolbox.org/api/v2/assets/aJh328C2e3SvoptDpoEUxb/data/643937022/attachments/attaBh5ZjZijvdhVwQ49KB7s/,no__there_are_handwashing_facilities_nea,,,,,,,,,,,,,,,,,,,,,,,,no,,,,,,,no,,,,,,,,no,no,,,,,,,,,yes,yes,,,,,,,no,,,,,,,,yes,national_power_grid,0,1,0,0,,no,,no,yes,no,yes,yes,yes,no,no,no,no,no,no,,yes,no,yes,no,,teachers,,teacher,,tod,,teachers,,teachers,,,no,yes,,,no,no,no,yes,no,no,,,no,,no,
,,yes,2026-01-07 00:00:00,ke_0_3,ke_1_14,ke_2_70,Welmarer ,Welmarer comprehensive primary and junior school ,day_school,1,0,0,ecde primary jss,1,1,0,1,-0.1786292 40.5800589 98.4000015258789 2.841,-0.1786292,40.5800589,98.4000015258789,2.841,17,6,12,,14,152,162,4,3,7,0,1,1,7,314,45,,,yes,yes,yes,yes,,no,no,no,no,no,,sandy,fair_condition,road_for_light_vehicles,0,1,0,yes,1767769123627.jpg,https://kf.kobotoolbox.org/api/v2/assets/aJh328C2e3SvoptDpoEUxb/data/643941625/attachments/attgFHq6gkKQppx299RMFJ53/,1767769148101.jpg,https://kf.kobotoolbox.org/api/v2/assets/aJh328C2e3SvoptDpoEUxb/data/643941625/attachments/attB5kkaSFdvmnZ2PTf23xjT/,broken,yes,no,,,,,,,,,,,,yes,piped_water,,yes,yes,yes,up_to_500m,yes,yes,5000,no,,,no,no,,,,,,,,,yes,15000,plastic_tank,0,1,0,0,0,,point_good_condition,5,yes,1,preventive_health,0,1,0,0,0,0,,1,yes,yes,yes,yes,point_good_condition,1767769568883.jpg,https://kf.kobotoolbox.org/api/v2/assets/aJh328C2e3SvoptDpoEUxb/data/643941625/attachments/attjA6Fg3atiGRR6S5hpJQjY/,1767769590282.jpg,https://kf.kobotoolbox.org/api/v2/assets/aJh328C2e3SvoptDpoEUxb/data/643941625/attachments/attqUAcBh55pJX8Fx3azsRMn/,1767769673056.jpg,https://kf.kobotoolbox.org/api/v2/assets/aJh328C2e3SvoptDpoEUxb/data/643941625/attachments/attzCJnMapKHsMtUKt6TK3By/,1767769688936.jpg,https://kf.kobotoolbox.org/api/v2/assets/aJh328C2e3SvoptDpoEUxb/data/643941625/attachments/attrKtsoyrxkMm8XTpepfx4w/,1767769861363.jpg,https://kf.kobotoolbox.org/api/v2/assets/aJh328C2e3SvoptDpoEUxb/data/643941625/attachments/attHxadX3QZYjM9CQqvGXy9b/,yes,14,outside_building__but_not_on_premise,0,1,0,10,yes,,yes,7,0,0,3,2,0,12,,yes,yes,yes,no,somewhat_clean,at_all_times_during_the_school_day,point_good_condition,pit_latrine_with_slab,0,1,0,0,0,0,0,,yes,no,yes,water,0,1,0,0,0,,yes,no,no,no,no,yes,,no,,,1767770184007.jpg,https://kf.kobotoolbox.org/api/v2/assets/aJh328C2e3SvoptDpoEUxb/data/643941625/attachments/attk2bT4VgpT6aEgCDnW87nF/,1767770212789.jpg,https://kf.kobotoolbox.org/api/v2/assets/aJh328C2e3SvoptDpoEUxb/data/643941625/attachments/attUBH35DoPMFybgVikyhecM/,1767770230063.jpg,https://kf.kobotoolbox.org/api/v2/assets/aJh328C2e3SvoptDpoEUxb/data/643941625/attachments/attVJQHyo776qydFNXCAahGd/,1767770244250.jpg,https://kf.kobotoolbox.org/api/v2/assets/aJh328C2e3SvoptDpoEUxb/data/643941625/attachments/attZHiCDoWHwdB4mmKCjq8ta/,no__there_are_handwashing_facilities_nea,,,,,,,,,,,,,,,,,,,,,,,,no,,,,,,,no,,,,,,,,no,yes,other,0,0,0,0,0,1,Going with it home ,no,no,,,,,,,no,,,,,,,,no,,,,,,,no,,no,yes,no,no,no,,,,,,,,,yes,no,yes,no,,teachers,,tod,,teachers,,non_teaching_staff,,teachers,,,no,no,yes,no,,,,no,,,,,no,,yes,no
,,yes,2026-01-07 00:00:00,ke_0_3,ke_1_14,ke_2_70,Alnjuqur,Alinjuqur primary school,day_school,1,0,0,ecde primary,1,1,0,0,-0.031953 40.458031 124.04677266957786 64.8416286575308,-0.031953,40.458031,124.0467726695779,64.8416286575308,10,6,8,,,342,195,25,11,12,4,1,1,16,537,34,,,yes,yes,yes,yes,,no,no,yes,no,no,,sandy,fair_condition,pedestrian_paths road_for_light_vehicles road_for_trucks,1,1,1,yes,image-9_56_47.jpg,https://kf.kobotoolbox.org/api/v2/assets/aJh328C2e3SvoptDpoEUxb/data/643943412/attachments/attEW67p97QRSqpRYTfcn3Nk/,image-9_57_5.jpg,https://kf.kobotoolbox.org/api/v2/assets/aJh328C2e3SvoptDpoEUxb/data/643943412/attachments/attDwAUTWhndAmXoGseGCNuR/,broken,yes,no,,,,,,,,,,,,sometimes,piped_water,,yes,no,mostly__unavailable___30_days,500m_or_further,no,no,,no,,,yes,yes,,yes,yes,yes,yes,Turbidity and also PH,,,,,,,,,,,,,2,no,2,other,0,0,0,0,0,1,Opposite classrooms,2,no,yes,yes,yes,point_good_condition,,,image-10_3_32.jpg,https://kf.kobotoolbox.org/api/v2/assets/aJh328C2e3SvoptDpoEUxb/data/643943412/attachments/attEiNPZebjwfZNshPKKesep/,image-10_3_49.jpg,https://kf.kobotoolbox.org/api/v2/assets/aJh328C2e3SvoptDpoEUxb/data/643943412/attachments/attdaQiPJwVydMd5EzNPvxv8/,image-10_4_26.jpg,https://kf.kobotoolbox.org/api/v2/assets/aJh328C2e3SvoptDpoEUxb/data/643943412/attachments/attFJCrMPW5sVmpZfvrKiJwV/,image-10_5_31.jpg,https://kf.kobotoolbox.org/api/v2/assets/aJh328C2e3SvoptDpoEUxb/data/643943412/attachments/att7aDRPuCWcqTy7op7NFnD9/,yes,12,outside_building__but_not_on_premise,0,1,0,10,yes,,yes,2,2,2,2,1,1,6,,yes,yes,no,no,somewhat_clean,during_specific_times_during_the_school_,needs_repair,pit_latrine_with_slab,0,1,0,0,0,0,0,,yes,no,yes,water,0,1,0,0,0,,no,no,no,no,no,no,,no,,,image-10_7_43.jpg,https://kf.kobotoolbox.org/api/v2/assets/aJh328C2e3SvoptDpoEUxb/data/643943412/attachments/attB2DFdN3X7cWAa7VrG38L3/,image-10_8_50.jpg,https://kf.kobotoolbox.org/api/v2/assets/aJh328C2e3SvoptDpoEUxb/data/643943412/attachments/attZjDtzHbKdkvv57ar8HsNT/,,,,,yes,3,permanent__concrete_metal__sta,1,0,0,0,0,0,,water_only,toilets,1,0,0,0,0,0,,yes,yes,yes,yes,needs_repair,yes,image-10_10_6.jpg,https://kf.kobotoolbox.org/api/v2/assets/aJh328C2e3SvoptDpoEUxb/data/643943412/attachments/attgXtd2jiTTBY7XbReTAXFb/,image-10_10_32.jpg,https://kf.kobotoolbox.org/api/v2/assets/aJh328C2e3SvoptDpoEUxb/data/643943412/attachments/attSgCnAwrEuFxpeuQpZGPfG/,image-10_11_3.jpg,https://kf.kobotoolbox.org/api/v2/assets/aJh328C2e3SvoptDpoEUxb/data/643943412/attachments/att3PgUjrHBQHp7PmSN9mQuN/,no,,,,,,,,no,no,,,,,,,,,yes,no,,,,,,,no,,,,,,,,yes,standalone_solar,1,0,0,0,,no,,no,yes,no,yes,no,yes,no,,yes,no,no,no,,yes,no,no,no,,pupils,,teacher,,teachers,,non_teaching_staff,,teachers,,,no,no,no,no,no,no,no,no,,,,,no,,no,
,,yes,2026-01-07 00:00:00,ke_0_3,ke_1_16,ke_2_77,Gerille,Gerille junior primary ,day_school,1,0,0,ecde primary jss,1,1,0,1,-1.5818525 40.5001968 34.1 4.8,-1.5818525,40.5001968,34.1,4.8,8,2,2,,2,102,87,4,3,5,2,1,1,7,189,27,,,yes,,yes,yes,,,yes,yes,,,,sandy,fair_condition,pedestrian_paths road_for_light_vehicles,1,1,0,yes,1767770749372.jpg,https://kf.kobotoolbox.org/api/v2/assets/aJh328C2e3SvoptDpoEUxb/data/643950711/attachments/attRDLGwatNJMFPgCXtdqPhh/,1767770767531.jpg,https://kf.kobotoolbox.org/api/v2/assets/aJh328C2e3SvoptDpoEUxb/data/643950711/attachments/attUBVtvUugdpBt7goWZNvCQ/,broken,no,no,,,,,,,,,,,,no,,,,,,,,,,,,,,,,,,,,,,,yes,20000,plastic_tank concrete_tank,1,1,0,0,0,,needs_repair,,no,1,preventive_health staff_rooms,0,1,0,0,1,0,,1,no,no,no,yes,needs_repair,1767770991275.jpg,https://kf.kobotoolbox.org/api/v2/assets/aJh328C2e3SvoptDpoEUxb/data/643950711/attachments/attfJ9YrR3ZMuLnGyJZUoNcv/,1767771001339.jpg,https://kf.kobotoolbox.org/api/v2/assets/aJh328C2e3SvoptDpoEUxb/data/643950711/attachments/attTYd2irf9bgdgreHFHHiSA/,1767771022270.jpg,https://kf.kobotoolbox.org/api/v2/assets/aJh328C2e3SvoptDpoEUxb/data/643950711/attachments/attmkmPbevtMrQRrKWPJZsg2/,,,,,yes,1,within_the_health_facility__on_premise,1,0,0,1,no,1,no,,,,,,,0,,yes,no,no,no,somewhat_clean,at_all_times_during_the_school_day,point_good_condition,pit_latrine_with_slab,0,1,0,0,0,0,0,,no,no,no,,,,,,,,,no,no,no,no,yes,,don_t_know,,,1767771272252.jpg,https://kf.kobotoolbox.org/api/v2/assets/aJh328C2e3SvoptDpoEUxb/data/643950711/attachments/attKkhUHHsTiZHBGpbBStBTs/,1767771284672.jpg,https://kf.kobotoolbox.org/api/v2/assets/aJh328C2e3SvoptDpoEUxb/data/643950711/attachments/att3Mjm6UabUuXh8pxxFBMmi/,1767771294048.jpg,https://kf.kobotoolbox.org/api/v2/assets/aJh328C2e3SvoptDpoEUxb/data/643950711/attachments/attSvDQ8fzcJv4y6LNSsjSa6/,1767771308494.jpg,https://kf.kobotoolbox.org/api/v2/assets/aJh328C2e3SvoptDpoEUxb/data/643950711/attachments/attK7M773uaiJryVD5iZ4Hbx/,no__there_are_handwashing_facilities_nea,,,,,,,,,,,,,,,,,,,,,,,,no,,,,,,,yes,,no,no,no,no,no,no,no,no,,,,,,,,,no,no,,,,,,,no,,,,,,,,no,,,,,,,no,,,,,yes,yes,yes,,,yes,yes,,,,no,no,no,no,,teachers,,teacher,,teachers,,teachers,,teachers,,,,yes,yes,yes,yes,,,no,,,,,no,,no,
,,yes,2026-01-07 00:00:00,ke_0_3,ke_1_16,ke_2_76,Gesireb ,Gesireb primary school ,day_school,1,0,0,ecde primary,1,1,0,0,-1.1197477 41.0473137 34.58648681640625 4.288,-1.1197477,41.0473137,34.58648681640625,4.288,4,7,,,,60,25,0,1,4,0,2,0,4,85,21,,,yes,no,yes,yes,,no,yes,yes,no,no,,sandy,fair_condition,pedestrian_paths,1,0,0,yes,1767771939009.jpg,https://kf.kobotoolbox.org/api/v2/assets/aJh328C2e3SvoptDpoEUxb/data/643969780/attachments/attnXyrCLpT4oJLcnw43rkfi/,1767771946550.jpg,https://kf.kobotoolbox.org/api/v2/assets/aJh328C2e3SvoptDpoEUxb/data/643969780/attachments/att8vV3ZpnXLGTnAzpiS7iU8/,broken,no,yes,toilets___latrines,1,0,0,0,0,0,1767772068670.jpg,https://kf.kobotoolbox.org/api/v2/assets/aJh328C2e3SvoptDpoEUxb/data/643969780/attachments/attPd6xxe9EPtuRHPbUc4Hb2/,1767772079713.jpg,https://kf.kobotoolbox.org/api/v2/assets/aJh328C2e3SvoptDpoEUxb/data/643969780/attachments/attUrfxuEMpeRKtnB563iYip/,yes,tanker,,yes,yes,yes,500m_or_further,no,yes,1000,no,,,don_t_know,no,,,,,,,,,yes,10000,plastic_tank,0,1,0,0,0,,point_good_condition,,yes,1,other,0,0,0,0,0,1,on the tank,1,yes,yes,yes,yes,point_good_condition,1767772722578.jpg,https://kf.kobotoolbox.org/api/v2/assets/aJh328C2e3SvoptDpoEUxb/data/643969780/attachments/attJpFBMUPRS42QMhLY576E2/,1767772744697.jpg,https://kf.kobotoolbox.org/api/v2/assets/aJh328C2e3SvoptDpoEUxb/data/643969780/attachments/att6KAfnazrmYJhMdKrcsum7/,1767772759544.jpg,https://kf.kobotoolbox.org/api/v2/assets/aJh328C2e3SvoptDpoEUxb/data/643969780/attachments/attNpbXpsPGAkEqUPXcFYSV3/,1767772778105.jpg,https://kf.kobotoolbox.org/api/v2/assets/aJh328C2e3SvoptDpoEUxb/data/643969780/attachments/attMtZVC6xx9huGLjZcKPgUS/,1767772787895.jpg,https://kf.kobotoolbox.org/api/v2/assets/aJh328C2e3SvoptDpoEUxb/data/643969780/attachments/atts5DycPRUJiaUrmDYTcB4A/,no,,,,,,,,,,,,,,,,0,,,,,,,,,,,,,,,,,,,,,,,,,,,,,,yes,,,,no,no,,,,,,,,,,,no__there_are_handwashing_facilities_nea,,,,,,,,,,,,,,,,,,,,,,,,no,,,,,,,no,,,,,,,,no,no,,,,,,,,,no,no,1767772890791.jpg,https://kf.kobotoolbox.org/api/v2/assets/aJh328C2e3SvoptDpoEUxb/data/643969780/attachments/attS3uJ9wk8jq76taMPxeEe6/,1767772899124.jpg,https://kf.kobotoolbox.org/api/v2/assets/aJh328C2e3SvoptDpoEUxb/data/643969780/attachments/attpF8EdU2HhDCZn9kDUGFYq/,1767772907843.jpg,https://kf.kobotoolbox.org/api/v2/assets/aJh328C2e3SvoptDpoEUxb/data/643969780/attachments/attFsPB6FGnY2xApKbmcUXgN/,no,,,,,,,,no,,,,,,,no,,no,yes,no,no,no,no,,no,no,no,no,no,,no,no,no,no,,tod,,teacher,,teachers,,teachers,,teachers,,,no,yes,yes,no,no,no,no,no,,,,,no,,no,
,,yes,2026-01-07 00:00:00,ke_0_3,ke_1_16,ke_2_77,Ruqa village,Ruqa primary and Junior School,mixed_day,0,0,1,jss primary ecde,1,1,0,1,-1.55473 40.45012 30.4 9.5,-1.55473,40.45012,30.4,9.5,6,1,2,,2,172,196,0,0,8,1,4,2,9,368,41,,,yes,yes,yes,yes,,yes,yes,yes,no,no,,sandy,fair_condition,road_for_light_vehicles,0,1,0,yes,1767773124666.jpg,https://kf.kobotoolbox.org/api/v2/assets/aJh328C2e3SvoptDpoEUxb/data/643974151/attachments/attMMJ6rDpvkMLR7u85ca66U/,1767773142539.jpg,https://kf.kobotoolbox.org/api/v2/assets/aJh328C2e3SvoptDpoEUxb/data/643974151/attachments/attvBNP76W3xsgeFvpbiVvLc/,broken,no,no,,,,,,,,,,,,no,,,,,,,,,,,,,,,,,,,,,,,yes,18000,plastic_tank,0,1,0,0,0,,point_good_condition,,no,0,,,,,,,,,,,,,,,,,,,,,,,,,yes,6,within_the_health_facility__on_premise,1,0,0,6,no,3,no,,,,,,,0,,no,no,yes,no,clean,at_all_times_during_the_school_day,point_good_condition,pit_latrine_with_slab,0,1,0,0,0,0,0,,yes,no,yes,water,0,1,0,0,0,,no,no,no,no,no,no,,no,,,1767773579406.jpg,https://kf.kobotoolbox.org/api/v2/assets/aJh328C2e3SvoptDpoEUxb/data/643974151/attachments/attDPd7gDUmUbKVv5iudWenD/,1767773592800.jpg,https://kf.kobotoolbox.org/api/v2/assets/aJh328C2e3SvoptDpoEUxb/data/643974151/attachments/attUWZbLKKsbqQZggY9ps2Hd/,,,,,no__there_are_handwashing_facilities_nea,,,,,,,,,,,,,,,,,,,,,,,,no,,,,,,,no,,,,,,,,no,no,,,,,,,,,yes,yes,,,,,,,no,,,,,,,,no,,,,,,,no,,no,yes,no,no,yes,yes,no,no,no,no,no,no,,no,no,no,no,,teachers,,teacher,,tod,,teachers,,teachers,,,no,no,no,no,no,no,no,no,,,,,no,,no,
,,yes,2026-01-07 00:00:00,ke_0_3,ke_1_16,ke_2_77,Sagar,Sagar primary ,day_school,1,0,0,ecde primary,1,1,0,0,-1.4785917 40.3003467 6.200000000000003 4.433,-1.4785917,40.3003467,6.200000000000003,4.433,6,2,2,,,35,42,0,0,3,1,1,1,4,77,19,,,,,yes,yes,,,yes,yes,,,,sandy,good_condition,road_for_light_vehicles pedestrian_paths,1,1,0,yes,1767776322143.jpg,https://kf.kobotoolbox.org/api/v2/assets/aJh328C2e3SvoptDpoEUxb/data/644004745/attachments/attG4RCqFQnwz9aE3GeKR6G5/,1767776337415.jpg,https://kf.kobotoolbox.org/api/v2/assets/aJh328C2e3SvoptDpoEUxb/data/644004745/attachments/attphkE9Uzoo8qZrYV9zZvjj/,good_condition_bldg,no,no,,,,,,,,,,,,no,,,,,,,,,,,,,,,,,,,,,,,yes,5000,plastic_tank,0,1,0,0,0,,point_good_condition,,no,1,preventive_health,0,1,0,0,0,0,,1,no,no,no,yes,point_good_condition,1767776427843.jpg,https://kf.kobotoolbox.org/api/v2/assets/aJh328C2e3SvoptDpoEUxb/data/644004745/attachments/attbesSkCwN4cH5RVekT97Jh/,,,,,,,,,no,,,,,,,,,,,,,,,,0,,,,,,,,,,,,,,,,,,,,,,,,,,,,,,don_t_know,,,,,no,,,,,,,,,,,no__there_are_handwashing_facilities_nea,,,,,,,,,,,,,,,,,,,,,,,,no,,,,,,,no,,,,,,,,no,no,,,,,,,,,no,no,,,,,,,no,,,,,,,,no,,,,,,,no,,,yes,,,yes,yes,,,,,,,,yes,no,no,no,,teachers,,teacher,,teachers,,teachers,,teachers,,,,yes,yes,,,,,no,,,,,no,,no,
,,yes,2026-01-07 00:00:00,ke_0_3,ke_1_14,ke_2_67,Garasweyno,Garasweyno primary,day_school,1,0,0,primary,0,1,0,0,-1.4286045 40.0860746 65.0 4.52,-1.4286045,40.0860746,65,4.52,8,,7,,,95,54,1,0,4,3,1,1,7,149,21,,,yes,yes,no,yes,,no,no,yes,yes,no,,sandy,fair_condition,pedestrian_paths,1,0,0,yes,1767775333981.jpg,https://kf.kobotoolbox.org/api/v2/assets/aJh328C2e3SvoptDpoEUxb/data/644029835/attachments/atta75Z4jgrbRuECLh5EGViB/,1767775353628.jpg,https://kf.kobotoolbox.org/api/v2/assets/aJh328C2e3SvoptDpoEUxb/data/644029835/attachments/attJE2rKtU5ue3fJgEVXS7NA/,poor_condition_bldg,no,yes,fence,0,0,0,0,1,0,1767775548568.jpg,https://kf.kobotoolbox.org/api/v2/assets/aJh328C2e3SvoptDpoEUxb/data/644029835/attachments/attUeSzvFjezwdPxPwmSjKZH/,1767775563197.jpg,https://kf.kobotoolbox.org/api/v2/assets/aJh328C2e3SvoptDpoEUxb/data/644029835/attachments/attcKp2wjaxYiPf5J2PJFfFe/,yes,surface_water__river__dam__lak,,yes,yes,yes,500m_or_further,no,no,,no,,,yes,no,,,,,,,,,yes,10000,plastic_tank,0,1,0,0,0,,needs_repair,,no,2,staff_rooms,0,0,0,0,1,0,,2,no,yes,yes,yes,damaged,1767775893450.jpg,https://kf.kobotoolbox.org/api/v2/assets/aJh328C2e3SvoptDpoEUxb/data/644029835/attachments/attxAxo4hyiWe5wR6p7HRvJ2/,1767775932985.jpg,https://kf.kobotoolbox.org/api/v2/assets/aJh328C2e3SvoptDpoEUxb/data/644029835/attachments/attKKmXpiiMyiZLRdQ26xvmD/,1767775951692.jpg,https://kf.kobotoolbox.org/api/v2/assets/aJh328C2e3SvoptDpoEUxb/data/644029835/attachments/attA2sWFZagTf7yjs8FKPaT6/,1767775978713.jpg,https://kf.kobotoolbox.org/api/v2/assets/aJh328C2e3SvoptDpoEUxb/data/644029835/attachments/attJJB28Dxx3VHwQHkdjuBMT/,1767775999723.jpg,https://kf.kobotoolbox.org/api/v2/assets/aJh328C2e3SvoptDpoEUxb/data/644029835/attachments/attTKJUsHVykYswB7WY8XMRL/,yes,2,within_the_health_facility__on_premise,1,0,0,2,yes,,no,1,,0,0,,,1,,no,yes,no,yes,somewhat_clean,at_all_times_during_the_school_day,needs_repair,pit_latrine_with_slab,0,1,0,0,0,0,0,,yes,yes,yes,water,0,1,0,0,0,,no,no,no,no,no,yes,,no,,,1767776247314.jpg,https://kf.kobotoolbox.org/api/v2/assets/aJh328C2e3SvoptDpoEUxb/data/644029835/attachments/attsBhmJK2dtkef2fsMfAoNu/,1767776268030.jpg,https://kf.kobotoolbox.org/api/v2/assets/aJh328C2e3SvoptDpoEUxb/data/644029835/attachments/attzxQqghtgH6uY6jTTQ95NG/,1767776279506.jpg,https://kf.kobotoolbox.org/api/v2/assets/aJh328C2e3SvoptDpoEUxb/data/644029835/attachments/attd4gLdptEnQbn297gXcFrg/,,,no__there_are_handwashing_facilities_nea,,,,,,,,,,,,,,,,,,,,,,,,no,,,,,,,no,,,,,,,,no,no,,,,,,,,,no,no,,,,,,,no,,,,,,,,no,,,,,,,no,,no,yes,no,no,yes,yes,no,no,no,yes,no,no,,yes,no,yes,no,,other,Local workes,teacher,,teachers,,non_teaching_staff,,teachers,,,no,no,yes,no,yes,no,no,yes,no,no,,,no,,no,
,,yes,2026-01-07 00:00:00,ke_0_3,ke_1_16,ke_2_77,Warsame,Warsame primary schol,day_school,1,0,0,ecde primary,1,1,0,0,-1.48112 40.33906 45.6 4.5,-1.48112,40.33906,45.6,4.5,6,1,1,,,73,34,0,0,4,2,1,1,6,107,18,,,no,no,yes,yes,,no,no,no,no,no,,sandy,fair_condition,road_for_light_vehicles,0,1,0,yes,1767775375418.jpg,https://kf.kobotoolbox.org/api/v2/assets/aJh328C2e3SvoptDpoEUxb/data/644042620/attachments/attkGXYxk9PaZkJZGn3njPDd/,1767775388272.jpg,https://kf.kobotoolbox.org/api/v2/assets/aJh328C2e3SvoptDpoEUxb/data/644042620/attachments/attVVrjCMW9pmi6ywmXb6NWj/,broken,no,no,,,,,,,,,,,,no,,,,,,,,,,,,,,,,,,,,,,,yes,10000,plastic_tank,0,1,0,0,0,,point_good_condition,,no,0,,,,,,,,,,,,,,,,,,,,,,,,,no,,,,,,,,,,,,,,,,0,,,,,,,,,,,,,,,,,,,,,,,,,,,,,,no,,,,,no,,,,,,,,,,,no__there_are_handwashing_facilities_nea,,,,,,,,,,,,,,,,,,,,,,,,no,,,,,,,no,,,,,,,,no,no,,,,,,,,,no,yes,,,,,,,no,,,,,,,,no,,,,,,,no,,no,yes,no,no,yes,yes,no,no,no,no,no,no,,no,no,no,no,,teachers,,teacher,,tod,,teachers,,teachers,,,no,no,no,no,no,no,no,no,,,,,no,,no,
,,yes,2026-01-07 00:00:00,ke_0_3,ke_1_16,ke_2_77,Gababa,Gababa primary School and junior school,mixed_day,0,0,1,ecde primary jss,1,1,0,1,-1.5475167 40.1622117 55.3 4.25,-1.5475167,40.1622117,55.3,4.25,9,1,2,,2,157,102,1,2,6,0,1,2,6,259,43,,,yes,yes,yes,yes,,no,no,yes,no,no,,sandy,fair_condition,road_for_light_vehicles,0,1,0,yes,1767778756661.jpg,https://kf.kobotoolbox.org/api/v2/assets/aJh328C2e3SvoptDpoEUxb/data/644042675/attachments/att5Koq7i2uZMpzsQNBjin3D/,1767778793866.jpg,https://kf.kobotoolbox.org/api/v2/assets/aJh328C2e3SvoptDpoEUxb/data/644042675/attachments/attXhx4MVN4YP2bthEhLQ2se/,broken,no,no,,,,,,,,,,,,no,,,,,,,,,,,,,,,,,,,,,,,yes,20000,plastic_tank,0,1,0,0,0,,point_good_condition,,no,0,,,,,,,,,,,,,,,,,,,,,,,,,yes,5,within_the_health_facility__on_premise,1,0,0,5,yes,,no,2,,0,3,,,5,,no,no,yes,no,clean,at_all_times_during_the_school_day,point_good_condition,pit_latrine_with_slab,0,1,0,0,0,0,0,,no,no,yes,water,0,1,0,0,0,,no,no,no,no,no,no,,no,,,1767779237690.jpg,https://kf.kobotoolbox.org/api/v2/assets/aJh328C2e3SvoptDpoEUxb/data/644042675/attachments/attg4EBduGsh26G8mJBaACej/,1767779252978.jpg,https://kf.kobotoolbox.org/api/v2/assets/aJh328C2e3SvoptDpoEUxb/data/644042675/attachments/att4w2XPQLwPC8smWDaJEvnS/,1767779279208.jpg,https://kf.kobotoolbox.org/api/v2/assets/aJh328C2e3SvoptDpoEUxb/data/644042675/attachments/attJpurjDnGHsW2T9uvothAu/,,,yes,1,container_with_tap__veronica_b,0,0,1,0,0,0,,yes__water_and_soap,food_preparation_area,0,1,0,0,0,0,,yes,no,yes,yes,point_good_condition,no,1767779420213.jpg,https://kf.kobotoolbox.org/api/v2/assets/aJh328C2e3SvoptDpoEUxb/data/644042675/attachments/attGKkMuVX8vxPXQnXmG9qX2/,,,,,no,,,,,,,,no,yes,open_burning,0,1,0,0,0,0,,yes,yes,,,,,,,no,,,,,,,,no,,,,,,,no,,no,yes,no,yes,yes,yes,,no,no,no,no,no,,no,no,no,no,,teachers,,teacher,,tod,,teachers,,teachers,,,no,no,no,no,no,no,,yes,yes,no,,,no,,no,
,,yes,,ke_0_3,ke_1_14,ke_2_67,Ali emij,Ali emij primary school,day_school,1,0,0,primary ecde,1,1,0,0,-1.3531133 40.05506 93.69999999999999 3.9,-1.3531133,40.05506,93.69999999999999,3.9,6,5,5,,,70,90,1,1,2,0,0,0,2,160,80,,,yes,yes,yes,no,,no,no,yes,yes,no,,sandy,poor_condition,pedestrian_paths,1,0,0,yes,1767779349994.jpg,https://kf.kobotoolbox.org/api/v2/assets/aJh328C2e3SvoptDpoEUxb/data/644043263/attachments/attbsrysSKDFqA7LQENewwZC/,1767779359801.jpg,https://kf.kobotoolbox.org/api/v2/assets/aJh328C2e3SvoptDpoEUxb/data/644043263/attachments/atti5NYcBfpDdcQsMXbb6K2v/,broken,no,yes,main_building,0,0,0,0,0,1,1767779477015.jpg,https://kf.kobotoolbox.org/api/v2/assets/aJh328C2e3SvoptDpoEUxb/data/644043263/attachments/attd2uyS6Qg9JSGURR8dtJ8f/,1767779486673.jpg,https://kf.kobotoolbox.org/api/v2/assets/aJh328C2e3SvoptDpoEUxb/data/644043263/attachments/attQFftrkhYygXRVg2EZNReg/,no,,,,,,,,,,,,,,,,,,,,,,,yes,3000,plastic_tank,0,1,0,0,0,,needs_repair,,no,0,,,,,,,,,,,,,,,,,,,,,,,,,yes,4,within_the_health_facility__on_premise,1,0,0,4,no,4,yes,,0,,,4,4,8,4,no,no,no,no,somewhat_clean,during_specific_times_during_the_school_,needs_repair,pit_latrine_without_slab_open_pit,0,0,0,1,0,0,0,,yes,no,yes,water,0,1,0,0,0,,no,no,no,no,no,yes,,no,,,1767779930716.jpg,https://kf.kobotoolbox.org/api/v2/assets/aJh328C2e3SvoptDpoEUxb/data/644043263/attachments/attJkMegKr53oVBJGzCCm7Zn/,1767779949573.jpg,https://kf.kobotoolbox.org/api/v2/assets/aJh328C2e3SvoptDpoEUxb/data/644043263/attachments/attfYtWVgyHXao6aA6HsvobF/,,,,,no__there_are_handwashing_facilities_nea,,,,,,,,,,,,,,,,,,,,,,,,no,,,,,,,no,,,,,,,,no,no,,,,,,,,,no,no,,,,,,,no,,,,,,,,no,,,,,,,no,,no,yes,no,yes,yes,yes,no,no,yes,yes,no,no,,yes,no,no,no,,teachers,,teacher,,teachers,,teachers,,teachers,,,no,no,no,no,no,no,no,yes,yes,no,,,no,,no,
,,yes,2026-01-07 00:00:00,ke_0_3,ke_1_14,ke_2_69,BOREHOLE 5 ,Borehole 5 primary ,day_school,1,0,0,ecde primary jss,1,1,0,1,0.0021282 40.3503049 98.30000305175781 10.459,0.0021282,40.3503049,98.30000305175781,10.459,13,6,7,,8,445,298,1,0,14,6,1,1,20,743,37,,,yes,yes,yes,yes,,yes,no,no,no,no,,sandy,fair_condition,pedestrian_paths,1,0,0,yes,1767779125407.jpg,https://kf.kobotoolbox.org/api/v2/assets/aJh328C2e3SvoptDpoEUxb/data/644045271/attachments/att4Fj9FKMkAwJizfAfXPyvN/,1767779136368.jpg,https://kf.kobotoolbox.org/api/v2/assets/aJh328C2e3SvoptDpoEUxb/data/644045271/attachments/attFigcKukkJVzX5hZpoRv8M/,broken,no,no,,,,,,,,,,,,yes,piped_water,,yes,yes,no,500m_or_further,no,no,,no,,,don_t_know,no,,,,,,,,,yes,10000,plastic_tank,0,1,0,0,0,,point_good_condition,0,yes,4,staff_rooms,0,0,0,0,1,0,,4,no,no,yes,yes,point_good_condition,1767779462732.jpg,https://kf.kobotoolbox.org/api/v2/assets/aJh328C2e3SvoptDpoEUxb/data/644045271/attachments/attYRHnm8UCK6bWyVz5s8dDN/,1767779492917.jpg,https://kf.kobotoolbox.org/api/v2/assets/aJh328C2e3SvoptDpoEUxb/data/644045271/attachments/attSExkMTQHLvv49PLeWNcX3/,,,,,,,yes,8,outside_building__but_not_on_premise,0,1,0,10,yes,,yes,4,0,0,4,1,1,10,2,yes,yes,yes,no,somewhat_clean,at_all_times_during_the_school_day,point_good_condition,pit_latrine_with_slab,0,1,0,0,0,0,0,,yes,no,no,,,,,,,,no,no,no,no,no,no,,no,,,1767779843655.jpg,https://kf.kobotoolbox.org/api/v2/assets/aJh328C2e3SvoptDpoEUxb/data/644045271/attachments/attSPosHGyXkzHR8qterhwTU/,1767779866335.jpg,https://kf.kobotoolbox.org/api/v2/assets/aJh328C2e3SvoptDpoEUxb/data/644045271/attachments/attY9XyNyXreRt6TPaUFqWPj/,1767779902679.jpg,https://kf.kobotoolbox.org/api/v2/assets/aJh328C2e3SvoptDpoEUxb/data/644045271/attachments/attTkBeQH5i3A5QWR7vUYxn8/,1767779921139.jpg,https://kf.kobotoolbox.org/api/v2/assets/aJh328C2e3SvoptDpoEUxb/data/644045271/attachments/attrat8yNHJ4J7ruQQYhKvG7/,yes,2,permanent__concrete_metal__sta,1,0,0,0,0,0,,water_only,toilets food_consumption_area,1,0,1,0,0,0,,yes,yes,yes,yes,point_good_condition,yes,1767780021508.jpg,https://kf.kobotoolbox.org/api/v2/assets/aJh328C2e3SvoptDpoEUxb/data/644045271/attachments/attQ2QY8BRsqSnBfy8esfeXa/,1767780064111.jpg,https://kf.kobotoolbox.org/api/v2/assets/aJh328C2e3SvoptDpoEUxb/data/644045271/attachments/attGJihXNd92k6Ju4QnUjeW7/,1767780077081.jpg,https://kf.kobotoolbox.org/api/v2/assets/aJh328C2e3SvoptDpoEUxb/data/644045271/attachments/attPf6MueQD7auRDuR9CDLDu/,no,,,,,,,,no,no,,,,,,,,,no,yes,,,,,,,no,,,,,,,,no,,,,,,,no,,no,yes,no,yes,yes,yes,no,no,yes,yes,no,no,,yes,no,no,no,,teachers,,teacher,,teachers,,non_teaching_staff,,teachers,,,yes,yes,yes,no,no,no,no,no,,,,,no,,no,
,,yes,2026-01-07 00:00:00,ke_0_3,ke_1_16,ke_2_76,Hulugho ,Hulugho primary,mixed_day,0,0,1,primary jss,0,1,0,1,-1.15006 41.0527867 62.1 4.6,-1.15006,41.0527867,62.1,4.6,18,,8,,9,492,323,0,0,21,2,4,2,23,815,35,,,yes,yes,yes,yes,,yes,no,yes,no,,,sandy,fair_condition,pedestrian_paths road_for_light_vehicles road_for_trucks,1,1,1,yes,1767772536014.jpg,https://kf.kobotoolbox.org/api/v2/assets/aJh328C2e3SvoptDpoEUxb/data/644081415/attachments/att5qMWx9bf43psLuzM2CEvZ/,1767772562971.jpg,https://kf.kobotoolbox.org/api/v2/assets/aJh328C2e3SvoptDpoEUxb/data/644081415/attachments/atto5Ua8LzaQdAMdf7cyUtLV/,poor_condition_bldg,no,no,,,,,,,,,,,,yes,tanker,,no,no,yes,up_to_500m,no,yes,666,yes,chlorination,,no,no,,,,,,,,,yes,20000,plastic_tank,0,1,0,0,0,,point_good_condition,,yes,1,other,0,0,0,0,0,1,Administration block,1,yes,yes,yes,yes,point_good_condition,1767773083494.jpg,https://kf.kobotoolbox.org/api/v2/assets/aJh328C2e3SvoptDpoEUxb/data/644081415/attachments/attkTYXrdRCjfPi4z7KgYH62/,1767773114922.jpg,https://kf.kobotoolbox.org/api/v2/assets/aJh328C2e3SvoptDpoEUxb/data/644081415/attachments/attCgiLSpwF7c62aZtTDPYWa/,1767773130734.jpg,https://kf.kobotoolbox.org/api/v2/assets/aJh328C2e3SvoptDpoEUxb/data/644081415/attachments/attZqmGEEPQcyXUkdZNHW2tP/,,,,,yes,10,within_the_health_facility__on_premise,1,0,0,4,yes,,no,2,,0,2,,,4,,no,yes,yes,no,somewhat_clean,at_all_times_during_the_school_day,needs_repair,pit_latrine_with_slab,0,1,0,0,0,0,0,,yes,no,yes,water,0,1,0,0,0,,no,yes,no,no,no,yes,,no,,,1767774352443.jpg,https://kf.kobotoolbox.org/api/v2/assets/aJh328C2e3SvoptDpoEUxb/data/644081415/attachments/att6PE6uXDs7LJrKXTDtNZFe/,1767774374694.jpg,https://kf.kobotoolbox.org/api/v2/assets/aJh328C2e3SvoptDpoEUxb/data/644081415/attachments/attzK3vsLhqUefk3tuQxGHVG/,,,,,yes,1,container_with_tap__veronica_b,0,0,1,0,0,0,,neither_water_nor_soap,classrooms,0,0,0,1,0,0,,yes,yes,yes,yes,needs_repair,no,1767773730485.jpg,https://kf.kobotoolbox.org/api/v2/assets/aJh328C2e3SvoptDpoEUxb/data/644081415/attachments/attSXHxtgsRtKgYZKTYL8eW3/,,,,,no,,,,,,,,no,no,,,,,,,,,no,yes,,,,,,,no,,,,,,,,yes,diesel_generator,0,0,1,0,,no,,no,yes,no,no,yes,no,yes,no,no,no,,,,yes,no,yes,no,,tod,,tod,,teachers,,tod,,teachers,,,yes,yes,yes,yes,yes,yes,yes,yes,yes,yes,1767774138439.jpg,https://kf.kobotoolbox.org/api/v2/assets/aJh328C2e3SvoptDpoEUxb/data/644081415/attachments/attZVN2BhddTkeA8uTXt89o9/,yes,yes,no,
,,yes,2026-01-07 00:00:00,ke_0_3,ke_1_16,ke_2_76,Mufti ,Mufti primary school ,day_school,1,0,0,ecde primary,1,1,0,0,-1.135361 40.9903559 47.56561279296875 4.645,-1.135361,40.9903559,47.56561279296875,4.645,4,5,,,,236,218,0,0,3,0,1,2,3,454,151,,,no,no,yes,yes,,no,yes,yes,no,no,,sandy,fair_condition,pedestrian_paths,1,0,0,yes,1767783784326.jpg,https://kf.kobotoolbox.org/api/v2/assets/aJh328C2e3SvoptDpoEUxb/data/644098413/attachments/attAb9ykqF2ahsVCDzPi3Cve/,1767783795249.jpg,https://kf.kobotoolbox.org/api/v2/assets/aJh328C2e3SvoptDpoEUxb/data/644098413/attachments/attLnoiRkMaFmejqDph666RL/,broken,no,yes,toilets___latrines,1,0,0,0,0,0,1767783890504.jpg,https://kf.kobotoolbox.org/api/v2/assets/aJh328C2e3SvoptDpoEUxb/data/644098413/attachments/attfZ65pM9ZdgQtPytaXZmsu/,1767783897388.jpg,https://kf.kobotoolbox.org/api/v2/assets/aJh328C2e3SvoptDpoEUxb/data/644098413/attachments/attXdPUCDjn86duPMjuCZqM4/,yes,rainwater,,yes,yes,mostly__unavailable___30_days,on_site,no,yes,300,no,,,no,no,,,,,,,,,yes,10000,plastic_tank,0,1,0,0,0,,point_good_condition,,yes,1,preventive_health other,0,1,0,0,0,1,Behind the classrooms ,1,yes,yes,yes,yes,point_good_condition,1767784254114.jpg,https://kf.kobotoolbox.org/api/v2/assets/aJh328C2e3SvoptDpoEUxb/data/644098413/attachments/attFbYX5z22TQLVptrcmr49o/,1767784269035.jpg,https://kf.kobotoolbox.org/api/v2/assets/aJh328C2e3SvoptDpoEUxb/data/644098413/attachments/attc2jhF65J9nDkrDa96TSgi/,1767784310575.jpg,https://kf.kobotoolbox.org/api/v2/assets/aJh328C2e3SvoptDpoEUxb/data/644098413/attachments/attCrz8AeS2TRHQtkqiskivd/,1767784322945.jpg,https://kf.kobotoolbox.org/api/v2/assets/aJh328C2e3SvoptDpoEUxb/data/644098413/attachments/attFiMYf5f6MStutTLTD3jX2/,1767784331319.jpg,https://kf.kobotoolbox.org/api/v2/assets/aJh328C2e3SvoptDpoEUxb/data/644098413/attachments/att8C6qMkDUfnTZtFPfy439o/,no,,,,,,,,,,,,,,,,0,,,,,,,,,,,,,,,,,,,,,,,,,,,,,,no,,,,,no,,,,,,,,,,,no__there_are_handwashing_facilities_nea,,,,,,,,,,,,,,,,,,,,,,,,no,,,,,,,no,,,,,,,,no,no,,,,,,,,,no,no,1767784386271.jpg,https://kf.kobotoolbox.org/api/v2/assets/aJh328C2e3SvoptDpoEUxb/data/644098413/attachments/attahw7YEFN6nJTpDeKdQtA4/,1767784397275.jpg,https://kf.kobotoolbox.org/api/v2/assets/aJh328C2e3SvoptDpoEUxb/data/644098413/attachments/attcpw5vHhtZNasNYxRBEHPS/,1767784405254.jpg,https://kf.kobotoolbox.org/api/v2/assets/aJh328C2e3SvoptDpoEUxb/data/644098413/attachments/attLbmaco8wpyESFzQKxdWW4/,no,,,,,,,,yes,standalone_solar,1,0,0,0,,no,,no,yes,no,no,no,no,no,,no,no,no,,,no,no,no,no,,tod,,teacher,,teachers,,teachers,,teachers,,,no,yes,no,no,no,no,no,no,,,,,no,,no,
,,yes,2026-01-07 00:00:00,ke_0_3,ke_1_13,ke_2_61,ABAYQALA ,ABAYQALA PRIMARY SCHOOL ,day_school,1,0,0,primary,0,1,0,0,0.3872467 39.9299217 119.5 3.6,0.3872467,39.9299217,119.5,3.6,2,,5,,,37,11,0,0,2,0,1,0,2,48,24,,,yes,no,yes,yes,,yes,yes,yes,yes,no,,sandy,good_condition,pedestrian_paths road_for_trucks road_for_light_vehicles,1,1,1,yes,1767785667790.jpg,https://kf.kobotoolbox.org/api/v2/assets/aJh328C2e3SvoptDpoEUxb/data/644116070/attachments/att9gTkb9qpChsGPusNWi9VP/,1767785679735.jpg,https://kf.kobotoolbox.org/api/v2/assets/aJh328C2e3SvoptDpoEUxb/data/644116070/attachments/attmXWCoDcZ7oUsqBzHjgjVt/,poor_condition_bldg,no,no,,,,,,,,,,,,no,,,,,,,,,,,,,,,,,,,,,,,no,,,,,,,,,,,no,0,,,,,,,,,,,,,,,,,,,,,,,,,yes,2,within_the_health_facility__on_premise,1,0,0,2,yes,,no,1,,0,1,,,2,,no,no,no,yes,clean,at_all_times_during_the_school_day,point_good_condition,pit_latrine_with_slab,0,1,0,0,0,0,0,,no,no,yes,water,0,1,0,0,0,,no,no,no,no,no,no,,no,,,1767785941437.jpg,https://kf.kobotoolbox.org/api/v2/assets/aJh328C2e3SvoptDpoEUxb/data/644116070/attachments/attrXQmSvxhKcar8XNWsELKh/,1767785959103.jpg,https://kf.kobotoolbox.org/api/v2/assets/aJh328C2e3SvoptDpoEUxb/data/644116070/attachments/attz4u72Kox6x2CcTiBRBi8L/,1767785970298.jpg,https://kf.kobotoolbox.org/api/v2/assets/aJh328C2e3SvoptDpoEUxb/data/644116070/attachments/attyHT9CVL8Ms8n7mYh2Z7jq/,1767785978676.jpg,https://kf.kobotoolbox.org/api/v2/assets/aJh328C2e3SvoptDpoEUxb/data/644116070/attachments/attQ5739zCwjdUNK68Dj9sSF/,no__there_are_handwashing_facilities_nea,,,,,,,,,,,,,,,,,,,,,,,,no,,,,,,,no,,,,,,,,no,no,,,,,,,,,no,no,,,,,,,no,,,,,,,,no,,,,,,,no,,no,yes,no,no,no,yes,no,yes,no,no,no,no,,no,no,no,no,,teachers,,teacher,,teachers,,teachers,,teachers,,,no,yes,yes,no,yes,no,no,no,,,,,no,,no,
,,yes,2026-01-07 00:00:00,ke_0_3,ke_1_16,ke_2_76,Harerderow,HARERIDEROW PRIMARY SCHOOL,day_school,1,0,0,ecde primary,1,1,0,0,-1.1483567 40.9658117 68.30000000000001 4.4,-1.1483567,40.9658117,68.30000000000001,4.4,3,5,5,,,94,32,0,0,3,0,0,0,3,126,42,,,no,yes,yes,yes,,no,yes,yes,no,,,sandy,fair_condition,pedestrian_paths,1,0,0,yes,1767786270956.jpg,https://kf.kobotoolbox.org/api/v2/assets/aJh328C2e3SvoptDpoEUxb/data/644125336/attachments/attNiiMxpQHERSrgHoDXVmGE/,1767786282456.jpg,https://kf.kobotoolbox.org/api/v2/assets/aJh328C2e3SvoptDpoEUxb/data/644125336/attachments/attRCuYrFrFGummtStgB6SpF/,broken,no,yes,toilets___latrines,1,0,0,0,0,0,1767786344982.jpg,https://kf.kobotoolbox.org/api/v2/assets/aJh328C2e3SvoptDpoEUxb/data/644125336/attachments/att5JTXQFk9VYnY3k52rSHvP/,1767786352849.jpg,https://kf.kobotoolbox.org/api/v2/assets/aJh328C2e3SvoptDpoEUxb/data/644125336/attachments/att76dLN5kMQdLxrrM8Vbuxo/,no,,,,,,,,,,,,,,,,,,,,,,,yes,10000,plastic_tank,0,1,0,0,0,,point_good_condition,,yes,1,other,0,0,0,0,0,1,Behind the clssroom,1,yes,yes,yes,yes,point_good_condition,1767786471524.jpg,https://kf.kobotoolbox.org/api/v2/assets/aJh328C2e3SvoptDpoEUxb/data/644125336/attachments/attkEaAT9PdiQUQQKX2sBbZS/,1767786480913.jpg,https://kf.kobotoolbox.org/api/v2/assets/aJh328C2e3SvoptDpoEUxb/data/644125336/attachments/attBFk2sUdWJPWd5fRVK7nVf/,1767786490364.jpg,https://kf.kobotoolbox.org/api/v2/assets/aJh328C2e3SvoptDpoEUxb/data/644125336/attachments/att5cEmBetXggi2gGK6AvsUP/,1767786501422.jpg,https://kf.kobotoolbox.org/api/v2/assets/aJh328C2e3SvoptDpoEUxb/data/644125336/attachments/attmDBdyB8GLM3XMYnYg4JNJ/,1767786509491.jpg,https://kf.kobotoolbox.org/api/v2/assets/aJh328C2e3SvoptDpoEUxb/data/644125336/attachments/attiinMo6kT8YFrJ7HcH62Qf/,yes,2,outside_building__but_not_on_premise,0,1,0,1,no,1,no,,,,,,,0,,yes,no,no,no,not_clean,during_specific_times_during_the_school_,needs_repair,pit_latrine_without_slab_open_pit,0,0,0,1,0,0,0,,yes,no,yes,water,0,1,0,0,0,,yes,no,no,no,no,no,,no,,,1767786742151.jpg,https://kf.kobotoolbox.org/api/v2/assets/aJh328C2e3SvoptDpoEUxb/data/644125336/attachments/attYTRc3D3DwssTKSjwz7s8o/,1767786752058.jpg,https://kf.kobotoolbox.org/api/v2/assets/aJh328C2e3SvoptDpoEUxb/data/644125336/attachments/attTCKuFEen6UQ77gXA7mhwL/,1767786764764.jpg,https://kf.kobotoolbox.org/api/v2/assets/aJh328C2e3SvoptDpoEUxb/data/644125336/attachments/att3FDysFmuqBkDrfHMuQT2U/,1767786784053.jpg,https://kf.kobotoolbox.org/api/v2/assets/aJh328C2e3SvoptDpoEUxb/data/644125336/attachments/attVc9CX9hJcpAVCVhJpKYyc/,no__there_are_handwashing_facilities_nea,,,,,,,,,,,,,,,,,,,,,,,,no,,,,,,,no,,,,,,,,no,no,,,,,,,,,no,no,,,,,,,no,,,,,,,,no,,,,,,,no,,no,yes,no,no,no,no,no,no,no,no,no,,,no,no,no,no,,tod,,tod,,tod,,teachers,,teachers,,,no,yes,no,no,no,no,no,yes,no,no,,,no,,no,
,,yes,2026-01-07 00:00:00,ke_0_3,ke_1_16,ke_2_78,haji mohamed ,Mai primary ,day_school,1,0,0,ecde primary,1,1,0,0,-1.7339517 40.35093 48.7 4.575,-1.7339517,40.35093,48.7,4.575,8,2,2,,,70,20,0,0,3,1,2,1,4,90,23,,,yes,,yes,yes,,,yes,yes,yes,,,sandy,good_condition,pedestrian_paths road_for_light_vehicles,1,1,0,yes,1767785891582.jpg,https://kf.kobotoolbox.org/api/v2/assets/aJh328C2e3SvoptDpoEUxb/data/644135305/attachments/attLMAK6nDRaEJMX3tMHQKbG/,1767785904167.jpg,https://kf.kobotoolbox.org/api/v2/assets/aJh328C2e3SvoptDpoEUxb/data/644135305/attachments/attoWtgnKKDGpxLkHiQoqGcw/,good_condition_bldg,no,no,,,,,,,,,,,,no,,,,,,,,,,,,,,,,,,,,,,,yes,10000,plastic_tank,0,1,0,0,0,,point_good_condition,,no,2,preventive_health staff_rooms,0,1,0,0,1,0,,2,no,no,yes,yes,point_good_condition,1767785997870.jpg,https://kf.kobotoolbox.org/api/v2/assets/aJh328C2e3SvoptDpoEUxb/data/644135305/attachments/attm9qkf3Z7u2fxi39zJE9Ey/,1767786015851.jpg,https://kf.kobotoolbox.org/api/v2/assets/aJh328C2e3SvoptDpoEUxb/data/644135305/attachments/attHicnqWf7BfUPhZEmjyoYg/,1767786103924.jpg,https://kf.kobotoolbox.org/api/v2/assets/aJh328C2e3SvoptDpoEUxb/data/644135305/attachments/attzjJovbwsp75iK7NBihy5y/,,,,,yes,1,within_the_health_facility__on_premise,1,0,0,1,no,0,no,,,,,,,0,,no,yes,no,no,somewhat_clean,at_all_times_during_the_school_day,point_good_condition,pit_latrine_with_slab,0,1,0,0,0,0,0,,no,no,no,,,,,,,,no,no,no,no,no,yes,,no,,,1767786256391.jpg,https://kf.kobotoolbox.org/api/v2/assets/aJh328C2e3SvoptDpoEUxb/data/644135305/attachments/atttAMvqbG9GCvPPucbffPe9/,1767786267970.jpg,https://kf.kobotoolbox.org/api/v2/assets/aJh328C2e3SvoptDpoEUxb/data/644135305/attachments/attF7xQcaCB2EYrBcvz9NfR8/,,,,,no__there_are_handwashing_facilities_nea,,,,,,,,,,,,,,,,,,,,,,,,no,,,,,,,no,,,,,,,,no,no,,,,,,,,,no,no,,,,,,,no,,,,,,,,no,,,,,,,no,,,yes,,yes,yes,yes,,,,,,,,yes,no,no,no,,teachers,,teacher,,teachers,,teachers,,teachers,,,,yes,yes,yes,,,,no,,,,,no,,no,
,,yes,2026-01-07 00:00:00,ke_0_3,ke_1_13,ke_2_61,Madina ,Madina primary school ,day_school,1,0,0,ecde primary,1,1,0,0,0.4101267 39.8778633 87.6 6.9,0.4101267,39.8778633,87.6,6.9,8,4,7,,,149,140,0,0,7,2,1,1,9,289,32,,,yes,no,yes,yes,,no,no,no,no,,,sandy,fair_condition,road_for_light_vehicles,0,1,0,yes,1767788016146.jpg,https://kf.kobotoolbox.org/api/v2/assets/aJh328C2e3SvoptDpoEUxb/data/644141785/attachments/attZuPpLczsNxFj2CvQ4KeDX/,1767788027200.jpg,https://kf.kobotoolbox.org/api/v2/assets/aJh328C2e3SvoptDpoEUxb/data/644141785/attachments/attNEojLZY39todhES37WjG2/,broken,yes,no,,,,,,,,,,,,yes,piped_water,,yes,yes,yes,up_to_500m,no,no,,no,,,don_t_know,no,,,,,,,,,no,,,,,,,,,,2,yes,1,staff_rooms,0,0,0,0,1,0,,1,yes,yes,yes,yes,needs_repair,1767788379136.jpg,https://kf.kobotoolbox.org/api/v2/assets/aJh328C2e3SvoptDpoEUxb/data/644141785/attachments/attG6Cys6MCQcnk7ktKyG5y4/,1767788417099.jpg,https://kf.kobotoolbox.org/api/v2/assets/aJh328C2e3SvoptDpoEUxb/data/644141785/attachments/attUqqiFEwdgZW6BnPxWabob/,1767788430183.jpg,https://kf.kobotoolbox.org/api/v2/assets/aJh328C2e3SvoptDpoEUxb/data/644141785/attachments/attUMLURPbAkQAjnthmjuNo4/,,,,,no,,,,,,,,,,,,,,,,0,,,,,,,,,,,,,,,,,,,,,,,,,,,,,,no,,,,,no,,,,,,,,,,,no__there_are_handwashing_facilities_nea,,,,,,,,,,,,,,,,,,,,,,,,no,,,,,,,no,,,,,,,,no,no,,,,,,,,,no,yes,,,,,,,yes,no,yes,,no,yes,yes,no,no,,,,,,,no,,no,yes,no,no,yes,yes,no,no,no,no,no,,,yes,no,no,no,,teachers,,teacher,,teachers,,teachers,,teachers,,,no,yes,no,no,no,no,,yes,yes,no,,,no,,no,
,,yes,2026-01-07 00:00:00,ke_0_3,ke_1_14,ke_2_67,Hawajod,Hawajod primary school ,day_school,1,0,0,primary,0,1,0,0,-1.2326916 40.0371831 81.69999999999999 4.18,-1.2326916,40.0371831,81.69999999999999,4.18,6,,8,,,70,90,1,1,3,0,2,1,3,160,53,,,yes,yes,yes,yes,,no,no,yes,no,no,,sandy,fair_condition,pedestrian_paths road_for_light_vehicles road_for_trucks,1,1,1,yes,1767790449798.jpg,https://kf.kobotoolbox.org/api/v2/assets/aJh328C2e3SvoptDpoEUxb/data/644182006/attachments/attJ4NNimPwXeefrjsiy4Lxw/,1767790465296.jpg,https://kf.kobotoolbox.org/api/v2/assets/aJh328C2e3SvoptDpoEUxb/data/644182006/attachments/attUATAjNcbCrBcz8i6DrVQr/,good_condition_bldg,no,no,,,,,,,,,,,,no,,,,,,,,,,,,,,,,,,,,,,,yes,5000,plastic_tank,0,1,0,0,0,,needs_repair,,no,1,occupational_therapy,1,0,0,0,0,0,,0,no,no,no,no,needs_repair,1767790655779.jpg,https://kf.kobotoolbox.org/api/v2/assets/aJh328C2e3SvoptDpoEUxb/data/644182006/attachments/attdCGyMhq5Gz7eAtZMrUWXc/,,,,,,,,,yes,3,within_the_health_facility__on_premise,1,0,0,3,no,3,no,,,,,,,0,,no,no,no,no,not_clean,during_specific_times_during_the_school_,needs_repair,pit_latrine_without_slab_open_pit,0,0,0,1,0,0,0,,yes,no,yes,water,0,1,0,0,0,,no,no,no,no,no,yes,,no,,,1767790865082.jpg,https://kf.kobotoolbox.org/api/v2/assets/aJh328C2e3SvoptDpoEUxb/data/644182006/attachments/attrLoLfqCTuoaQcURgNdKiL/,1767790876111.jpg,https://kf.kobotoolbox.org/api/v2/assets/aJh328C2e3SvoptDpoEUxb/data/644182006/attachments/attH8PFW7jiCicc8ZttpnG2c/,,,,,no__there_are_handwashing_facilities_nea,,,,,,,,,,,,,,,,,,,,,,,,no,,,,,,,no,,,,,,,,no,no,,,,,,,,,no,no,,,,,,,no,,,,,,,,no,,,,,,,no,,no,yes,no,yes,yes,yes,no,no,yes,yes,no,no,,yes,no,no,no,,teachers,,teacher,,teachers,,teachers,,teachers,,,no,no,no,no,no,no,no,no,,,,,no,,yes,no
,,yes,2026-01-07 00:00:00,ke_0_3,ke_1_13,ke_2_64,Gariguwane,UTHOLE PRIMARY SCHOOL ,day_school,1,0,0,ecde primary,1,1,0,0,0.3130583 39.7848883 136.0 4.625,0.3130583,39.7848883,136,4.625,5,6,6,,,100,60,0,0,4,0,2,1,4,160,40,,,yes,no,yes,yes,,no,no,no,no,,,sandy,good_condition,road_for_light_vehicles,0,1,0,yes,1767792513289.jpg,https://kf.kobotoolbox.org/api/v2/assets/aJh328C2e3SvoptDpoEUxb/data/644186282/attachments/attEztx87Y8ZT4xosQGcSxXT/,1767792522964.jpg,https://kf.kobotoolbox.org/api/v2/assets/aJh328C2e3SvoptDpoEUxb/data/644186282/attachments/attWYgFC82V5nmuH6fgEZ6Cr/,good_condition_bldg,no,no,,,,,,,,,,,,no,,,,,,,,,,,,,,,,,,,,,,,,,,,,,,,,,,no,0,,,,,,,,,,,,,,,,,,,,,,,,,no,,,,,,,,,,,,,,,,0,,,,,,,,,,,,,,,,,,,,,,,,,,,,,,no,,,,,no,,,,,,,,,,,no__there_are_handwashing_facilities_nea,,,,,,,,,,,,,,,,,,,,,,,,no,,,,,,,no,,,,,,,,no,no,,,,,,,,,no,no,,,,,,,no,,,,,,,,no,,,,,,,no,,no,yes,no,no,no,yes,no,no,no,no,no,,,no,no,no,no,,teachers,,teacher,,teachers,,non_teaching_staff,,non_teaching_staff,,,no,no,yes,no,no,no,yes,yes,yes,no,,,no,,no,
,,yes,2026-01-07 00:00:00,ke_0_3,ke_1_16,ke_2_78,Gumarey,Masalani girls,day_school,1,0,0,ecde primary jss,1,1,0,1,-1.690715 40.1742467 46.89999771118164 2.6,-1.690715,40.1742467,46.89999771118164,2.6,17,3,3,,3,0,743,0,0,11,10,2,2,21,743,35,,,yes,yes,yes,yes,,,,yes,yes,,,clay,good_condition,road_for_light_vehicles,0,1,0,yes,1767792336973.jpg,https://kf.kobotoolbox.org/api/v2/assets/aJh328C2e3SvoptDpoEUxb/data/644187642/attachments/attNzto3ceEY4u2z46yEUy8n/,1767792354419.jpg,https://kf.kobotoolbox.org/api/v2/assets/aJh328C2e3SvoptDpoEUxb/data/644187642/attachments/att2KqvNaXyWjVmMPBN7Xbmm/,good_condition_bldg,no,no,,,,,,,,,,,,yes,piped_water,,yes,yes,yes,on_site,yes,yes,1200,no,,,don_t_know,don_t_know,,,,,,,,,yes,10000,plastic_tank,0,1,0,0,0,,point_good_condition,1,yes,2,preventive_health staff_rooms,0,1,0,0,1,0,,2,yes,no,no,yes,point_good_condition,1767792535764.jpg,https://kf.kobotoolbox.org/api/v2/assets/aJh328C2e3SvoptDpoEUxb/data/644187642/attachments/attQqivg6UNY2rEvc9CsbY46/,1767792544433.jpg,https://kf.kobotoolbox.org/api/v2/assets/aJh328C2e3SvoptDpoEUxb/data/644187642/attachments/attggsmAWRinS4ZZqy58rcGt/,1767792554813.jpg,https://kf.kobotoolbox.org/api/v2/assets/aJh328C2e3SvoptDpoEUxb/data/644187642/attachments/attxr7KhnfLcmH4QPJcK2UNh/,,,,,yes,4,within_the_health_facility__on_premise,1,0,0,4,no,0,no,,,,,,,0,,yes,no,no,no,somewhat_clean,at_all_times_during_the_school_day,point_good_condition,pit_latrine_with_slab,0,1,0,0,0,0,0,,no,no,no,,,,,,,,no,no,no,no,no,yes,,no,,,1767792731225.jpg,https://kf.kobotoolbox.org/api/v2/assets/aJh328C2e3SvoptDpoEUxb/data/644187642/attachments/attzXcGWqjPkgQv6xz8MyzkE/,1767792752897.jpg,https://kf.kobotoolbox.org/api/v2/assets/aJh328C2e3SvoptDpoEUxb/data/644187642/attachments/att6mCxG5LN5JtU8PmuoMhUt/,1767792791478.jpg,https://kf.kobotoolbox.org/api/v2/assets/aJh328C2e3SvoptDpoEUxb/data/644187642/attachments/att45HM7ggRV5ntCHcAJKAiK/,,,no__there_are_handwashing_facilities_nea,,,,,,,,,,,,,,,,,,,,,,,,no,,,,,,,no,,,,,,,,no,no,,,,,,,,,no,no,,,,,,,no,,,,,,,,yes,national_power_grid,0,1,0,0,,no,,,,,yes,yes,yes,,,,,,,,yes,no,yes,no,,teachers,,teacher,,teachers,,teachers,,teachers,,,yes,yes,yes,yes,,,,no,,,,,no,,no,
,,yes,2026-01-07 00:00:00,ke_0_3,ke_1_16,ke_2_76,Wardeijab,Wardeijab,day_school,1,0,0,ecde primary,1,1,0,0,-1.176915 40.9094333 12.7 4.92,-1.176915,40.9094333,12.7,4.92,3,5,5,,,140,72,2,1,2,0,1,1,2,212,106,,,no,no,yes,yes,,no,yes,yes,no,,,sandy,fair_condition,pedestrian_paths,1,0,0,yes,1767789390825.jpg,https://kf.kobotoolbox.org/api/v2/assets/aJh328C2e3SvoptDpoEUxb/data/644192365/attachments/attxehE2atrUmsSybLJxNfoC/,1767789383166.jpg,https://kf.kobotoolbox.org/api/v2/assets/aJh328C2e3SvoptDpoEUxb/data/644192365/attachments/attbgtxKfkFZ3jd72cu4aVSN/,broken,no,yes,toilets___latrines,1,0,0,0,0,0,1767789366664.jpg,https://kf.kobotoolbox.org/api/v2/assets/aJh328C2e3SvoptDpoEUxb/data/644192365/attachments/attnpFAcBj95Px6tf77SpqFP/,1767789350706.jpg,https://kf.kobotoolbox.org/api/v2/assets/aJh328C2e3SvoptDpoEUxb/data/644192365/attachments/attJXLtcwnSU7uhNQGKU3eag/,yes,rainwater,,no,no,mostly__unavailable___30_days,on_site,no,no,,no,,,no,no,,,,,,,,,yes,10000,plastic_tank,0,1,0,0,0,,needs_repair,,no,1,other,0,0,0,0,0,1,Behind the classroom,1,yes,yes,yes,yes,point_good_condition,1767789301259.jpg,https://kf.kobotoolbox.org/api/v2/assets/aJh328C2e3SvoptDpoEUxb/data/644192365/attachments/attwAdRYnmtD2oWhW7BhDVNB/,1767789292182.jpg,https://kf.kobotoolbox.org/api/v2/assets/aJh328C2e3SvoptDpoEUxb/data/644192365/attachments/attWEAU952gf6PmrQHNh63V4/,1767789280893.jpg,https://kf.kobotoolbox.org/api/v2/assets/aJh328C2e3SvoptDpoEUxb/data/644192365/attachments/attdWFcJQY2SXS8zNxkqsH7A/,1767789263736.jpg,https://kf.kobotoolbox.org/api/v2/assets/aJh328C2e3SvoptDpoEUxb/data/644192365/attachments/attXc5KyDw5Y2WFkNbZoFDXG/,1767789252110.jpg,https://kf.kobotoolbox.org/api/v2/assets/aJh328C2e3SvoptDpoEUxb/data/644192365/attachments/att4RKkRcxEVYWp5K37p9wRV/,yes,0,outside_building__but_not_on_premise,0,1,0,0,no,0,no,,,,,,,0,,no,no,no,no,not_clean,there_are_no_toilets_available_for_use_a,damaged,pit_latrine_without_slab_open_pit,0,0,0,1,0,0,0,,yes,no,no,,,,,,,,yes,no,no,no,no,no,,no,,,1767789139225.jpg,https://kf.kobotoolbox.org/api/v2/assets/aJh328C2e3SvoptDpoEUxb/data/644192365/attachments/attvjSaW4g4S3cyWug3iM4bZ/,1767789147278.jpg,https://kf.kobotoolbox.org/api/v2/assets/aJh328C2e3SvoptDpoEUxb/data/644192365/attachments/attTWtYxRxK4rDyBwKJqGTjD/,1767789156222.jpg,https://kf.kobotoolbox.org/api/v2/assets/aJh328C2e3SvoptDpoEUxb/data/644192365/attachments/attuLNkaiz7ru47sTnss7aRi/,1767789164804.jpg,https://kf.kobotoolbox.org/api/v2/assets/aJh328C2e3SvoptDpoEUxb/data/644192365/attachments/attYeBTUF9jShJh6M7Q9P4w7/,no__there_are_handwashing_facilities_nea,,,,,,,,,,,,,,,,,,,,,,,,no,,,,,,,no,,,,,,,,no,no,,,,,,,,,no,no,,,,,,,no,,,,,,,,no,,,,,,,no,,no,yes,no,no,no,no,no,no,no,no,no,,,no,no,no,no,,teachers,,teacher,,teachers,,teachers,,teachers,,,no,yes,no,no,no,no,no,no,,,,,no,,no,
,,yes,2026-01-07 00:00:00,ke_0_3,ke_1_16,ke_2_76,Koranhindi,Koranhindi,day_school,1,0,0,ecde primary jss,1,1,0,1,-1.2500177 40.7901338 46.9161376953125 4.94,-1.2500177,40.7901338,46.9161376953125,4.94,12,8,,,,249,209,25,15,6,1,1,1,7,458,65,,,no,yes,yes,yes,,yes,no,no,no,no,,sandy,fair_condition,pedestrian_paths,1,0,0,yes,1767792765154.jpg,https://kf.kobotoolbox.org/api/v2/assets/aJh328C2e3SvoptDpoEUxb/data/644197907/attachments/attC66Hes3C8hxPenQWPoDeJ/,1767792775973.jpg,https://kf.kobotoolbox.org/api/v2/assets/aJh328C2e3SvoptDpoEUxb/data/644197907/attachments/attgCLhWtSaniYkU5rThsJvs/,poor_condition_bldg,no,yes,toilets___latrines,1,0,0,0,0,0,1767792878578.jpg,https://kf.kobotoolbox.org/api/v2/assets/aJh328C2e3SvoptDpoEUxb/data/644197907/attachments/attwf2V3BCRQ4GJpRYi33kAd/,1767792892358.jpg,https://kf.kobotoolbox.org/api/v2/assets/aJh328C2e3SvoptDpoEUxb/data/644197907/attachments/att9hduVXV4SUHTydrazZaHi/,sometimes,rainwater,,yes,no,no,up_to_500m,no,no,,no,,,no,no,,,,,,,,,yes,15000,plastic_tank,0,1,0,0,0,,needs_repair,,no,0,,,,,,,,,0,,,no,no,needs_repair,1767793271857.jpg,https://kf.kobotoolbox.org/api/v2/assets/aJh328C2e3SvoptDpoEUxb/data/644197907/attachments/att8veXYvoTEe2NCCeDXeazX/,1767793280202.jpg,https://kf.kobotoolbox.org/api/v2/assets/aJh328C2e3SvoptDpoEUxb/data/644197907/attachments/attPruduztGtohAVi67sw4Eb/,1767793290449.jpg,https://kf.kobotoolbox.org/api/v2/assets/aJh328C2e3SvoptDpoEUxb/data/644197907/attachments/attNYoc6dqEKP2ZWDFZNB4G9/,1767793301256.jpg,https://kf.kobotoolbox.org/api/v2/assets/aJh328C2e3SvoptDpoEUxb/data/644197907/attachments/attRqqZJdFATc8nfL3xEouZy/,1767793310620.jpg,https://kf.kobotoolbox.org/api/v2/assets/aJh328C2e3SvoptDpoEUxb/data/644197907/attachments/attHrnXDS7sPXJvNwLruosun/,no,,,,,,,,,,,,,,,,0,,,,,,,,,,,,,,,,,,,,,,,,,,,,,,yes,,,,no,no,,,,,,,,,,,no__there_are_handwashing_facilities_nea,,,,,,,,,,,,,,,,,,,,,,,,no,,,,,,,no,,,,,,,,no,no,,,,,,,,,no,yes,1767793481340.jpg,https://kf.kobotoolbox.org/api/v2/assets/aJh328C2e3SvoptDpoEUxb/data/644197907/attachments/attRvnRmNCt39iZecejVccsU/,1767793492124.jpg,https://kf.kobotoolbox.org/api/v2/assets/aJh328C2e3SvoptDpoEUxb/data/644197907/attachments/atthm6Pc5aGoBu4e54tvT2Qv/,1767793500305.jpg,https://kf.kobotoolbox.org/api/v2/assets/aJh328C2e3SvoptDpoEUxb/data/644197907/attachments/attcyiQGe4CUELU5NqMDkdNo/,no,,,,,,,,no,,,,,,,no,,no,yes,no,no,yes,,,,,,,,,no,no,no,yes,50000,non_teaching_staff,,non_teaching_staff,,tod,,non_teaching_staff,,teachers,,,no,no,yes,no,,,,no,,,,,no,,no,
,,yes,2026-01-07 00:00:00,ke_0_3,ke_1_16,ke_2_76,Doi,Doi primary school,day_school,1,0,0,ecde primary,1,1,0,0,-1.272511 40.7608588 34.8 4.333,-1.272511,40.7608588,34.8,4.333,4,5,5,,,205,188,0,0,3,0,0,0,3,393,131,,,no,yes,yes,yes,,no,yes,yes,no,,,sandy,fair_condition,pedestrian_paths,1,0,0,yes,1767795323997.jpg,https://kf.kobotoolbox.org/api/v2/assets/aJh328C2e3SvoptDpoEUxb/data/644226986/attachments/attb5Z26JvPVvFoGmMCRsgok/,1767795339397.jpg,https://kf.kobotoolbox.org/api/v2/assets/aJh328C2e3SvoptDpoEUxb/data/644226986/attachments/attcnPvQsrLFsm8ArhRXV64F/,broken,no,no,,,,,,,,,,,,yes,rainwater,,yes,no,mostly__unavailable___30_days,on_site,yes,yes,5000,no,,,no,no,,,,,,,,,yes,5000,plastic_tank,0,1,0,0,0,,point_good_condition,,no,1,other,0,0,0,0,0,1,Next to the classroom,1,yes,yes,yes,no,needs_repair,1767795586744.jpg,https://kf.kobotoolbox.org/api/v2/assets/aJh328C2e3SvoptDpoEUxb/data/644226986/attachments/attEQPaRAM7zPimvFMbxx8gv/,1767795595718.jpg,https://kf.kobotoolbox.org/api/v2/assets/aJh328C2e3SvoptDpoEUxb/data/644226986/attachments/attXewvXuKURNTnGangx3CDb/,1767795607735.jpg,https://kf.kobotoolbox.org/api/v2/assets/aJh328C2e3SvoptDpoEUxb/data/644226986/attachments/attZ8gdePWB5tJ9RxMB7utaD/,1767795625291.jpg,https://kf.kobotoolbox.org/api/v2/assets/aJh328C2e3SvoptDpoEUxb/data/644226986/attachments/attemaeJ6YT6QP4FUaYQ7aTq/,,,yes,1,outside_building__but_not_on_premise,0,1,0,1,no,1,no,,,,,,,0,,no,no,no,no,somewhat_clean,during_specific_times_during_the_school_,needs_repair,pit_latrine_without_slab_open_pit,0,0,0,1,0,0,0,,no,no,yes,water,0,1,0,0,0,,yes,no,no,no,no,no,,no,,,1767795867564.jpg,https://kf.kobotoolbox.org/api/v2/assets/aJh328C2e3SvoptDpoEUxb/data/644226986/attachments/att7AmERMVN233SGShCMihTb/,1767795885649.jpg,https://kf.kobotoolbox.org/api/v2/assets/aJh328C2e3SvoptDpoEUxb/data/644226986/attachments/attdbMaAdsnGB9ZC54M739dT/,1767795908754.jpg,https://kf.kobotoolbox.org/api/v2/assets/aJh328C2e3SvoptDpoEUxb/data/644226986/attachments/atty57WAVpT4K6dY8kQ38kHr/,1767795924828.jpg,https://kf.kobotoolbox.org/api/v2/assets/aJh328C2e3SvoptDpoEUxb/data/644226986/attachments/attxMXLHkmL76po8UssfiH94/,no__there_are_handwashing_facilities_nea,,,,,,,,,,,,,,,,,,,,,,,,no,,,,,,,no,,,,,,,,no,no,,,,,,,,,no,no,,,,,,,no,,,,,,,,no,,,,,,,no,,no,yes,no,no,no,yes,no,no,no,no,no,no,,yes,no,no,no,,tod,,teacher,,teachers,,tod,,teachers,,,no,yes,no,no,no,no,no,no,,,,,no,,no,
,,yes,2026-01-07 00:00:00,ke_0_3,ke_1_14,ke_2_69,Fafahjin,Fafahjin primary ,day_school,1,0,0,ecde primary jss,1,1,0,1,-0.0955495 40.2017036 -22.484 3.982,-0.0955495,40.2017036,-22.484,3.982,8,5,9,,0,246,112,0,0,5,1,1,1,6,358,60,,,yes,yes,yes,yes,,yes,yes,yes,yes,,,sandy,fair_condition,pedestrian_paths road_for_light_vehicles road_for_trucks,1,1,1,yes,1767795924630.jpg,https://kf.kobotoolbox.org/api/v2/assets/aJh328C2e3SvoptDpoEUxb/data/644233901/attachments/attWGXBZvAksCPAtHzifTaGs/,1767795936241.jpg,https://kf.kobotoolbox.org/api/v2/assets/aJh328C2e3SvoptDpoEUxb/data/644233901/attachments/attiVipsv7bseWsjYXsDeokb/,poor_condition_bldg,no,yes,main_building toilets___latrines,1,0,0,0,0,1,1767796049110.jpg,https://kf.kobotoolbox.org/api/v2/assets/aJh328C2e3SvoptDpoEUxb/data/644233901/attachments/att2gdr5EP7Za53pnZqVTk6L/,1767796070930.jpg,https://kf.kobotoolbox.org/api/v2/assets/aJh328C2e3SvoptDpoEUxb/data/644233901/attachments/attGKHvdvwwUWo5p4QYktnpH/,no,,,,,,,,,,,,,,,,,,,,,,,yes,100,plastic_tank,0,1,0,0,0,,damaged,,no,0,,,,,,,,,,,,,,,,,,,,,,,,,yes,4,outside_building__but_not_on_premise,0,1,0,4,yes,,yes,1,0,0,1,1,0,3,,no,yes,yes,no,clean,at_all_times_during_the_school_day,point_good_condition,pit_latrine_with_slab,0,1,0,0,0,0,0,,no,no,yes,water,0,1,0,0,0,,yes,no,no,no,yes,yes,,no,,,1767796465103.jpg,https://kf.kobotoolbox.org/api/v2/assets/aJh328C2e3SvoptDpoEUxb/data/644233901/attachments/attaJpfUXhr3ohrzvwx4FGpt/,1767796478322.jpg,https://kf.kobotoolbox.org/api/v2/assets/aJh328C2e3SvoptDpoEUxb/data/644233901/attachments/attLu6kTUG3Ct9wCmgsHpNLe/,1767796509439.jpg,https://kf.kobotoolbox.org/api/v2/assets/aJh328C2e3SvoptDpoEUxb/data/644233901/attachments/attCRLT88Y9TNbdgJ3gitPhN/,1767796533590.jpg,https://kf.kobotoolbox.org/api/v2/assets/aJh328C2e3SvoptDpoEUxb/data/644233901/attachments/attXm58Bmo3j8uBwEJDedeQM/,no__there_are_handwashing_facilities_nea,,,,,,,,,,,,,,,,,,,,,,,,no,,,,,,,no,,,,,,,,no,yes,other,0,0,0,0,0,1,Going with home ,no,yes,,,,,,,yes,no,yes,,,yes,,yes,no,,,,,,,no,,no,yes,no,no,yes,,,,,,,,,yes,no,yes,no,,pupils,,teacher,,teachers,,non_teaching_staff,,teachers,,,no,no,no,no,,,,no,,,,,no,,no,
,,yes,2026-01-07 00:00:00,ke_0_3,ke_1_14,ke_2_67,Mansabubu,Mansabubu primary and junior school,day_school,1,0,0,ecde primary jss,1,1,0,1,,,,,,8,8,8,,8,150,146,2,0,3,2,1,1,5,296,59,,,yes,yes,yes,yes,,no,no,no,no,no,,sandy,fair_condition,pedestrian_paths,1,0,0,yes,1767798348633.jpg,https://kf.kobotoolbox.org/api/v2/assets/aJh328C2e3SvoptDpoEUxb/data/644255775/attachments/attcNrk2Gq5UaK63GXsGEWCo/,1767798358607.jpg,https://kf.kobotoolbox.org/api/v2/assets/aJh328C2e3SvoptDpoEUxb/data/644255775/attachments/attu96TZBbRv4Cj74QNHdBTk/,broken,yes,no,,,,,,,,,,,,sometimes,piped_water,,no,no,mostly__unavailable___30_days,500m_or_further,yes,yes,200,yes,chlorination,,no,no,,,,,,,,,yes,10000,plastic_tank,0,1,0,0,0,,needs_repair,2,no,1,staff_rooms,0,0,0,0,1,0,,1,yes,no,yes,yes,needs_repair,1767798153264.jpg,https://kf.kobotoolbox.org/api/v2/assets/aJh328C2e3SvoptDpoEUxb/data/644255775/attachments/attUqu8NWxWYV8cuKX4azcEX/,1767798169715.jpg,https://kf.kobotoolbox.org/api/v2/assets/aJh328C2e3SvoptDpoEUxb/data/644255775/attachments/att6CbsMxerVYN82osXvbiLo/,1767798185101.jpg,https://kf.kobotoolbox.org/api/v2/assets/aJh328C2e3SvoptDpoEUxb/data/644255775/attachments/attRdEVVigV6E9w5y84Za9X4/,1767798204146.jpg,https://kf.kobotoolbox.org/api/v2/assets/aJh328C2e3SvoptDpoEUxb/data/644255775/attachments/attStHRaH2NXJmnz4BFGzPqG/,1767798219613.jpg,https://kf.kobotoolbox.org/api/v2/assets/aJh328C2e3SvoptDpoEUxb/data/644255775/attachments/att7hr47qR5XHuHdNDGGfBR5/,yes,4,within_the_health_facility__on_premise,1,0,0,4,no,4,yes,,0,,,2,2,4,,no,no,yes,no,somewhat_clean,at_all_times_during_the_school_day,needs_repair,pit_latrine_with_slab,0,1,0,0,0,0,0,,no,no,yes,water,0,1,0,0,0,,no,no,no,yes,no,no,,no,,,1767798646140.jpg,https://kf.kobotoolbox.org/api/v2/assets/aJh328C2e3SvoptDpoEUxb/data/644255775/attachments/attU3FScUkrYCrLeot5oxK9E/,1767798657885.jpg,https://kf.kobotoolbox.org/api/v2/assets/aJh328C2e3SvoptDpoEUxb/data/644255775/attachments/attnDtFpAYHtZWpkxXMrXm8f/,1767798672086.jpg,https://kf.kobotoolbox.org/api/v2/assets/aJh328C2e3SvoptDpoEUxb/data/644255775/attachments/attDJUBCUdFXBLPzVq4zKgcu/,1767798089237.jpg,https://kf.kobotoolbox.org/api/v2/assets/aJh328C2e3SvoptDpoEUxb/data/644255775/attachments/attjWKxNfdRwrFp7s72mqLhp/,no__there_are_handwashing_facilities_nea,,,,,,,,,,,,,,,,,,,,,,,,no,,,,,,,no,,,,,,,,no,no,,,,,,,,,no,no,,,,,,,no,,,,,,,,no,,,,,,,no,,no,yes,no,no,yes,yes,no,no,no,no,no,no,,no,no,no,no,,teachers,,teacher,,teachers,,teachers,,teachers,,,no,no,no,no,no,no,no,no,,,,,no,,no,
,,yes,2026-01-07 00:00:00,ke_0_3,ke_1_13,ke_2_64,Bahuri,Bahuri primary school ,day_school,1,0,0,ecde primary,1,1,0,0,0.1289867 39.6749883 174.29999999999998 3.4,0.1289867,39.6749883,174.3,3.4,11,31,74,,,72,52,0,0,4,0,1,2,4,124,31,,,yes,yes,yes,yes,,no,no,no,no,,,sandy,fair_condition,pedestrian_paths road_for_light_vehicles road_for_trucks,1,1,1,yes,1767798811035.jpg,https://kf.kobotoolbox.org/api/v2/assets/aJh328C2e3SvoptDpoEUxb/data/644264025/attachments/attEfyK7LXBi4q7DnhXv9mqi/,1767798822202.jpg,https://kf.kobotoolbox.org/api/v2/assets/aJh328C2e3SvoptDpoEUxb/data/644264025/attachments/attUBnBtAFzRBNgsnC3kNbgd/,good_condition_bldg,yes,no,,,,,,,,,,,,yes,piped_water,,yes,yes,yes,up_to_500m,yes,yes,100,no,,,don_t_know,no,,,,,,,,,yes,5000,plastic_tank,0,1,0,0,0,,point_good_condition,10,yes,1,preventive_health training___capacity_development_rooms caregiver_facilities staff_rooms,0,1,1,1,1,0,,1,yes,yes,yes,yes,point_good_condition,1767799061402.jpg,https://kf.kobotoolbox.org/api/v2/assets/aJh328C2e3SvoptDpoEUxb/data/644264025/attachments/attT9As3QfGvov7dx4U3j58L/,1767799074194.jpg,https://kf.kobotoolbox.org/api/v2/assets/aJh328C2e3SvoptDpoEUxb/data/644264025/attachments/attQDETEyP9VjteJUmucBE8G/,1767799085772.jpg,https://kf.kobotoolbox.org/api/v2/assets/aJh328C2e3SvoptDpoEUxb/data/644264025/attachments/att2MjGqTk2DDR6G7RXavW8j/,1767799095646.jpg,https://kf.kobotoolbox.org/api/v2/assets/aJh328C2e3SvoptDpoEUxb/data/644264025/attachments/att6L2iRZwfEMNCaVQhSUj4U/,1767799106443.jpg,https://kf.kobotoolbox.org/api/v2/assets/aJh328C2e3SvoptDpoEUxb/data/644264025/attachments/attTAM9HMSrMvBDTjivHUAzs/,yes,2,within_the_health_facility__on_premise,1,0,0,2,yes,,yes,2,0,0,2,2,2,8,6,no,yes,yes,no,clean,at_all_times_during_the_school_day,point_good_condition,pit_latrine_with_slab,0,1,0,0,0,0,0,,no,no,yes,water,0,1,0,0,0,,no,no,no,no,no,no,,no,,,1767799272591.jpg,https://kf.kobotoolbox.org/api/v2/assets/aJh328C2e3SvoptDpoEUxb/data/644264025/attachments/attFbNRHZR4GCuBhKCuMgBRf/,1767799292786.jpg,https://kf.kobotoolbox.org/api/v2/assets/aJh328C2e3SvoptDpoEUxb/data/644264025/attachments/att7fxGjGetfCvUp6mq6cjH8/,1767799303964.jpg,https://kf.kobotoolbox.org/api/v2/assets/aJh328C2e3SvoptDpoEUxb/data/644264025/attachments/attP4MfPYZTDCHJDeycCdaLN/,1767799316847.jpg,https://kf.kobotoolbox.org/api/v2/assets/aJh328C2e3SvoptDpoEUxb/data/644264025/attachments/att4Qdf2E8h5YkcXdJEP7Gcs/,no__there_are_handwashing_facilities_nea,,,,,,,,,,,,,,,,,,,,,,,,no,,,,,,,no,,,,,,,,no,no,,,,,,,,,no,no,,,,,,,no,,,,,,,,no,,,,,,,no,,no,yes,no,yes,yes,yes,no,no,no,no,no,,,no,no,no,no,,tod,,tod,,tod,,tod,,tod,,,yes,no,yes,no,no,no,no,yes,yes,no,,,no,,no,
,,yes,2026-01-08 00:00:00,ke_0_3,ke_1_16,ke_2_79,Mataarba village ,Mataarba primary school ,day_school,1,0,0,ecde primary jss,1,1,0,1,-1.3171881 40.7477065 39.98663330078125 3.216,-1.3171881,40.7477065,39.98663330078125,3.216,12,6,,,,210,184,3,5,4,5,2,0,9,394,44,,,no,yes,yes,yes,,no,no,yes,no,no,,sandy,fair_condition,pedestrian_paths,1,0,0,yes,1767849041460.jpg,https://kf.kobotoolbox.org/api/v2/assets/aJh328C2e3SvoptDpoEUxb/data/644576623/attachments/att2L9xcwPM8f7WhYXKsarLY/,1767849052420.jpg,https://kf.kobotoolbox.org/api/v2/assets/aJh328C2e3SvoptDpoEUxb/data/644576623/attachments/attvN4jd8kFsdCkTNfivAijx/,broken,no,yes,toilets___latrines water_taps,1,1,0,0,0,0,1767849143161.jpg,https://kf.kobotoolbox.org/api/v2/assets/aJh328C2e3SvoptDpoEUxb/data/644576623/attachments/attFUhh4FK2xwKaAAzYXAsgG/,1767849166651.jpg,https://kf.kobotoolbox.org/api/v2/assets/aJh328C2e3SvoptDpoEUxb/data/644576623/attachments/attCG8PtPCfGzdCVMHmCWu7K/,no,,,,,,,,,,,,,,,,,,,,,,,yes,10000,plastic_tank,0,1,0,0,0,,needs_repair,,no,2,other,0,0,0,0,0,1,Opposite to the classroom and staff room,1,yes,yes,yes,yes,needs_repair,1767849336826.jpg,https://kf.kobotoolbox.org/api/v2/assets/aJh328C2e3SvoptDpoEUxb/data/644576623/attachments/att52Lo2UibRcAMcKpHjDqoh/,1767849347654.jpg,https://kf.kobotoolbox.org/api/v2/assets/aJh328C2e3SvoptDpoEUxb/data/644576623/attachments/attNTLnZskc9XympsbxMZvvd/,1767849362288.jpg,https://kf.kobotoolbox.org/api/v2/assets/aJh328C2e3SvoptDpoEUxb/data/644576623/attachments/attScu7JoJVshJhim5gg666e/,1767849373407.jpg,https://kf.kobotoolbox.org/api/v2/assets/aJh328C2e3SvoptDpoEUxb/data/644576623/attachments/attm6EwkxwuWJSYASdGBvQX8/,1767849381907.jpg,https://kf.kobotoolbox.org/api/v2/assets/aJh328C2e3SvoptDpoEUxb/data/644576623/attachments/attWRrzCoKM89QpEMF9zoCHz/,yes,3,within_the_health_facility__on_premise,1,0,0,12,yes,,yes,1,1,1,1,1,1,4,1,no,yes,yes,no,somewhat_clean,at_all_times_during_the_school_day,needs_repair,pit_latrine_without_slab_open_pit,0,0,0,1,0,0,0,,yes,yes,yes,water toilet_paper,1,1,0,0,0,,yes,no,no,yes,yes,yes,,no,,,1767849746510.jpg,https://kf.kobotoolbox.org/api/v2/assets/aJh328C2e3SvoptDpoEUxb/data/644576623/attachments/attUy2SQRYYTxg2ddF8H2StQ/,1767849760809.jpg,https://kf.kobotoolbox.org/api/v2/assets/aJh328C2e3SvoptDpoEUxb/data/644576623/attachments/attaijJQFMcPSsNSJinhrNpF/,1767849779940.jpg,https://kf.kobotoolbox.org/api/v2/assets/aJh328C2e3SvoptDpoEUxb/data/644576623/attachments/attQwjizuXd3xXQmCM3WgsqX/,1767849791524.jpg,https://kf.kobotoolbox.org/api/v2/assets/aJh328C2e3SvoptDpoEUxb/data/644576623/attachments/att6QFPULbESBB5HjNmvFt7m/,no__there_are_handwashing_facilities_nea,,,,,,,,,,,,,,,,,,,,,,,,no,,,,,,,no,,,,,,,,no,no,,,,,,,,,no,no,1767849828443.jpg,https://kf.kobotoolbox.org/api/v2/assets/aJh328C2e3SvoptDpoEUxb/data/644576623/attachments/attJJYWay5zYw7CF3Q63gjai/,1767849836088.jpg,https://kf.kobotoolbox.org/api/v2/assets/aJh328C2e3SvoptDpoEUxb/data/644576623/attachments/attdupeW4AMvRnLnijFeiyPK/,1767849843663.jpg,https://kf.kobotoolbox.org/api/v2/assets/aJh328C2e3SvoptDpoEUxb/data/644576623/attachments/att3Zu6TUEyjFtSYznVcoYiy/,no,,,,,,,,no,,,,,,,no,,no,yes,no,no,no,,,,,,,,,yes,no,no,no,,tod,,tod,,tod,,teachers,,tod,,,yes,yes,no,no,,,,no,,,,,no,,yes,no
,,yes,2026-01-08 00:00:00,ke_0_3,ke_1_16,ke_2_78,Bula gona,Furqan primary School and junior school,mixed_day,0,0,1,ecde primary jss,1,1,0,1,-1.69685 40.1459433 49.0 4.933,-1.69685,40.1459433,49,4.933,11,1,2,,2,588,0,0,0,6,9,3,1,15,588,39,,,yes,yes,yes,yes,,no,no,no,no,no,,sandy,fair_condition,road_for_light_vehicles,0,1,0,yes,1767851920541.jpg,https://kf.kobotoolbox.org/api/v2/assets/aJh328C2e3SvoptDpoEUxb/data/644597051/attachments/attKNbqSJvBnqTHLJPXRySQ5/,1767851935111.jpg,https://kf.kobotoolbox.org/api/v2/assets/aJh328C2e3SvoptDpoEUxb/data/644597051/attachments/attX4ffcgeVVjLroZr49gX9y/,broken,no,no,,,,,,,,,,,,yes,piped_water,,yes,yes,yes,on_site,no,yes,1000,no,,,yes,no,,,,,,,,,yes,10000,plastic_tank,0,1,0,0,0,,point_good_condition,10,yes,1,preventive_health,0,1,0,0,0,0,,1,yes,yes,yes,yes,point_good_condition,1767852320305.jpg,https://kf.kobotoolbox.org/api/v2/assets/aJh328C2e3SvoptDpoEUxb/data/644597051/attachments/attaBDMdHCETeHRANBJnkCN6/,1767852340016.jpg,https://kf.kobotoolbox.org/api/v2/assets/aJh328C2e3SvoptDpoEUxb/data/644597051/attachments/attvPYb4ZdCdD2YGZUA8YYwN/,1767852362209.jpg,https://kf.kobotoolbox.org/api/v2/assets/aJh328C2e3SvoptDpoEUxb/data/644597051/attachments/attjLRoUQx9EcwxLjidCnXvU/,,,,,no,,,,,,,,,,,,,,,,0,,,,,,,,,,,,,,,,,,,,,,,,,,,,,,no,,,,,no,,,,,,,,,,,no__there_are_handwashing_facilities_nea,,,,,,,,,,,,,,,,,,,,,,,,no,,,,,,,no,,,,,,,,no,no,,,,,,,,,no,no,,,,,,,no,,,,,,,,yes,national_power_grid,0,1,0,0,,no,,no,yes,no,no,yes,yes,no,no,no,no,no,no,,no,no,no,no,,teachers,,teacher,,teachers,,tod,,tod,,,no,no,no,no,no,no,no,no,,,,,no,,no,
,,yes,2026-01-08 00:00:00,ke_0_3,ke_1_16,ke_2_79,Wakabharey,Wakabharey primary school,day_school,1,0,0,ecde primary jss,1,1,0,1,-1.3032634 40.7055019 61.199999999999996 4.7,-1.3032634,40.7055019,61.2,4.7,7,6,9,,11,100,1555,8,3,5,1,2,2,6,1655,276,,,no,no,yes,yes,,no,yes,yes,yes,,,sandy,fair_condition,pedestrian_paths,1,0,0,yes,1767852389894.jpg,https://kf.kobotoolbox.org/api/v2/assets/aJh328C2e3SvoptDpoEUxb/data/644601511/attachments/attLgheWin5urJe3ahzqbQkB/,1767852398733.jpg,https://kf.kobotoolbox.org/api/v2/assets/aJh328C2e3SvoptDpoEUxb/data/644601511/attachments/attV8j85CxWksGiQ8K3y2SGa/,broken,partial,yes,toilets___latrines,1,0,0,0,0,0,1767852506743.jpg,https://kf.kobotoolbox.org/api/v2/assets/aJh328C2e3SvoptDpoEUxb/data/644601511/attachments/attmUeQAVGAMZWT5Ydj8TCTd/,1767852521141.jpg,https://kf.kobotoolbox.org/api/v2/assets/aJh328C2e3SvoptDpoEUxb/data/644601511/attachments/atthDxZP8HkRh9WLoWSg8rxe/,no,,,,,,,,,,,,,,,,,,,,,,,yes,10000,plastic_tank,0,1,0,0,0,,point_good_condition,,no,1,occupational_therapy,1,0,0,0,0,0,,1,yes,yes,yes,yes,point_good_condition,1767852648001.jpg,https://kf.kobotoolbox.org/api/v2/assets/aJh328C2e3SvoptDpoEUxb/data/644601511/attachments/attqVnK4EyC6AqNC6dEX4HiA/,1767852660317.jpg,https://kf.kobotoolbox.org/api/v2/assets/aJh328C2e3SvoptDpoEUxb/data/644601511/attachments/attqMoWhk3Gnc3wYiv6i6dTc/,1767852676145.jpg,https://kf.kobotoolbox.org/api/v2/assets/aJh328C2e3SvoptDpoEUxb/data/644601511/attachments/attpPwq9twMP8mpuCgSs24Tt/,1767852686038.jpg,https://kf.kobotoolbox.org/api/v2/assets/aJh328C2e3SvoptDpoEUxb/data/644601511/attachments/attABAeezbLAMMUtNvEhnaq5/,,,yes,2,within_the_health_facility__on_premise,1,0,0,2,no,2,yes,,1,,,1,1,2,,yes,yes,yes,no,somewhat_clean,during_specific_times_during_the_school_,needs_repair,pit_latrine_without_slab_open_pit,0,0,0,1,0,0,0,,yes,no,yes,toilet_paper water,1,1,0,0,0,,yes,no,no,no,no,no,,no,,,1767852986484.jpg,https://kf.kobotoolbox.org/api/v2/assets/aJh328C2e3SvoptDpoEUxb/data/644601511/attachments/attXU3x9jzMszuw57k5N4h9E/,1767852995648.jpg,https://kf.kobotoolbox.org/api/v2/assets/aJh328C2e3SvoptDpoEUxb/data/644601511/attachments/att7eDz8tUhnCWnnB6RaK69E/,1767853002893.jpg,https://kf.kobotoolbox.org/api/v2/assets/aJh328C2e3SvoptDpoEUxb/data/644601511/attachments/attuoaX5rAbytoqMuQBMCpkB/,1767853012257.jpg,https://kf.kobotoolbox.org/api/v2/assets/aJh328C2e3SvoptDpoEUxb/data/644601511/attachments/attqGSy3P9aKBkTUN77bdU9P/,no__there_are_handwashing_facilities_nea,,,,,,,,,,,,,,,,,,,,,,,,no,,,,,,,no,,,,,,,,no,no,,,,,,,,,no,no,,,,,,,no,,,,,,,,no,,,,,,,no,,no,yes,no,no,,,,,,,,,,yes,no,no,no,,tod,,teacher,,teachers,,teachers,,tod,,,no,yes,no,no,no,,,no,,,,,no,,no,
,,yes,2026-01-08 00:00:00,ke_0_3,ke_1_16,ke_2_78,Hathajari,Hadhamajari,day_school,1,0,0,ecde primary,1,1,0,0,-1.6689967 40.2988317 50.5 4.9,-1.6689967,40.2988317,50.5,4.9,4,2,2,,,200,200,0,0,4,0,1,1,4,400,100,,,yes,,yes,yes,,,yes,yes,,,,sandy,good_condition,pedestrian_paths road_for_light_vehicles,1,1,0,yes,1767854831569.jpg,https://kf.kobotoolbox.org/api/v2/assets/aJh328C2e3SvoptDpoEUxb/data/644619813/attachments/attCRSD9M5Yr89RwZoUcuXWv/,1767854842900.jpg,https://kf.kobotoolbox.org/api/v2/assets/aJh328C2e3SvoptDpoEUxb/data/644619813/attachments/attvbPSmQpNCCk7mCxYGrbSW/,good_condition_bldg,no,no,,,,,,,,,,,,no,,,,,,,,,,,,,,,,,,,,,,,yes,4000,plastic_tank,0,1,0,0,0,,point_good_condition,,no,1,preventive_health,0,1,0,0,0,0,,1,no,no,yes,yes,point_good_condition,1767854927412.jpg,https://kf.kobotoolbox.org/api/v2/assets/aJh328C2e3SvoptDpoEUxb/data/644619813/attachments/attUAa3vwTxGzoSXmeey4Xqc/,,,,,,,,,no,,,,,,,,,,,,,,,,0,,,,,,,,,,,,,,,,,,,,,,,,,,,,,,don_t_know,,,,,don_t_know,,,,,,,,,,,no__there_are_handwashing_facilities_nea,,,,,,,,,,,,,,,,,,,,,,,,no,,,,,,,no,,,,,,,,no,no,,,,,,,,,no,no,,,,,,,no,,,,,,,,no,,,,,,,no,,,yes,,,yes,yes,,,,,,,,yes,no,no,no,,teachers,,teacher,,teachers,,teachers,,teachers,,,,yes,yes,,,,,no,,,,,no,,no,
,,yes,2026-01-08 00:00:00,ke_0_3,ke_1_13,ke_2_61,Gondob,Gondob ECDE,day_school,1,0,0,ecde,1,0,0,0,0.215536 39.962093 159.01626205444336 6117.93135736602,0.215536,39.962093,159.0162620544434,6117.93135736602,2,2,,,,13,32,0,0,1,1,0,,2,45,23,,,yes,no,yes,yes,,no,no,no,no,no,,sandy,poor_condition,pedestrian_paths road_for_light_vehicles,1,1,0,yes,image-10_1_55.jpg,https://kf.kobotoolbox.org/api/v2/assets/aJh328C2e3SvoptDpoEUxb/data/644628383/attachments/attUahBekUG4sWJ4xkmjQNRo/,image-10_2_3.jpg,https://kf.kobotoolbox.org/api/v2/assets/aJh328C2e3SvoptDpoEUxb/data/644628383/attachments/attaKGReyVXrrsSw3AjWXfJA/,broken,no,no,,,,,,,,,,,,no,,,,,,,,,,,,,,,,,,,,,,,no,,,,,,,,,,,no,0,,,,,,,,,,,,,,,,,,,,,,,,,no,,,,,,,,,,,,,,,,0,,,,,,,,,,,,,,,,,,,,,,,,,,,,,,no,,,,,no,,,,,,,,,,,no__there_are_handwashing_facilities_nea,,,,,,,,,,,,,,,,,,,,,,,,no,,,,,,,no,,,,,,,,no,no,,,,,,,,,no,no,,,,,,,no,,,,,,,,no,,,,,,,no,,no,yes,no,no,yes,yes,no,yes,no,yes,no,no,,no,no,no,no,,teachers,,teacher,,teachers,,teachers,,teachers,,,no,no,yes,no,no,yes,no,no,,,,,no,,no,
,,yes,2026-01-08 00:00:00,ke_0_3,ke_1_16,ke_2_78,Masalani,Masalani primary school and junior school,mixed_day,0,0,1,ecde primary jss,1,1,0,1,-1.6925464 40.1703173 47.79999923706055 4.983,-1.6925464,40.1703173,47.79999923706055,4.983,15,1,2,,2,858,423,0,0,22,23,4,3,45,1281,28,,,yes,yes,yes,yes,,no,no,no,no,no,,sandy,good_condition,road_for_light_vehicles,0,1,0,yes,1767856616400.jpg,https://kf.kobotoolbox.org/api/v2/assets/aJh328C2e3SvoptDpoEUxb/data/644648540/attachments/attQx959dT24KoxPEd9kkzRe/,1767856625529.jpg,https://kf.kobotoolbox.org/api/v2/assets/aJh328C2e3SvoptDpoEUxb/data/644648540/attachments/att8JSppyvQ5QfAztXCdN9oj/,broken,no,no,,,,,,,,,,,,yes,piped_water,,yes,yes,yes,on_site,yes,yes,2000,yes,chlorination,,yes,no,,,,,,,,,yes,10000,plastic_tank,0,1,0,0,0,,point_good_condition,5,yes,1,preventive_health,0,1,0,0,0,0,,2,yes,yes,yes,yes,point_good_condition,1767857059534.jpg,https://kf.kobotoolbox.org/api/v2/assets/aJh328C2e3SvoptDpoEUxb/data/644648540/attachments/att2U3p5ZidrttavytJhENBr/,1767857077538.jpg,https://kf.kobotoolbox.org/api/v2/assets/aJh328C2e3SvoptDpoEUxb/data/644648540/attachments/attWP99LbXCA5swvw5DdtCQT/,,,,,,,yes,14,within_the_health_facility__on_premise,1,0,0,12,yes,,yes,6,0,0,6,1,1,14,,no,no,yes,no,clean,at_all_times_during_the_school_day,point_good_condition,pit_latrine_with_slab,0,1,0,0,0,0,0,,yes,no,yes,water,0,1,0,0,0,,no,no,no,no,no,no,,no,,,1767857435547.jpg,https://kf.kobotoolbox.org/api/v2/assets/aJh328C2e3SvoptDpoEUxb/data/644648540/attachments/attuTiFPeazJRZjHBFwdsDmf/,1767857448807.jpg,https://kf.kobotoolbox.org/api/v2/assets/aJh328C2e3SvoptDpoEUxb/data/644648540/attachments/attPGyGSXaKMueAWZ3EYM9hU/,1767857481760.jpg,https://kf.kobotoolbox.org/api/v2/assets/aJh328C2e3SvoptDpoEUxb/data/644648540/attachments/attqNX8y8hQNUPdvfRaheUSu/,1767857501328.jpg,https://kf.kobotoolbox.org/api/v2/assets/aJh328C2e3SvoptDpoEUxb/data/644648540/attachments/attdWLZvvmBGwpcwgjdVcyTk/,no__there_are_handwashing_facilities_nea,,,,,,,,,,,,,,,,,,,,,,,,no,,,,,,,no,,,,,,,,no,no,,,,,,,,,no,yes,,,,,,,no,,,,,,,,yes,national_power_grid,0,1,0,0,,no,,no,yes,no,no,,yes,no,no,no,yes,no,no,,no,no,no,no,,teachers,,teacher,,tod,,tod,,teachers,,,no,no,no,no,no,,,no,,,,,no,,no,
,,yes,2026-01-08 00:00:00,ke_0_3,ke_1_14,ke_2_70,Madahmarub,Madahmarub Primary school,day_school,1,0,0,ecde primary,1,1,0,0,-0.434684 40.336419 107.66271059075811 18.67640930492729,-0.434684,40.336419,107.6627105907581,18.67640930492729,5,6,6,,,306,158,0,0,3,0,1,1,3,464,155,,,yes,yes,yes,yes,,no,yes,yes,yes,no,,loamy_soil,fair_condition,pedestrian_paths road_for_light_vehicles,1,1,0,yes,image-10_3_53.jpg,https://kf.kobotoolbox.org/api/v2/assets/aJh328C2e3SvoptDpoEUxb/data/644667106/attachments/att2tkCg8fqyydyGJPRriFRg/,image-10_4_34.jpg,https://kf.kobotoolbox.org/api/v2/assets/aJh328C2e3SvoptDpoEUxb/data/644667106/attachments/attnt2bh5sEVmneYG4rQGCc9/,broken,no,yes,toilets___latrines fence main_building,1,0,0,0,1,1,image-10_7_44.jpg,https://kf.kobotoolbox.org/api/v2/assets/aJh328C2e3SvoptDpoEUxb/data/644667106/attachments/atthpBhNYf4m5k9BQHvRckhb/,image-10_8_23.jpg,https://kf.kobotoolbox.org/api/v2/assets/aJh328C2e3SvoptDpoEUxb/data/644667106/attachments/attV8xAEXS2J5vzMV3KQEsZ6/,no,,,,,,,,,,,,,,,,,,,,,,,no,,,,,,,,,,,no,0,,,,,,,,,,,,,,,,,,,,,,,,,yes,,outside_building__but_not_on_premise,0,1,0,2,no,2,no,,,,,,,0,,no,no,no,no,somewhat_clean,at_all_times_during_the_school_day,damaged,pit_latrine_with_slab,0,1,0,0,0,0,0,,yes,no,yes,water,0,1,0,0,0,,yes,yes,no,no,no,no,,no,,,image-10_13_3.jpg,https://kf.kobotoolbox.org/api/v2/assets/aJh328C2e3SvoptDpoEUxb/data/644667106/attachments/attwthXgEmDogU9t8s4ikFwn/,image-10_13_25.jpg,https://kf.kobotoolbox.org/api/v2/assets/aJh328C2e3SvoptDpoEUxb/data/644667106/attachments/attrs7aZSQr36C75jWbWorYf/,image-10_15_40.jpg,https://kf.kobotoolbox.org/api/v2/assets/aJh328C2e3SvoptDpoEUxb/data/644667106/attachments/attoEpAV2W6BmvVFHgvgwoBv/,image-10_15_52.jpg,https://kf.kobotoolbox.org/api/v2/assets/aJh328C2e3SvoptDpoEUxb/data/644667106/attachments/attSpuW2ngVZvjgW86aHYaHD/,no__there_are_handwashing_facilities_nea,,,,,,,,,,,,,,,,,,,,,,,,no,,,,,,,no,,,,,,,,no,no,,,,,,,,,no,no,,,,,,,no,,,,,,,,no,,,,,,,no,,no,yes,no,yes,no,yes,yes,yes,yes,no,,no,,no,no,no,no,,teachers,,teacher,,teachers,,teachers,,teachers,,,,yes,yes,,no,no,no,no,,,,,no,,no,
,,yes,2026-01-08 00:00:00,ke_0_3,ke_1_13,ke_2_61,Marothiley,Marothiley primary,day_school,1,0,0,ecde primary jss,1,1,0,1,0.161289 40.088165 165.0062427520752 55.22554561106271,0.161289,40.088165,165.0062427520752,55.22554561106271,11,6,8,,8,187,74,1,0,8,0,3,1,8,261,33,,,yes,no,yes,yes,,no,no,no,no,no,,sandy,fair_condition,pedestrian_paths road_for_light_vehicles road_for_trucks,1,1,1,yes,image-10_46_27.jpg,https://kf.kobotoolbox.org/api/v2/assets/aJh328C2e3SvoptDpoEUxb/data/644667863/attachments/attzQpXujSHgWuP2TFEvW5Mw/,image-10_46_41.jpg,https://kf.kobotoolbox.org/api/v2/assets/aJh328C2e3SvoptDpoEUxb/data/644667863/attachments/attRbKSGXRkpH6My4uWSdpG3/,broken,no,no,,,,,,,,,,,,yes,piped_water,,yes,yes,yes,up_to_500m,no,no,,,,,no,no,,,,,,,,,yes,1000,plastic_tank,0,1,0,0,0,,point_good_condition,2,no,1,preventive_health,0,1,0,0,0,0,,1,,yes,yes,yes,point_good_condition,image-10_47_57.jpg,https://kf.kobotoolbox.org/api/v2/assets/aJh328C2e3SvoptDpoEUxb/data/644667863/attachments/attpWaBx2U6tJY4ZdMCmGo8s/,image-10_48_8.jpg,https://kf.kobotoolbox.org/api/v2/assets/aJh328C2e3SvoptDpoEUxb/data/644667863/attachments/attZ86Bp6YLcwe8vqZmchAQz/,image-10_48_24.jpg,https://kf.kobotoolbox.org/api/v2/assets/aJh328C2e3SvoptDpoEUxb/data/644667863/attachments/att5ESsp6mu2bmnKQ9Mkhtdx/,image-10_48_32.jpg,https://kf.kobotoolbox.org/api/v2/assets/aJh328C2e3SvoptDpoEUxb/data/644667863/attachments/attVroEHPt4dYnpJP22cG9xe/,image-10_48_39.jpg,https://kf.kobotoolbox.org/api/v2/assets/aJh328C2e3SvoptDpoEUxb/data/644667863/attachments/attpzGavPXGnEFcRM3BCuJKB/,yes,12,within_the_health_facility__on_premise,1,0,0,12,yes,,yes,6,3,0,6,3,3,18,6,yes,yes,yes,yes,somewhat_clean,at_all_times_during_the_school_day,,pit_latrine_with_slab,0,1,0,0,0,0,0,,yes,no,yes,water,0,1,0,0,0,,no,no,no,no,,no,,no,,,image-10_50_34.jpg,https://kf.kobotoolbox.org/api/v2/assets/aJh328C2e3SvoptDpoEUxb/data/644667863/attachments/attP6Wigo8Uikh4FG4sVgNMc/,image-10_50_52.jpg,https://kf.kobotoolbox.org/api/v2/assets/aJh328C2e3SvoptDpoEUxb/data/644667863/attachments/attwXwhze2DHyxtkxeZoKHzt/,,,,,no__there_are_handwashing_facilities_nea,,,,,,,,,,,,,,,,,,,,,,,,no,,,,,,,no,,,,,,,,no,no,,,,,,,,,no,no,,,,,,,no,,,,,,,,no,,,,,,,no,,no,yes,no,no,yes,yes,no,yes,no,no,no,no,,yes,no,no,no,,teachers,,teacher,,teachers,,teachers,,teachers,,,no,yes,yes,no,yes,no,yes,yes,yes,no,,,no,,no,
,,yes,2026-01-08 00:00:00,ke_0_3,ke_1_16,ke_2_78,Falama,Falama primary ,day_school,1,0,0,ecde primary,1,1,0,0,-1.7847037 40.3949977 34.099999999999994 4.62,-1.7847037,40.3949977,34.09999999999999,4.62,3,2,2,,,83,76,0,0,4,1,1,1,5,159,32,,,yes,,yes,yes,,,yes,yes,,,,sandy,good_condition,pedestrian_paths road_for_light_vehicles,1,1,0,yes,1767857147359.jpg,https://kf.kobotoolbox.org/api/v2/assets/aJh328C2e3SvoptDpoEUxb/data/644677041/attachments/attXXSfUxsvCE4vDgewEf2DW/,1767857157168.jpg,https://kf.kobotoolbox.org/api/v2/assets/aJh328C2e3SvoptDpoEUxb/data/644677041/attachments/attv3wjsv8i8yLduA5tV7iPs/,good_condition_bldg,no,no,,,,,,,,,,,,no,,,,,,,,,,,,,,,,,,,,,,,yes,10000,plastic_tank,0,1,0,0,0,,point_good_condition,,no,2,preventive_health,0,1,0,0,0,0,,2,no,no,no,yes,point_good_condition,1767857246336.jpg,https://kf.kobotoolbox.org/api/v2/assets/aJh328C2e3SvoptDpoEUxb/data/644677041/attachments/att3iSmakYYzGEkXCRXiZTer/,,,,,,,,,no,,,,,,,,,,,,,,,,0,,,,,,,,,,,,,,,,,,,,,,,,,,,,,,no,,,,,no,,,,,,,,,,,no__there_are_handwashing_facilities_nea,,,,,,,,,,,,,,,,,,,,,,,,no,,,,,,,no,,,,,,,,no,no,,,,,,,,,no,no,,,,,,,no,,,,,,,,no,,,,,,,no,,,yes,,,yes,yes,,,,,,,,yes,no,no,no,,teachers,,teacher,,teachers,,teachers,,,,,,yes,yes,,,,,no,,,,,no,,no,
,,yes,2026-01-08 00:00:00,ke_0_3,ke_1_16,ke_2_78,Shabeley ,Shabeley primary school,day_school,1,0,0,ecde primary,1,1,0,0,-1.7569283 40.2186167 43.3 4.875,-1.7569283,40.2186167,43.3,4.875,6,1,1,,,115,65,2,2,2,0,2,2,2,180,90,,,no,no,yes,yes,,no,no,no,yes,no,,sandy,poor_condition,road_for_light_vehicles,0,1,0,yes,1767860105878.jpg,https://kf.kobotoolbox.org/api/v2/assets/aJh328C2e3SvoptDpoEUxb/data/644683796/attachments/attJ3zTHpyZNYedymhhNCXyL/,1767860115900.jpg,https://kf.kobotoolbox.org/api/v2/assets/aJh328C2e3SvoptDpoEUxb/data/644683796/attachments/attNQMRR9pNCTLc589mNQxqc/,broken,no,no,,,,,,,,,,,,no,,,,,,,,,,,,,,,,,,,,,,,yes,5000,plastic_tank,0,1,0,0,0,,point_good_condition,,no,1,preventive_health,0,1,0,0,0,0,,1,yes,yes,yes,yes,point_good_condition,1767860283110.jpg,https://kf.kobotoolbox.org/api/v2/assets/aJh328C2e3SvoptDpoEUxb/data/644683796/attachments/attqdXyjqCpfVr74UADtEWFw/,1767860296252.jpg,https://kf.kobotoolbox.org/api/v2/assets/aJh328C2e3SvoptDpoEUxb/data/644683796/attachments/attsyXycXN7JsLhQehchgiZk/,,,,,,,yes,2,within_the_health_facility__on_premise,1,0,0,2,no,0,no,,,,,,,0,,no,no,yes,no,clean,at_all_times_during_the_school_day,point_good_condition,pit_latrine_with_slab,0,1,0,0,0,0,0,,no,no,no,,,,,,,,no,no,no,no,no,no,,no,,,1767860457132.jpg,https://kf.kobotoolbox.org/api/v2/assets/aJh328C2e3SvoptDpoEUxb/data/644683796/attachments/atte5n3QrKyWByMbzdegLF4v/,1767860474038.jpg,https://kf.kobotoolbox.org/api/v2/assets/aJh328C2e3SvoptDpoEUxb/data/644683796/attachments/attckdJPGnnexrecds5u3caU/,,,,,no__there_are_handwashing_facilities_nea,,,,,,,,,,,,,,,,,,,,,,,,no,,,,,,,no,,,,,,,,no,yes,open_burning,0,1,0,0,0,0,,yes,no,,,,,,,no,,,,,,,,no,,,,,,,no,,no,yes,no,no,yes,yes,no,no,no,no,no,no,,no,no,no,no,,teachers,,teacher,,teachers,,teachers,,teachers,,,no,no,no,no,no,no,no,no,,,,,no,,no,
,,yes,2026-01-08 00:00:00,ke_0_3,ke_1_14,ke_2_67,Bura,Bura boarding junior school,boarding_school,0,1,0,primary ecde jss,1,1,0,1,-1.0903022 39.9459754 43.6 4.95,-1.0903022,39.9459754,43.6,4.95,14,7,9,,11,358,355,4,5,8,4,3,1,12,713,59,,,yes,yes,yes,no,,yes,no,yes,yes,no,,sandy,fair_condition,pedestrian_paths,1,0,0,yes,1767859671068.jpg,https://kf.kobotoolbox.org/api/v2/assets/aJh328C2e3SvoptDpoEUxb/data/644692151/attachments/att2Jt4zzqasfbxC8aifxASH/,1767859682355.jpg,https://kf.kobotoolbox.org/api/v2/assets/aJh328C2e3SvoptDpoEUxb/data/644692151/attachments/attK9RzHPzAJ9URsnfFPqHQs/,broken,no,no,,,,,,,,,,,,sometimes,piped_water,,yes,yes,no,500m_or_further,yes,no,,no,,,no,don_t_know,,,,,,,,,yes,10000,concrete_tank plastic_tank,1,1,0,0,0,,needs_repair,5,no,1,preventive_health,0,1,0,0,0,0,,1,yes,yes,yes,yes,needs_repair,1767860102261.jpg,https://kf.kobotoolbox.org/api/v2/assets/aJh328C2e3SvoptDpoEUxb/data/644692151/attachments/attCuBrztiJA7eSJJhZvSGeg/,1767860171922.jpg,https://kf.kobotoolbox.org/api/v2/assets/aJh328C2e3SvoptDpoEUxb/data/644692151/attachments/att45WZ6mpyGUKfGvQeGZT88/,,,,,,,yes,12,within_the_health_facility__on_premise,1,0,0,10,yes,,yes,4,0,0,6,1,1,12,,no,no,no,no,somewhat_clean,during_specific_times_during_the_school_,needs_repair,pit_latrine_without_slab_open_pit pit_latrine_with_slab,0,1,0,1,0,0,0,,yes,no,yes,water,0,1,0,0,0,,no,yes,no,no,no,yes,,no,,,1767860374376.jpg,https://kf.kobotoolbox.org/api/v2/assets/aJh328C2e3SvoptDpoEUxb/data/644692151/attachments/attDmU5mCKHaHoc2cWVhxKHN/,1767860382454.jpg,https://kf.kobotoolbox.org/api/v2/assets/aJh328C2e3SvoptDpoEUxb/data/644692151/attachments/attdDKe4PLtaiFHQfzaqXyPU/,1767860424823.jpg,https://kf.kobotoolbox.org/api/v2/assets/aJh328C2e3SvoptDpoEUxb/data/644692151/attachments/attTFjDDbteRnod7eRR2qjvG/,1767860433349.jpg,https://kf.kobotoolbox.org/api/v2/assets/aJh328C2e3SvoptDpoEUxb/data/644692151/attachments/attwp9oPqtejZg8qFLY95LmN/,no__there_are_handwashing_facilities_nea,,,,,,,,,,,,,,,,,,,,,,,,no,,,,,,,yes,,yes,no,no,no,no,no,no,no,,,,,,,,,no,yes,,,,,,,no,,,,,,,,yes,national_power_grid,0,1,0,0,,no,,no,yes,no,yes,yes,yes,no,no,yes,yes,no,no,,yes,yes,no,no,,tod,,teacher,,teachers,,teachers,,teachers,,,no,yes,yes,no,no,no,no,yes,no,no,,,no,,no,
,,yes,2026-01-08 00:00:00,ke_0_3,ke_1_14,ke_2_70,Fafi center,Fafi Primary and Junior School,mixed_day,0,0,1,ecde primary jss,1,1,0,1,-0.393913 40.326585 112.80280756757203 74.61134835890489,-0.393913,40.326585,112.802807567572,74.61134835890489,7,6,7,,8,273,187,2,1,7,0,2,2,7,460,66,,,yes,yes,yes,yes,,yes,no,yes,yes,no,,sandy,fair_condition,pedestrian_paths road_for_light_vehicles road_for_trucks,1,1,1,yes,image-11_11_34.jpg,https://kf.kobotoolbox.org/api/v2/assets/aJh328C2e3SvoptDpoEUxb/data/644696933/attachments/attP8mZVhxgJ5fNjbHNzdCFH/,image-11_11_53.jpg,https://kf.kobotoolbox.org/api/v2/assets/aJh328C2e3SvoptDpoEUxb/data/644696933/attachments/att7ZEdfqyY3UtCTYUBYLzQt/,broken,partial,no,,,,,,,,,,,,sometimes,tanker,,no,no,no,500m_or_further,no,no,,no,,,no,no,,,,,,,,,yes,60000,concrete_tank plastic_tank,1,1,0,0,0,,needs_repair,,no,1,occupational_therapy,1,0,0,0,0,0,,1,no,yes,yes,no,point_good_condition,,,image-11_24_31.jpg,https://kf.kobotoolbox.org/api/v2/assets/aJh328C2e3SvoptDpoEUxb/data/644696933/attachments/attqHgt8uyQckWuWKchTgCsn/,image-11_25_11.jpg,https://kf.kobotoolbox.org/api/v2/assets/aJh328C2e3SvoptDpoEUxb/data/644696933/attachments/attGtijvbtfAx3ASd668WRDb/,image-11_25_25.jpg,https://kf.kobotoolbox.org/api/v2/assets/aJh328C2e3SvoptDpoEUxb/data/644696933/attachments/att7E2iCXwoKSUb4bAVvKGR5/,image-11_25_35.jpg,https://kf.kobotoolbox.org/api/v2/assets/aJh328C2e3SvoptDpoEUxb/data/644696933/attachments/attT62WumM2ksVHkxhTerRqA/,yes,16,outside_building__but_not_on_premise,0,1,0,11,yes,,yes,6,0,0,5,0,0,11,,no,no,no,no,not_clean,at_all_times_during_the_school_day,needs_repair,pit_latrine_with_slab,0,1,0,0,0,0,0,,yes,no,yes,water,0,1,0,0,0,,yes,no,no,no,no,yes,,no,,,image-11_35_1.jpg,https://kf.kobotoolbox.org/api/v2/assets/aJh328C2e3SvoptDpoEUxb/data/644696933/attachments/att2uATeyUTJiG8JnsJ9QVLs/,image-11_35_15.jpg,https://kf.kobotoolbox.org/api/v2/assets/aJh328C2e3SvoptDpoEUxb/data/644696933/attachments/attMpG7F8cnTNBtKZr7gRNTA/,image-11_35_59.jpg,https://kf.kobotoolbox.org/api/v2/assets/aJh328C2e3SvoptDpoEUxb/data/644696933/attachments/attU46GgtzSQXM6Lk37efUWb/,image-11_36_13.jpg,https://kf.kobotoolbox.org/api/v2/assets/aJh328C2e3SvoptDpoEUxb/data/644696933/attachments/attfcodZd4mF5SEeQmedavdD/,yes,1,permanent__concrete_metal__sta container_with_tap__veronica_b,1,0,1,0,0,0,,water_only,classrooms,0,0,0,1,0,0,,no,,,,,,image-11_38_6.jpg,https://kf.kobotoolbox.org/api/v2/assets/aJh328C2e3SvoptDpoEUxb/data/644696933/attachments/attYgppFme86rxFUYpYY3BWe/,image-11_38_20.jpg,https://kf.kobotoolbox.org/api/v2/assets/aJh328C2e3SvoptDpoEUxb/data/644696933/attachments/attDMoCtkiwiArz7RZoUc4dG/,,,no,,,,,,,,no,no,,,,,,,,,yes,yes,,,,,,,no,,,,,,,,no,,,,,,,no,,no,yes,no,yes,yes,yes,,yes,yes,no,no,no,,yes,no,no,no,,teachers,,teacher,,teachers,,teachers,,teachers,,,no,yes,no,yes,yes,,no,no,,,,,no,,no,
,,yes,2026-01-08 00:00:00,ke_0_3,ke_1_16,ke_2_77,Bullagogon,Bulaqoqon primary ,day_school,1,0,0,ecde primary,1,1,0,0,-1.6737424 40.5153661 -43.099999999999994 4.96,-1.6737424,40.5153661,-43.09999999999999,4.96,5,2,2,,,48,32,0,0,4,0,1,1,4,80,20,,,yes,,yes,yes,,,yes,yes,,,,sandy,good_condition,pedestrian_paths road_for_light_vehicles,1,1,0,yes,1767861112463.jpg,https://kf.kobotoolbox.org/api/v2/assets/aJh328C2e3SvoptDpoEUxb/data/644698057/attachments/attLAxPJbh7ZKpDLrdgP5HTk/,1767861121476.jpg,https://kf.kobotoolbox.org/api/v2/assets/aJh328C2e3SvoptDpoEUxb/data/644698057/attachments/attsLDjZRkEixbmE2Mttm5YM/,good_condition_bldg,no,no,,,,,,,,,,,,no,,,,,,,,,,,,,,,,,,,,,,,yes,20000,plastic_tank,0,1,0,0,0,,point_good_condition,,no,2,preventive_health,0,1,0,0,0,0,,2,no,no,no,yes,point_good_condition,1767861247229.jpg,https://kf.kobotoolbox.org/api/v2/assets/aJh328C2e3SvoptDpoEUxb/data/644698057/attachments/attSWXHNUrHH9gjbV58VvH8x/,1767861264998.jpg,https://kf.kobotoolbox.org/api/v2/assets/aJh328C2e3SvoptDpoEUxb/data/644698057/attachments/attsRmKzebj9MKVWRC937Fzd/,,,,,,,no,,,,,,,,,,,,,,,,0,,,,,,,,,,,,,,,,,,,,,,,,,,,,,,no,,,,,no,,,,,,,,,,,no__there_are_handwashing_facilities_nea,,,,,,,,,,,,,,,,,,,,,,,,no,,,,,,,no,,,,,,,,no,no,,,,,,,,,no,no,,,,,,,no,,,,,,,,no,,,,,,,no,,,yes,,,yes,yes,,,yes,,,,,yes,no,no,no,,teachers,,teacher,,teachers,,tod,,,,,,yes,yes,,yes,,,no,,,,,no,,no,
,,yes,2026-01-08 00:00:00,ke_0_3,ke_1_16,ke_2_77,Bultohama,Bultuhama primary,day_school,1,0,0,ecde primary,1,1,0,0,-1.7731979 40.4433873 32.300000000000004 4.4,-1.7731979,40.4433873,32.3,4.4,5,2,2,,,111,64,0,0,3,0,1,1,3,175,58,,,yes,,yes,yes,,,yes,yes,,,,sandy,good_condition,pedestrian_paths road_for_light_vehicles,1,1,0,yes,1767858918408.jpg,https://kf.kobotoolbox.org/api/v2/assets/aJh328C2e3SvoptDpoEUxb/data/644699615/attachments/attMpjZYKGJFhsYvjKBvgrDv/,1767858928747.jpg,https://kf.kobotoolbox.org/api/v2/assets/aJh328C2e3SvoptDpoEUxb/data/644699615/attachments/atteBYmppX5NdMvXkNXxRMRj/,good_condition_bldg,no,no,,,,,,,,,,,,no,,,,,,,,,,,,,,,,,,,,,,,yes,20000,plastic_tank,0,1,0,0,0,,point_good_condition,,no,2,preventive_health,0,1,0,0,0,0,,2,no,no,no,yes,point_good_condition,1767859017442.jpg,https://kf.kobotoolbox.org/api/v2/assets/aJh328C2e3SvoptDpoEUxb/data/644699615/attachments/attuMQEzf45FGxSTkPoJpqUL/,1767859033767.jpg,https://kf.kobotoolbox.org/api/v2/assets/aJh328C2e3SvoptDpoEUxb/data/644699615/attachments/atto4WeaVRs3iasshA7JnMcp/,,,,,,,no,,,,,,,,,,,,,,,,0,,,,,,,,,,,,,,,,,,,,,,,,,,,,,,no,,,,,no,,,,,,,,,,,no__there_are_handwashing_facilities_nea,,,,,,,,,,,,,,,,,,,,,,,,,,,,,,,,,,,,,,,no,no,,,,,,,,,no,no,,,,,,,no,,,,,,,,no,,,,,,,no,,,yes,,,yes,yes,,,,,,,,yes,no,no,no,,teachers,,teacher,,teachers,,teachers,,teachers,,,,,,,,,,no,,,,,no,,,
,,yes,2026-01-08 00:00:00,ke_0_3,ke_1_16,ke_2_79,Sangailu,Sangailu primary school,mixed_day,0,0,1,ecde primary jss,1,1,0,1,-1.314968 40.7309911 48.599999999999994 3.1,-1.314968,40.7309911,48.59999999999999,3.1,11,3,7,,8,840,754,0,0,13,4,2,1,17,1594,94,,,no,yes,yes,yes,,no,no,yes,no,no,,sandy,good_condition,pedestrian_paths road_for_light_vehicles road_for_trucks,1,1,1,yes,1767860874381.jpg,https://kf.kobotoolbox.org/api/v2/assets/aJh328C2e3SvoptDpoEUxb/data/644701829/attachments/attC5cptpYM97ytRPj4aJaAU/,1767860885104.jpg,https://kf.kobotoolbox.org/api/v2/assets/aJh328C2e3SvoptDpoEUxb/data/644701829/attachments/attUeENnzojmVQAVrtAPTFcQ/,broken,no,yes,toilets___latrines water_taps,1,1,0,0,0,0,1767861040787.jpg,https://kf.kobotoolbox.org/api/v2/assets/aJh328C2e3SvoptDpoEUxb/data/644701829/attachments/attsA6HsqTZUD4s4uMjDFQEQ/,1767861079684.jpg,https://kf.kobotoolbox.org/api/v2/assets/aJh328C2e3SvoptDpoEUxb/data/644701829/attachments/attDXidBe73z48UFc7QQbwgm/,sometimes,surface_water__river__dam__lak,,yes,yes,mostly__unavailable___30_days,500m_or_further,no,yes,200,yes,other,Water Tabs,no,no,,,,,,,,,yes,5000,plastic_tank,0,1,0,0,0,,needs_repair,,no,1,preventive_health,0,1,0,0,0,0,,1,yes,yes,yes,no,needs_repair,1767861325486.jpg,https://kf.kobotoolbox.org/api/v2/assets/aJh328C2e3SvoptDpoEUxb/data/644701829/attachments/attRiMDG6gJXhgYomEEvtLCa/,1767861333533.jpg,https://kf.kobotoolbox.org/api/v2/assets/aJh328C2e3SvoptDpoEUxb/data/644701829/attachments/attBmAJeWj4sDx96mACY8SjG/,1767861347177.jpg,https://kf.kobotoolbox.org/api/v2/assets/aJh328C2e3SvoptDpoEUxb/data/644701829/attachments/attcDgdv47YjKKEkUdS2nJUj/,1767861397751.jpg,https://kf.kobotoolbox.org/api/v2/assets/aJh328C2e3SvoptDpoEUxb/data/644701829/attachments/attJ9Bcs4ZANdo9f8C35FK5p/,1767861404324.jpg,https://kf.kobotoolbox.org/api/v2/assets/aJh328C2e3SvoptDpoEUxb/data/644701829/attachments/att4NDsoMZ5mK9TA92bdSSNf/,yes,12,within_the_health_facility__on_premise,1,0,0,5,yes,,yes,4,0,0,6,1,1,12,,yes,yes,yes,no,somewhat_clean,during_specific_times_during_the_school_,needs_repair,pit_latrine_without_slab_open_pit,0,0,0,1,0,0,0,,yes,no,yes,water toilet_paper,1,1,0,0,0,,yes,yes,no,no,no,no,,no,,,1767861823264.jpg,https://kf.kobotoolbox.org/api/v2/assets/aJh328C2e3SvoptDpoEUxb/data/644701829/attachments/attWVw3yiWc5qQd8qe7gGkbf/,1767861840265.jpg,https://kf.kobotoolbox.org/api/v2/assets/aJh328C2e3SvoptDpoEUxb/data/644701829/attachments/attBNUVsDkcza8Bze7jzyKtW/,1767861864474.jpg,https://kf.kobotoolbox.org/api/v2/assets/aJh328C2e3SvoptDpoEUxb/data/644701829/attachments/attPSNKV96GpskGUXYUgbrVV/,1767861878525.jpg,https://kf.kobotoolbox.org/api/v2/assets/aJh328C2e3SvoptDpoEUxb/data/644701829/attachments/attnFV6V6pRzKH9EqWvimJtW/,no__there_are_handwashing_facilities_nea,,,,,,,,,,,,,,,,,,,,,,,,no,,,,,,,no,,,,,,,,no,no,,,,,,,,,no,yes,,,,,,,no,,,,,,,,no,,,,,,,no,,no,yes,no,no,yes,no,no,no,no,,no,no,,no,no,no,no,,tod,,teacher,,teachers,,tod,,teachers,,,no,no,no,no,no,no,no,no,,,,,no,,no,
,,yes,2026-01-08 00:00:00,ke_0_3,ke_1_16,ke_2_78,Momed Dahir,Dahir primary school and Junior school,day_school,1,0,0,ecde primary jss,1,1,0,1,-1.7002583 40.1900417 51.7 4.26,-1.7002583,40.1900417,51.7,4.26,11,1,2,,2,194,74,3,2,7,4,1,1,11,268,24,,,yes,yes,yes,yes,,no,no,yes,no,no,,sandy,fair_condition,road_for_light_vehicles,0,1,0,yes,1767861903943.jpg,https://kf.kobotoolbox.org/api/v2/assets/aJh328C2e3SvoptDpoEUxb/data/644706959/attachments/attnL35uRGfiXLhw8McueEzB/,1767861912846.jpg,https://kf.kobotoolbox.org/api/v2/assets/aJh328C2e3SvoptDpoEUxb/data/644706959/attachments/attbtEVh6B9GbKvx2Bf788AL/,broken,no,no,,,,,,,,,,,,no,,,,,,,,,,,,,,,,,,,,,,,yes,15000,plastic_tank,0,1,0,0,0,,point_good_condition,,no,0,,,,,,,,,,,,,,,,,,,,,,,,,yes,2,within_the_health_facility__on_premise,1,0,0,2,no,0,no,,,,,,,0,,no,no,no,no,clean,at_all_times_during_the_school_day,point_good_condition,pit_latrine_with_slab,0,1,0,0,0,0,0,,no,no,yes,water,0,1,0,0,0,,no,no,no,no,no,no,,no,,,1767862342674.jpg,https://kf.kobotoolbox.org/api/v2/assets/aJh328C2e3SvoptDpoEUxb/data/644706959/attachments/attPUMMjVroVPDE8x7RXGjy8/,1767862366349.jpg,https://kf.kobotoolbox.org/api/v2/assets/aJh328C2e3SvoptDpoEUxb/data/644706959/attachments/attteuejexKrXvVyYpspCm3A/,,,,,no__there_are_handwashing_facilities_nea,,,,,,,,,,,,,,,,,,,,,,,,no,,,,,,,no,,,,,,,,no,no,,,,,,,,,yes,yes,,,,,,,no,,,,,,,,yes,national_power_grid,0,1,0,0,,no,,no,,no,no,,,no,no,no,no,no,,,no,no,no,no,,teachers,,teacher,,teachers,,teachers,,teachers,,,no,no,no,no,no,,,no,,,,,no,,no,
,,yes,2026-01-08 00:00:00,ke_0_3,ke_1_16,ke_2_77,Waranwein,Waranwein primary ,day_school,1,0,0,ecde primary jss,1,1,0,1,-1.6147483 40.5221833 22.300000000000004 4.0,-1.6147483,40.5221833,22.3,4,6,2,2,,2,30,50,0,0,7,2,2,1,9,80,9,,,,,yes,yes,,,,yes,,,,sandy,good_condition,pedestrian_paths road_for_light_vehicles road_for_trucks,1,1,1,yes,1767862929169.jpg,https://kf.kobotoolbox.org/api/v2/assets/aJh328C2e3SvoptDpoEUxb/data/644716514/attachments/attdHztUJuQXGoc2ikeTWmHz/,1767862940979.jpg,https://kf.kobotoolbox.org/api/v2/assets/aJh328C2e3SvoptDpoEUxb/data/644716514/attachments/attfHbfKZSxpXVAAnBnuZ6yi/,good_condition_bldg,no,no,,,,,,,,,,,,no,,,,,,,,,,,,,,,,,,,,,,,yes,10000,plastic_tank,0,1,0,0,0,,point_good_condition,,no,2,preventive_health,0,1,0,0,0,0,,2,no,no,no,yes,point_good_condition,1767863038449.jpg,https://kf.kobotoolbox.org/api/v2/assets/aJh328C2e3SvoptDpoEUxb/data/644716514/attachments/att7796y8N6Kns8eN7qR2MKX/,1767863050374.jpg,https://kf.kobotoolbox.org/api/v2/assets/aJh328C2e3SvoptDpoEUxb/data/644716514/attachments/attfBvs4Pbk8bWuSKprWeDew/,,,,,,,no,,,,,,,,,,,,,,,,0,,,,,,,,,,,,,,,,,,,,,,,,,,,,,,no,,,,,no,,,,,,,,,,,no__there_are_handwashing_facilities_nea,,,,,,,,,,,,,,,,,,,,,,,,no,,,,,,,yes,,no,no,no,no,no,no,no,no,,,,,,,,,no,no,,,,,,,no,,,,,,,,no,,,,,,,no,,,yes,,,yes,yes,,,,,,,,yes,no,no,no,,teachers,,teacher,,teachers,,teachers,,,,,yes,,yes,,yes,,,no,,,,,no,,no,
,,yes,2026-01-08 00:00:00,ke_0_3,ke_1_14,ke_2_67,Buratown,Fafi girls secondary school,boarding_school,0,1,0,jss,0,0,0,1,-1.090188 39.946257 94.94020574168113 57.57230852256491,-1.090188,39.946257,94.94020574168113,57.57230852256491,8,,,,9,0,250,0,0,6,1,8,2,7,250,36,,,yes,yes,yes,yes,,no,no,yes,yes,no,,sandy,fair_condition,pedestrian_paths,1,0,0,yes,image-12_0_42.jpg,https://kf.kobotoolbox.org/api/v2/assets/aJh328C2e3SvoptDpoEUxb/data/644718068/attachments/attanD52XVQLNJ65C7FTHwvu/,image-12_0_51.jpg,https://kf.kobotoolbox.org/api/v2/assets/aJh328C2e3SvoptDpoEUxb/data/644718068/attachments/att3TLD3w5dvxcXx3kUsdWxA/,good_condition_bldg,partial,no,,,,,,,,,,,,yes,piped_water,,yes,yes,yes,on_site,no,yes,30000,yes,chlorination,,yes,don_t_know,,,,,,,,,yes,80000,plastic_tank,0,1,0,0,0,,point_good_condition,2,yes,15,staff_rooms,0,0,0,0,1,0,,15,yes,yes,yes,yes,point_good_condition,image-12_1_17.jpg,https://kf.kobotoolbox.org/api/v2/assets/aJh328C2e3SvoptDpoEUxb/data/644718068/attachments/attfEKG7FDkYvZgnKcCnxHRS/,image-12_2_1.jpg,https://kf.kobotoolbox.org/api/v2/assets/aJh328C2e3SvoptDpoEUxb/data/644718068/attachments/att8ptwzsM9vWhRuTL8jiJdj/,image-12_3_26.jpg,https://kf.kobotoolbox.org/api/v2/assets/aJh328C2e3SvoptDpoEUxb/data/644718068/attachments/attuAFKUuUzr5sNJWbVQpmmM/,image-12_4_21.jpg,https://kf.kobotoolbox.org/api/v2/assets/aJh328C2e3SvoptDpoEUxb/data/644718068/attachments/attWsjkHwgGq5jbBujUCZSxd/,image-12_2_54.jpg,https://kf.kobotoolbox.org/api/v2/assets/aJh328C2e3SvoptDpoEUxb/data/644718068/attachments/attMFsMuyo3mnUEeHVfAeWFF/,yes,2,within_the_health_facility__on_premise,1,0,0,15,yes,,yes,2,0,0,0,1,1,4,2,yes,yes,yes,yes,clean,at_all_times_during_the_school_day,point_good_condition,pit_latrine_with_slab,0,1,0,0,0,0,0,,no,no,yes,water,0,1,0,0,0,,no,no,no,no,yes,yes,,yes,0,at_a_dedicated_facility_where_it_is_trea,image-12_5_5.jpg,https://kf.kobotoolbox.org/api/v2/assets/aJh328C2e3SvoptDpoEUxb/data/644718068/attachments/att27oq6jmWtuhhyNCaojQEi/,image-12_5_18.jpg,https://kf.kobotoolbox.org/api/v2/assets/aJh328C2e3SvoptDpoEUxb/data/644718068/attachments/attSjJYTQ9uTs4txCVUTiXnY/,image-12_5_34.jpg,https://kf.kobotoolbox.org/api/v2/assets/aJh328C2e3SvoptDpoEUxb/data/644718068/attachments/attntLLprnWdGCq8AVfEMMbs/,image-12_6_14.jpg,https://kf.kobotoolbox.org/api/v2/assets/aJh328C2e3SvoptDpoEUxb/data/644718068/attachments/attJVcVSfAUFHgaNuLnD9nTh/,yes,8,permanent__concrete_metal__sta,1,0,0,0,0,0,,water_only,toilets,1,0,0,0,0,0,,yes,yes,yes,yes,point_good_condition,no,image-12_6_52.jpg,https://kf.kobotoolbox.org/api/v2/assets/aJh328C2e3SvoptDpoEUxb/data/644718068/attachments/attcXzkyorwEUjXR9CmsnfL8/,image-12_6_59.jpg,https://kf.kobotoolbox.org/api/v2/assets/aJh328C2e3SvoptDpoEUxb/data/644718068/attachments/attrRbM3oqPmeF2FngLoPKFj/,image-12_7_9.jpg,https://kf.kobotoolbox.org/api/v2/assets/aJh328C2e3SvoptDpoEUxb/data/644718068/attachments/attBdvtVXMGQYzno5JankRdj/,yes,,yes,yes,no,yes,no,yes,no,yes,simple_burning_chamber__incine,1,0,0,0,0,0,,no,yes,image-12_8_10.jpg,https://kf.kobotoolbox.org/api/v2/assets/aJh328C2e3SvoptDpoEUxb/data/644718068/attachments/atthLGxdKTUBWYX9BQowLVoV/,image-12_9_34.jpg,https://kf.kobotoolbox.org/api/v2/assets/aJh328C2e3SvoptDpoEUxb/data/644718068/attachments/attX6iCJbZViG3pF9LxGgXhp/,image-12_9_39.jpg,https://kf.kobotoolbox.org/api/v2/assets/aJh328C2e3SvoptDpoEUxb/data/644718068/attachments/attSDqBYXEt56kRKAGafuJnd/,yes,yes,yes,,yes,yes,no,no,yes,national_power_grid,0,1,0,0,,no,,no,yes,no,yes,yes,yes,no,no,no,yes,no,no,,yes,yes,yes,no,,clubs,,tod,,teachers,,teachers,,teachers,,,yes,yes,yes,yes,yes,yes,yes,yes,yes,yes,image-11_57_55.jpg,https://kf.kobotoolbox.org/api/v2/assets/aJh328C2e3SvoptDpoEUxb/data/644718068/attachments/attoo6bsPKme64vurpzSYtDv/,,,yes,yes
,,yes,2026-01-08 00:00:00,ke_0_3,ke_1_16,ke_2_79,Mare,Mare Primary,mixed_day,0,0,1,ecde primary jss,1,1,0,1,-1.26107 40.6694383 78.0 4.9,-1.26107,40.6694383,78,4.9,5,5,7,,8,155,121,1,1,6,1,2,1,7,276,39,,,no,yes,yes,yes,,yes,no,yes,no,,,sandy,fair_condition,pedestrian_paths,1,0,0,yes,1767856009158.jpg,https://kf.kobotoolbox.org/api/v2/assets/aJh328C2e3SvoptDpoEUxb/data/644721072/attachments/attQyCeLnXbobXqTyizysPou/,1767856023180.jpg,https://kf.kobotoolbox.org/api/v2/assets/aJh328C2e3SvoptDpoEUxb/data/644721072/attachments/attpWBKNRVR6GnRe6kEhJqyp/,good_condition_bldg,no,yes,toilets___latrines,1,0,0,0,0,0,1767856162576.jpg,https://kf.kobotoolbox.org/api/v2/assets/aJh328C2e3SvoptDpoEUxb/data/644721072/attachments/attha9iZcdJT9wcALGvayPJK/,1767856174339.jpg,https://kf.kobotoolbox.org/api/v2/assets/aJh328C2e3SvoptDpoEUxb/data/644721072/attachments/attCRhfstPvjyNMQVyHnhTAs/,yes,rainwater,,yes,no,mostly__unavailable___30_days,on_site,yes,yes,15000,yes,other,Not treatment,no,no,,,,,,,,,yes,15000,plastic_tank,0,1,0,0,0,,point_good_condition,,no,2,other,0,0,0,0,0,1,Next to the classrooms,2,yes,yes,yes,no,point_good_condition,1767856454600.jpg,https://kf.kobotoolbox.org/api/v2/assets/aJh328C2e3SvoptDpoEUxb/data/644721072/attachments/attCYR5PkEwaqMjYAHNesrgX/,1767856465157.jpg,https://kf.kobotoolbox.org/api/v2/assets/aJh328C2e3SvoptDpoEUxb/data/644721072/attachments/attvxUPtq6MZzsTy7DA5cw85/,1767856495089.jpg,https://kf.kobotoolbox.org/api/v2/assets/aJh328C2e3SvoptDpoEUxb/data/644721072/attachments/attqHoHEWccHkuBKfJP7pi67/,1767856554296.jpg,https://kf.kobotoolbox.org/api/v2/assets/aJh328C2e3SvoptDpoEUxb/data/644721072/attachments/attaCm36aaeRYwJGbTKRZwrC/,1767856565154.jpg,https://kf.kobotoolbox.org/api/v2/assets/aJh328C2e3SvoptDpoEUxb/data/644721072/attachments/attjykZVA29JEKc5DVZeM9RR/,no,,,,,,,,,,,,,,,,0,,,,,,,,,,,,,,,,,,,,,,,,,,,,,,yes,,,,no,no,,,,,,,,,,,yes,1,permanent__concrete_metal__sta,1,0,0,0,0,0,,neither_water_nor_soap,others,0,0,0,0,0,1,School compound,yes,yes,yes,no,point_good_condition,no,1767856775303.jpg,https://kf.kobotoolbox.org/api/v2/assets/aJh328C2e3SvoptDpoEUxb/data/644721072/attachments/attfCz9Ma5uksHAeyS9LBsCp/,1767856785128.jpg,https://kf.kobotoolbox.org/api/v2/assets/aJh328C2e3SvoptDpoEUxb/data/644721072/attachments/attGJcmgoMB9XdJW7aGkaQay/,1767856801814.jpg,https://kf.kobotoolbox.org/api/v2/assets/aJh328C2e3SvoptDpoEUxb/data/644721072/attachments/attfTbSGSdJVhToV7XNMNRQL/,no,,,,,,,,no,no,,,,,,,,,no,no,,,,,,,no,,,,,,,,no,,,,,,,no,,no,yes,no,no,no,yes,no,no,no,no,no,no,,no,no,no,no,,pupils,,tod,,teachers,,non_teaching_staff,,teachers,,,no,yes,no,no,no,no,no,no,,,,,no,,no,
,,yes,2026-01-08 00:00:00,ke_0_3,ke_1_16,ke_2_78,Dabar matan,Dabar Matan Primary School,day_school,1,0,0,ecde primary,1,1,0,0,-1.6922517 40.1952933 53.0 4.52,-1.6922517,40.1952933,53,4.52,2,1,1,,,45,51,0,0,0,2,1,1,2,96,48,,,no,no,yes,yes,,no,no,no,no,no,,sandy,poor_condition,road_for_light_vehicles,0,1,0,yes,1767863501915.jpg,https://kf.kobotoolbox.org/api/v2/assets/aJh328C2e3SvoptDpoEUxb/data/644724901/attachments/atthcGD74VNG9drKb7iMdmrX/,1767863511612.jpg,https://kf.kobotoolbox.org/api/v2/assets/aJh328C2e3SvoptDpoEUxb/data/644724901/attachments/attQz3WrUhU9LgzdYyJGXk6g/,poor_condition_bldg,no,no,,,,,,,,,,,,yes,tanker,,no,yes,no,on_site,no,yes,5000,no,,,yes,no,,,,,,,,,yes,5000,plastic_tank,0,1,0,0,0,,point_good_condition,,no,1,preventive_health,0,1,0,0,0,0,,0,no,no,yes,yes,point_good_condition,1767863767860.jpg,https://kf.kobotoolbox.org/api/v2/assets/aJh328C2e3SvoptDpoEUxb/data/644724901/attachments/attnEryt7Q445MQgNSrnzjcz/,,,,,,,,,no,,,,,,,,,,,,,,,,0,,,,,,,,,,,,,,,,,,,,,,,,,,,,,,no,,,,,no,,,,,,,,,,,no__there_are_handwashing_facilities_nea,,,,,,,,,,,,,,,,,,,,,,,,no,,,,,,,no,,,,,,,,no,no,,,,,,,,,yes,yes,,,,,,,no,,,,,,,,no,,,,,,,no,,no,yes,no,no,yes,yes,no,no,no,no,no,no,,no,no,no,no,,teachers,,teacher,,teachers,,teachers,,teachers,,,no,no,no,no,no,no,no,no,,,,,no,,no,
,,yes,2026-01-08 00:00:00,ke_0_3,ke_1_16,ke_2_77,Waredogoga,Waredogoga primary ,day_school,1,0,0,ecde primary,1,1,0,0,-1.5846283 40.5321333 -4.5 4.7,-1.5846283,40.5321333,-4.5,4.7,5,2,2,,,,,,,,,,,,,,,,yes,yes,yes,yes,,,yes,yes,,,,sandy,good_condition,pedestrian_paths road_for_light_vehicles road_for_trucks,1,1,1,yes,1767864275250.jpg,https://kf.kobotoolbox.org/api/v2/assets/aJh328C2e3SvoptDpoEUxb/data/644732426/attachments/attqhf7ZpDEdqpWDSxVqKT4z/,1767864295969.jpg,https://kf.kobotoolbox.org/api/v2/assets/aJh328C2e3SvoptDpoEUxb/data/644732426/attachments/attFjVosgmq6azfinoa2tybq/,good_condition_bldg,no,no,,,,,,,,,,,,no,,,,,,,,,,,,,,,,,,,,,,,no,,,,,,,,,,,no,1,preventive_health,0,1,0,0,0,0,,1,no,no,no,yes,point_good_condition,1767864352365.jpg,https://kf.kobotoolbox.org/api/v2/assets/aJh328C2e3SvoptDpoEUxb/data/644732426/attachments/attFjeKMdM8VifzoZpszRuJf/,,,,,,,,,no,,,,,,,,,,,,,,,,0,,,,,,,,,,,,,,,,,,,,,,,,,,,,,,no,,,,,no,,,,,,,,,,,no__there_are_handwashing_facilities_nea,,,,,,,,,,,,,,,,,,,,,,,,no,,,,,,,no,,,,,,,,no,no,,,,,,,,,no,no,,,,,,,no,,,,,,,,no,,,,,,,no,,,yes,,,yes,yes,,,,,,,,yes,no,no,no,,teachers,,teacher,,teachers,,teachers,,,,,,yes,yes,,,,,no,,,,,no,,no,
,,yes,2026-01-08 00:00:00,ke_0_3,ke_1_14,ke_2_68,Galmagala,Galmagala primary school,day_school boarding_school,1,1,0,ecde primary,1,1,0,0,-1.098715 39.9423017 57.4 3.566,-1.098715,39.9423017,57.4,3.566,8,8,8,,,292,313,5,2,6,0,3,1,6,605,101,,,yes,no,yes,yes,,yes,yes,yes,yes,no,,sandy,good_condition,pedestrian_paths road_for_light_vehicles road_for_trucks,1,1,1,yes,1767864256718.jpg,https://kf.kobotoolbox.org/api/v2/assets/aJh328C2e3SvoptDpoEUxb/data/644747859/attachments/attmbR2vGuNFmvqgsmryLNyU/,1767864474621.jpg,https://kf.kobotoolbox.org/api/v2/assets/aJh328C2e3SvoptDpoEUxb/data/644747859/attachments/attvqycU39szxLK4fJjtndVX/,broken,yes,no,,,,,,,,,,,,yes,piped_water,,no,no,mostly__unavailable___30_days,500m_or_further,yes,no,,yes,chlorination,,no,yes,,no,no,no,no,,,,no,,,,,,,,,,0,no,1,occupational_therapy staff_rooms,1,0,0,0,1,0,,0,no,no,yes,yes,needs_repair,1767864938192.jpg,https://kf.kobotoolbox.org/api/v2/assets/aJh328C2e3SvoptDpoEUxb/data/644747859/attachments/atttYfBdMCrDhgvaFBLjriDp/,1767864956397.jpg,https://kf.kobotoolbox.org/api/v2/assets/aJh328C2e3SvoptDpoEUxb/data/644747859/attachments/attGTSuTjgz8gcJ3JxGareY7/,1767865001717.jpg,https://kf.kobotoolbox.org/api/v2/assets/aJh328C2e3SvoptDpoEUxb/data/644747859/attachments/attmowStyna8vn5ukNuZTEkN/,1767865021912.jpg,https://kf.kobotoolbox.org/api/v2/assets/aJh328C2e3SvoptDpoEUxb/data/644747859/attachments/att4r2migdBPPFSawAmsBk3w/,1767865056939.jpg,https://kf.kobotoolbox.org/api/v2/assets/aJh328C2e3SvoptDpoEUxb/data/644747859/attachments/atteHBJv3XWHxvZXHWfKvwjj/,no,,,,,,,,,,,,,,,,0,,,,,,,,,,,,,,,,,,,,,,,,,,,,,,no,,,,,no,,,,,,,,,,,no__there_are_handwashing_facilities_nea,,,,,,,,,,,,,,,,,,,,,,,,no,,,,,,,no,,,,,,,,no,no,,,,,,,,,no,no,,,,,,,no,,,,,,,,no,,,,,,,no,,no,yes,no,yes,no,yes,no,no,no,no,no,,,yes,no,no,no,,teachers,,teacher,,teachers,,teachers,,teachers,,,no,no,no,no,,no,no,no,,,,,no,,no,
,,yes,2026-01-08 00:00:00,ke_0_3,ke_1_16,ke_2_78,Khalnkhal,Khalnkhal primary school,day_school,1,0,0,ecde primary jss,1,1,0,1,-1.7116233 40.1663653 47.29999923706055 4.383,-1.7116233,40.1663653,47.29999923706055,4.383,9,1,2,,2,106,86,0,0,3,4,1,2,7,192,27,,,yes,yes,yes,,,no,no,yes,no,no,,sandy,fair_condition,road_for_light_vehicles,0,1,0,yes,1767865326652.jpg,https://kf.kobotoolbox.org/api/v2/assets/aJh328C2e3SvoptDpoEUxb/data/644752639/attachments/attTTHGz7MmZuUpxAwZM5Vzp/,1767865344430.jpg,https://kf.kobotoolbox.org/api/v2/assets/aJh328C2e3SvoptDpoEUxb/data/644752639/attachments/att4uhhdMF5H9ciSSqUmnYWs/,broken,no,no,,,,,,,,,,,,no,,,,,,,,,,,,,,,,,,,,,,,yes,30000,plastic_tank,0,1,0,0,0,,point_good_condition,,no,1,preventive_health,0,1,0,0,0,0,,1,yes,yes,yes,yes,point_good_condition,1767865485525.jpg,https://kf.kobotoolbox.org/api/v2/assets/aJh328C2e3SvoptDpoEUxb/data/644752639/attachments/att4Z9vgk2dwuYTRjasvEMxk/,1767865513766.jpg,https://kf.kobotoolbox.org/api/v2/assets/aJh328C2e3SvoptDpoEUxb/data/644752639/attachments/attS48RUggdKXrwNtu9bvshL/,1767865531583.jpg,https://kf.kobotoolbox.org/api/v2/assets/aJh328C2e3SvoptDpoEUxb/data/644752639/attachments/attnWTN4F9ehe85r4jehcQWV/,,,,,yes,8,within_the_health_facility__on_premise,1,0,0,8,yes,,yes,2,0,0,4,1,0,7,,no,no,yes,no,clean,at_all_times_during_the_school_day,point_good_condition,pit_latrine_with_slab,0,1,0,0,0,0,0,,no,no,yes,water,0,1,0,0,0,,no,no,no,no,no,no,,no,,,1767865790835.jpg,https://kf.kobotoolbox.org/api/v2/assets/aJh328C2e3SvoptDpoEUxb/data/644752639/attachments/attJL4WxwSjxwHeLwwvZZRW8/,1767865802793.jpg,https://kf.kobotoolbox.org/api/v2/assets/aJh328C2e3SvoptDpoEUxb/data/644752639/attachments/attxXpQ6YfE5NomJr8mc5RbH/,1767865818803.jpg,https://kf.kobotoolbox.org/api/v2/assets/aJh328C2e3SvoptDpoEUxb/data/644752639/attachments/attpn9psbddaAGYB6YRPsfwe/,1767865834933.jpg,https://kf.kobotoolbox.org/api/v2/assets/aJh328C2e3SvoptDpoEUxb/data/644752639/attachments/attiaxRDQu9ThUmH8ML7htgo/,yes,2,container_with_tap__veronica_b,0,0,1,0,0,0,,water_only,food_preparation_area,0,1,0,0,0,0,,no,yes,yes,yes,point_good_condition,yes,1767866014894.jpg,https://kf.kobotoolbox.org/api/v2/assets/aJh328C2e3SvoptDpoEUxb/data/644752639/attachments/attonEeeTDmrTR6jb23Bh9Gi/,,,,,no,,,,,,,,yes,yes,disposing_latrine,0,0,0,0,1,0,,no,yes,,,,,,,no,,,,,,,,yes,national_power_grid,0,1,0,0,,no,,no,yes,no,,yes,yes,no,no,no,no,no,no,,no,no,no,no,,teachers,,teacher,,tod,,teachers,,teachers,,,no,no,no,no,no,no,no,no,,,,,no,,no,
,,yes,2026-01-08 00:00:00,ke_0_3,ke_1_16,ke_2_77,Sarman,Sarman primary school,day_school,1,0,0,ecde primary,1,1,0,0,-1.7083892 40.1761143 55.900000000000006 3.683,-1.7083892,40.1761143,55.90000000000001,3.683,2,1,1,,,72,62,1,0,3,1,1,1,4,134,34,,,yes,yes,yes,yes,,no,no,yes,no,no,,sandy,fair_condition,road_for_light_vehicles,0,1,0,yes,1767867262930.jpg,https://kf.kobotoolbox.org/api/v2/assets/aJh328C2e3SvoptDpoEUxb/data/644767877/attachments/attTXMy2if8HNtswmFFnSEfV/,1767867271593.jpg,https://kf.kobotoolbox.org/api/v2/assets/aJh328C2e3SvoptDpoEUxb/data/644767877/attachments/attVXJSEJcnsPhHoeRdbbt8S/,broken,no,no,,,,,,,,,,,,no,,,,,,,,,,,,,,,,,,,,,,,yes,10000,plastic_tank,0,1,0,0,0,,point_good_condition,,no,0,,,,,,,,,,,,,,,,,,,,,,,,,no,,,,,,,,,,,,,,,,0,,,,,,,,,,,,,,,,,,,,,,,,,,,,,,no,,,,,no,,,,,,,,,,,no__there_are_handwashing_facilities_nea,,,,,,,,,,,,,,,,,,,,,,,,no,,,,,,,no,,,,,,,,no,no,,,,,,,,,no,yes,,,,,,,no,,,,,,,,no,,,,,,,no,,no,yes,no,no,,yes,,no,no,no,no,no,,no,no,no,no,,teachers,,teacher,,teachers,,teachers,,teachers,,,no,no,no,no,no,no,no,no,,,,,no,,no,
,,yes,2026-01-08 00:00:00,ke_0_3,ke_1_14,ke_2_67,Jambele,Jambele primary and junior school,day_school,1,0,0,ecde primary jss,1,1,0,1,-1.0142117 39.9164283 77.80000000000001 4.6,-1.0142117,39.9164283,77.80000000000001,4.6,11,5,8,,8,86,94,1,0,6,1,1,2,7,180,26,,,yes,yes,yes,no,,yes,no,yes,yes,no,,sandy,fair_condition,pedestrian_paths,1,0,0,yes,1767867415855.jpg,https://kf.kobotoolbox.org/api/v2/assets/aJh328C2e3SvoptDpoEUxb/data/644781830/attachments/attsagFdghwdsKeJxNZP3DXM/,1767867425754.jpg,https://kf.kobotoolbox.org/api/v2/assets/aJh328C2e3SvoptDpoEUxb/data/644781830/attachments/attSHFxqiyEmGC89BzsnVVoR/,broken,no,no,,,,,,,,,,,,sometimes,piped_water,,no,no,no,up_to_500m,no,yes,200,no,,,don_t_know,no,,,,,,,,,yes,10000,plastic_tank,0,1,0,0,0,,needs_repair,2,no,1,occupational_therapy,1,0,0,0,0,0,,1,no,no,no,yes,needs_repair,1767867769955.jpg,https://kf.kobotoolbox.org/api/v2/assets/aJh328C2e3SvoptDpoEUxb/data/644781830/attachments/attuEtbLj642RWBefyGB5SAA/,1767867789475.jpg,https://kf.kobotoolbox.org/api/v2/assets/aJh328C2e3SvoptDpoEUxb/data/644781830/attachments/atttpESe63X5tM5f8x7Xp2Ce/,1767867799160.jpg,https://kf.kobotoolbox.org/api/v2/assets/aJh328C2e3SvoptDpoEUxb/data/644781830/attachments/att7A7B9nSbieyaynDmhA3PV/,1767867805219.jpg,https://kf.kobotoolbox.org/api/v2/assets/aJh328C2e3SvoptDpoEUxb/data/644781830/attachments/attXAANKokFhyNFcvQL3Jn25/,1767867811282.jpg,https://kf.kobotoolbox.org/api/v2/assets/aJh328C2e3SvoptDpoEUxb/data/644781830/attachments/attQpJemL3EfLKcM82ok4pPG/,yes,6,within_the_health_facility__on_premise,1,0,0,1,no,1,no,,,,,,,0,,no,no,no,no,somewhat_clean,during_specific_times_during_the_school_,needs_repair,pit_latrine_without_slab_open_pit,0,0,0,1,0,0,0,,yes,no,yes,water,0,1,0,0,0,,no,no,no,no,no,yes,,no,,,1767868119676.jpg,https://kf.kobotoolbox.org/api/v2/assets/aJh328C2e3SvoptDpoEUxb/data/644781830/attachments/att7uZ7VsYrizV9RKuSabJ5R/,1767868143775.jpg,https://kf.kobotoolbox.org/api/v2/assets/aJh328C2e3SvoptDpoEUxb/data/644781830/attachments/att5q7wgr6xFkVDGQdaVwKWL/,1767868149729.jpg,https://kf.kobotoolbox.org/api/v2/assets/aJh328C2e3SvoptDpoEUxb/data/644781830/attachments/att9czKaxCjQSAGSL4yMZkKy/,1767868165105.jpg,https://kf.kobotoolbox.org/api/v2/assets/aJh328C2e3SvoptDpoEUxb/data/644781830/attachments/attbDBxaDCpZMXL9BibMhHaL/,no__there_are_handwashing_facilities_nea,,,,,,,,,,,,,,,,,,,,,,,,no,,,,,,,no,,,,,,,,no,no,,,,,,,,,no,yes,,,,,,,yes,no,no,,no,yes,no,no,no,,,,,,,no,,no,yes,no,yes,yes,yes,no,no,yes,yes,no,no,,no,no,no,no,,teachers,,teacher,,teachers,,teachers,,teachers,,,no,no,,no,no,no,no,no,,,,,no,,no,
,,yes,2026-01-08 00:00:00,ke_0_3,ke_1_13,ke_2_62,Landig,Landig primary school,day_school,1,0,0,ecde,1,0,0,0,0.1279648 40.1574273 92.7 5.45,0.1279648,40.1574273,92.7,5.45,2,5,,,,60,16,0,0,1,0,1,0,1,76,76,,,yes,no,yes,yes,,no,no,no,no,,,sandy,fair_condition,road_for_light_vehicles pedestrian_paths,1,1,0,yes,1767867480899.jpg,https://kf.kobotoolbox.org/api/v2/assets/aJh328C2e3SvoptDpoEUxb/data/644806122/attachments/attnPGtNXdNQ67x9NyRtXMY4/,,,good_condition_bldg,no,no,,,,,,,,,,,,no,,,,,,,,,,,,,,,,,,,,,,,no,,,,,,,,,,,no,0,,,,,,,,,,,,,,,,,,,,,,,,,yes,2,within_the_health_facility__on_premise,1,0,0,2,yes,,no,1,,1,1,,,2,,no,no,yes,no,clean,at_all_times_during_the_school_day,point_good_condition,pit_latrine_with_slab,0,1,0,0,0,0,0,,no,no,no,,,,,,,,no,no,no,no,no,no,,no,,,1767867735008.jpg,https://kf.kobotoolbox.org/api/v2/assets/aJh328C2e3SvoptDpoEUxb/data/644806122/attachments/att75ynqThfLUHJGXH5hNGrR/,1767867743649.jpg,https://kf.kobotoolbox.org/api/v2/assets/aJh328C2e3SvoptDpoEUxb/data/644806122/attachments/attEvNiHEzrUQPAFCebLjExV/,1767867754164.jpg,https://kf.kobotoolbox.org/api/v2/assets/aJh328C2e3SvoptDpoEUxb/data/644806122/attachments/attYLBTfGXsGMHVZuxDToMnG/,,,no__there_are_handwashing_facilities_nea,,,,,,,,,,,,,,,,,,,,,,,,no,,,,,,,no,,,,,,,,no,no,,,,,,,,,no,no,,,,,,,no,,,,,,,,no,,,,,,,no,,no,yes,no,no,no,yes,no,no,no,no,no,no,,no,no,no,no,,teachers,,teacher,,teachers,,teachers,,teachers,,,no,yes,no,yes,no,yes,no,yes,yes,no,,,no,,no,
,,yes,2026-01-08 00:00:00,ke_0_3,ke_1_14,ke_2_70,Harbole,Elhumo primary school,day_school,1,0,0,ecde primary,1,1,0,0,-0.42291 40.233772 140.57390841622876 3.704692043326124,-0.42291,40.233772,140.5739084162288,3.704692043326124,3,4,8,,,85,45,6,4,3,0,2,1,3,130,43,,,yes,yes,yes,yes,,no,yes,yes,yes,no,,sandy,fair_condition,pedestrian_paths road_for_light_vehicles road_for_trucks,1,1,1,yes,image-12_32_28.jpg,https://kf.kobotoolbox.org/api/v2/assets/aJh328C2e3SvoptDpoEUxb/data/644813006/attachments/attXcxKQK9HtFTg73kvFzJxK/,image-12_32_39.jpg,https://kf.kobotoolbox.org/api/v2/assets/aJh328C2e3SvoptDpoEUxb/data/644813006/attachments/attmknKwisEZ8XPefkBhSyTP/,broken,partial,yes,fence main_building,0,0,0,0,1,1,image-12_34_14.jpg,https://kf.kobotoolbox.org/api/v2/assets/aJh328C2e3SvoptDpoEUxb/data/644813006/attachments/attJEo7bCqyesQZ8RYcepzNy/,image-12_34_26.jpg,https://kf.kobotoolbox.org/api/v2/assets/aJh328C2e3SvoptDpoEUxb/data/644813006/attachments/atteyhmXVsX4phchxCjYwfmS/,no,,,,,,,,,,,,,,,,,,,,,,,yes,10000,plastic_tank,0,1,0,0,0,,damaged,,no,0,,,,,,,,,,,,,,,,,,,,,,,,,yes,1,outside_building__but_not_on_premise,0,1,0,0,no,,no,,,,,,,0,,no,no,no,no,not_clean,at_all_times_during_the_school_day,damaged,pit_latrine_with_slab,0,1,0,0,0,0,0,,yes,no,yes,water,0,1,0,0,0,,no,no,no,no,no,yes,,no,,,image-12_42_22.jpg,https://kf.kobotoolbox.org/api/v2/assets/aJh328C2e3SvoptDpoEUxb/data/644813006/attachments/attZR4RrBNtMAUdvWmjp9LE3/,image-12_42_34.jpg,https://kf.kobotoolbox.org/api/v2/assets/aJh328C2e3SvoptDpoEUxb/data/644813006/attachments/attTU2xzvjWoxsLedSwSrp2a/,image-12_42_54.jpg,https://kf.kobotoolbox.org/api/v2/assets/aJh328C2e3SvoptDpoEUxb/data/644813006/attachments/attenFCemfJr7nkDc5tnSPfG/,image-12_43_23.jpg,https://kf.kobotoolbox.org/api/v2/assets/aJh328C2e3SvoptDpoEUxb/data/644813006/attachments/att5iYQZjZ4JMHQDgSXHqP7r/,no__there_are_handwashing_facilities_nea,,,,,,,,,,,,,,,,,,,,,,,,no,,,,,,,no,,,,,,,,no,no,,,,,,,,,no,no,,,,,,,no,,,,,,,,no,,,,,,,no,,no,yes,no,yes,no,yes,no,no,yes,no,no,no,,no,no,no,no,,teachers,,teacher,,teachers,,non_teaching_staff,,teachers,,,no,yes,no,no,no,no,no,no,,,,,no,,no,
,,yes,2026-01-08 00:00:00,ke_0_3,ke_1_16,ke_2_79,GEDILUN ,GEDILUN PRIMARY AND JUNIOR SCHOOL ,day_school,1,0,0,ecde primary jss,1,1,0,1,-1.3869712 40.711743 42.07373046875 4.288,-1.3869712,40.711743,42.07373046875,4.288,8,8,,,,200,190,0,0,7,0,1,1,7,390,56,,,no,yes,yes,yes,,no,yes,yes,no,no,,sandy,fair_condition,pedestrian_paths,1,0,0,yes,1767871173735.jpg,https://kf.kobotoolbox.org/api/v2/assets/aJh328C2e3SvoptDpoEUxb/data/644824254/attachments/attkCzin3oXADomJviHTajkC/,1767871183817.jpg,https://kf.kobotoolbox.org/api/v2/assets/aJh328C2e3SvoptDpoEUxb/data/644824254/attachments/attBy57dXCSa8PpeWRmAGDTV/,broken,no,yes,toilets___latrines water_taps,1,1,0,0,0,0,1767871408776.jpg,https://kf.kobotoolbox.org/api/v2/assets/aJh328C2e3SvoptDpoEUxb/data/644824254/attachments/attdE4CancYJQyEnSVaVWGaK/,1767871439526.jpg,https://kf.kobotoolbox.org/api/v2/assets/aJh328C2e3SvoptDpoEUxb/data/644824254/attachments/att2JCf9cayzVmv53PgmsmyW/,no,,,,,,,,,,,,,,,,,,,,,,,yes,100,plastic_tank,0,1,0,0,0,,point_good_condition,,yes,1,other,0,0,0,0,0,1,Next to classroom ,1,yes,yes,yes,yes,damaged,1767871588982.jpg,https://kf.kobotoolbox.org/api/v2/assets/aJh328C2e3SvoptDpoEUxb/data/644824254/attachments/attXjAvqffbzxaRtuvAWF52j/,1767871596757.jpg,https://kf.kobotoolbox.org/api/v2/assets/aJh328C2e3SvoptDpoEUxb/data/644824254/attachments/att2gfYFUrzGCoxpajesMmnQ/,1767871605608.jpg,https://kf.kobotoolbox.org/api/v2/assets/aJh328C2e3SvoptDpoEUxb/data/644824254/attachments/atteyFvnBwJizRdS4bFx3NjJ/,1767871621587.jpg,https://kf.kobotoolbox.org/api/v2/assets/aJh328C2e3SvoptDpoEUxb/data/644824254/attachments/attN7twZkPzNueJBj32yA5Vz/,1767871631379.jpg,https://kf.kobotoolbox.org/api/v2/assets/aJh328C2e3SvoptDpoEUxb/data/644824254/attachments/atturAu9nQ6z4vo3GB2u4V9S/,no,,,,,,,,,,,,,,,,0,,,,,,,,,,,,,,,,,,,,,,,,,,,,,,no,,,,,no,,,,,,,,,,,no__there_are_handwashing_facilities_nea,,,,,,,,,,,,,,,,,,,,,,,,no,,,,,,,no,,,,,,,,no,no,,,,,,,,,no,no,1767871681595.jpg,https://kf.kobotoolbox.org/api/v2/assets/aJh328C2e3SvoptDpoEUxb/data/644824254/attachments/attZHgseEiFiphKWhjKxhrvN/,1767871689404.jpg,https://kf.kobotoolbox.org/api/v2/assets/aJh328C2e3SvoptDpoEUxb/data/644824254/attachments/attDU8U2zH7tQJQy9Cs5BVgX/,1767871695783.jpg,https://kf.kobotoolbox.org/api/v2/assets/aJh328C2e3SvoptDpoEUxb/data/644824254/attachments/attWVZUhcKhX8LrMMCpvQd5N/,no,,,,,,,,no,,,,,,,no,,no,yes,no,no,,no,no,no,no,no,,,,no,no,no,no,,teachers,,tod,,tod,,teachers,,teachers,,,no,yes,no,no,no,no,,no,,,,,no,,no,
,,yes,2026-01-08 00:00:00,ke_0_3,ke_1_14,ke_2_67,Darusalam Village,Darusalam primary school,day_school,1,0,0,ecde primary,1,1,0,0,-0.9521683 39.8982067 82.6 4.65,-0.9521683,39.8982067,82.6,4.65,2,4,8,,,50,38,2,1,3,0,1,0,3,88,29,,,yes,yes,yes,no,,no,yes,yes,yes,no,,sandy,poor_condition,pedestrian_paths,1,0,0,yes,1767872029809.jpg,https://kf.kobotoolbox.org/api/v2/assets/aJh328C2e3SvoptDpoEUxb/data/644827681/attachments/attMLVHdm4EoCXX9LSL7taUR/,1767872046947.jpg,https://kf.kobotoolbox.org/api/v2/assets/aJh328C2e3SvoptDpoEUxb/data/644827681/attachments/attC8ztYaVXH2ZtyjsVCmgbe/,broken,no,no,,,,,,,,,,,,no,,,,,,,,,,,,,,,,,,,,,,,no,,,,,,,,,,,no,0,,,,,,,,,,,,,,,,,,,,,,,,,no,,,,,,,,,,,,,,,,0,,,,,,,,,,,,,,,,,,,,,,,,,,,,,,no,,,,,no,,,,,,,,,,,no__there_are_handwashing_facilities_nea,,,,,,,,,,,,,,,,,,,,,,,,no,,,,,,,no,,,,,,,,no,no,,,,,,,,,no,no,,,,,,,no,,,,,,,,no,,,,,,,no,,no,yes,no,yes,yes,yes,no,no,no,no,no,no,,no,no,no,no,,teachers,,teacher,,teachers,,non_teaching_staff,,teachers,,,no,no,no,no,no,no,no,no,,,,,no,,no,
,,yes,2026-01-08 00:00:00,ke_0_3,ke_1_14,ke_2_69,Daddere,Daddere primary school,day_school,1,0,0,ecde primary,1,1,0,0,-0.41706 39.97967 195.82727831969297 3.913344165712123,-0.41706,39.97967,195.827278319693,3.913344165712123,6,5,7,,,114,82,1,0,1,1,1,2,2,196,98,,,yes,yes,yes,yes,,no,yes,yes,yes,no,,sandy,fair_condition,pedestrian_paths road_for_light_vehicles,1,1,0,yes,image-14_48_28.jpg,https://kf.kobotoolbox.org/api/v2/assets/aJh328C2e3SvoptDpoEUxb/data/644851116/attachments/attnK3Ji4xACUm4gAQfoCeSF/,image-14_48_38.jpg,https://kf.kobotoolbox.org/api/v2/assets/aJh328C2e3SvoptDpoEUxb/data/644851116/attachments/attVQwztHoegtEwqoYAzz2qR/,broken,partial,yes,toilets___latrines fence main_building,1,0,0,0,1,1,image-14_49_10.jpg,https://kf.kobotoolbox.org/api/v2/assets/aJh328C2e3SvoptDpoEUxb/data/644851116/attachments/attw9FXvPQC3fAYWt3GYUSXn/,image-14_49_21.jpg,https://kf.kobotoolbox.org/api/v2/assets/aJh328C2e3SvoptDpoEUxb/data/644851116/attachments/att3Mtia4oWQAVrZCPGkhbse/,no,,,,,,,,,,,,,,,,,,,,,,,no,,,,,,,,,,,no,0,,,,,,,,,,,,,,,,,,,,,,,,,yes,2,outside_building__but_not_on_premise,0,1,0,0,yes,,no,1,,0,1,,,2,,no,no,no,no,not_clean,at_all_times_during_the_school_day,needs_repair,pit_latrine_with_slab,0,1,0,0,0,0,0,,yes,no,yes,water,0,1,0,0,0,,no,no,no,no,no,,,no,,,image-14_51_32.jpg,https://kf.kobotoolbox.org/api/v2/assets/aJh328C2e3SvoptDpoEUxb/data/644851116/attachments/att6gg42tRV72T6XEocDGoNw/,image-14_51_42.jpg,https://kf.kobotoolbox.org/api/v2/assets/aJh328C2e3SvoptDpoEUxb/data/644851116/attachments/att5NvXSLjsEoNxnNFYPdf7r/,image-14_52_15.jpg,https://kf.kobotoolbox.org/api/v2/assets/aJh328C2e3SvoptDpoEUxb/data/644851116/attachments/attVShWKJh9DkTxYdDhndEWk/,image-14_56_22.jpg,https://kf.kobotoolbox.org/api/v2/assets/aJh328C2e3SvoptDpoEUxb/data/644851116/attachments/attWvfrPKZUtrfvrG5fRd6k7/,no__there_are_handwashing_facilities_nea,,,,,,,,,,,,,,,,,,,,,,,,no,,,,,,,no,,,,,,,,no,no,,,,,,,,,yes,yes,,,,,,,no,,,,,,,,no,,,,,,,no,,no,yes,no,yes,no,yes,no,yes,yes,no,no,no,,no,no,no,no,,teachers,,teacher,,teachers,,teachers,,teachers,,,no,yes,no,no,no,no,no,no,,,,,no,,no,
,,yes,2026-01-08 00:00:00,ke_0_3,ke_1_13,ke_2_62,Gubakibir,Kubakibir primary school,day_school,1,0,0,primary,0,1,0,0,0.0741463 40.2465117 105.4 2.914,0.0741463,40.2465117,105.4,2.914,2,,5,,,35,15,0,0,1,0,1,10,1,50,50,,,yes,no,yes,yes,,no,no,,no,no,,sandy,good_condition,pedestrian_paths road_for_light_vehicles road_for_trucks,1,1,1,yes,1767870532221.jpg,https://kf.kobotoolbox.org/api/v2/assets/aJh328C2e3SvoptDpoEUxb/data/644858400/attachments/att26KN4yDLirWBjDF6KpePx/,1767870545194.jpg,https://kf.kobotoolbox.org/api/v2/assets/aJh328C2e3SvoptDpoEUxb/data/644858400/attachments/att9YJV6EHg2kq9rgWUg27CD/,good_condition_bldg,no,no,,,,,,,,,,,,yes,piped_water,,yes,yes,yes,up_to_500m,no,no,,no,,,yes,no,,,,,,,,,yes,10000,plastic_tank,0,1,0,0,0,,point_good_condition,2,yes,1,staff_rooms,0,0,0,0,1,0,,1,yes,yes,yes,,point_good_condition,1767870699470.jpg,https://kf.kobotoolbox.org/api/v2/assets/aJh328C2e3SvoptDpoEUxb/data/644858400/attachments/attaBeLbZCjtAMx4Q7xmjNkS/,1767870709745.jpg,https://kf.kobotoolbox.org/api/v2/assets/aJh328C2e3SvoptDpoEUxb/data/644858400/attachments/attcR92xKtWtGdyGQSMbYHKy/,1767870718247.jpg,https://kf.kobotoolbox.org/api/v2/assets/aJh328C2e3SvoptDpoEUxb/data/644858400/attachments/att7C3cxAkyCBXXabzudqL9P/,1767870728194.jpg,https://kf.kobotoolbox.org/api/v2/assets/aJh328C2e3SvoptDpoEUxb/data/644858400/attachments/attgWgxwvFk5vXseTpzBusK8/,1767870738583.jpg,https://kf.kobotoolbox.org/api/v2/assets/aJh328C2e3SvoptDpoEUxb/data/644858400/attachments/attN9M5qbw7uFbuFaLhrmKUC/,yes,2,within_the_health_facility__on_premise,1,0,0,2,yes,,no,1,,0,1,,,2,,no,yes,yes,no,somewhat_clean,at_all_times_during_the_school_day,point_good_condition,pit_latrine_with_slab,0,1,0,0,0,0,0,,no,no,yes,water,0,1,0,0,0,,no,no,no,no,no,no,,no,,,1767870956140.jpg,https://kf.kobotoolbox.org/api/v2/assets/aJh328C2e3SvoptDpoEUxb/data/644858400/attachments/attpG74zkPBPFDzxziEnviei/,,,,,,,no__there_are_handwashing_facilities_nea,,,,,,,,,,,,,,,,,,,,,,,,no,,,,,,,no,,,,,,,,no,no,,,,,,,,,no,no,,,,,,,no,,,,,,,,no,,,,,,,,,no,yes,no,no,yes,yes,no,no,no,no,no,no,,yes,no,no,no,,teachers,,teacher,,teachers,,teachers,,teachers,,,no,no,no,no,no,no,no,no,,,,,no,,no,
,,yes,2026-01-08 00:00:00,ke_0_3,ke_1_14,ke_2_71,Guyo,Guyo primary school,day_school,1,0,0,ecde primary,1,1,0,0,-0.941132 39.894047 104.9469215908626 44.66515457089515,-0.941132,39.894047,104.9469215908626,44.66515457089515,8,5,7,,,206,203,1,0,5,1,2,1,6,409,68,,,yes,no,yes,yes,,no,yes,yes,yes,no,,sandy,poor_condition,pedestrian_paths,1,0,0,yes,image-15_7_33.jpg,https://kf.kobotoolbox.org/api/v2/assets/aJh328C2e3SvoptDpoEUxb/data/644861663/attachments/attTDWkPzHNXzfoqid9CPNEs/,image-15_7_54.jpg,https://kf.kobotoolbox.org/api/v2/assets/aJh328C2e3SvoptDpoEUxb/data/644861663/attachments/attdYyTSkKRBcn46aJtdcE9X/,poor_condition_bldg,no,no,,,,,,,,,,,,sometimes,piped_water,,yes,no,no,500m_or_further,no,yes,100,no,,,no,no,,,,,,,,,no,,,,,,,,,,2,no,1,occupational_therapy staff_rooms,1,0,0,0,1,0,,1,no,no,no,yes,damaged,image-15_11_16.jpg,https://kf.kobotoolbox.org/api/v2/assets/aJh328C2e3SvoptDpoEUxb/data/644861663/attachments/att9oZtnyZh94CGPWPT63CjV/,image-15_8_18.jpg,https://kf.kobotoolbox.org/api/v2/assets/aJh328C2e3SvoptDpoEUxb/data/644861663/attachments/attLYiVNKjJSJywWVQqkHk8C/,image-15_8_28.jpg,https://kf.kobotoolbox.org/api/v2/assets/aJh328C2e3SvoptDpoEUxb/data/644861663/attachments/attWuG56bwqPoWFR5aRG2PvN/,image-15_8_39.jpg,https://kf.kobotoolbox.org/api/v2/assets/aJh328C2e3SvoptDpoEUxb/data/644861663/attachments/att429Y6GZoKkspvckUifG3s/,image-15_8_47.jpg,https://kf.kobotoolbox.org/api/v2/assets/aJh328C2e3SvoptDpoEUxb/data/644861663/attachments/attsSBJYLNsaH3VSsgiu4cSU/,yes,1,within_the_health_facility__on_premise,1,0,0,1,no,1,no,,,,,,,0,,no,no,no,no,not_clean,at_all_times_during_the_school_day,damaged,pit_latrine_without_slab_open_pit,0,0,0,1,0,0,0,,yes,yes,yes,water,0,1,0,0,0,,no,no,no,no,no,no,,no,,,image-15_9_46.jpg,https://kf.kobotoolbox.org/api/v2/assets/aJh328C2e3SvoptDpoEUxb/data/644861663/attachments/attoyATWnvoMod3snLpFXdKd/,image-15_9_52.jpg,https://kf.kobotoolbox.org/api/v2/assets/aJh328C2e3SvoptDpoEUxb/data/644861663/attachments/attPBEmHGah9gqUhdfJWE5mr/,image-15_10_1.jpg,https://kf.kobotoolbox.org/api/v2/assets/aJh328C2e3SvoptDpoEUxb/data/644861663/attachments/attbtrz6QiJeeQSUiLfy43By/,image-15_10_20.jpg,https://kf.kobotoolbox.org/api/v2/assets/aJh328C2e3SvoptDpoEUxb/data/644861663/attachments/attytnZWmeinREtL6sNRFmZW/,no__there_are_handwashing_facilities_nea,,,,,,,,,,,,,,,,,,,,,,,,no,,,,,,,no,,,,,,,,no,no,,,,,,,,,no,no,,,,,,,no,,,,,,,,no,,,,,,,no,,no,yes,no,no,yes,yes,no,no,yes,yes,no,no,,yes,no,no,no,,tod,,teacher,,teachers,,tod,,teachers,,,no,no,no,no,no,no,no,no,,,,,no,,no,
,,yes,2026-01-08 00:00:00,ke_0_3,ke_1_14,ke_2_69,Diiso 2,Diiso 2 primary and junior schools,day_school,1,0,0,ecde primary jss,1,1,0,1,-0.44286 39.923908 202.62578249135365 4.676132939380067,-0.44286,39.923908,202.6257824913536,4.676132939380067,4,6,7,,13,119,60,2,1,3,0,1,1,3,179,60,,,yes,yes,yes,yes,,no,yes,yes,yes,no,,sandy,fair_condition,pedestrian_paths road_for_trucks,1,0,1,yes,,,,,good_condition_bldg,no,yes,main_building,0,0,0,0,0,1,image-15_30_16.jpg,https://kf.kobotoolbox.org/api/v2/assets/aJh328C2e3SvoptDpoEUxb/data/644864458/attachments/attnBdsLpbe6zGcHFYkMWg6k/,image-15_30_58.jpg,https://kf.kobotoolbox.org/api/v2/assets/aJh328C2e3SvoptDpoEUxb/data/644864458/attachments/attntSB6UyKgZar2Y5YyoMwg/,no,,,,,,,,,,,,,,,,,,,,,,,yes,25000,concrete_tank plastic_tank,1,1,0,0,0,,needs_repair,,no,0,,,,,,,,,,,,,,,,,,,,,,,,,yes,4,within_the_health_facility__on_premise outside_building__but_not_on_premise,1,1,0,4,no,4,no,,,,,,,0,,no,no,no,no,somewhat_clean,at_all_times_during_the_school_day,point_good_condition,pit_latrine_with_slab,0,1,0,0,0,0,0,,no,no,no,,,,,,,,no,no,no,no,no,no,,no,,,image-15_29_7.jpg,https://kf.kobotoolbox.org/api/v2/assets/aJh328C2e3SvoptDpoEUxb/data/644864458/attachments/attrZFGLHyZqLY4s3WSBMSwJ/,image-15_28_44.jpg,https://kf.kobotoolbox.org/api/v2/assets/aJh328C2e3SvoptDpoEUxb/data/644864458/attachments/attvxxSUrca2yAXirsw5MmLS/,image-15_28_39.jpg,https://kf.kobotoolbox.org/api/v2/assets/aJh328C2e3SvoptDpoEUxb/data/644864458/attachments/attDsHYJfMokD6ctWShSjJX4/,image-15_29_18.jpg,https://kf.kobotoolbox.org/api/v2/assets/aJh328C2e3SvoptDpoEUxb/data/644864458/attachments/attAq9sWqEMEeFcDRS9XBYQr/,no__there_are_handwashing_facilities_nea,,,,,,,,,,,,,,,,,,,,,,,,no,,,,,,,no,,,,,,,,no,no,,,,,,,,,no,no,,,,,,,no,,,,,,,,no,,,,,,,no,,no,yes,no,yes,no,yes,no,yes,yes,no,no,no,,no,no,no,no,,teachers,,teacher,,teachers,,teachers,,teachers,,,no,yes,no,no,no,no,no,no,,,,,no,,no,
,,yes,2026-01-08 00:00:00,ke_0_3,ke_1_14,ke_2_71,Taqal village ,Taqal primary school ,day_school,1,0,0,ecde primary,1,1,0,0,-0.8258067 39.8585783 86.30000000000001 4.1,-0.8258067,39.8585783,86.30000000000001,4.1,9,8,8,,,100,130,2,1,5,0,2,0,5,230,46,,,yes,yes,yes,yes,,no,no,no,no,no,,sandy,fair_condition,pedestrian_paths road_for_light_vehicles road_for_trucks,1,1,1,yes,1767877186279.jpg,https://kf.kobotoolbox.org/api/v2/assets/aJh328C2e3SvoptDpoEUxb/data/644893091/attachments/att4Z5JaySKmLVhCzECYPPvt/,1767877195254.jpg,https://kf.kobotoolbox.org/api/v2/assets/aJh328C2e3SvoptDpoEUxb/data/644893091/attachments/attsxmsTj8RyDxebYeMLRP5E/,good_condition_bldg,yes,no,,,,,,,,,,,,yes,piped_water,,no,no,mostly__unavailable___30_days,500m_or_further,yes,yes,500,no,,,no,no,,,,,,,,,yes,10000,plastic_tank,0,1,0,0,0,,needs_repair,2,no,1,preventive_health,0,1,0,0,0,0,,0,no,no,yes,yes,needs_repair,1767877441315.jpg,https://kf.kobotoolbox.org/api/v2/assets/aJh328C2e3SvoptDpoEUxb/data/644893091/attachments/attRLdSR7NYBmXSXmxyuzC3R/,1767877447821.jpg,https://kf.kobotoolbox.org/api/v2/assets/aJh328C2e3SvoptDpoEUxb/data/644893091/attachments/attWVS3QJMovfZ9GgxwWAe36/,1767877456317.jpg,https://kf.kobotoolbox.org/api/v2/assets/aJh328C2e3SvoptDpoEUxb/data/644893091/attachments/attvHowv8PNqi5RAWbyWqCpq/,1767877462287.jpg,https://kf.kobotoolbox.org/api/v2/assets/aJh328C2e3SvoptDpoEUxb/data/644893091/attachments/attN44obSQgvQFJmhkSJd4eM/,1767877468580.jpg,https://kf.kobotoolbox.org/api/v2/assets/aJh328C2e3SvoptDpoEUxb/data/644893091/attachments/attutEqNVQvw8XY3ZaudZoJH/,yes,3,within_the_health_facility__on_premise,1,0,0,0,no,3,no,,,,,,,0,,no,no,yes,no,somewhat_clean,at_all_times_during_the_school_day,needs_repair,pit_latrine_with_slab,0,1,0,0,0,0,0,,yes,no,yes,water,0,1,0,0,0,,no,no,no,no,no,yes,,no,,,1767877642909.jpg,https://kf.kobotoolbox.org/api/v2/assets/aJh328C2e3SvoptDpoEUxb/data/644893091/attachments/attHyZsN5MgA6KfKFPS8fqqC/,1767877655512.jpg,https://kf.kobotoolbox.org/api/v2/assets/aJh328C2e3SvoptDpoEUxb/data/644893091/attachments/attC98AFFTq3a4PAUhdnvNPd/,1767877662898.jpg,https://kf.kobotoolbox.org/api/v2/assets/aJh328C2e3SvoptDpoEUxb/data/644893091/attachments/att3CNLYVVs4Nfb4XwinrKKH/,1767877670679.jpg,https://kf.kobotoolbox.org/api/v2/assets/aJh328C2e3SvoptDpoEUxb/data/644893091/attachments/attbLGwndiDdFwWZZdhmgU9v/,no__there_are_handwashing_facilities_nea,,,,,,,,,,,,,,,,,,,,,,,,no,,,,,,,no,,,,,,,,no,no,,,,,,,,,no,no,,,,,,,no,,,,,,,,no,,,,,,,no,,,yes,no,yes,,yes,no,no,no,yes,no,no,,yes,no,no,no,,tod,,tod,,tod,,non_teaching_staff,,teachers,,,no,no,no,no,no,no,no,no,,,,,no,,no,
,,yes,2026-01-08 00:00:00,ke_0_3,ke_1_16,ke_2_78,Wakangaras,Wakabgaras ecd,day_school,1,0,0,ecde,1,0,0,0,-1.5222567 40.1554983 38.900000000000006 8.3,-1.5222567,40.1554983,38.90000000000001,8.3,2,2,,,,,,,,,,,,,,,,,,,yes,yes,,,yes,yes,,,,sandy,good_condition,pedestrian_paths road_for_light_vehicles,1,1,0,yes,1767873825566.jpg,https://kf.kobotoolbox.org/api/v2/assets/aJh328C2e3SvoptDpoEUxb/data/644930321/attachments/attcxK3fPfEYBXzteHnsuLNp/,1767873836270.jpg,https://kf.kobotoolbox.org/api/v2/assets/aJh328C2e3SvoptDpoEUxb/data/644930321/attachments/attFfrzMaKp9PvDwgcbckJ42/,good_condition_bldg,no,no,,,,,,,,,,,,no,,,,,,,,,,,,,,,,,,,,,,,no,,,,,,,,,,,yes,0,,,,,,,,,,,,,,,,,,,,,,,,,no,,,,,,,,,,,,,,,,0,,,,,,,,,,,,,,,,,,,,,,,,,,,,,,don_t_know,,,,,don_t_know,,,,,,,,,,,no__there_are_handwashing_facilities_nea,,,,,,,,,,,,,,,,,,,,,,,,no,,,,,,,no,,,,,,,,no,no,,,,,,,,,no,no,,,,,,,no,,,,,,,,no,,,,,,,no,,,yes,,,yes,yes,,,,,,,,yes,no,no,no,,teachers,,teacher,,,,,,,,,,,,yes,yes,,,no,,,,,no,,no,
,,yes,2026-01-08 00:00:00,ke_0_3,ke_1_16,ke_2_78,Abdigure,Abdigure primary,day_school,1,0,0,ecde primary,1,1,0,0,-1.4838233 40.14712 48.7 4.0,-1.4838233,40.14712,48.7,4,4,2,2,,,23,17,0,0,3,0,1,0,3,40,13,,,yes,,yes,yes,,,yes,yes,,,,clay,good_condition,pedestrian_paths road_for_light_vehicles,1,1,0,yes,1767876150081.jpg,https://kf.kobotoolbox.org/api/v2/assets/aJh328C2e3SvoptDpoEUxb/data/644930325/attachments/attZSzhURtHtmutDY4JonxoD/,1767876161616.jpg,https://kf.kobotoolbox.org/api/v2/assets/aJh328C2e3SvoptDpoEUxb/data/644930325/attachments/attGdh2cswghKqvjQyfjdBxQ/,good_condition_bldg,no,no,,,,,,,,,,,,no,,,,,,,,,,,,,,,,,,,,,,,yes,0,,,,,,,,,,no,0,,,,,,,,,,,,,,,,,,,,,,,,,no,,,,,,,,,,,,,,,,0,,,,,,,,,,,,,,,,,,,,,,,,,,,,,,no,,,,,don_t_know,,,,,,,,,,,no__there_are_handwashing_facilities_nea,,,,,,,,,,,,,,,,,,,,,,,,no,,,,,,,no,,,,,,,,no,no,,,,,,,,,no,no,,,,,,,no,,,,,,,,no,,,,,,,no,,,yes,,,yes,yes,,,,,,,,no,no,no,no,,teachers,,teacher,,teachers,,teachers,,teachers,,,,yes,yes,,,,,no,,,,,no,,no,
,,yes,2026-01-08 00:00:00,ke_0_3,ke_1_14,ke_2_71,Warable,Warable primary school,day_school,1,0,0,ecde primary,1,1,0,0,-0.672472 39.823072 128.03314519742986 26.747941135378383,-0.672472,39.823072,128.0331451974299,26.74794113537838,10,7,7,,,205,323,2,1,1,2,1,1,3,528,176,,,no,no,yes,yes,,no,yes,yes,yes,no,,sandy,poor_condition,pedestrian_paths road_for_light_vehicles,1,1,0,yes,image-17_27_28.jpg,https://kf.kobotoolbox.org/api/v2/assets/aJh328C2e3SvoptDpoEUxb/data/644945195/attachments/attBcVscZroDaxw4CgQNgQBv/,image-17_27_41.jpg,https://kf.kobotoolbox.org/api/v2/assets/aJh328C2e3SvoptDpoEUxb/data/644945195/attachments/attS8VinJGpo7DJKpWVBL9eC/,broken,no,yes,fence,0,0,0,0,1,0,image-17_32_56.jpg,https://kf.kobotoolbox.org/api/v2/assets/aJh328C2e3SvoptDpoEUxb/data/644945195/attachments/attgpgfofc5TRrPKMqMvHEmH/,image-17_28_21.jpg,https://kf.kobotoolbox.org/api/v2/assets/aJh328C2e3SvoptDpoEUxb/data/644945195/attachments/attLqmfhDevyLEqYJWPX3ziP/,sometimes,surface_water__river__dam__lak,,yes,no,mostly__unavailable___30_days,500m_or_further,no,no,,no,,,no,no,,,,,,,,,yes,,plastic_tank,0,1,0,0,0,,needs_repair,,no,2,,,,,,,,,,,,,,,,,,,,,,,,,yes,15,within_the_health_facility__on_premise,1,0,0,4,yes,,yes,2,2,6,4,2,4,12,,no,no,no,no,somewhat_clean,at_all_times_during_the_school_day,needs_repair,pit_latrine_with_slab,0,1,0,0,0,0,0,,yes,no,yes,water,0,1,0,0,0,,no,no,no,no,no,no,,no,,,image-17_32_2.jpg,https://kf.kobotoolbox.org/api/v2/assets/aJh328C2e3SvoptDpoEUxb/data/644945195/attachments/attYgEoRCRQaautAgb4fJuTj/,image-17_32_9.jpg,https://kf.kobotoolbox.org/api/v2/assets/aJh328C2e3SvoptDpoEUxb/data/644945195/attachments/attCLtRCNRzUzYv2QD8JjLQE/,image-17_32_17.jpg,https://kf.kobotoolbox.org/api/v2/assets/aJh328C2e3SvoptDpoEUxb/data/644945195/attachments/attWmwRUvSfeLSLmgbsF2ADE/,image-17_32_27.jpg,https://kf.kobotoolbox.org/api/v2/assets/aJh328C2e3SvoptDpoEUxb/data/644945195/attachments/attzNXs65AaD3tmarvHjMonB/,no__there_are_handwashing_facilities_nea,,,,,,,,,,,,,,,,,,,,,,,,no,,,,,,,no,,,,,,,,no,no,,,,,,,,,no,yes,,,,,,,yes,yes,yes,,no,yes,yes,yes,no,,,,,,,no,,no,yes,no,no,yes,yes,no,no,no,yes,no,no,,yes,yes,no,no,,teachers,,teacher,,teachers,,tod,,teachers,,,no,no,no,no,,no,no,no,,,,,no,,no,
,,yes,2026-01-08 00:00:00,ke_0_3,ke_1_16,ke_2_79,Handaro,Handaro primary and JSS,mixed_day,0,0,1,ecde primary jss,1,1,0,1,-1.4535363 40.6555842 50.2 4.9,-1.4535363,40.6555842,50.2,4.9,10,1,2,,2,215,151,1,1,10,0,2,3,10,366,37,,,yes,yes,yes,yes,,yes,yes,yes,no,,,sandy,fair_condition,pedestrian_paths,1,0,0,yes,1767879726076.jpg,https://kf.kobotoolbox.org/api/v2/assets/aJh328C2e3SvoptDpoEUxb/data/644977796/attachments/attvwPjE3uzjtNTKmnbPx6bv/,1767879742589.jpg,https://kf.kobotoolbox.org/api/v2/assets/aJh328C2e3SvoptDpoEUxb/data/644977796/attachments/attQbBSYE2M4JtMYbwZYTpmJ/,broken,no,no,,,,,,,,,,,,yes,rainwater,,yes,yes,no,500m_or_further,no,no,,yes,chlorination,,no,no,,,,,,,,,yes,40000,plastic_tank,0,1,0,0,0,,point_good_condition,,no,0,,,,,,,,,,,,,,,,,,,,,,,,,yes,4,outside_building__but_not_on_premise within_the_health_facility__on_premise,1,1,0,4,yes,,yes,4,2,0,4,2,0,10,6,no,yes,yes,no,somewhat_clean,during_specific_times_during_the_school_,needs_repair,pit_latrine_with_slab,0,1,0,0,0,0,0,,yes,no,no,,,,,,,,no,no,no,no,no,no,,no,,,1767879552023.jpg,https://kf.kobotoolbox.org/api/v2/assets/aJh328C2e3SvoptDpoEUxb/data/644977796/attachments/attTNUQVJVRGWADVy6NkW9fi/,1767880154681.jpg,https://kf.kobotoolbox.org/api/v2/assets/aJh328C2e3SvoptDpoEUxb/data/644977796/attachments/attyYNE9G8WjwzLSxYY2zd9E/,1767879600555.jpg,https://kf.kobotoolbox.org/api/v2/assets/aJh328C2e3SvoptDpoEUxb/data/644977796/attachments/att8kc4viWKNR8aPPMM3ENQK/,1767879615299.jpg,https://kf.kobotoolbox.org/api/v2/assets/aJh328C2e3SvoptDpoEUxb/data/644977796/attachments/attXagoH2TPqiWp522GZzYKa/,no__there_are_handwashing_facilities_nea,,,,,,,,,,,,,,,,,,,,,,,,no,,,,,,,no,,,,,,,,no,no,,,,,,,,,no,yes,,,,,,,yes,no,no,,no,yes,no,yes,no,,,,,,,no,,no,yes,no,no,yes,yes,no,no,no,yes,no,no,,no,no,no,no,,pupils,,tod,,teachers,,teachers,,teachers,,,no,no,yes,no,no,no,no,no,,,,,no,,no,
,,yes,2026-01-08 00:00:00,ke_0_3,ke_1_16,ke_2_79,Ege,Ege Primary School,mixed_day,0,0,1,ecde primary jss,1,1,0,1,-1.3847995 40.6356889 55.6 4.866,-1.3847995,40.6356889,55.6,4.866,7,7,8,,8,210,169,1,2,5,0,3,1,5,379,76,,,yes,no,no,yes,,no,yes,no,no,no,,sandy,fair_condition,pedestrian_paths road_for_light_vehicles road_for_trucks,1,1,1,yes,1767875299042.jpg,https://kf.kobotoolbox.org/api/v2/assets/aJh328C2e3SvoptDpoEUxb/data/645006746/attachments/att9MpgPHbFrKEtCHazJhgb3/,,,broken,no,yes,toilets___latrines,1,0,0,0,0,0,1767875365063.jpg,https://kf.kobotoolbox.org/api/v2/assets/aJh328C2e3SvoptDpoEUxb/data/645006746/attachments/att78Rughph3wJvM8wiX7tTz/,1767875377016.jpg,https://kf.kobotoolbox.org/api/v2/assets/aJh328C2e3SvoptDpoEUxb/data/645006746/attachments/att7Faum5p6um2xX7WmdRCgs/,no,,,,,,,,,,,,,,,,,,,,,,,no,,,,,,,,,,,no,1,other,0,0,0,0,0,1,behind the classrooms,1,no,yes,yes,yes,point_good_condition,1767875509742.jpg,https://kf.kobotoolbox.org/api/v2/assets/aJh328C2e3SvoptDpoEUxb/data/645006746/attachments/att6S8NS2LLBeyLy6v2yHSXW/,1767875519487.jpg,https://kf.kobotoolbox.org/api/v2/assets/aJh328C2e3SvoptDpoEUxb/data/645006746/attachments/attP4UG5GMEzG2GHw6zqhXQN/,1767875532187.jpg,https://kf.kobotoolbox.org/api/v2/assets/aJh328C2e3SvoptDpoEUxb/data/645006746/attachments/attWcwyP7rwpCwkZ4uFw6oHt/,1767875538680.jpg,https://kf.kobotoolbox.org/api/v2/assets/aJh328C2e3SvoptDpoEUxb/data/645006746/attachments/attsicaRVhpYsqh7kRjbtazU/,1767875547479.jpg,https://kf.kobotoolbox.org/api/v2/assets/aJh328C2e3SvoptDpoEUxb/data/645006746/attachments/attN8dUdsh2jHWB5XLtNijLC/,no,,,,,,,,,,,,,,,,0,,,,,,,,,,,,,,,,,,,,,,,,,,,,,,no,,,,,no,,,,,,,,,,,no__there_are_handwashing_facilities_nea,,,,,,,,,,,,,,,,,,,,,,,,no,,,,,,,no,,,,,,,,no,no,,,,,,,,,no,no,,,,,,,no,,,,,,,,no,,,,,,,no,,no,yes,no,no,no,no,no,no,no,no,no,no,,no,no,no,no,,teachers,,teacher,,teachers,,teachers,,teachers,,,no,yes,no,no,no,no,no,no,,,,,no,,no,
,,yes,2025-05-28 00:00:00,ke_0_3,ke_1_17,ke_2_83,Garse,GOSMO Primary,day_school,1,0,0,ecde primary jss,1,1,0,1,0.6475856 39.0091887 287.87750244140625 4.919,0.6475856,39.0091887,287.8775024414062,4.919,9,5,7,,8,160,94,0,0,6,1,3,2,7,254,36,,,yes,no,yes,yes,,no,no,no,no,,,sandy,good_condition,pedestrian_paths road_for_light_vehicles road_for_trucks,1,1,1,yes,1748430330993.jpg,https://kf.kobotoolbox.org/api/v2/assets/aJh328C2e3SvoptDpoEUxb/data/645051931/attachments/att52mSHpTEeNJCC7Ccn8hQw/,,,good_condition_bldg,partial,no,,,,,,,,,,,,no,,,,,,,,,,,,,,,,,,,,,,,yes,10000,concrete_tank plastic_tank,1,1,0,0,0,,point_good_condition,,no,0,,,,,,,,,,,,,,,,,,,,,,,,,yes,10,off_premise,0,0,1,9,yes,,yes,6,0,0,4,1,1,12,2,no,no,no,no,somewhat_clean,at_all_times_during_the_school_day,point_good_condition,pit_latrine_with_slab,0,1,0,0,0,0,0,,no,no,yes,water,0,1,0,0,0,,no,yes,no,,,yes,,no,,,,,,,,,,,no__there_are_handwashing_facilities_nea,,,,,,,,,,,,,,,,,,,,,,,,no,,,,,,,no,,,,,,,,no,no,,,,,,,,,no,no,,,,,,,no,,,,,,,,no,,,,,,,no,,no,yes,no,no,no,no,no,no,no,no,no,,,no,no,no,no,,teachers,,teacher,,teachers,,teachers,,teachers,,,no,no,no,no,no,no,no,no,,,,,no,,no,
,,yes,2026-01-09 00:00:00,ke_0_3,ke_1_16,ke_2_78,Bulla haji,Hidaya primary ,day_school,1,0,0,ecde primary,1,1,0,0,-1.68093 40.1474933 41.3 3.566,-1.68093,40.1474933,41.3,3.566,5,2,2,,,32,30,0,0,3,2,1,1,5,62,12,,,yes,,yes,yes,,,yes,,yes,,,clay,good_condition,pedestrian_paths road_for_light_vehicles road_for_trucks,1,1,1,yes,1767940808799.jpg,https://kf.kobotoolbox.org/api/v2/assets/aJh328C2e3SvoptDpoEUxb/data/645261940/attachments/attTP7kCqzGiRZa2NTqn3mTR/,1767940818882.jpg,https://kf.kobotoolbox.org/api/v2/assets/aJh328C2e3SvoptDpoEUxb/data/645261940/attachments/attd4nU8EnrPKt7jCNNtenMN/,good_condition_bldg,no,no,,,,,,,,,,,,yes,piped_water,,yes,yes,mostly__unavailable___30_days,on_site,no,yes,8000,no,,,no,don_t_know,,,,,,,,,yes,10000,plastic_tank,0,1,0,0,0,,point_good_condition,2,yes,1,preventive_health,0,1,0,0,0,0,,1,no,no,no,yes,point_good_condition,1767940983596.jpg,https://kf.kobotoolbox.org/api/v2/assets/aJh328C2e3SvoptDpoEUxb/data/645261940/attachments/attzrMXT6QVaJbPxZsedKuP8/,1767940998762.jpg,https://kf.kobotoolbox.org/api/v2/assets/aJh328C2e3SvoptDpoEUxb/data/645261940/attachments/attdmDcNuDZX4VGyyws4wLLz/,,,,,,,no,,,,,,,,,,,,,,,,0,,,,,,,,,,,,,,,,,,,,,,,,,,,,,,no,,,,,no,,,,,,,,,,,no__there_are_handwashing_facilities_nea,,,,,,,,,,,,,,,,,,,,,,,,no,,,,,,,no,,,,,,,,no,no,,,,,,,,,no,no,,,,,,,no,,,,,,,,yes,national_power_grid,0,1,0,0,,no,,,yes,,,yes,yes,,,,,,,,yes,no,no,no,,teachers,,teacher,,teachers,,,,,,,,yes,yes,,yes,,,no,,,,,no,,no,
,,yes,2026-01-09 00:00:00,ke_0_3,ke_1_13,ke_2_61,Lixsheel village,Lixsheel primary school,day_school,1,0,0,primary,0,1,0,0,0.1111304 39.925498 150.9 5.016,0.1111304,39.925498,150.9,5.016,4,,5,,,200,60,0,0,3,0,1,0,3,260,87,,,yes,no,yes,yes,,no,no,no,no,no,,sandy,poor_condition,pedestrian_paths road_for_light_vehicles,1,1,0,yes,1767943028973.jpg,https://kf.kobotoolbox.org/api/v2/assets/aJh328C2e3SvoptDpoEUxb/data/645386122/attachments/attK7QAARjKXt3UtkTS2XTX8/,1767943037078.jpg,https://kf.kobotoolbox.org/api/v2/assets/aJh328C2e3SvoptDpoEUxb/data/645386122/attachments/attJqx3fYjgqYVa32YaEcCb6/,poor_condition_bldg,no,no,,,,,,,,,,,,yes,piped_water,,yes,yes,yes,500m_or_further,no,no,,no,,,yes,no,,,,,,,,,yes,20000,plastic_tank,0,1,0,0,0,,point_good_condition,2,yes,1,preventive_health,0,1,0,0,0,0,,1,yes,yes,yes,yes,point_good_condition,1767943190627.jpg,https://kf.kobotoolbox.org/api/v2/assets/aJh328C2e3SvoptDpoEUxb/data/645386122/attachments/attJRWovuBvanZpn9py3Wids/,1767943204911.jpg,https://kf.kobotoolbox.org/api/v2/assets/aJh328C2e3SvoptDpoEUxb/data/645386122/attachments/attsmS7BLP96x7ztQJegFShQ/,,,,,,,no,,,,,,,,,,,,,,,,0,,,,,,,,,,,,,,,,,,,,,,,,,,,,,,no,,,,,no,,,,,,,,,,,yes,1,permanent__concrete_metal__sta,1,0,0,0,0,0,,water_only,classrooms,0,0,0,1,0,0,,yes,yes,yes,yes,point_good_condition,no,1767943276917.jpg,https://kf.kobotoolbox.org/api/v2/assets/aJh328C2e3SvoptDpoEUxb/data/645386122/attachments/attpZyf6cchv3QCHo9Dw2YcC/,1767943288182.jpg,https://kf.kobotoolbox.org/api/v2/assets/aJh328C2e3SvoptDpoEUxb/data/645386122/attachments/attX6ANTiWQD6QpE8T5rsTkK/,1767943297855.jpg,https://kf.kobotoolbox.org/api/v2/assets/aJh328C2e3SvoptDpoEUxb/data/645386122/attachments/attVmAQZMaXnKuhVrFtTJLzY/,no,,,,,,,,no,no,,,,,,,,,no,no,,,,,,,no,,,,,,,,no,,,,,,,no,,no,yes,no,no,yes,yes,no,no,no,no,no,no,,yes,no,no,no,,teachers,,teacher,,teachers,,teachers,,teachers,,,no,no,no,no,no,no,no,no,,,,,no,,no,
